ID,Debut,Fin,Machine,Puissance,Outil,Largeur,Parcelle,Operation,Consommation (L),Duree_mn,Distance_km,Vitesse_moy_kmph,Vitesse_med_kmph,Vitesse_max_kmph,Accélération_moy_kmph2,Accélération_max_kmph2,Surface_ha,Perimetre_km,Complexite
284530,2024-05-07 08:40:02,2024-05-07 10:38:44,LANDINI LANDPOWER135 ,134,STUBBLE PLOW 16D ATMAR,2.4,54041,Travaux du sol,7.35,118.6,44.158868023773714,6.790227464195451,8.0,10,0.0,4800.0,20.171059496270342,1.8051875649340077,15.0
284454,2024-05-06 13:50:23,2024-05-06 17:00:53,LANDINI LANDPOWER135 ,134,STUBBLE PLOW 16D ATMAR,2.4,54041,Travaux du sol,12.098333333333334,190.4,39.69562320571476,6.111286089238845,7.0,11,0.0,4800.0,20.171059496270342,1.8051875649340077,15.0
283718,2024-04-30 11:20:31,2024-04-30 16:18:37,LANDINI LANDPOWER135 ,134,STUBBLE PLOW 16D ATMAR,2.4,54041,Travaux du sol,19.556666666666665,298.0,55.91431064975672,6.207983898020799,8.0,13,0.0,6000.0,20.171059496270342,1.8051875649340077,15.0
283288,2024-04-27 10:41:04,2024-04-27 11:27:22,LANDINI LANDPOWER135 ,134,STUBBLE PLOW 16D ATMAR,2.4,54051,Travaux du sol,2.6166666666666667,46.2,16.810207480634347,6.861771058315335,8.0,13,-10.38961038961039,7799.999999999999,17.314159391356476,1.928989438513147,14.0
282399,2024-04-21 10:23:56,2024-04-21 11:18:50,LANDINI LANDPOWER135 ,134,STUBBLE PLOW 16D ATMAR,2.4,54012,Travaux du sol,3.815,54.8,19.74301534797544,7.530054644808743,8.0,10,1.094890510948905,5400.0,10.491036836772334,1.4749568432072648,7.0
224551,2023-04-04 08:57:58,2023-04-04 09:08:46,JOHN DEERE 6195,195,STUBBLE PLOW 16D ATMAR,2.4,54071-74,Travaux du sol,0.6775000000000001,10.7,2.0998014114736705,6.5,7.5,14,0.0,7799.999999999999,25.348884575216356,2.082606674333425,25.0
224328,2023-04-03 09:43:56,2023-04-03 09:55:26,JOHN DEERE 6195,195,STUBBLE PLOW 16D ATMAR,2.4,54071-74,Travaux du sol,0.7066666666666668,11.4,3.1477017955985525,6.660869565217391,9.0,10,10.526315789473685,6000.0,25.348884575216356,2.082606674333425,25.0
223552,2023-03-30 13:04:52,2023-03-30 13:08:52,JOHN DEERE 6195,195,STUBBLE PLOW 16D ATMAR,2.4,54031,Travaux du sol,0.4166666666666667,3.9,1.0968647254157258,11.375,12.0,12,0.0,2400.0,21.419937234796492,1.855243766435852,24.0
223040,2023-03-28 09:53:16,2023-03-28 10:00:10,JOHN DEERE 6195,195,STUBBLE PLOW 16D ATMAR,2.4,54052,Travaux du sol,0.5083333333333334,6.8,2.2893211908791953,8.840579710144928,9.0,10,0.0,1800.0,20.740037090336262,2.063221904569316,32.0
222835,2023-03-27 09:18:40,2023-03-27 09:25:46,JOHN DEERE 6195,195,STUBBLE PLOW 16D ATMAR,2.4,54052,Travaux du sol,0.58,7.0,3.252202558002552,10.746478873239436,12.0,12,34.285714285714285,2400.0,20.740037090336262,2.063221904569316,32.0
222584,2023-03-25 09:02:59,2023-03-25 09:37:53,JOHN DEERE 6195,195,STUBBLE PLOW 16D ATMAR,2.4,54053,Travaux du sol,2.325833333333333,34.8,10.108731443891084,8.787965616045845,10.0,15,10.344827586206897,7200.0,18.68545056175988,2.0883436783646396,34.0
222215,2023-03-23 10:26:05,2023-03-23 10:29:17,JOHN DEERE 6195,195,STUBBLE PLOW 16D ATMAR,2.4,54051,Travaux du sol,0.24,3.1,0.9438401923009754,8.03125,8.0,9,-19.35483870967742,600.0,17.314159391356476,1.928989438513147,14.0
221043,2023-03-18 09:05:04,2023-03-18 09:19:04,JOHN DEERE 6195,195,STUBBLE PLOW 16D ATMAR,2.4,54051,Travaux du sol,1.1166666666666665,13.9,4.800395154790965,9.585714285714285,11.0,12,4.316546762589928,7200.0,17.314159391356476,1.928989438513147,14.0
220377,2023-03-15 13:46:10,2023-03-15 13:48:04,JOHN DEERE 6195,195,STUBBLE PLOW 16D ATMAR,2.4,54054,Travaux du sol,0.2133333333333333,1.8,0.3891120194970435,10.736842105263158,11.0,12,-100.0,1200.0,6.337663123938189,1.1965487481760684,12.0
220192,2023-03-15 09:11:16,2023-03-15 09:15:16,JOHN DEERE 6195,195,STUBBLE PLOW 16D ATMAR,2.4,54054,Travaux du sol,0.4233333333333333,3.9,1.7078193062615874,11.325,12.0,12,0.0,2400.0,6.337663123938189,1.1965487481760684,12.0
216287,2023-02-23 09:14:14,2023-02-23 09:17:50,JOHN DEERE 6195,195,STUBBLE PLOW 16D ATMAR,2.4,54032,Travaux du sol,0.3283333333333333,3.5,1.4588885431309286,9.972222222222221,11.0,12,34.285714285714285,4800.0,20.36677684653546,1.8184444760630423,17.0
215398,2023-02-18 08:46:33,2023-02-18 08:52:09,JOHN DEERE 6195,195,STUBBLE PLOW 16D ATMAR,2.4,54043,Travaux du sol,0.3841666666666667,5.5,1.3443308168521506,5.196428571428571,7.5,10,65.45454545454545,4200.0,20.44097014794149,1.8034254162682921,27.0
215302,2023-02-17 09:25:02,2023-02-17 09:29:44,JOHN DEERE 6195,195,STUBBLE PLOW 16D ATMAR,2.4,54043,Travaux du sol,0.3291666666666666,4.6,1.1346875602935707,5.23404255319149,7.0,12,130.43478260869566,4800.0,20.44097014794149,1.8034254162682921,27.0
191715,2022-10-17 13:51:43,2022-10-17 14:06:07,LANDINI LANDPOWER135 ,134,Cover crop 28 D,3.2,P54042,Travaux du sol,0.7333333333333334,14.3,1.8771312652632157,5.729166666666667,7.0,8,25.174825174825173,4200.0,22.408261456376636,1.8798200849412396,14.0
183264,2022-09-04 08:35:25,2022-09-04 10:33:37,LANDINI LANDPOWER135 ,134,STUBBLE PLOW 16D ATMAR,2.4,54052,Travaux du sol,6.636666666666666,118.1,21.059754119753055,6.828257191201353,7.0,14,2.5402201524132093,5400.0,20.740037090336262,2.063221904569316,32.0
183189,2022-09-03 11:45:53,2022-09-03 12:57:23,LANDINI LANDPOWER135 ,134,STUBBLE PLOW 16D ATMAR,2.4,54052,Travaux du sol,3.6925,71.4,5.908009368602689,3.9874125874125874,7.0,11,-5.882352941176471,4800.0,20.740037090336262,2.063221904569316,32.0
173740,2022-07-19 14:52:47,2022-07-19 20:24:59,LANDINI LANDPOWER135 ,134,STUBBLE PLOW 16D ATMAR,2.4,42030,Travaux du sol,18.578333333333333,332.1,45.673749136250734,5.6956652618904275,7.0,11,-1.2646793134598013,4800.0,5.413636010918699,0.9874148844661021,5.0
152941,2022-05-10 13:48:08,2022-05-10 16:14:08,JOHN DEERE 6195,195,STUBBLE PLOW 32D QUIVOGNE,3.5,54051,Travaux du sol,11.613333333333332,145.9,21.652662163696288,6.567808219178082,8.0,24,0.0,6000.0,17.314159391356476,1.928989438513147,14.0
152751,2022-05-10 08:41:22,2022-05-10 11:18:58,JOHN DEERE 6195,195,STUBBLE PLOW 32D QUIVOGNE,3.5,54051,Travaux du sol,12.015,157.5,21.207154025656962,6.076776649746193,7.0,29,-3.0476190476190474,9000.0,17.314159391356476,1.928989438513147,14.0
152437,2022-05-09 13:19:34,2022-05-09 15:56:40,JOHN DEERE 6195,195,STUBBLE PLOW 32D QUIVOGNE,3.5,54072-73,Travaux du sol,12.672,157.0,22.71884412144628,6.43857415658816,8.0,27,0.0,7200.0,25.58461061118245,2.1013674712106876,21.0
152233,2022-05-09 08:30:37,2022-05-09 11:25:55,JOHN DEERE 6195,195,STUBBLE PLOW 32D QUIVOGNE,3.5,54072-73,Travaux du sol,15.064166666666669,175.2,25.706896969473487,6.780376497432972,7.0,18,-2.73972602739726,7200.0,25.58461061118245,2.1013674712106876,21.0
151545,2022-05-06 13:06:08,2022-05-06 15:42:20,JOHN DEERE 6195,195,STUBBLE PLOW 32D QUIVOGNE,3.5,54033,Travaux du sol,12.51,156.1,26.391975646985372,7.215749039692701,9.0,19,3.0749519538757206,7200.0,20.659682760605804,1.820233181899899,15.0
151515,2022-05-06 11:21:21,2022-05-06 11:53:09,JOHN DEERE 6195,195,STUBBLE PLOW 32D QUIVOGNE,3.5,54033,Travaux du sol,1.9091666666666665,31.7,4.504584318442178,5.7578616352201255,8.0,29,5.738136919703017e-15,6600.0,20.659682760605804,1.820233181899899,15.0
149982,2022-04-30 11:05:21,2022-04-30 13:48:09,JOHN DEERE 6195,195,STUBBLE PLOW 32D QUIVOGNE,3.5,54052,Travaux du sol,13.745,162.7,24.298252730209406,6.729115479115479,8.0,16,-1.4751075599262446,7200.0,20.740037090336262,2.063221904569316,32.0
149851,2022-04-30 08:42:51,2022-04-30 10:39:57,JOHN DEERE 6195,195,STUBBLE PLOW 32D QUIVOGNE,3.5,54043,Travaux du sol,10.260833333333332,117.0,17.47196551808747,6.734415029888984,7.0,10,-3.58974358974359,5400.0,20.44097014794149,1.8034254162682921,27.0
149551,2022-04-29 08:25:34,2022-04-29 13:13:10,JOHN DEERE 6195,195,STUBBLE PLOW 32D QUIVOGNE,3.5,54043,Travaux du sol,23.2675,287.5,40.86853499845176,6.272948539638387,8.0,13,0.8347826086956521,6000.0,20.44097014794149,1.8034254162682921,27.0
149419,2022-04-28 13:14:57,2022-04-28 14:13:21,JOHN DEERE 6195,195,STUBBLE PLOW 32D QUIVOGNE,3.5,54043,Travaux du sol,5.600833333333333,58.3,10.433808805920485,8.073630136986301,8.0,20,11.320754716981131,9600.0,20.44097014794149,1.8034254162682921,27.0
149237,2022-04-28 10:04:56,2022-04-28 12:23:08,JOHN DEERE 6195,195,STUBBLE PLOW 32D QUIVOGNE,3.5,54043,Travaux du sol,10.550833333333332,138.1,17.655522614403843,5.776410998552822,8.0,10,3.4757422157856626,5400.0,20.44097014794149,1.8034254162682921,27.0
149158,2022-04-28 08:39:38,2022-04-28 09:32:32,JOHN DEERE 6195,195,STUBBLE PLOW 32D QUIVOGNE,3.5,54071-74,Travaux du sol,4.916666666666667,52.8,7.780040893199702,7.291115311909262,8.0,10,-1.1363636363636365,4800.0,25.348884575216356,2.082606674333425,25.0
137560,2022-03-26 16:43:41,2022-03-26 16:49:29,LANDINI GLOBALFARM 100 ,93,Pulvérisateur Caruel 2500L,24.0,54041,Traitements phytosanitaires,0.0783333333333333,5.7,1.165345000797244,5.172413793103448,8.0,9,-94.73684210526316,5400.0,20.171059496270342,1.8051875649340077,15.0
136221,2022-03-22 13:34:17,2022-03-22 13:47:23,LANDINI GLOBALFARM 100 ,93,Pulvérisateur Caruel 2500L,24.0,54041,Traitements phytosanitaires,0.1513333333333333,13.0,1.4134173530248686,4.0,0.0,10,-32.30769230769231,5400.0,20.171059496270342,1.8051875649340077,15.0
135307,2022-03-20 08:59:58,2022-03-20 09:04:34,LANDINI GLOBALFARM 100 ,93,Pulvérisateur Caruel 2500L,24.0,51020,Traitements phytosanitaires,0.05,4.5,0.8333176083339493,4.195652173913044,5.5,8,-66.66666666666667,4200.0,13.32505489088971,1.5221771664242667,5.0
134006,2022-03-12 13:15:10,2022-03-12 13:36:16,LANDINI GLOBALFARM 100 ,93,Pulvérisateur Caruel 2500L,24.0,46010,Traitements phytosanitaires,0.3258333333333333,21.0,4.760846146639275,7.222748815165877,8.0,12,2.857142857142857,6000.0,11.271101178162139,1.4775289918843013,5.0
133945,2022-03-12 11:38:10,2022-03-12 12:13:10,LANDINI GLOBALFARM 100 ,93,Pulvérisateur Caruel 2500L,24.0,46010,Traitements phytosanitaires,0.6053333333333334,34.9,7.497458207589576,7.26,9.0,13,-2.6060020108106825e-15,7799.999999999999,11.271101178162139,1.4775289918843013,5.0
133807,2022-03-11 16:04:57,2022-03-11 16:27:15,LANDINI GLOBALFARM 100 ,93,Pulvérisateur Caruel 2500L,24.0,54012,Traitements phytosanitaires,0.3663333333333333,22.2,5.842943631661633,8.784753363228699,9.0,20,0.0,8400.0,10.491036836772334,1.4749568432072648,7.0
133789,2022-03-11 15:34:33,2022-03-11 15:49:21,LANDINI GLOBALFARM 100 ,93,Pulvérisateur Caruel 2500L,24.0,54022,Traitements phytosanitaires,0.2908333333333334,14.7,3.4767941038171277,8.81081081081081,9.0,15,20.408163265306122,5400.0,4.4429930312274655,1.078927147117437,16.0
133741,2022-03-11 14:04:57,2022-03-11 14:31:57,LANDINI GLOBALFARM 100 ,93,Pulvérisateur Caruel 2500L,24.0,54081,Traitements phytosanitaires,0.5525,26.9,6.618021756041243,8.64074074074074,9.0,14,11.152416356877323,8400.0,16.83242863479863,2.2695963014057523,35.0
133681,2022-03-11 11:25:57,2022-03-11 11:36:51,LANDINI GLOBALFARM 100 ,93,Pulvérisateur Caruel 2500L,24.0,54081,Traitements phytosanitaires,0.133,10.8,3.123231511164159,8.44954128440367,10.0,14,-50.0,6000.0,16.83242863479863,2.2695963014057523,35.0
133645,2022-03-11 10:50:57,2022-03-11 11:09:51,LANDINI GLOBALFARM 100 ,93,Pulvérisateur Caruel 2500L,24.0,54082,Traitements phytosanitaires,0.3575,18.8,4.678849663650862,8.015873015873016,9.0,10,-25.53191489361702,5400.0,8.114241072853327,1.5568072223964255,30.0
133625,2022-03-11 10:39:21,2022-03-11 10:47:45,LANDINI GLOBALFARM 100 ,93,Pulvérisateur Caruel 2500L,24.0,54081,Traitements phytosanitaires,0.1666666666666666,8.3,2.3202463019003674,8.583333333333334,9.0,9,0.0,600.0,16.83242863479863,2.2695963014057523,35.0
131884,2022-03-05 14:00:46,2022-03-05 15:10:34,JOHN DEERE 6195,195,STUBBLE PLOW 32D QUIVOGNE,3.5,54052,Travaux du sol,4.700833333333334,69.7,12.272338794762886,6.004297994269341,7.0,22,6.886657101865136,6600.0,20.740037090336262,2.063221904569316,32.0
131504,2022-03-04 12:13:15,2022-03-04 13:24:51,JOHN DEERE 6195,195,SEMOIR COMBINE LEMKEN,3.0,P54042,Semis,2.648333333333333,71.5,8.25767638890542,3.814245810055866,0.0,12,-0.8391608391608392,6600.0,22.408261456376636,1.8798200849412396,14.0
131330,2022-03-03 15:53:36,2022-03-03 16:01:48,LANDINI GLOBALFARM 100 ,93,Pulvérisateur Caruel 2500L,24.0,54013-1,Traitements phytosanitaires,0.0849999999999999,8.1,2.1620319859818697,7.853658536585366,10.0,14,14.814814814814815,5400.0,10.903211180411896,1.3070963142660552,18.0
131322,2022-03-03 15:32:36,2022-03-03 15:40:36,LANDINI GLOBALFARM 100 ,93,Pulvérisateur Caruel 2500L,24.0,P54042,Traitements phytosanitaires,0.0783333333333333,7.9,2.701449525020488,9.2875,11.0,12,15.189873417721518,5400.0,22.408261456376636,1.8798200849412396,14.0
131290,2022-03-03 14:49:18,2022-03-03 15:02:12,LANDINI GLOBALFARM 100 ,93,Pulvérisateur Caruel 2500L,24.0,P54042,Traitements phytosanitaires,0.1756666666666666,12.8,2.9902251054965903,7.232558139534884,10.0,13,-51.5625,7200.0,22.408261456376636,1.8798200849412396,14.0
131069,2022-03-03 09:13:30,2022-03-03 10:26:24,JOHN DEERE 6195,195,STUBBLE PLOW 32D QUIVOGNE,3.5,54053,Travaux du sol,5.371666666666666,72.8,13.574937801893368,6.366255144032922,7.0,12,7.417582417582418,5400.0,18.68545056175988,2.0883436783646396,34.0
130849,2022-03-02 13:38:58,2022-03-02 15:23:40,JOHN DEERE 6195,195,STUBBLE PLOW 32D QUIVOGNE,3.5,54053,Travaux du sol,7.875833333333334,104.6,18.881203058134112,5.981852913085005,7.0,12,-3.4416826003824093,6600.0,18.68545056175988,2.0883436783646396,34.0
130709,2022-03-02 09:24:10,2022-03-02 10:42:28,JOHN DEERE 6195,195,STUBBLE PLOW 32D QUIVOGNE,3.5,54053,Travaux du sol,5.964166666666666,78.2,14.512786206568434,6.32183908045977,8.0,14,0.0,5400.0,18.68545056175988,2.0883436783646396,34.0
130576,2022-03-01 15:46:59,2022-03-01 16:14:59,JOHN DEERE 6195,195,STUBBLE PLOW 32D QUIVOGNE,3.5,54053,Travaux du sol,2.495,27.9,5.490429452084925,7.15,8.0,9,0.0,4800.0,18.68545056175988,2.0883436783646396,34.0
130373,2022-03-01 10:28:33,2022-03-01 11:02:51,JOHN DEERE 6195,195,STUBBLE PLOW 32D QUIVOGNE,3.5,54053,Travaux du sol,3.115,34.2,7.333847280577595,7.096209912536443,8.0,10,-1.7543859649122806,4800.0,18.68545056175988,2.0883436783646396,34.0
130368,2022-03-01 10:17:41,2022-03-01 10:31:41,LANDINI GLOBALFARM 100 ,93,Pulvérisateur Caruel 2500L,24.0,42030,Traitements phytosanitaires,0.2368333333333333,13.9,3.769045295986818,9.928571428571429,12.0,14,0.0,5400.0,5.413636010918699,0.9874148844661021,5.0
129857,2022-02-27 10:55:01,2022-02-27 11:06:55,LANDINI GLOBALFARM 100 ,93,Pulvérisateur Caruel 2500L,24.0,54031,Traitements phytosanitaires,0.118,11.8,0.4512666256040786,1.3949579831932772,0.0,9,-45.76271186440678,0.0,21.419937234796492,1.855243766435852,24.0
129660,2022-02-26 13:37:34,2022-02-26 15:25:52,JOHN DEERE 6195,195,STUBBLE PLOW 32D QUIVOGNE,3.5,54032,Travaux du sol,7.6875,108.2,16.724260603231365,5.356417359187442,7.0,10,0.0,4800.0,20.36677684653546,1.8184444760630423,17.0
129466,2022-02-26 08:54:00,2022-02-26 10:35:48,JOHN DEERE 6195,195,STUBBLE PLOW 32D QUIVOGNE,3.5,54032,Travaux du sol,7.804166666666666,101.7,19.895812401503395,6.629666011787819,8.0,13,0.0,4800.0,20.36677684653546,1.8184444760630423,17.0
129434,2022-02-26 08:13:04,2022-02-26 09:41:40,LANDINI LANDPOWER135 ,134,Cover crop 28 D,3.2,43010,Travaux du sol,4.513333333333333,88.5,14.97900946318313,6.102708803611738,8.0,12,0.0,6600.0,10.414190905825524,1.4876303827317425,11.0
129351,2022-02-25 11:48:35,2022-02-25 11:51:11,LANDINI GLOBALFARM 100 ,93,Pulvérisateur Caruel 2500L,24.0,43010,Traitements phytosanitaires,0.033,2.5,0.6029309045899939,10.0,12.0,13,-288.0,1200.0,10.414190905825524,1.4876303827317425,11.0
129224,2022-02-24 15:59:29,2022-02-24 16:05:41,LANDINI GLOBALFARM 100 ,93,Pulvérisateur Caruel 2500L,24.0,54031,Traitements phytosanitaires,0.065,6.1,2.5333025383509566,11.17741935483871,12.0,16,-118.0327868852459,3000.0,21.419937234796492,1.855243766435852,24.0
129216,2022-02-24 15:41:59,2022-02-24 15:53:35,LANDINI GLOBALFARM 100 ,93,Pulvérisateur Caruel 2500L,24.0,54012,Traitements phytosanitaires,0.1791666666666666,11.5,3.8569809645360102,11.267241379310345,12.0,15,15.652173913043478,6600.0,10.491036836772334,1.4749568432072648,7.0
129214,2022-02-24 15:36:05,2022-02-24 15:41:17,LANDINI GLOBALFARM 100 ,93,Pulvérisateur Caruel 2500L,24.0,54031,Traitements phytosanitaires,0.0775,5.1,1.8950622692388772,11.25,12.0,14,23.529411764705884,4800.0,21.419937234796492,1.855243766435852,24.0
129149,2022-02-24 14:16:10,2022-02-24 15:40:22,JOHN DEERE 6195,195,STUBBLE PLOW 32D QUIVOGNE,3.5,54032,Travaux du sol,5.865833333333334,84.1,15.601562292053215,6.128266033254157,8.0,14,7.8478002378121285,4800.0,20.36677684653546,1.8184444760630423,17.0
128999,2022-02-24 08:27:56,2022-02-24 09:37:50,LANDINI LANDPOWER135 ,134,STUBBLE PLOW 16D ATMAR,2.4,54051,Travaux du sol,3.7875,69.8,10.122406603246736,5.1888412017167385,7.0,9,-6.876790830945558,4800.0,17.314159391356476,1.928989438513147,14.0
128947,2022-02-23 15:03:00,2022-02-23 15:19:48,LANDINI GLOBALFARM 100 ,93,Pulvérisateur Caruel 2500L,24.0,54022,Traitements phytosanitaires,0.2756666666666666,16.7,3.338279261198176,7.4523809523809526,9.0,14,-39.52095808383233,6600.0,4.4429930312274655,1.078927147117437,16.0
128920,2022-02-23 13:46:26,2022-02-23 15:26:02,JOHN DEERE 6195,195,STUBBLE PLOW 32D QUIVOGNE,3.5,54041,Travaux du sol,7.1225,99.5,14.759671990064636,5.914658634538153,8.0,16,-4.824120603015075,4800.0,20.171059496270342,1.8051875649340077,15.0
128827,2022-02-23 10:32:18,2022-02-23 11:06:54,LANDINI GLOBALFARM 100 ,93,Pulvérisateur Caruel 2500L,24.0,54060,Traitements phytosanitaires,0.4111666666666666,34.5,3.6838731139815937,3.722543352601156,0.0,20,-12.173913043478262,5400.0,8.899462217171035,1.9080399076668109,13.0
128772,2022-02-23 09:17:42,2022-02-23 10:08:00,LANDINI GLOBALFARM 100 ,93,Pulvérisateur Caruel 2500L,24.0,54072-73,Traitements phytosanitaires,0.5748333333333335,50.2,2.679485662735214,1.6500994035785288,0.0,20,0.0,5400.0,25.58461061118245,2.1013674712106876,21.0
128686,2022-02-22 13:36:07,2022-02-22 14:26:31,LANDINI LANDPOWER135 ,134,STUBBLE PLOW 16D ATMAR,2.4,51020,Travaux du sol,3.225,50.3,6.959472996150383,7.599206349206349,8.0,10,0.0,2400.0,13.32505489088971,1.5221771664242667,5.0
128466,2022-02-22 08:43:52,2022-02-22 08:49:28,LANDINI GLOBALFARM 100 ,93,Pulvérisateur Caruel 2500L,24.0,P54042,Traitements phytosanitaires,0.0838333333333333,5.5,0.8898480362671308,9.0,10.0,10,-109.0909090909091,600.0,22.408261456376636,1.8798200849412396,14.0
128159,2022-02-21 08:55:10,2022-02-21 11:40:10,JOHN DEERE 6195,195,STUBBLE PLOW 32D QUIVOGNE,3.5,54033,Travaux du sol,12.754166666666668,164.9,22.305970307373357,7.332121212121212,8.0,12,-1.0915706488781078,6600.0,20.659682760605804,1.820233181899899,15.0
128091,2022-02-20 14:51:22,2022-02-20 14:57:58,LANDINI GLOBALFARM 100 ,93,Pulvérisateur Caruel 2500L,24.0,54041,Traitements phytosanitaires,0.0633333333333333,6.5,1.117048451196492,7.454545454545454,9.0,11,-73.84615384615384,4800.0,20.171059496270342,1.8051875649340077,15.0
127878,2022-02-19 13:26:35,2022-02-19 14:43:17,JOHN DEERE 6195,195,STUBBLE PLOW 32D QUIVOGNE,3.5,54031,Travaux du sol,5.625,76.6,8.716196335562703,6.020860495436767,8.0,13,5.483028720626632,4800.0,21.419937234796492,1.855243766435852,24.0
127958,2022-02-19 11:32:49,2022-02-19 11:40:43,LANDINI GLOBALFARM 100 ,93,Pulvérisateur Caruel 2500L,24.0,54072-73,Traitements phytosanitaires,0.1013333333333333,7.8,1.7099526378670682,7.405063291139241,8.0,16,0.0,4800.0,25.58461061118245,2.1013674712106876,21.0
127623,2022-02-19 08:42:30,2022-02-19 11:41:42,JOHN DEERE 6195,195,STUBBLE PLOW 32D QUIVOGNE,3.5,54033,Travaux du sol,13.769166666666669,179.1,21.698567996858337,6.474330357142857,8.0,14,0.0,4800.0,20.659682760605804,1.820233181899899,15.0
127504,2022-02-18 13:43:59,2022-02-18 15:48:59,LANDINI LANDPOWER135 ,134,STUBBLE PLOW 16D ATMAR,2.4,52010,Travaux du sol,7.867,124.9,15.901622472184675,6.8288,7.0,9,3.8430744595676543,5400.0,13.73878402101113,2.0586965673351507,7.0
127394,2022-02-18 09:39:54,2022-02-18 09:45:18,LANDINI GLOBALFARM 100 ,93,Pulvérisateur Caruel 2500L,24.0,46010,Traitements phytosanitaires,0.0491666666666666,5.3,0.7335348800941187,3.240740740740741,4.0,7,0.0,4200.0,11.271101178162139,1.4775289918843013,5.0
127364,2022-02-18 08:57:16,2022-02-18 11:49:22,JOHN DEERE 6195,195,STUBBLE PLOW 32D QUIVOGNE,3.5,54031,Travaux du sol,13.404166666666669,172.0,21.43543400510799,6.875653689715282,8.0,14,1.744186046511628,6600.0,21.419937234796492,1.855243766435852,24.0
127258,2022-02-17 13:10:26,2022-02-17 15:55:38,LANDINI LANDPOWER135 ,134,STUBBLE PLOW 16D ATMAR,2.4,52010,Travaux du sol,10.194833333333332,165.1,19.543154591248094,5.927360774818402,7.0,19,0.0,6000.0,13.73878402101113,2.0586965673351507,7.0
127166,2022-02-17 09:32:59,2022-02-17 11:45:23,JOHN DEERE 6195,195,STUBBLE PLOW 32D QUIVOGNE,3.5,54031,Travaux du sol,9.39,132.3,14.376255222277813,5.768882175226586,7.0,10,4.081632653061225,4800.0,21.419937234796492,1.855243766435852,24.0
127251,2022-02-16 16:14:26,2022-02-16 16:23:38,LANDINI GLOBALFARM 100 ,93,Pulvérisateur Caruel 2500L,24.0,43010,Traitements phytosanitaires,0.2023333333333333,9.1,2.0843881713126224,12.858695652173912,14.0,19,-9.994447272229981e-15,10800.0,10.414190905825524,1.4876303827317425,11.0
127068,2022-02-16 15:45:27,2022-02-16 16:31:15,LANDINI LANDPOWER135 ,134,STUBBLE PLOW 16D ATMAR,2.4,52010,Travaux du sol,2.8833333333333333,45.7,5.085344202299698,4.432314410480349,7.0,10,0.0,5400.0,13.73878402101113,2.0586965673351507,7.0
127246,2022-02-16 15:29:38,2022-02-16 16:02:32,LANDINI GLOBALFARM 100 ,93,Pulvérisateur Caruel 2500L,24.0,54081,Traitements phytosanitaires,0.5275,32.8,8.288981901631159,13.714285714285714,13.0,27,14.634146341463415,10200.0,16.83242863479863,2.2695963014057523,35.0
127241,2022-02-16 14:36:32,2022-02-16 14:54:02,LANDINI GLOBALFARM 100 ,93,Pulvérisateur Caruel 2500L,24.0,54013-2,Traitements phytosanitaires,0.3695,17.4,4.648260545774005,15.651428571428571,17.0,26,-58.62068965517241,9600.0,6.071300987482032,1.3025174743738652,34.0
127237,2022-02-16 14:19:44,2022-02-16 14:33:56,LANDINI GLOBALFARM 100 ,93,Pulvérisateur Caruel 2500L,24.0,P54042,Traitements phytosanitaires,0.2074999999999999,14.1,3.947501194958566,15.711267605633802,15.0,26,-34.04255319148936,4200.0,22.408261456376636,1.8798200849412396,14.0
127030,2022-02-16 13:22:17,2022-02-16 13:54:23,JOHN DEERE 6195,195,STUBBLE PLOW 32D QUIVOGNE,3.5,P54042,Travaux du sol,2.630833333333333,32.0,4.353132275226655,6.725856697819315,8.0,10,13.125,4800.0,22.408261456376636,1.8798200849412396,14.0
126893,2022-02-16 08:53:17,2022-02-16 11:50:11,JOHN DEERE 6195,195,STUBBLE PLOW 32D QUIVOGNE,3.5,P54042,Travaux du sol,9.12,176.8,13.14702852435723,3.993216506500848,5.0,11,2.3755656108597285,5400.0,22.408261456376636,1.8798200849412396,14.0
126657,2022-02-15 10:04:37,2022-02-15 11:38:43,LANDINI LANDPOWER135 ,134,STUBBLE PLOW 16D ATMAR,2.4,54071-74,Travaux du sol,6.220833333333334,94.0,12.323654497346164,7.417640807651435,8.0,14,0.0,4800.0,25.348884575216356,2.082606674333425,25.0
126609,2022-02-15 09:03:04,2022-02-15 11:38:16,JOHN DEERE 6195,195,STUBBLE PLOW 32D QUIVOGNE,3.5,P54042,Travaux du sol,10.858333333333333,155.1,16.574842717746616,5.898840206185567,8.0,11,1.5473887814313345,5400.0,22.408261456376636,1.8798200849412396,14.0
126602,2022-02-15 08:58:37,2022-02-15 09:46:25,LANDINI LANDPOWER135 ,134,STUBBLE PLOW 16D ATMAR,2.4,54071-74,Travaux du sol,2.998333333333333,47.7,5.793786160221301,6.889121338912134,8.0,9,-10.062893081761006,4800.0,25.348884575216356,2.082606674333425,25.0
126437,2022-02-14 09:45:19,2022-02-14 10:27:25,LANDINI GLOBALFARM 100 ,93,Pulvérisateur Caruel 2500L,24.0,P54042,Traitements phytosanitaires,0.5553333333333333,42.0,4.520598230425607,5.0831353919239906,0.0,13,10.0,5400.0,22.408261456376636,1.8798200849412396,14.0
126313,2022-02-13 11:49:59,2022-02-13 11:55:17,LANDINI GLOBALFARM 100 ,93,Pulvérisateur Caruel 2500L,24.0,P54042,Traitements phytosanitaires,0.0535,5.2,1.5132055949347345,12.339622641509434,13.0,17,-161.53846153846155,3600.0,22.408261456376636,1.8798200849412396,14.0
126308,2022-02-13 11:41:05,2022-02-13 11:52:17,LANDINI GLOBALFARM 100 ,93,Pulvérisateur Caruel 2500L,24.0,54012,Traitements phytosanitaires,0.1351666666666666,11.1,3.1388436336066543,11.571428571428571,12.0,19,-48.648648648648646,6600.0,10.491036836772334,1.4749568432072648,7.0
126290,2022-02-13 11:05:23,2022-02-13 11:15:59,LANDINI GLOBALFARM 100 ,93,Pulvérisateur Caruel 2500L,24.0,P54042,Traitements phytosanitaires,0.1066666666666666,10.5,2.799697515531325,10.830188679245284,11.0,13,28.571428571428573,6000.0,22.408261456376636,1.8798200849412396,14.0
126279,2022-02-13 10:35:53,2022-02-13 10:49:35,LANDINI GLOBALFARM 100 ,93,Pulvérisateur Caruel 2500L,24.0,P54042,Traitements phytosanitaires,0.1285,13.6,1.6771608269275433,5.613138686131387,7.0,9,-35.294117647058826,1200.0,22.408261456376636,1.8798200849412396,14.0
126197,2022-02-12 14:43:12,2022-02-12 14:52:48,LANDINI GLOBALFARM 100 ,93,Pulvérisateur Caruel 2500L,24.0,43010,Traitements phytosanitaires,0.1613333333333333,9.5,1.3410971141848165,7.34375,10.5,13,0.0,7200.0,10.414190905825524,1.4876303827317425,11.0
126079,2022-02-12 10:50:58,2022-02-12 11:52:22,LANDINI LANDPOWER135 ,134,STUBBLE PLOW 16D ATMAR,2.4,54072-73,Travaux du sol,4.151666666666666,61.3,7.630468089885012,6.91042345276873,8.0,14,-8.809135399673735,5400.0,25.58461061118245,2.1013674712106876,21.0
125818,2022-02-10 15:04:55,2022-02-10 15:12:49,LANDINI GLOBALFARM 100 ,93,Pulvérisateur Caruel 2500L,24.0,P54042,Traitements phytosanitaires,0.0753333333333333,7.8,1.536885172285226,8.594936708860759,10.0,12,-84.61538461538461,3000.0,22.408261456376636,1.8798200849412396,14.0
125813,2022-02-10 14:56:07,2022-02-10 15:04:49,LANDINI GLOBALFARM 100 ,93,Pulvérisateur Caruel 2500L,24.0,54012,Traitements phytosanitaires,0.095,8.6,1.9564363899436528,10.724137931034482,11.0,12,0.0,1800.0,10.491036836772334,1.4749568432072648,7.0
125793,2022-02-10 13:56:49,2022-02-10 14:07:07,LANDINI GLOBALFARM 100 ,93,Pulvérisateur Caruel 2500L,24.0,P54042,Traitements phytosanitaires,0.1091666666666666,10.2,2.819248593593471,11.359223300970873,12.0,14,35.294117647058826,6600.0,22.408261456376636,1.8798200849412396,14.0
125765,2022-02-10 11:18:59,2022-02-10 11:40:23,LANDINI GLOBALFARM 100 ,93,Pulvérisateur Caruel 2500L,24.0,54041,Traitements phytosanitaires,0.2325,21.3,4.434730597809221,9.383177570093459,10.0,23,-22.535211267605632,7200.0,20.171059496270342,1.8051875649340077,15.0
125749,2022-02-10 10:45:41,2022-02-10 10:58:59,LANDINI GLOBALFARM 100 ,93,Pulvérisateur Caruel 2500L,24.0,54041,Traitements phytosanitaires,0.164,13.2,2.5322512073930397,9.06015037593985,9.0,26,-50.0,6000.0,20.171059496270342,1.8051875649340077,15.0
125580,2022-02-09 12:18:53,2022-02-09 12:27:59,LANDINI GLOBALFARM 100 ,93,Pulvérisateur Caruel 2500L,24.0,54072-73,Traitements phytosanitaires,0.144,9.0,2.6992217417126008,15.428571428571429,17.0,29,-120.0,6600.0,25.58461061118245,2.1013674712106876,21.0
125572,2022-02-09 12:02:52,2022-02-09 12:18:16,LANDINI GLOBALFARM 100 ,93,Pulvérisateur Caruel 2500L,24.0,P54042,Traitements phytosanitaires,0.1958333333333333,15.3,3.8762614360499246,12.331168831168831,12.0,26,23.529411764705884,7799.999999999999,22.408261456376636,1.8798200849412396,14.0
125488,2022-02-09 09:27:21,2022-02-09 09:37:09,LANDINI GLOBALFARM 100 ,93,Pulvérisateur Caruel 2500L,24.0,54081,Traitements phytosanitaires,0.1506666666666666,9.7,1.2668512744438292,5.857142857142857,7.0,11,37.11340206185567,6600.0,16.83242863479863,2.2695963014057523,35.0
125390,2022-02-08 15:55:21,2022-02-08 16:00:15,LANDINI GLOBALFARM 100 ,93,Pulvérisateur Caruel 2500L,24.0,54072-73,Traitements phytosanitaires,0.057,4.8,0.9872503565371493,9.551020408163266,10.0,14,-87.5,3000.0,25.58461061118245,2.1013674712106876,21.0
125375,2022-02-08 15:07:57,2022-02-08 15:40:57,LANDINI GLOBALFARM 100 ,93,Pulvérisateur Caruel 2500L,24.0,54060,Traitements phytosanitaires,0.509,32.9,6.54099271782367,10.154545454545454,11.0,16,0.0,8400.0,8.899462217171035,1.9080399076668109,13.0
125373,2022-02-08 14:54:45,2022-02-08 14:59:03,LANDINI GLOBALFARM 100 ,93,Pulvérisateur Caruel 2500L,24.0,P54042,Traitements phytosanitaires,0.047,4.2,1.1791675426392298,10.209302325581396,12.0,15,-200.0,1200.0,22.408261456376636,1.8798200849412396,14.0
125348,2022-02-08 14:02:15,2022-02-08 14:19:57,LANDINI GLOBALFARM 100 ,93,Pulvérisateur Caruel 2500L,24.0,54054,Traitements phytosanitaires,0.2833333333333333,17.6,3.646440757152653,10.903954802259888,11.0,14,-44.31818181818182,4200.0,6.337663123938189,1.1965487481760684,12.0
125332,2022-02-08 13:27:39,2022-02-08 13:46:57,LANDINI GLOBALFARM 100 ,93,Pulvérisateur Caruel 2500L,24.0,P54042,Traitements phytosanitaires,0.2396666666666666,19.2,3.3724957075407422,8.839378238341968,11.0,21,40.62499999999999,7799.999999999999,22.408261456376636,1.8798200849412396,14.0
125224,2022-02-08 11:00:21,2022-02-08 11:07:27,LANDINI GLOBALFARM 100 ,93,Pulvérisateur Caruel 2500L,24.0,P54042,Traitements phytosanitaires,0.0653333333333333,7.0,1.5085833313911183,8.19718309859155,11.0,14,-94.28571428571429,4800.0,22.408261456376636,1.8798200849412396,14.0
125217,2022-02-08 10:51:45,2022-02-08 11:02:03,LANDINI GLOBALFARM 100 ,93,Pulvérisateur Caruel 2500L,24.0,54012,Traitements phytosanitaires,0.1075,10.2,2.7032835014397136,10.54368932038835,11.0,14,-11.764705882352942,1800.0,10.491036836772334,1.4749568432072648,7.0
124824,2022-02-06 16:02:39,2022-02-06 16:18:21,LANDINI GLOBALFARM 100 ,93,Pulvérisateur Caruel 2500L,24.0,54022,Traitements phytosanitaires,0.1833333333333333,15.6,2.7272822961920897,8.388535031847134,10.0,19,-11.538461538461538,6000.0,4.4429930312274655,1.078927147117437,16.0
124804,2022-02-06 13:52:03,2022-02-06 14:04:51,LANDINI GLOBALFARM 100 ,93,Pulvérisateur Caruel 2500L,24.0,P54042,Traitements phytosanitaires,0.1575,12.7,2.587788606583904,8.9609375,10.0,12,9.448818897637794,4800.0,22.408261456376636,1.8798200849412396,14.0
124703,2022-02-05 14:35:12,2022-02-05 14:43:06,LANDINI GLOBALFARM 100 ,93,Pulvérisateur Caruel 2500L,24.0,43010,Traitements phytosanitaires,0.1138333333333333,7.8,1.2045715592811,7.7974683544303796,10.0,12,-92.3076923076923,4200.0,10.414190905825524,1.4876303827317425,11.0
124702,2022-02-05 14:15:06,2022-02-05 14:40:42,LANDINI GLOBALFARM 100 ,93,Pulvérisateur Caruel 2500L,24.0,43020,Traitements phytosanitaires,0.4196666666666667,25.5,4.548124677723477,9.39453125,12.0,12,0.0,6000.0,12.22276600314259,1.4278384512096758,5.0
124652,2022-02-04 15:34:30,2022-02-04 15:41:42,LANDINI GLOBALFARM 100 ,93,Pulvérisateur Caruel 2500L,24.0,54072-73,Traitements phytosanitaires,0.081,7.1,1.567292347026021,9.847222222222221,12.0,19,-101.40845070422536,4800.0,25.58461061118245,2.1013674712106876,21.0
124638,2022-02-04 12:02:24,2022-02-04 12:08:42,LANDINI GLOBALFARM 100 ,93,Pulvérisateur Caruel 2500L,24.0,P54042,Traitements phytosanitaires,0.1015,6.2,1.4570498064234756,7.761904761904762,10.0,13,-106.45161290322581,3000.0,22.408261456376636,1.8798200849412396,14.0
124329,2022-02-04 10:48:06,2022-02-04 11:24:12,LANDINI GLOBALFARM 100 ,93,Pulvérisateur Caruel 2500L,24.0,54031,Traitements phytosanitaires,0.4856666666666667,36.0,4.50434140452953,3.731301939058172,0.0,13,-16.666666666666668,6000.0,21.419937234796492,1.855243766435852,24.0
124263,2022-02-04 08:56:36,2022-02-04 09:09:30,LANDINI GLOBALFARM 100 ,93,Pulvérisateur Caruel 2500L,24.0,P54042,Traitements phytosanitaires,0.1615,12.8,1.8101395039589214,7.038759689922481,9.0,10,0.0,4800.0,22.408261456376636,1.8798200849412396,14.0
124183,2022-02-03 15:32:30,2022-02-03 16:11:18,LANDINI GLOBALFARM 100 ,93,Pulvérisateur Caruel 2500L,24.0,54012,Traitements phytosanitaires,0.7091666666666666,38.7,6.403572444011045,8.876288659793815,9.0,19,7.751937984496124,5400.0,10.491036836772334,1.4749568432072648,7.0
124177,2022-02-03 15:15:42,2022-02-03 15:26:42,LANDINI GLOBALFARM 100 ,93,Pulvérisateur Caruel 2500L,24.0,54012,Traitements phytosanitaires,0.18,10.9,1.1741678173934176,5.6909090909090905,9.0,10,49.54128440366973,5400.0,10.491036836772334,1.4749568432072648,7.0
124168,2022-02-03 14:57:48,2022-02-03 15:14:00,LANDINI GLOBALFARM 100 ,93,Pulvérisateur Caruel 2500L,24.0,P54042,Traitements phytosanitaires,0.2075,16.1,2.89355350682516,9.487654320987655,10.0,14,18.633540372670808,4800.0,22.408261456376636,1.8798200849412396,14.0
124128,2022-02-03 12:50:18,2022-02-03 12:57:18,LANDINI GLOBALFARM 100 ,93,Pulvérisateur Caruel 2500L,24.0,P54042,Traitements phytosanitaires,0.0871666666666666,6.9,1.4469527841299885,11.142857142857142,12.0,14,-113.04347826086956,4200.0,22.408261456376636,1.8798200849412396,14.0
124123,2022-02-03 12:46:12,2022-02-03 12:56:54,LANDINI GLOBALFARM 100 ,93,Pulvérisateur Caruel 2500L,24.0,54031,Traitements phytosanitaires,0.1363333333333333,10.6,2.2466904159215138,10.813084112149532,11.0,14,-50.943396226415096,4200.0,21.419937234796492,1.855243766435852,24.0
124118,2022-02-03 12:18:24,2022-02-03 12:48:18,LANDINI GLOBALFARM 100 ,93,Pulvérisateur Caruel 2500L,24.0,54012,Traitements phytosanitaires,0.4933333333333333,29.8,4.7959529835143035,8.692307692307692,9.0,14,6.040268456375839,6000.0,10.491036836772334,1.4749568432072648,7.0
124113,2022-02-03 12:05:24,2022-02-03 12:43:30,LANDINI GLOBALFARM 100 ,93,Pulvérisateur Caruel 2500L,24.0,54013-1,Traitements phytosanitaires,0.655,38.0,5.662015300933838,8.343832020997375,9.0,10,1.5789473684210527,6000.0,10.903211180411896,1.3070963142660552,18.0
124107,2022-02-03 11:57:36,2022-02-03 12:07:18,LANDINI GLOBALFARM 100 ,93,Pulvérisateur Caruel 2500L,24.0,54012,Traitements phytosanitaires,0.1641666666666666,9.6,1.0296194249840838,6.11340206185567,8.0,9,50.0,5400.0,10.491036836772334,1.4749568432072648,7.0
124101,2022-02-03 11:49:48,2022-02-03 11:58:18,LANDINI GLOBALFARM 100 ,93,Pulvérisateur Caruel 2500L,24.0,54031,Traitements phytosanitaires,0.0916666666666666,8.4,1.1189797398860972,6.270588235294118,9.0,10,-71.42857142857143,1200.0,21.419937234796492,1.855243766435852,24.0
123847,2022-02-02 11:47:40,2022-02-02 11:55:28,LANDINI GLOBALFARM 100 ,93,Pulvérisateur Caruel 2500L,24.0,54071-74,Traitements phytosanitaires,0.1099999999999999,7.7,1.5456982297618642,9.884615384615385,8.0,25,-62.33766233766234,4800.0,25.348884575216356,2.082606674333425,25.0
123835,2022-02-02 11:23:34,2022-02-02 11:28:16,LANDINI GLOBALFARM 100 ,93,Pulvérisateur Caruel 2500L,24.0,54060,Traitements phytosanitaires,0.0543333333333333,4.6,0.43004950599825403,1.872340425531915,0.0,9,0.0,4800.0,8.899462217171035,1.9080399076668109,13.0
123767,2022-02-02 09:26:17,2022-02-02 09:40:23,LANDINI GLOBALFARM 100 ,93,Pulvérisateur Caruel 2500L,24.0,54060,Traitements phytosanitaires,0.1728333333333333,14.0,1.3748970790591817,2.6666666666666665,0.0,11,0.0,4800.0,8.899462217171035,1.9080399076668109,13.0
123575,2022-02-01 12:51:04,2022-02-01 12:59:52,LANDINI GLOBALFARM 100 ,93,Pulvérisateur Caruel 2500L,24.0,54041,Traitements phytosanitaires,0.113,8.7,0.8908805570429099,3.6363636363636362,0.0,10,-68.96551724137932,5400.0,20.171059496270342,1.8051875649340077,15.0
123519,2022-02-01 10:14:07,2022-02-01 10:32:13,LANDINI GLOBALFARM 100 ,93,Pulvérisateur Caruel 2500L,24.0,P54042,Traitements phytosanitaires,0.254,18.0,1.660336371537659,5.193370165745856,8.0,11,-30.0,1200.0,22.408261456376636,1.8798200849412396,14.0
123488,2022-02-01 09:35:49,2022-02-01 10:19:43,LANDINI GLOBALFARM 100 ,93,Pulvérisateur Caruel 2500L,24.0,54041,Traitements phytosanitaires,0.5673333333333334,43.8,2.5581645870635388,2.722095671981777,0.0,11,0.0,4800.0,20.171059496270342,1.8051875649340077,15.0
123196,2022-01-30 13:08:31,2022-01-30 14:02:01,LANDINI GLOBALFARM 100 ,93,Pulvérisateur Caruel 2500L,24.0,43010,Traitements phytosanitaires,0.7988333333333334,53.4,9.118478086073758,8.842990654205607,9.0,22,0.0,6000.0,10.414190905825524,1.4876303827317425,11.0
123180,2022-01-30 11:43:13,2022-01-30 12:19:07,LANDINI GLOBALFARM 100 ,93,Pulvérisateur Caruel 2500L,24.0,42030,Traitements phytosanitaires,0.617,35.8,4.988628668807441,7.724233983286908,9.0,13,-15.083798882681565,5400.0,5.413636010918699,0.9874148844661021,5.0
122846,2022-01-28 15:32:18,2022-01-28 15:38:42,LANDINI GLOBALFARM 100 ,93,Pulvérisateur Caruel 2500L,24.0,54072-73,Traitements phytosanitaires,0.071,6.3,1.080907764901046,7.859375,8.0,11,-95.23809523809524,1800.0,25.58461061118245,2.1013674712106876,21.0
122839,2022-01-28 15:18:54,2022-01-28 15:29:06,LANDINI GLOBALFARM 100 ,93,Pulvérisateur Caruel 2500L,24.0,54082,Traitements phytosanitaires,0.1491666666666667,10.1,1.2490624959495262,6.0588235294117645,7.0,9,-29.702970297029704,5400.0,8.114241072853327,1.5568072223964255,30.0
122821,2022-01-28 14:43:06,2022-01-28 15:06:42,LANDINI GLOBALFARM 100 ,93,Pulvérisateur Caruel 2500L,24.0,54072-73,Traitements phytosanitaires,0.2683333333333333,23.5,1.5438666181658998,3.0254237288135593,0.0,13,22.97872340425532,7799.999999999999,25.58461061118245,2.1013674712106876,21.0
122139,2022-01-25 15:11:06,2022-01-25 15:20:36,LANDINI GLOBALFARM 100 ,93,Pulvérisateur Caruel 2500L,24.0,54072-73,Traitements phytosanitaires,0.0968333333333333,9.4,2.194585861799154,8.757894736842106,9.0,17,0.0,4800.0,25.58461061118245,2.1013674712106876,21.0
121826,2022-01-24 12:26:30,2022-01-24 12:33:42,LANDINI GLOBALFARM 100 ,93,Pulvérisateur Caruel 2500L,24.0,P54042,Traitements phytosanitaires,0.0838333333333333,7.1,1.4578072213346909,11.23611111111111,12.0,18,-92.95774647887323,1800.0,22.408261456376636,1.8798200849412396,14.0
121733,2022-01-24 09:22:06,2022-01-24 09:58:06,LANDINI GLOBALFARM 100 ,93,Pulvérisateur Caruel 2500L,24.0,54013-2,Traitements phytosanitaires,0.9539999999999998,35.9,2.614860727110623,2.9694444444444446,0.0,14,0.0,4800.0,6.071300987482032,1.3025174743738652,34.0
121703,2022-01-24 08:41:24,2022-01-24 09:04:42,LANDINI GLOBALFARM 100 ,93,Pulvérisateur Caruel 2500L,24.0,P54042,Traitements phytosanitaires,0.2851666666666666,23.2,3.984621966339952,9.098712446351932,10.0,18,0.0,5400.0,22.408261456376636,1.8798200849412396,14.0
121504,2022-01-23 08:49:33,2022-01-23 08:56:51,LANDINI GLOBALFARM 100 ,93,Pulvérisateur Caruel 2500L,24.0,54072-73,Traitements phytosanitaires,0.0993333333333333,7.2,1.4858327361609311,10.726027397260275,13.0,26,0.0,5400.0,25.58461061118245,2.1013674712106876,21.0
121200,2022-01-21 15:47:26,2022-01-21 16:48:02,LANDINI GLOBALFARM 100 ,93,Pulvérisateur Caruel 2500L,24.0,41010-20,Traitements phytosanitaires,0.8538333333333333,60.5,10.253949201362552,8.684818481848184,9.0,26,0.0,10200.0,18.332514389599936,1.8256690997223544,5.0
121154,2022-01-21 12:42:43,2022-01-21 13:22:25,LANDINI GLOBALFARM 100 ,93,Pulvérisateur Caruel 2500L,24.0,54022,Traitements phytosanitaires,0.5553333333333333,39.6,4.153956249329208,5.007556675062972,7.0,12,0.0,5400.0,4.4429930312274655,1.078927147117437,16.0
120943,2022-01-20 16:01:50,2022-01-20 16:27:56,LANDINI GLOBALFARM 100 ,93,Pulvérisateur Caruel 2500L,24.0,54054,Traitements phytosanitaires,0.3466666666666667,26.0,4.389430639806774,8.291187739463602,8.0,14,4.615384615384615,4800.0,6.337663123938189,1.1965487481760684,12.0
120259,2022-01-18 13:17:16,2022-01-18 13:51:28,LANDINI GLOBALFARM 100 ,93,Pulvérisateur Caruel 2500L,24.0,43010,Traitements phytosanitaires,0.4293333333333333,34.1,2.1448487990898695,3.611111111111111,0.0,9,-15.835777126099707,1200.0,10.414190905825524,1.4876303827317425,11.0
120228,2022-01-18 12:22:16,2022-01-18 12:50:04,LANDINI GLOBALFARM 100 ,93,Pulvérisateur Caruel 2500L,24.0,43010,Traitements phytosanitaires,0.4353333333333333,27.7,3.2603475178611805,6.496402877697841,9.0,10,0.0,5400.0,10.414190905825524,1.4876303827317425,11.0
120111,2022-01-18 10:18:52,2022-01-18 11:13:34,LANDINI GLOBALFARM 100 ,93,Pulvérisateur Caruel 2500L,24.0,43020,Traitements phytosanitaires,0.82,54.6,6.907469924604171,6.817184643510055,8.0,10,0.0,5400.0,12.22276600314259,1.4278384512096758,5.0
119980,2022-01-17 14:54:42,2022-01-17 15:12:54,LANDINI GLOBALFARM 100 ,93,Pulvérisateur Caruel 2500L,24.0,54013-1,Traitements phytosanitaires,0.4258333333333334,18.1,3.8872389572206614,11.802197802197803,13.0,14,-9.94475138121547,8400.0,10.903211180411896,1.3070963142660552,18.0
119759,2022-01-16 12:39:13,2022-01-16 13:43:55,LANDINI GLOBALFARM 100 ,93,Pulvérisateur Caruel 2500L,24.0,42030,Traitements phytosanitaires,0.8686666666666666,64.6,8.73596889852808,7.268933539412674,9.0,26,1.407886535252211e-15,10200.0,5.413636010918699,0.9874148844661021,5.0
119736,2022-01-16 11:59:55,2022-01-16 12:08:25,LANDINI GLOBALFARM 100 ,93,Pulvérisateur Caruel 2500L,24.0,43010,Traitements phytosanitaires,0.1003333333333333,8.4,0.9967460777854629,5.7176470588235295,6.0,13,-28.571428571428573,4800.0,10.414190905825524,1.4876303827317425,11.0
119713,2022-01-16 11:20:31,2022-01-16 12:02:13,LANDINI GLOBALFARM 100 ,93,Pulvérisateur Caruel 2500L,24.0,42020,Traitements phytosanitaires,0.6928333333333334,41.6,5.566264757578013,7.398081534772182,9.0,13,0.0,5400.0,20.36677684653546,1.8798200849412396,15.5
119707,2022-01-16 11:07:48,2022-01-16 11:19:42,LANDINI GLOBALFARM 100 ,93,Pulvérisateur Caruel 2500L,24.0,43010,Traitements phytosanitaires,0.14,11.8,0.909811087032025,3.697478991596639,0.0,12,0.0,4800.0,10.414190905825524,1.4876303827317425,11.0
118699,2022-01-10 14:57:00,2022-01-10 15:18:54,LANDINI GLOBALFARM 100 ,93,Pulvérisateur Caruel 2500L,24.0,P54042,Traitements phytosanitaires,0.2798333333333334,21.8,2.7844617843326738,5.922374429223744,7.0,14,-5.504587155963303,5400.0,22.408261456376636,1.8798200849412396,14.0
118682,2022-01-10 14:26:42,2022-01-10 14:52:42,LANDINI GLOBALFARM 100 ,93,Pulvérisateur Caruel 2500L,24.0,54054,Traitements phytosanitaires,0.3385,25.9,3.8941690318137496,7.030769230769231,9.0,14,-2.3166023166023164,5400.0,6.337663123938189,1.1965487481760684,12.0
118667,2022-01-10 13:50:18,2022-01-10 14:01:42,LANDINI GLOBALFARM 100 ,93,Pulvérisateur Caruel 2500L,24.0,P54042,Traitements phytosanitaires,0.1646666666666666,11.3,1.408996839805366,6.798245614035087,9.0,14,-21.238938053097346,5400.0,22.408261456376636,1.8798200849412396,14.0
118509,2022-01-09 18:25:53,2022-01-09 18:32:41,LANDINI GLOBALFARM 100 ,93,Pulvérisateur Caruel 2500L,24.0,P54042,Traitements phytosanitaires,0.096,6.7,1.4370249132792836,11.897058823529411,15.0,26,-134.32835820895522,5400.0,22.408261456376636,1.8798200849412396,14.0
118507,2022-01-09 17:28:53,2022-01-09 18:21:11,LANDINI GLOBALFARM 100 ,93,Pulvérisateur Caruel 2500L,24.0,54021,Traitements phytosanitaires,0.9688333333333334,52.2,8.392557405502503,8.393881453154876,9.0,26,0.0,7200.0,19.99670728641082,3.956533576780335,45.0
118411,2022-01-08 13:45:53,2022-01-08 14:54:11,LANDINI GLOBALFARM 100 ,93,Pulvérisateur Caruel 2500L,24.0,54060,Traitements phytosanitaires,1.1168333333333331,68.2,7.5511133794648275,5.743777452415813,8.0,10,-6.158357771260997,5400.0,8.899462217171035,1.9080399076668109,13.0
118275,2022-01-07 17:47:10,2022-01-07 17:56:58,LANDINI GLOBALFARM 100 ,93,Pulvérisateur Caruel 2500L,24.0,54031,Traitements phytosanitaires,0.125,9.7,2.329420596829606,13.193877551020408,15.0,23,-86.5979381443299,5400.0,21.419937234796492,1.855243766435852,24.0
118272,2022-01-07 17:29:16,2022-01-07 17:37:58,LANDINI GLOBALFARM 100 ,93,Pulvérisateur Caruel 2500L,24.0,54013-1,Traitements phytosanitaires,0.1375,8.6,1.2082313631089916,7.816091954022989,9.0,9,-62.7906976744186,600.0,10.903211180411896,1.3070963142660552,18.0
118262,2022-01-07 16:45:28,2022-01-07 17:17:16,LANDINI GLOBALFARM 100 ,93,Pulvérisateur Caruel 2500L,24.0,54013-1,Traitements phytosanitaires,0.5783333333333333,31.7,4.504614123822519,7.952830188679245,8.0,9,0.0,5400.0,10.903211180411896,1.3070963142660552,18.0
118258,2022-01-07 16:36:58,2022-01-07 16:47:04,LANDINI GLOBALFARM 100 ,93,Pulvérisateur Caruel 2500L,24.0,54012,Traitements phytosanitaires,0.1641666666666667,10.0,0.9793709279215904,5.5049504950495045,8.0,9,48.0,5400.0,10.491036836772334,1.4749568432072648,7.0
118225,2022-01-07 15:39:52,2022-01-07 15:52:40,LANDINI GLOBALFARM 100 ,93,Pulvérisateur Caruel 2500L,24.0,54012,Traitements phytosanitaires,0.1675,12.7,2.194108601969945,9.015625,10.0,14,9.448818897637794,6000.0,10.491036836772334,1.4749568432072648,7.0
118215,2022-01-07 15:19:04,2022-01-07 15:37:40,LANDINI GLOBALFARM 100 ,93,Pulvérisateur Caruel 2500L,24.0,54012,Traitements phytosanitaires,0.3341666666666666,18.5,2.753301698336385,8.435483870967742,9.0,9,0.0,5400.0,10.491036836772334,1.4749568432072648,7.0
118210,2022-01-07 15:06:16,2022-01-07 15:41:46,LANDINI GLOBALFARM 100 ,93,Pulvérisateur Caruel 2500L,24.0,54013-1,Traitements phytosanitaires,0.6483333333333333,35.4,5.218268879815806,8.270422535211267,9.0,9,-15.254237288135593,5400.0,10.903211180411896,1.3070963142660552,18.0
118201,2022-01-07 14:37:52,2022-01-07 14:57:04,LANDINI GLOBALFARM 100 ,93,Pulvérisateur Caruel 2500L,24.0,P54042,Traitements phytosanitaires,0.2466666666666666,19.1,2.979009538909914,7.838541666666667,9.0,13,0.0,4800.0,22.408261456376636,1.8798200849412396,14.0
117546,2022-01-04 16:13:38,2022-01-04 16:20:02,LANDINI GLOBALFARM 100 ,93,Pulvérisateur Caruel 2500L,24.0,P54042,Traitements phytosanitaires,0.0674999999999999,6.3,1.4686429084433243,12.640625,14.0,18,-152.38095238095238,4200.0,22.408261456376636,1.8798200849412396,14.0
117539,2022-01-04 15:57:02,2022-01-04 16:17:32,LANDINI GLOBALFARM 100 ,93,Pulvérisateur Caruel 2500L,24.0,54021,Traitements phytosanitaires,0.3325000000000001,20.4,3.954744727979875,10.248780487804877,9.0,20,-29.41176470588235,6000.0,19.99670728641082,3.956533576780335,45.0
117516,2022-01-04 15:24:44,2022-01-04 15:55:32,LANDINI GLOBALFARM 100 ,93,Pulvérisateur Caruel 2500L,24.0,54054,Traitements phytosanitaires,0.6325,30.7,4.661301229041453,7.175324675324675,9.0,10,17.58957654723127,5400.0,6.337663123938189,1.1965487481760684,12.0
117503,2022-01-04 15:06:44,2022-01-04 15:20:56,LANDINI GLOBALFARM 100 ,93,Pulvérisateur Caruel 2500L,24.0,P54042,Traitements phytosanitaires,0.1883333333333333,14.1,2.4167224334464876,9.183098591549296,12.0,15,34.04255319148936,5400.0,22.408261456376636,1.8798200849412396,14.0
116983,2022-01-01 14:56:10,2022-01-01 15:01:46,LANDINI GLOBALFARM 100 ,93,Pulvérisateur Caruel 2500L,24.0,P54042,Traitements phytosanitaires,0.0675,5.5,1.4896956667404058,11.232142857142858,12.0,16,-141.8181818181818,1800.0,22.408261456376636,1.8798200849412396,14.0
116756,2021-12-31 15:22:57,2021-12-31 15:55:27,LANDINI GLOBALFARM 100 ,93,Pulvérisateur Caruel 2500L,24.0,54022,Traitements phytosanitaires,0.5886666666666667,32.4,4.069117287741737,6.033846153846154,8.0,10,0.0,5400.0,4.4429930312274655,1.078927147117437,16.0
116488,2021-12-30 14:10:58,2021-12-30 15:17:04,LANDINI GLOBALFARM 100 ,93,Pulvérisateur Caruel 2500L,24.0,54060,Traitements phytosanitaires,1.0491666666666668,66.0,7.9761426597006455,5.862329803328291,8.0,15,8.181818181818182,7200.0,8.899462217171035,1.9080399076668109,13.0
116268,2021-12-29 11:37:46,2021-12-29 12:03:04,LANDINI GLOBALFARM 100 ,93,Pulvérisateur Caruel 2500L,24.0,42020,Traitements phytosanitaires,0.3973333333333333,25.2,2.955888624544152,6.24901185770751,8.0,10,-21.428571428571427,4800.0,20.36677684653546,1.8798200849412396,15.5
115967,2021-12-27 13:05:41,2021-12-27 13:48:53,LANDINI GLOBALFARM 100 ,93,Pulvérisateur Caruel 2500L,24.0,43010,Traitements phytosanitaires,0.5385,43.1,4.990841813146757,5.388888888888889,7.0,17,0.0,5400.0,10.414190905825524,1.4876303827317425,11.0
115957,2021-12-27 12:16:41,2021-12-27 12:54:05,LANDINI GLOBALFARM 100 ,93,Pulvérisateur Caruel 2500L,24.0,41010-20,Traitements phytosanitaires,0.5028333333333332,37.3,2.9301118037787273,3.9385026737967914,1.0,11,0.0,6000.0,18.332514389599936,1.8256690997223544,5.0
115610,2021-12-24 15:18:29,2021-12-24 15:39:11,LANDINI GLOBALFARM 100 ,93,Pulvérisateur Caruel 2500L,24.0,43020,Traitements phytosanitaires,0.3801666666666666,20.6,4.1588761714467415,9.85024154589372,12.0,14,0.0,7200.0,12.22276600314259,1.4278384512096758,5.0
115039,2021-12-21 14:02:09,2021-12-21 14:46:45,LANDINI GLOBALFARM 100 ,93,Pulvérisateur Caruel 2500L,24.0,46010,Traitements phytosanitaires,0.6600000000000001,44.5,7.545394272429099,8.551569506726457,9.0,27,0.0,8400.0,11.271101178162139,1.4775289918843013,5.0
114985,2021-12-21 12:00:45,2021-12-21 13:16:21,LANDINI GLOBALFARM 100 ,93,Pulvérisateur Caruel 2500L,24.0,46010,Traitements phytosanitaires,1.3206666666666669,75.5,9.319825099658187,6.373015873015873,9.0,16,0.0,6600.0,11.271101178162139,1.4775289918843013,5.0
114621,2021-12-19 10:33:27,2021-12-19 10:45:51,LANDINI GLOBALFARM 100 ,93,Pulvérisateur Caruel 2500L,24.0,P54042,Traitements phytosanitaires,0.1833333333333334,12.3,2.363377652917092,10.596774193548388,11.5,18,0.0,4800.0,22.408261456376636,1.8798200849412396,14.0
114618,2021-12-19 09:58:27,2021-12-19 10:09:45,LANDINI GLOBALFARM 100 ,93,Pulvérisateur Caruel 2500L,24.0,54071-74,Traitements phytosanitaires,0.1175,11.2,1.409021983636108,6.424778761061947,7.0,11,-32.142857142857146,4800.0,25.348884575216356,2.082606674333425,25.0
114500,2021-12-18 16:35:03,2021-12-18 16:42:15,LANDINI GLOBALFARM 100 ,93,Pulvérisateur Caruel 2500L,24.0,P54042,Traitements phytosanitaires,0.0983333333333333,7.1,1.551799811770359,9.88888888888889,11.0,12,-92.95774647887323,1200.0,22.408261456376636,1.8798200849412396,14.0
114481,2021-12-18 16:17:23,2021-12-18 16:29:41,LANDINI GLOBALFARM 100 ,93,Pulvérisateur Caruel 2500L,24.0,54054,Traitements phytosanitaires,0.2191666666666666,12.2,2.494192096336581,8.008130081300813,9.0,12,24.59016393442623,5400.0,6.337663123938189,1.1965487481760684,12.0
114462,2021-12-18 15:29:35,2021-12-18 16:15:11,LANDINI GLOBALFARM 100 ,93,Pulvérisateur Caruel 2500L,24.0,54021,Traitements phytosanitaires,0.876,45.5,6.942215974239945,7.456140350877193,9.0,10,11.868131868131869,5400.0,19.99670728641082,3.956533576780335,45.0
114265,2021-12-18 12:37:17,2021-12-18 12:43:41,LANDINI GLOBALFARM 100 ,93,Pulvérisateur Caruel 2500L,24.0,P54042,Traitements phytosanitaires,0.081,6.3,1.3956140172646727,10.53125,12.0,14,-104.76190476190476,5400.0,22.408261456376636,1.8798200849412396,14.0
114231,2021-12-18 11:42:11,2021-12-18 12:32:47,LANDINI GLOBALFARM 100 ,93,Pulvérisateur Caruel 2500L,24.0,54021,Traitements phytosanitaires,0.9183333333333334,50.5,7.364812909500268,7.91699604743083,9.0,14,7.128712871287129,5400.0,19.99670728641082,3.956533576780335,45.0
113188,2021-12-14 15:15:14,2021-12-14 16:10:02,LANDINI GLOBALFARM 100 ,93,Pulvérisateur Caruel 2500L,24.0,41010-20,Traitements phytosanitaires,1.1796666666666666,54.7,9.693066079724886,9.558394160583942,10.0,28,0.0,16200.0,18.332514389599936,1.8256690997223544,5.0
113169,2021-12-14 14:20:02,2021-12-14 14:44:02,LANDINI GLOBALFARM 100 ,93,Pulvérisateur Caruel 2500L,24.0,41010-20,Traitements phytosanitaires,0.3491666666666666,23.9,2.2370626672440896,4.829166666666667,0.0,28,0.0,6000.0,18.332514389599936,1.8256690997223544,5.0
111894,2021-12-07 13:30:29,2021-12-07 16:33:59,LANDINI LANDPOWER135 ,134,Cover crop 28 D,3.2,43020,Travaux du sol,9.263166666666669,183.4,24.541562328201863,7.498637602179836,11.0,12,0.0,6000.0,12.22276600314259,1.4278384512096758,5.0
111786,2021-12-07 10:36:14,2021-12-07 11:54:20,LANDINI LANDPOWER135 ,134,Cover crop 28 D,3.2,43020,Travaux du sol,4.044166666666667,78.0,11.767137018722288,8.727272727272727,11.0,14,-6.153846153846154,6600.0,12.22276600314259,1.4278384512096758,5.0
111688,2021-12-06 14:49:43,2021-12-06 16:57:07,LANDINI LANDPOWER135 ,134,Cover crop 28 D,3.2,43020,Travaux du sol,6.580833333333333,127.3,14.934879761777127,6.637362637362638,10.0,12,0.0,6000.0,12.22276600314259,1.4278384512096758,5.0
108056,2021-11-21 10:17:40,2021-11-21 11:55:10,LANDINI LANDPOWER135 ,134,Cover crop 28 D,3.2,42030,Travaux du sol,4.459166666666667,97.4,17.67635938061112,10.485128205128206,11.0,23,-6.160164271047228,6600.0,5.413636010918699,0.9874148844661021,5.0
108029,2021-11-21 08:43:46,2021-11-21 10:20:46,LANDINI LANDPOWER135 ,134,Cover crop 28 D,3.2,42020,Travaux du sol,4.4875,96.9,17.082502483694604,10.267010309278351,11.0,14,1.238390092879257,6600.0,20.36677684653546,1.8798200849412396,15.5
107830,2021-11-19 14:36:19,2021-11-19 18:52:31,LANDINI LANDPOWER135 ,134,Cover crop 36 D,4.2,54081,Travaux du sol,12.865833333333333,256.1,38.382209554260506,8.624121779859484,10.0,26,-2.1085513471300272,7200.0,16.83242863479863,2.2695963014057523,35.0
107752,2021-11-18 13:34:58,2021-11-18 14:47:10,LANDINI LANDPOWER135 ,134,Cover crop 36 D,4.2,54082,Travaux du sol,4.604166666666666,72.1,13.173776004146097,10.074792243767313,10.0,12,-0.8321775312066574,6000.0,8.114241072853327,1.5568072223964255,30.0
107712,2021-11-18 10:26:16,2021-11-18 12:15:52,LANDINI LANDPOWER135 ,134,Cover crop 36 D,4.2,54082,Travaux du sol,6.465833333333333,109.5,21.015290906404186,11.018248175182482,11.0,27,-4.931506849315069,7200.0,8.114241072853327,1.5568072223964255,30.0
107686,2021-11-18 08:59:52,2021-11-18 10:32:22,LANDINI LANDPOWER135 ,134,Cover crop 36 D,4.2,54081,Travaux du sol,5.778333333333333,92.4,15.346363502603573,9.528648648648648,10.0,19,1.2987012987012987,6600.0,16.83242863479863,2.2695963014057523,35.0
107617,2021-11-17 17:35:41,2021-11-17 18:05:17,LANDINI LANDPOWER135 ,134,Cover crop 36 D,4.2,54082,Travaux du sol,1.8441666666666667,29.5,4.987065635463954,9.66554054054054,10.0,11,-4.067796610169491,1800.0,8.114241072853327,1.5568072223964255,30.0
107467,2021-11-17 11:31:41,2021-11-17 12:04:05,LANDINI LANDPOWER135 ,134,Cover crop 36 D,4.2,54013-1,Travaux du sol,1.8358333333333328,32.3,6.045063669020255,10.780864197530864,11.0,13,0.0,6000.0,10.903211180411896,1.3070963142660552,18.0
107446,2021-11-17 10:53:53,2021-11-17 11:29:41,LANDINI LANDPOWER135 ,134,Cover crop 36 D,4.2,54013-1,Travaux du sol,1.6566666666666667,35.7,7.598882841530546,12.047486033519553,11.0,36,-18.48739495798319,7200.0,10.903211180411896,1.3070963142660552,18.0
107369,2021-11-17 08:19:41,2021-11-17 12:04:11,LANDINI LANDPOWER135 ,134,Cover crop 36 D,4.2,54012,Travaux du sol,12.4025,224.4,38.868586453762205,9.952338530066815,11.0,36,0.0,7200.0,10.491036836772334,1.4749568432072648,7.0
107340,2021-11-16 17:22:50,2021-11-16 17:51:50,LANDINI LANDPOWER135 ,134,Cover crop 36 D,4.2,54013-1,Travaux du sol,1.4008333333333332,28.9,4.744825648032743,9.272413793103448,10.0,11,-6.228373702422146,6000.0,10.903211180411896,1.3070963142660552,18.0
107335,2021-11-16 16:57:50,2021-11-16 17:20:56,LANDINI LANDPOWER135 ,134,Cover crop 36 D,4.2,54013-1,Travaux du sol,1.4141666666666668,23.0,4.2092851963119555,10.346320346320347,10.0,12,0.0,1200.0,10.903211180411896,1.3070963142660552,18.0
107317,2021-11-16 15:27:50,2021-11-16 16:16:44,LANDINI LANDPOWER135 ,134,Cover crop 36 D,4.2,54013-1,Travaux du sol,2.5225,48.8,7.313749157570301,8.558282208588958,10.0,11,-12.295081967213115,6000.0,10.903211180411896,1.3070963142660552,18.0
107304,2021-11-16 15:00:26,2021-11-16 15:17:20,LANDINI LANDPOWER135 ,134,Cover crop 36 D,4.2,54013-1,Travaux du sol,1.0558333333333334,16.8,2.843708562903036,9.562130177514794,11.0,11,0.0,5400.0,10.903211180411896,1.3070963142660552,18.0
107284,2021-11-16 14:30:20,2021-11-16 15:32:02,LANDINI LANDPOWER135 ,134,Cover crop 36 D,4.2,54012,Travaux du sol,3.515,61.6,6.195848597051161,5.72771474878444,9.0,11,-0.974025974025974,6000.0,10.491036836772334,1.4749568432072648,7.0
107258,2021-11-16 13:48:55,2021-11-16 14:16:25,LANDINI LANDPOWER135 ,134,Cover crop 36 D,4.2,54012,Travaux du sol,1.5341666666666665,27.4,4.517976776114948,9.352727272727273,10.0,11,0.0,6000.0,10.491036836772334,1.4749568432072648,7.0
107244,2021-11-16 13:26:25,2021-11-16 14:21:43,LANDINI LANDPOWER135 ,134,Cover crop 36 D,4.2,54013-1,Travaux du sol,3.0583333333333336,55.2,9.131117805378326,9.450271247739602,10.0,11,1.0869565217391304,6600.0,10.903211180411896,1.3070963142660552,18.0
107230,2021-11-16 12:56:31,2021-11-16 13:48:01,LANDINI LANDPOWER135 ,134,Cover crop 36 D,4.2,54012,Travaux du sol,2.4175,51.4,8.86311326326179,9.811650485436893,10.0,18,11.673151750972762,6600.0,10.491036836772334,1.4749568432072648,7.0
107105,2021-11-16 10:23:55,2021-11-16 11:26:25,LANDINI LANDPOWER135 ,134,Cover crop 36 D,4.2,54012,Travaux du sol,3.2425,62.4,4.589706922279758,4.1824,0.0,11,-9.615384615384615,1800.0,10.491036836772334,1.4749568432072648,7.0
107038,2021-11-16 09:06:07,2021-11-16 10:22:19,LANDINI LANDPOWER135 ,134,Cover crop 36 D,4.2,54012,Travaux du sol,4.275833333333333,76.1,13.057551018119373,9.807086614173228,10.0,12,0.0,6000.0,10.491036836772334,1.4749568432072648,7.0
107025,2021-11-16 08:51:49,2021-11-16 09:48:19,LANDINI LANDPOWER135 ,134,Cover crop 36 D,4.2,54013-1,Travaux du sol,3.1975,56.4,9.729348441426607,9.861946902654868,10.0,12,0.0,2400.0,10.903211180411896,1.3070963142660552,18.0
106972,2021-11-15 17:37:49,2021-11-15 18:17:13,LANDINI LANDPOWER135 ,134,Cover crop 36 D,4.2,54012,Travaux du sol,2.270833333333333,39.3,5.813050997654339,8.261421319796954,8.0,10,0.0,1200.0,10.491036836772334,1.4749568432072648,7.0
106944,2021-11-15 15:51:37,2021-11-15 16:35:43,LANDINI LANDPOWER135 ,134,Cover crop 36 D,4.2,54013-1,Travaux du sol,2.2666666666666666,44.0,5.793668100450296,7.380952380952381,8.0,9,0.0,4800.0,10.903211180411896,1.3070963142660552,18.0
106908,2021-11-15 15:05:01,2021-11-15 15:28:55,LANDINI LANDPOWER135 ,134,Cover crop 36 D,4.2,54013-1,Travaux du sol,1.2175,23.8,3.057919091680717,7.2887029288702925,8.0,10,0.0,4200.0,10.903211180411896,1.3070963142660552,18.0
106549,2021-11-14 13:13:59,2021-11-14 16:02:17,LANDINI LANDPOWER135 ,134,Cover crop 28 D,3.2,46010,Travaux du sol,8.901666666666667,168.2,29.95615903218692,10.270350564468211,11.0,14,-3.2104637336504163,6000.0,11.271101178162139,1.4775289918843013,5.0
106295,2021-11-13 13:10:16,2021-11-13 17:29:16,LANDINI LANDPOWER135 ,134,Cover crop 28 D,3.2,43020,Travaux du sol,11.749166666666667,258.9,27.45845596272597,5.322393822393822,8.0,10,0.0,4800.0,12.22276600314259,1.4278384512096758,5.0
106024,2021-11-12 13:34:02,2021-11-12 17:25:02,LANDINI LANDPOWER135 ,134,Cover crop 36 D,4.2,54022,Travaux du sol,12.001666666666669,230.9,32.849653945843876,8.107359307359307,10.0,23,2.5985275010827196,7799.999999999999,4.4429930312274655,1.078927147117437,16.0
105959,2021-11-12 11:40:43,2021-11-12 11:56:19,LANDINI LANDPOWER135 ,134,Cover crop 36 D,4.2,54022,Travaux du sol,0.8726666666666667,15.5,2.4566714018668447,9.166666666666666,10.0,16,0.0,6000.0,4.4429930312274655,1.078927147117437,16.0
105810,2021-11-12 08:26:01,2021-11-12 09:18:07,LANDINI LANDPOWER135 ,134,Cover crop 36 D,4.2,54054,Travaux du sol,2.831666666666667,52.0,7.687954613110565,8.583493282149712,11.0,16,0.0,6000.0,6.337663123938189,1.1965487481760684,12.0
105673,2021-11-11 13:21:20,2021-11-11 15:16:44,LANDINI LANDPOWER135 ,134,Cover crop 36 D,4.2,54021,Travaux du sol,7.111666666666666,115.3,19.71696187980908,9.146447140381282,10.0,13,1.0407632263660018,6000.0,19.99670728641082,3.956533576780335,45.0
105417,2021-11-10 15:58:12,2021-11-10 18:54:00,LANDINI LANDPOWER135 ,134,Cover crop 36 D,4.2,54021,Travaux du sol,9.84,175.7,25.219947111160835,8.125711035267349,10.0,25,-3.7564029595902104,7200.0,19.99670728641082,3.956533576780335,45.0
104744,2021-11-09 08:16:43,2021-11-09 11:44:49,LANDINI LANDPOWER135 ,134,Cover crop 36 D,4.2,46010,Travaux du sol,9.787666666666668,208.0,30.445219714082654,8.289283998077847,10.0,24,0.0,6600.0,11.271101178162139,1.4775289918843013,5.0
104415,2021-11-08 10:32:14,2021-11-08 15:22:38,LANDINI LANDPOWER135 ,134,Cover crop 36 D,4.2,46010,Travaux du sol,13.544166666666667,290.3,44.86584122017008,8.78305785123967,10.0,16,-2.480192903892525,6000.0,11.271101178162139,1.4775289918843013,5.0
101317,2021-10-30 08:48:00,2021-10-30 09:43:42,LANDINI LANDPOWER135 ,134,Cover crop 36 D,4.2,54043,Travaux du sol,2.84,55.6,6.69048518019316,6.842010771992818,9.0,11,-8.633093525179856,5400.0,20.44097014794149,1.8034254162682921,27.0
96274,2021-10-15 15:55:38,2021-10-15 18:28:38,LANDINI LANDPOWER135 ,134,Cover crop 36 D,4.2,54081,Travaux du sol,6.691666666666666,152.9,19.448151411541225,7.1640522875817,8.0,19,-0.3924133420536298,7799.999999999999,16.83242863479863,2.2695963014057523,35.0
96237,2021-10-15 14:13:44,2021-10-15 15:56:02,LANDINI LANDPOWER135 ,134,Cover crop 36 D,4.2,54060,Travaux du sol,4.524166666666666,102.2,13.009342043625953,7.220918866080156,8.0,13,4.6966731898238745,4800.0,8.899462217171035,1.9080399076668109,13.0
95685,2021-10-14 08:50:25,2021-10-14 09:37:49,LANDINI LANDPOWER135 ,134,Cover crop 36 D,4.2,54060,Travaux du sol,2.175,47.3,6.7127683514069325,7.970464135021097,8.0,19,-8.879492600422832,6600.0,8.899462217171035,1.9080399076668109,13.0
95577,2021-10-13 15:56:39,2021-10-13 16:43:57,LANDINI LANDPOWER135 ,134,Cover crop 36 D,4.2,54060,Travaux du sol,1.9525,47.2,6.148686898668301,7.357293868921776,8.0,9,-8.898305084745763,4800.0,8.899462217171035,1.9080399076668109,13.0
95334,2021-10-12 13:18:51,2021-10-12 16:36:45,LANDINI LANDPOWER135 ,134,Cover crop 36 D,4.2,54021,Travaux du sol,8.7275,197.8,27.449694283708673,7.73521980798383,8.0,10,-2.4266936299292214,5400.0,19.99670728641082,3.956533576780335,45.0
94724,2021-10-11 08:43:11,2021-10-11 11:42:41,LANDINI LANDPOWER135 ,134,Cover crop 36 D,4.2,54021,Travaux du sol,7.375,179.4,24.447874476771712,7.678551532033426,8.0,10,-2.3411371237458196,4800.0,19.99670728641082,3.956533576780335,45.0
94106,2021-10-09 13:33:20,2021-10-09 16:35:32,LANDINI LANDPOWER135 ,134,Cover crop 36 D,4.2,54043,Travaux du sol,7.7555,182.1,22.451917926061366,6.844127332601537,8.0,10,2.6359143327841843,5400.0,20.44097014794149,1.8034254162682921,27.0
93960,2021-10-09 10:12:50,2021-10-09 11:51:26,LANDINI LANDPOWER135 ,134,Cover crop 36 D,4.2,54043,Travaux du sol,3.877166666666667,98.5,12.80709059972998,7.293103448275862,8.0,18,0.0,5400.0,20.44097014794149,1.8034254162682921,27.0
93875,2021-10-09 08:22:26,2021-10-09 09:54:56,LANDINI LANDPOWER135 ,134,Cover crop 36 D,4.2,54043,Travaux du sol,3.843333333333333,92.4,8.733245174599256,5.265945945945946,7.0,14,0.0,5400.0,20.44097014794149,1.8034254162682921,27.0
93530,2021-10-08 08:23:55,2021-10-08 11:44:25,LANDINI LANDPOWER135 ,134,Cover crop 36 D,4.2,54043,Travaux du sol,7.601666666666666,200.4,24.317066094272693,6.753117206982544,8.0,18,0.0,4800.0,20.44097014794149,1.8034254162682921,27.0
92772,2021-10-05 15:28:43,2021-10-05 16:42:55,LANDINI LANDPOWER135 ,134,Cover crop 36 D,4.2,54072-73,Travaux du sol,3.4633333333333334,74.1,8.883628297557346,6.629380053908355,8.0,9,-6.477732793522267,4800.0,25.58461061118245,2.1013674712106876,21.0
92719,2021-10-05 13:57:25,2021-10-05 15:31:25,LANDINI LANDPOWER135 ,134,Cover crop 36 D,4.2,54072-73,Travaux du sol,4.234166666666667,93.9,12.50959759578484,7.513829787234043,8.0,19,-3.194888178913738,5400.0,25.58461061118245,2.1013674712106876,21.0
92365,2021-10-05 08:47:02,2021-10-05 09:05:08,LANDINI LANDPOWER135 ,134,Cover crop 36 D,4.2,54072-73,Travaux du sol,0.8141666666666667,18.0,2.097420258767919,6.607734806629834,8.0,9,-26.666666666666668,600.0,25.58461061118245,2.1013674712106876,21.0
92193,2021-10-04 15:02:22,2021-10-04 15:46:40,LANDINI LANDPOWER135 ,134,Cover crop 36 D,4.2,54072-73,Travaux du sol,2.06,44.2,5.584134966280195,7.178329571106095,8.0,10,-10.85972850678733,4800.0,25.58461061118245,2.1013674712106876,21.0
92180,2021-10-04 14:45:28,2021-10-04 16:58:46,LANDINI LANDPOWER135 ,134,Cover crop 36 D,4.2,54072-73,Travaux du sol,5.826666666666666,133.2,16.700785507836812,7.117029257314329,8.0,16,-3.6036036036036037,4800.0,25.58461061118245,2.1013674712106876,21.0
92011,2021-10-04 08:45:58,2021-10-04 10:12:04,LANDINI LANDPOWER135 ,134,Cover crop 36 D,4.2,54071-74,Travaux du sol,3.4275,86.0,12.406857071093158,7.673635307781649,8.0,26,0.0,7200.0,25.348884575216356,2.082606674333425,25.0
91931,2021-10-03 13:42:18,2021-10-03 16:51:00,LANDINI LANDPOWER135 ,134,Cover crop 36 D,4.2,54071-74,Travaux du sol,7.093333333333334,188.6,23.112671322644204,6.881293057763646,8.0,17,-2.545068928950159,5400.0,25.348884575216356,2.082606674333425,25.0
91870,2021-10-03 10:28:24,2021-10-03 11:52:54,LANDINI LANDPOWER135 ,134,Cover crop 36 D,4.2,54071-74,Travaux du sol,3.013333333333333,84.4,9.800799762003875,6.4,8.0,13,-5.687203791469194,4800.0,25.348884575216356,2.082606674333425,25.0
91789,2021-10-03 08:18:24,2021-10-03 08:52:12,LANDINI LANDPOWER135 ,134,Cover crop 36 D,4.2,54072-73,Travaux du sol,1.5816666666666666,33.7,3.1741925739906995,5.091715976331361,8.0,12,0.0,6000.0,25.58461061118245,2.1013674712106876,21.0
91517,2021-10-02 08:55:38,2021-10-02 09:49:56,LANDINI LANDPOWER135 ,134,Cover crop 36 D,4.2,54072-73,Travaux du sol,2.0933333333333333,54.2,6.848795117268164,7.116022099447513,8.0,9,0.0,4800.0,25.58461061118245,2.1013674712106876,21.0
91472,2021-10-01 16:05:24,2021-10-01 17:02:24,LANDINI LANDPOWER135 ,134,Cover crop 36 D,4.2,54072-73,Travaux du sol,2.155833333333333,56.9,7.459488504201116,6.812280701754386,8.0,15,-8.43585237258348,6600.0,25.58461061118245,2.1013674712106876,21.0
91468,2021-10-01 15:13:18,2021-10-01 16:28:42,LANDINI LANDPOWER135 ,134,Cover crop 36 D,4.2,54072-73,Travaux du sol,2.923333333333333,75.3,10.811338763887603,7.984084880636605,8.0,10,0.0,4800.0,25.58461061118245,2.1013674712106876,21.0
91466,2021-10-01 14:47:54,2021-10-01 16:02:18,LANDINI LANDPOWER135 ,134,Cover crop 36 D,4.2,54072-73,Travaux du sol,2.82,74.3,10.140401114688146,7.557795698924731,8.0,9,0.0,4800.0,25.58461061118245,2.1013674712106876,21.0
91465,2021-10-01 14:42:36,2021-10-01 15:10:00,LANDINI LANDPOWER135 ,134,Cover crop 36 D,4.2,54072-73,Travaux du sol,0.9666666666666668,27.3,3.5109029159517995,7.105839416058394,8.0,9,-17.582417582417584,1200.0,25.58461061118245,2.1013674712106876,21.0
91409,2021-10-01 11:17:30,2021-10-01 11:51:12,LANDINI LANDPOWER135 ,134,Cover crop 36 D,4.2,54072-73,Travaux du sol,1.1516666666666666,33.6,4.266128729190823,6.86053412462908,8.0,12,-14.285714285714286,6000.0,25.58461061118245,2.1013674712106876,21.0
91386,2021-10-01 11:03:12,2021-10-01 11:51:12,LANDINI LANDPOWER135 ,134,Cover crop 36 D,4.2,54072-73,Travaux du sol,1.6266666666666665,47.9,5.992880723920772,6.8375,8.0,12,-10.020876826722338,6000.0,25.58461061118245,2.1013674712106876,21.0
91357,2021-10-01 10:28:12,2021-10-01 11:01:12,LANDINI LANDPOWER135 ,134,Cover crop 36 D,4.2,54072-73,Travaux du sol,1.1975,32.9,4.243652124708646,7.136363636363637,8.0,9,0.0,4800.0,25.58461061118245,2.1013674712106876,21.0
91339,2021-10-01 10:01:12,2021-10-01 10:19:42,LANDINI LANDPOWER135 ,134,Cover crop 36 D,4.2,54072-73,Travaux du sol,0.7341666666666667,18.4,2.5803534473476124,7.783783783783784,8.0,9,3.260869565217391,5400.0,25.58461061118245,2.1013674712106876,21.0
91291,2021-10-01 09:07:48,2021-10-01 11:10:54,LANDINI LANDPOWER135 ,134,Cover crop 36 D,4.2,54072-73,Travaux du sol,4.960833333333333,123.0,13.397257474042998,5.671811535337124,8.0,16,1.4634146341463414,5400.0,25.58461061118245,2.1013674712106876,21.0
87791,2021-09-19 13:41:52,2021-09-19 18:16:46,LANDINI LANDPOWER135 ,134,STUBBLE PLOW 16D ATMAR,2.4,54052,Travaux du sol,14.285,274.8,31.3969096412245,6.1360494725354675,7.0,20,-1.5283842794759825,4800.0,20.740037090336262,2.063221904569316,32.0
87521,2021-09-18 13:45:58,2021-09-18 18:18:04,LANDINI LANDPOWER135 ,134,STUBBLE PLOW 16D ATMAR,2.4,54052,Travaux du sol,14.955,272.0,34.38662022185071,6.880191106210952,8.0,18,-1.5441176470588236,4800.0,20.740037090336262,2.063221904569316,32.0
87271,2021-09-17 16:21:46,2021-09-17 18:50:58,LANDINI LANDPOWER135 ,134,STUBBLE PLOW 16D ATMAR,2.4,54052,Travaux du sol,8.381833333333333,149.1,19.730308876324603,7.340482573726542,8.0,36,-3.2193158953722336,6000.0,20.740037090336262,2.063221904569316,32.0
87222,2021-09-17 13:51:28,2021-09-17 16:37:10,LANDINI LANDPOWER135 ,134,STUBBLE PLOW 16D ATMAR,2.4,54053,Travaux du sol,9.229333333333336,165.6,21.46141276899824,7.0657815328907665,8.0,11,2.898550724637681,4800.0,18.68545056175988,2.0883436783646396,34.0
86461,2021-09-15 13:22:10,2021-09-15 18:42:40,LANDINI LANDPOWER135 ,134,STUBBLE PLOW 16D ATMAR,2.4,54053,Travaux du sol,13.9475,320.4,37.16246965065527,6.163494539781591,7.0,17,0.0,5400.0,18.68545056175988,2.0883436783646396,34.0
86166,2021-09-14 14:29:40,2021-09-14 18:33:28,LANDINI LANDPOWER135 ,134,STUBBLE PLOW 16D ATMAR,2.4,54053,Travaux du sol,11.173333333333334,243.7,30.340779510070455,6.66735028712059,7.0,18,-1.9696347968814116,4800.0,18.68545056175988,2.0883436783646396,34.0
86097,2021-09-14 13:28:34,2021-09-14 14:20:10,LANDINI LANDPOWER135 ,134,STUBBLE PLOW 16D ATMAR,2.4,54053,Travaux du sol,2.9125,51.5,7.295592202626049,7.071705426356589,7.0,9,-9.320388349514563,1800.0,18.68545056175988,2.0883436783646396,34.0
85914,2021-09-14 10:14:46,2021-09-14 11:21:10,LANDINI LANDPOWER135 ,134,STUBBLE PLOW 16D ATMAR,2.4,54053,Travaux du sol,2.9508333333333336,66.3,9.869721807747291,8.158132530120483,8.0,18,-6.334841628959276,5400.0,18.68545056175988,2.0883436783646396,34.0
85192,2021-09-06 13:15:01,2021-09-06 18:19:49,LANDINI LANDPOWER135 ,134,STUBBLE PLOW 16D ATMAR,2.4,54054,Travaux du sol,13.963166666666666,304.7,36.86431890306175,6.399934383202099,7.0,14,1.5753199868723335,4800.0,6.337663123938189,1.1965487481760684,12.0
85027,2021-09-06 08:53:55,2021-09-06 10:42:13,LANDINI LANDPOWER135 ,134,STUBBLE PLOW 16D ATMAR,2.4,54032,Travaux du sol,4.927500000000001,108.2,9.795227977875653,4.946445060018467,7.0,11,-3.8817005545286505,4800.0,20.36677684653546,1.8184444760630423,17.0
85023,2021-09-06 08:44:00,2021-09-06 11:55:06,JOHN DEERE 6195,195,STUBBLE PLOW 32D QUIVOGNE,3.5,54041,Travaux du sol,12.678,191.0,18.834733672326067,5.445316588173731,7.0,12,0.0,5400.0,20.171059496270342,1.8051875649340077,15.0
84926,2021-09-05 13:30:14,2021-09-05 16:50:38,LANDINI LANDPOWER135 ,134,STUBBLE PLOW 16D ATMAR,2.4,54033,Travaux du sol,8.760166666666668,200.3,22.721747131412094,5.804890219560878,7.0,10,2.096854717923115,4800.0,20.659682760605804,1.820233181899899,15.0
84740,2021-09-04 14:48:33,2021-09-04 19:24:45,LANDINI LANDPOWER135 ,134,STUBBLE PLOW 16D ATMAR,2.4,54033,Travaux du sol,11.399666666666668,276.1,30.67237978069401,6.001086169442433,7.0,10,0.0,4800.0,20.659682760605804,1.820233181899899,15.0
84652,2021-09-04 10:05:33,2021-09-04 11:08:45,LANDINI LANDPOWER135 ,134,STUBBLE PLOW 16D ATMAR,2.4,54033,Travaux du sol,3.067,63.1,7.1264817408507435,5.7484177215189876,7.0,8,0.0,4200.0,20.659682760605804,1.820233181899899,15.0
84585,2021-09-04 08:28:27,2021-09-04 09:46:45,LANDINI LANDPOWER135 ,134,STUBBLE PLOW 16D ATMAR,2.4,54033,Travaux du sol,4.087666666666667,78.2,7.943644958448513,5.08301404853129,7.0,12,0.0,5400.0,20.659682760605804,1.820233181899899,15.0
84578,2021-09-04 08:19:13,2021-09-04 11:51:13,JOHN DEERE 6195,195,STUBBLE PLOW 32D QUIVOGNE,3.5,54071-74,Travaux du sol,14.577833333333334,211.9,24.302529781241653,6.40377358490566,8.0,12,0.0,5400.0,25.348884575216356,2.082606674333425,25.0
84544,2021-09-03 14:54:56,2021-09-03 16:54:14,JOHN DEERE 6195,195,STUBBLE PLOW 32D QUIVOGNE,3.5,54071-74,Travaux du sol,8.394833333333334,119.2,14.547203162933714,6.518860016764459,8.0,14,0.0,4800.0,25.348884575216356,2.082606674333425,25.0
84523,2021-09-03 13:19:32,2021-09-03 16:56:32,LANDINI LANDPOWER135 ,134,STUBBLE PLOW 16D ATMAR,2.4,54033,Travaux du sol,10.830833333333333,216.9,23.283739221471322,5.643778801843318,7.0,18,0.0,5400.0,20.659682760605804,1.820233181899899,15.0
84168,2021-09-01 13:30:30,2021-09-01 16:55:54,LANDINI LANDPOWER135 ,134,STUBBLE PLOW 16D ATMAR,2.4,P54042,Travaux du sol,9.483,205.3,23.843599653489033,6.277020447906524,7.0,10,0.0,6000.0,22.408261456376636,1.8798200849412396,14.0
84067,2021-09-01 08:38:48,2021-09-01 11:54:36,LANDINI LANDPOWER135 ,134,STUBBLE PLOW 16D ATMAR,2.4,P54042,Travaux du sol,9.02,195.7,19.395448986099694,5.372829417773238,7.0,12,0.0,5400.0,22.408261456376636,1.8798200849412396,14.0
81510,2021-08-17 13:20:56,2021-08-17 16:57:50,LANDINI LANDPOWER135 ,134,STUBBLE PLOW 16D ATMAR,2.4,P54042,Travaux du sol,10.4015,216.8,23.309950476129547,5.95850622406639,7.0,12,0.0,6000.0,22.408261456376636,1.8798200849412396,14.0
80838,2021-08-13 08:38:11,2021-08-13 10:13:17,LANDINI LANDPOWER135 ,134,STUBBLE PLOW 16D ATMAR,2.4,54072-73,Travaux du sol,4.194166666666667,95.0,11.524579913312353,6.85068349106204,7.0,9,0.0,4800.0,25.58461061118245,2.1013674712106876,21.0
80662,2021-08-12 10:11:08,2021-08-12 11:05:38,LANDINI LANDPOWER135 ,134,STUBBLE PLOW 16D ATMAR,2.4,54072-73,Travaux du sol,2.4025,54.4,6.633141453897469,6.897247706422019,7.0,9,0.0,4800.0,25.58461061118245,2.1013674712106876,21.0
78814,2021-08-04 09:52:00,2021-08-04 11:35:48,LANDINI LANDPOWER135 ,134,Cover crop 36 D,4.2,P54042,Travaux du sol,4.7716666666666665,103.7,15.20192126641892,8.14932562620424,10.0,13,0.0,6000.0,22.408261456376636,1.8798200849412396,14.0
78068,2021-07-31 14:08:28,2021-07-31 17:07:58,LANDINI LANDPOWER135 ,134,STUBBLE PLOW 16D ATMAR,2.4,P54042,Travaux du sol,9.065666666666669,179.4,21.413368442198056,6.346518105849582,7.0,25,0.0,14400.0,22.408261456376636,1.8798200849412396,14.0
78010,2021-07-31 10:38:10,2021-07-31 11:57:28,LANDINI LANDPOWER135 ,134,STUBBLE PLOW 16D ATMAR,2.4,P54042,Travaux du sol,3.585666666666667,79.2,8.213228474030542,4.976040353089534,7.0,17,0.0,6000.0,22.408261456376636,1.8798200849412396,14.0
74817,2021-07-12 15:14:07,2021-07-12 18:05:13,LANDINI LANDPOWER135 ,134,STUBBLE PLOW 16D ATMAR,2.4,43010,Travaux du sol,8.492333333333333,171.0,16.920953961272446,5.276446522501461,7.0,9,2.807017543859649,4800.0,10.414190905825524,1.4876303827317425,11.0
74642,2021-07-11 16:33:21,2021-07-11 23:18:27,LANDINI LANDPOWER135 ,134,STUBBLE PLOW 16D ATMAR,2.4,43010,Travaux du sol,20.37633333333333,405.0,46.36634218046672,5.949148358430017,7.0,19,0.0,5400.0,10.414190905825524,1.4876303827317425,11.0
74554,2021-07-11 05:49:27,2021-07-11 11:53:21,LANDINI LANDPOWER135 ,134,STUBBLE PLOW 16D ATMAR,2.4,43020,Travaux du sol,18.175833333333337,363.8,41.72078820854076,6.207474580928826,7.0,9,-1.154480483782298,5400.0,12.22276600314259,1.4278384512096758,5.0
74549,2021-07-10 16:20:05,2021-07-10 20:04:53,LANDINI LANDPOWER135 ,134,STUBBLE PLOW 16D ATMAR,2.4,43020,Travaux du sol,12.1075,224.7,17.201466158737933,3.7179715302491103,4.5,9,0.0,4800.0,12.22276600314259,1.4278384512096758,5.0
74446,2021-07-10 08:51:54,2021-07-10 11:27:12,LANDINI LANDPOWER135 ,134,STUBBLE PLOW 16D ATMAR,2.4,43020,Travaux du sol,8.6445,155.2,18.529018990681106,5.655505473277527,7.0,11,0.0,4800.0,12.22276600314259,1.4278384512096758,5.0
74131,2021-07-08 13:19:57,2021-07-08 17:52:15,LANDINI LANDPOWER135 ,134,STUBBLE PLOW 16D ATMAR,2.4,54054,Travaux du sol,13.6075,272.2,36.3392831409861,7.505325009181051,8.0,15,1.5429831006612784,4800.0,6.337663123938189,1.1965487481760684,12.0
74020,2021-07-08 09:48:21,2021-07-08 11:55:39,LANDINI LANDPOWER135 ,134,STUBBLE PLOW 16D ATMAR,2.4,54054,Travaux du sol,6.099166666666667,127.2,17.858972767008705,7.897879025923016,8.0,19,-3.7735849056603774,4800.0,6.337663123938189,1.1965487481760684,12.0
73146,2021-07-05 13:17:03,2021-07-05 14:36:45,LANDINI LANDPOWER135 ,134,STUBBLE PLOW 16D ATMAR,2.4,54021,Travaux du sol,3.505,79.6,10.502531229330268,7.509410288582183,8.0,12,6.030150753768845,5400.0,19.99670728641082,3.956533576780335,45.0
72760,2021-07-03 14:46:26,2021-07-03 18:50:20,LANDINI LANDPOWER135 ,134,STUBBLE PLOW 16D ATMAR,2.4,54021,Travaux du sol,12.413333333333334,243.8,31.266714564574674,7.015990159901599,8.0,12,-1.7227235438884332,4800.0,19.99670728641082,3.956533576780335,45.0
72623,2021-07-03 08:44:56,2021-07-03 11:51:26,LANDINI LANDPOWER135 ,134,STUBBLE PLOW 16D ATMAR,2.4,54081,Travaux du sol,9.491666666666667,186.4,25.5353084621074,7.489544235924933,8.0,17,-2.2532188841201717,6600.0,16.83242863479863,2.2695963014057523,35.0
72537,2021-07-02 13:53:01,2021-07-02 19:30:19,LANDINI LANDPOWER135 ,134,STUBBLE PLOW 16D ATMAR,2.4,54081,Travaux du sol,17.17816666666667,337.2,42.25523475495587,7.033204862140527,8.0,27,0.0,8400.0,16.83242863479863,2.2695963014057523,35.0
72449,2021-07-02 10:15:37,2021-07-02 11:53:01,LANDINI LANDPOWER135 ,134,STUBBLE PLOW 16D ATMAR,2.4,54081,Travaux du sol,4.839333333333334,97.3,12.092066332837103,6.904517453798768,8.0,13,0.0,4800.0,16.83242863479863,2.2695963014057523,35.0
72038,2021-06-30 17:37:59,2021-06-30 18:58:59,LANDINI LANDPOWER135 ,134,STUBBLE PLOW 16D ATMAR,2.4,54082,Travaux du sol,3.9675,80.9,10.594811890497324,7.218518518518518,8.0,9,5.933250927070457,4800.0,8.114241072853327,1.5568072223964255,30.0
71979,2021-06-30 13:35:17,2021-06-30 17:39:41,LANDINI LANDPOWER135 ,134,STUBBLE PLOW 16D ATMAR,2.4,54060,Travaux du sol,11.6285,244.3,31.036889533221515,7.30278232405892,8.0,11,-0.7367990176013098,4800.0,8.899462217171035,1.9080399076668109,13.0
71726,2021-06-29 14:01:53,2021-06-29 19:14:17,LANDINI LANDPOWER135 ,134,STUBBLE PLOW 16D ATMAR,2.4,54060,Travaux du sol,15.11,312.3,40.99122975434815,7.426376440460947,8.0,18,0.0,5400.0,8.899462217171035,1.9080399076668109,13.0
71437,2021-06-28 13:32:56,2021-06-28 15:01:50,LANDINI LANDPOWER135 ,134,STUBBLE PLOW 16D ATMAR,2.4,42010,Travaux du sol,4.939166666666667,88.8,11.643969537437087,5.067491563554555,7.0,12,1.3513513513513513,5400.0,7.573909255198466,1.2447381970574287,5.0
71229,2021-06-28 08:25:59,2021-06-28 11:48:41,LANDINI LANDPOWER135 ,134,STUBBLE PLOW 16D ATMAR,2.4,42010,Travaux du sol,10.185,202.6,25.561251159824188,7.031080414405525,8.0,16,0.0,7200.0,7.573909255198466,1.2447381970574287,5.0
66323,2021-06-14 08:38:27,2021-06-14 08:42:57,LANDINI GLOBALFARM 100 ,93,Pulvérisateur Caruel 2500L,24.0,P54042,Traitements phytosanitaires,0.0436666666666666,4.4,0.45910395318476555,4.133333333333334,5.0,6,-68.18181818181819,1800.0,22.408261456376636,1.8798200849412396,14.0
66318,2021-06-14 08:26:39,2021-06-14 08:36:57,LANDINI GLOBALFARM 100 ,93,Pulvérisateur Caruel 2500L,24.0,54022,Traitements phytosanitaires,0.0963333333333333,10.2,1.2401857790972761,4.446601941747573,5.0,9,11.764705882352942,4800.0,4.4429930312274655,1.078927147117437,16.0
66034,2021-06-13 09:36:21,2021-06-13 09:41:33,LANDINI GLOBALFARM 100 ,93,Pulvérisateur Caruel 2500L,24.0,P54042,Traitements phytosanitaires,0.049,5.1,0.34879262811938955,2.980769230769231,0.0,11,-105.88235294117646,4800.0,22.408261456376636,1.8798200849412396,14.0
65755,2021-06-12 11:14:09,2021-06-12 11:19:33,LANDINI GLOBALFARM 100 ,93,Pulvérisateur Caruel 2500L,24.0,54052,Traitements phytosanitaires,0.0779999999999999,5.3,1.3445518046301395,11.222222222222221,11.5,15,-101.88679245283019,1800.0,20.740037090336262,2.063221904569316,32.0
65736,2021-06-12 10:51:27,2021-06-12 10:55:27,LANDINI GLOBALFARM 100 ,93,Pulvérisateur Caruel 2500L,24.0,54051,Traitements phytosanitaires,0.048,3.9,0.6381738521411752,8.075,10.0,11,-169.23076923076923,6000.0,17.314159391356476,1.928989438513147,14.0
65458,2021-06-11 15:02:09,2021-06-11 15:23:03,LANDINI GLOBALFARM 100 ,93,Pulvérisateur Caruel 2500L,24.0,P54042,Traitements phytosanitaires,0.2523333333333333,20.8,3.99104107848681,10.105263157894736,12.0,18,-40.38461538461539,6600.0,22.408261456376636,1.8798200849412396,14.0
65438,2021-06-11 14:27:09,2021-06-11 14:32:57,LANDINI GLOBALFARM 100 ,93,Pulvérisateur Caruel 2500L,24.0,54013-1,Traitements phytosanitaires,0.0586666666666666,5.7,0.26077175207069375,2.189655172413793,0.0,8,-84.21052631578948,1200.0,10.903211180411896,1.3070963142660552,18.0
65087,2021-06-10 14:52:38,2021-06-10 15:06:02,LANDINI GLOBALFARM 100 ,93,Pulvérisateur Caruel 2500L,24.0,P54042,Traitements phytosanitaires,0.169,13.3,2.234710977453454,7.537313432835821,8.0,19,0.0,4800.0,22.408261456376636,1.8798200849412396,14.0
64851,2021-06-10 09:02:19,2021-06-10 09:10:43,LANDINI GLOBALFARM 100 ,93,Pulvérisateur Caruel 2500L,24.0,54051,Traitements phytosanitaires,0.0745,8.3,1.4840386670657386,7.988095238095238,8.5,10,-57.83132530120482,1800.0,17.314159391356476,1.928989438513147,14.0
64686,2021-06-09 14:35:12,2021-06-09 14:45:42,LANDINI GLOBALFARM 100 ,93,Pulvérisateur Caruel 2500L,24.0,P54042,Traitements phytosanitaires,0.1108333333333333,10.4,2.7323015732335145,13.038095238095238,14.0,18,34.61538461538461,6600.0,22.408261456376636,1.8798200849412396,14.0
64083,2021-06-07 21:22:42,2021-06-07 21:32:48,LANDINI GLOBALFARM 100 ,93,Pulvérisateur Caruel 2500L,24.0,P54042,Traitements phytosanitaires,0.2133333333333333,10.0,3.3443473277339573,16.752475247524753,20.0,26,9.094947017729283e-15,6000.0,22.408261456376636,1.8798200849412396,14.0
63410,2021-06-05 21:21:23,2021-06-05 22:01:53,LANDINI GLOBALFARM 100 ,93,Pulvérisateur Caruel 2500L,24.0,P54042,Traitements phytosanitaires,0.434,40.4,2.1977711806645517,2.6493827160493826,0.0,25,0.0,5400.0,22.408261456376636,1.8798200849412396,14.0
62881,2021-06-04 14:06:27,2021-06-04 14:12:57,LANDINI GLOBALFARM 100 ,93,Pulvérisateur Caruel 2500L,24.0,P54042,Traitements phytosanitaires,0.1386666666666667,6.4,1.5059477167420319,13.307692307692308,14.0,21,-187.5,3000.0,22.408261456376636,1.8798200849412396,14.0
62788,2021-06-04 11:06:27,2021-06-04 11:18:39,LANDINI GLOBALFARM 100 ,93,Pulvérisateur Caruel 2500L,24.0,P54042,Traitements phytosanitaires,0.2605,12.1,2.782545681150573,12.39344262295082,12.0,26,0.0,6600.0,22.408261456376636,1.8798200849412396,14.0
62273,2021-06-02 12:25:57,2021-06-02 12:36:39,LANDINI GLOBALFARM 100 ,93,Pulvérisateur Caruel 2500L,24.0,P54042,Traitements phytosanitaires,0.2131666666666666,10.6,1.7450422680374251,9.186915887850468,10.0,16,-50.943396226415096,3600.0,22.408261456376636,1.8798200849412396,14.0
62199,2021-06-02 10:10:15,2021-06-02 10:26:51,LANDINI GLOBALFARM 100 ,93,Pulvérisateur Caruel 2500L,24.0,P54042,Traitements phytosanitaires,0.1808333333333333,16.5,1.9799846661527774,6.343373493975903,7.5,14,-50.90909090909091,7200.0,22.408261456376636,1.8798200849412396,14.0
61996,2021-06-01 14:12:26,2021-06-01 14:19:38,LANDINI GLOBALFARM 100 ,93,Pulvérisateur Caruel 2500L,24.0,P54042,Traitements phytosanitaires,0.079,7.1,1.5150850734595622,11.125,13.0,14,-109.85915492957747,1800.0,22.408261456376636,1.8798200849412396,14.0
61466,2021-05-25 16:09:48,2021-05-25 16:45:48,LANDINI GLOBALFARM 100 ,93,Pulvérisateur Caruel 2500L,24.0,54041,Traitements phytosanitaires,0.5561666666666667,35.9,4.780054156535202,7.469444444444444,9.0,17,-18.384401114206128,7799.999999999999,20.171059496270342,1.8051875649340077,15.0
61368,2021-05-25 10:35:11,2021-05-25 10:40:23,LANDINI GLOBALFARM 100 ,93,Pulvérisateur Caruel 2500L,24.0,54041,Traitements phytosanitaires,0.0588333333333333,5.1,0.7249766864466605,6.980769230769231,8.0,10,-105.88235294117646,1800.0,20.171059496270342,1.8051875649340077,15.0
61255,2021-05-24 21:49:10,2021-05-24 21:57:40,LANDINI GLOBALFARM 100 ,93,Pulvérisateur Caruel 2500L,24.0,P54042,Traitements phytosanitaires,0.1371666666666667,8.4,2.186146361202842,13.635294117647058,17.0,25,-171.42857142857142,7799.999999999999,22.408261456376636,1.8798200849412396,14.0
61253,2021-05-24 21:05:34,2021-05-24 21:49:34,LANDINI GLOBALFARM 100 ,93,Pulvérisateur Caruel 2500L,24.0,54032,Traitements phytosanitaires,0.823,43.9,7.65804274678965,8.868181818181819,9.0,25,0.0,7799.999999999999,20.36677684653546,1.8184444760630423,17.0
61251,2021-05-24 20:46:22,2021-05-24 20:55:22,LANDINI GLOBALFARM 100 ,93,Pulvérisateur Caruel 2500L,24.0,54043,Traitements phytosanitaires,0.1113333333333333,8.9,0.9906673995530247,5.788888888888889,7.0,12,-53.93258426966292,5400.0,20.44097014794149,1.8034254162682921,27.0
61249,2021-05-24 20:02:34,2021-05-24 20:47:04,LANDINI GLOBALFARM 100 ,93,Pulvérisateur Caruel 2500L,24.0,54032,Traitements phytosanitaires,0.7805000000000001,44.4,6.941300809960399,8.66067415730337,9.0,17,0.0,5400.0,20.36677684653546,1.8184444760630423,17.0
61248,2021-05-24 19:53:16,2021-05-24 20:04:28,LANDINI GLOBALFARM 100 ,93,Pulvérisateur Caruel 2500L,24.0,54033,Traitements phytosanitaires,0.1925,11.1,1.7106053806050907,8.098214285714286,9.0,17,-10.81081081081081,4800.0,20.659682760605804,1.820233181899899,15.0
61245,2021-05-24 18:52:46,2021-05-24 19:35:52,LANDINI GLOBALFARM 100 ,93,Pulvérisateur Caruel 2500L,24.0,54033,Traitements phytosanitaires,0.7003333333333334,43.0,6.030611686558637,7.890951276102088,9.0,10,-12.55813953488372,5400.0,20.659682760605804,1.820233181899899,15.0
61235,2021-05-24 17:48:04,2021-05-24 18:29:22,LANDINI GLOBALFARM 100 ,93,Pulvérisateur Caruel 2500L,24.0,54033,Traitements phytosanitaires,0.621,41.2,4.942049477561116,6.556900726392252,9.0,10,-11.650485436893204,5400.0,20.659682760605804,1.820233181899899,15.0
61231,2021-05-24 17:38:46,2021-05-24 17:48:10,LANDINI GLOBALFARM 100 ,93,Pulvérisateur Caruel 2500L,24.0,54041,Traitements phytosanitaires,0.1191666666666666,9.3,1.2108680002016456,6.76595744680851,9.0,12,-64.51612903225806,5400.0,20.171059496270342,1.8051875649340077,15.0
60355,2021-05-20 20:27:03,2021-05-20 23:12:33,LANDINI GLOBALFARM 100 ,93,Pulvérisateur Caruel 2500L,24.0,54071-74,Traitements phytosanitaires,2.4681666666666664,165.4,18.579032548160153,5.60785498489426,8.0,25,0.0,7799.999999999999,25.348884575216356,2.082606674333425,25.0
59472,2021-05-17 16:46:09,2021-05-17 17:59:57,LANDINI LANDPOWER135 ,134,Cover crop 36 D,4.2,51010,Travaux du sol,4.029166666666666,73.7,13.687897087465581,10.097560975609756,13.0,26,-8.14111261872456,6000.0,13.322548907397353,1.4972061774788776,6.0
59466,2021-05-17 16:16:03,2021-05-17 16:52:45,LANDINI LANDPOWER135 ,134,Cover crop 36 D,4.2,52010,Travaux du sol,1.745,36.6,6.226834161346634,10.253405994550409,12.0,15,-3.278688524590164,6000.0,13.73878402101113,2.0586965673351507,7.0
59460,2021-05-17 15:19:39,2021-05-17 16:20:21,LANDINI LANDPOWER135 ,134,Cover crop 36 D,4.2,51010,Travaux du sol,2.8015,60.6,9.94695858667075,9.58978583196046,11.0,15,8.910891089108912,6000.0,13.322548907397353,1.4972061774788776,6.0
59439,2021-05-17 13:20:52,2021-05-17 14:16:22,LANDINI GLOBALFARM 100 ,93,Epandeur d'engrais Amazone,24.0,54071-74,Fertilisation,0.6233333333333333,55.4,10.985888589983226,8.675675675675675,10.0,21,-9.747292418772563,7200.0,25.348884575216356,2.082606674333425,25.0
59100,2021-05-15 12:09:54,2021-05-15 13:03:12,LANDINI GLOBALFARM 100 ,93,Pulvérisateur Caruel 2500L,24.0,54071-74,Traitements phytosanitaires,1.0133333333333334,53.2,9.008849414176522,8.442776735459661,9.0,25,-11.278195488721805,8400.0,25.348884575216356,2.082606674333425,25.0
59083,2021-05-15 11:23:00,2021-05-15 11:34:00,LANDINI GLOBALFARM 100 ,93,Pulvérisateur Caruel 2500L,24.0,P54042,Traitements phytosanitaires,0.1073333333333333,10.9,1.7960024671332264,7.918181818181818,9.0,12,-44.03669724770642,4800.0,22.408261456376636,1.8798200849412396,14.0
59004,2021-05-15 08:56:12,2021-05-15 09:06:06,LANDINI GLOBALFARM 100 ,93,Pulvérisateur Caruel 2500L,24.0,54051,Traitements phytosanitaires,0.1186666666666666,9.8,1.6202414441240223,7.717171717171717,9.0,17,0.0,7200.0,17.314159391356476,1.928989438513147,14.0
58835,2021-05-14 09:35:44,2021-05-14 11:56:14,LANDINI LANDPOWER135 ,134,Cover crop 36 D,4.2,54052,Travaux du sol,7.093333333333333,140.4,24.637465381659553,9.433451957295373,10.0,17,-3.4188034188034186,7200.0,20.740037090336262,2.063221904569316,32.0
58716,2021-05-12 12:33:50,2021-05-12 13:56:02,LANDINI LANDPOWER135 ,134,Cover crop 36 D,4.2,54052,Travaux du sol,4.025,82.1,14.122523674357117,9.693430656934307,10.0,12,-8.038976857490864,6000.0,20.740037090336262,2.063221904569316,32.0
58415,2021-05-11 12:45:54,2021-05-11 12:55:24,LANDINI GLOBALFARM 100 ,93,Pulvérisateur Caruel 2500L,24.0,54072-73,Traitements phytosanitaires,0.1535,9.4,2.0882992269295655,10.978947368421053,12.0,25,-63.829787234042556,12000.0,25.58461061118245,2.1013674712106876,21.0
58412,2021-05-11 12:40:54,2021-05-11 12:54:30,LANDINI GLOBALFARM 100 ,93,Pulvérisateur Caruel 2500L,24.0,54072-73,Traitements phytosanitaires,0.2135,13.5,2.537104273356025,9.397058823529411,10.0,25,0.0,12000.0,25.58461061118245,2.1013674712106876,21.0
58408,2021-05-11 12:32:00,2021-05-11 12:43:54,LANDINI GLOBALFARM 100 ,93,Pulvérisateur Caruel 2500L,24.0,52010,Traitements phytosanitaires,0.2016666666666666,11.8,1.4312952416533644,6.512605042016807,9.0,11,5.084745762711864,5400.0,13.73878402101113,2.0586965673351507,7.0
58402,2021-05-11 12:15:19,2021-05-11 14:26:43,LANDINI LANDPOWER135 ,134,Cover crop 36 D,4.2,54052,Travaux du sol,5.908333333333334,131.3,19.918820373058857,8.47869101978691,10.0,12,0.0,6600.0,20.740037090336262,2.063221904569316,32.0
58396,2021-05-11 12:02:00,2021-05-11 12:30:30,LANDINI GLOBALFARM 100 ,93,Pulvérisateur Caruel 2500L,24.0,51010,Traitements phytosanitaires,0.5016666666666666,28.4,1.3485942518259455,2.0842105263157893,0.0,11,16.901408450704224,5400.0,13.322548907397353,1.4972061774788776,6.0
58370,2021-05-11 11:18:06,2021-05-11 11:23:48,LANDINI GLOBALFARM 100 ,93,Pulvérisateur Caruel 2500L,24.0,54043,Traitements phytosanitaires,0.0621666666666666,5.6,0.5473223890809628,5.2105263157894735,8.0,11,-85.71428571428571,5400.0,20.44097014794149,1.8034254162682921,27.0
58335,2021-05-11 10:18:24,2021-05-11 10:52:42,LANDINI GLOBALFARM 100 ,93,Pulvérisateur Caruel 2500L,24.0,54043,Traitements phytosanitaires,0.6511666666666668,34.2,5.0209350243945226,8.093294460641399,9.0,11,-15.789473684210526,5400.0,20.44097014794149,1.8034254162682921,27.0
58320,2021-05-11 09:20:30,2021-05-11 09:59:18,LANDINI GLOBALFARM 100 ,93,Pulvérisateur Caruel 2500L,24.0,54043,Traitements phytosanitaires,0.727,38.7,5.213370674376991,7.63659793814433,9.0,10,0.0,5400.0,20.44097014794149,1.8034254162682921,27.0
58214,2021-05-10 12:37:48,2021-05-10 13:16:42,LANDINI GLOBALFARM 100 ,93,Pulvérisateur Caruel 2500L,24.0,54031,Traitements phytosanitaires,0.7115,38.8,6.132773512132119,8.375321336760926,9.0,13,-15.463917525773196,6000.0,21.419937234796492,1.855243766435852,24.0
58195,2021-05-10 11:31:53,2021-05-10 12:43:11,LANDINI LANDPOWER135 ,134,Cover crop 36 D,4.2,54052,Travaux du sol,3.419166666666667,71.2,9.458349354150798,7.723702664796634,10.0,12,-9.269662921348315,6000.0,20.740037090336262,2.063221904569316,32.0
58130,2021-05-10 08:29:10,2021-05-10 12:06:10,LANDINI LANDPOWER135 ,134,Cover crop 36 D,4.2,54051,Travaux du sol,10.3775,216.9,32.16042338087724,8.585714285714285,10.0,12,2.7662517289073305,6600.0,17.314159391356476,1.928989438513147,14.0
57826,2021-05-08 14:15:02,2021-05-08 14:28:08,LANDINI GLOBALFARM 100 ,93,Pulvérisateur Caruel 2500L,24.0,54072-73,Traitements phytosanitaires,0.1771666666666666,13.0,2.3072272587925817,9.213740458015268,8.0,25,-41.53846153846154,7200.0,25.58461061118245,2.1013674712106876,21.0
57820,2021-05-08 13:59:32,2021-05-08 14:08:50,LANDINI GLOBALFARM 100 ,93,Pulvérisateur Caruel 2500L,24.0,54072-73,Traitements phytosanitaires,0.1208333333333333,9.2,1.1846241552201044,6.849462365591398,8.0,9,-6.521739130434782,4800.0,25.58461061118245,2.1013674712106876,21.0
57787,2021-05-08 12:51:20,2021-05-08 13:46:38,LANDINI GLOBALFARM 100 ,93,Pulvérisateur Caruel 2500L,24.0,54033,Traitements phytosanitaires,0.7433333333333335,55.2,8.099936345259461,7.674502712477396,9.0,18,1.0869565217391304,5400.0,20.659682760605804,1.820233181899899,15.0
57476,2021-05-07 12:44:41,2021-05-07 13:34:59,LANDINI GLOBALFARM 100 ,93,Pulvérisateur Caruel 2500L,24.0,54033,Traitements phytosanitaires,0.8355,50.2,8.359004212344288,9.145129224652088,9.0,25,-9.56175298804781,6600.0,20.659682760605804,1.820233181899899,15.0
57469,2021-05-07 12:17:29,2021-05-07 12:44:47,LANDINI GLOBALFARM 100 ,93,Pulvérisateur Caruel 2500L,24.0,P54042,Traitements phytosanitaires,0.4575,27.2,4.1494142704445665,7.644688644688645,9.0,10,0.0,4800.0,22.408261456376636,1.8798200849412396,14.0
57408,2021-05-07 10:16:53,2021-05-07 11:40:23,LANDINI GLOBALFARM 100 ,93,Pulvérisateur Caruel 2500L,24.0,P54042,Traitements phytosanitaires,1.182,83.4,15.174837816197332,9.474251497005987,9.0,25,0.0,9600.0,22.408261456376636,1.8798200849412396,14.0
57161,2021-05-06 09:14:22,2021-05-06 10:26:52,LANDINI GLOBALFARM 100 ,93,Pulvérisateur Caruel 2500L,24.0,54041,Traitements phytosanitaires,1.1373333333333335,72.4,10.65826097907206,8.100689655172413,9.0,14,-6.629834254143646,6600.0,20.171059496270342,1.8051875649340077,15.0
57135,2021-05-06 08:35:02,2021-05-06 15:10:20,LANDINI LANDPOWER135 ,134,Cover crop 36 D,4.2,54031,Travaux du sol,16.82166666666667,395.2,54.12721647916132,7.483936250948647,8.0,11,-1.214574898785425,6000.0,21.419937234796492,1.855243766435852,24.0
56930,2021-05-05 10:48:24,2021-05-05 13:06:06,LANDINI LANDPOWER135 ,134,Cover crop 36 D,4.2,54031,Travaux du sol,6.3475,137.6,21.10863379640283,8.195352214960058,9.0,17,-4.3604651162790695,6600.0,21.419937234796492,1.855243766435852,24.0
56661,2021-05-04 09:13:02,2021-05-04 15:20:38,LANDINI LANDPOWER135 ,134,Cover crop 36 D,4.2,54043,Travaux du sol,17.225833333333334,367.5,58.09670488319878,8.842763873775842,10.0,21,-1.3061224489795917,7200.0,20.44097014794149,1.8034254162682921,27.0
56566,2021-05-03 14:37:23,2021-05-03 14:58:11,LANDINI LANDPOWER135 ,134,Cover crop 36 D,4.2,54031,Travaux du sol,0.9716666666666668,20.7,2.8610404148262805,7.456730769230769,8.0,8,0.0,4800.0,21.419937234796492,1.855243766435852,24.0
56372,2021-05-02 12:40:36,2021-05-02 12:47:54,LANDINI GLOBALFARM 100 ,93,Pulvérisateur Caruel 2500L,24.0,P54042,Traitements phytosanitaires,0.1165,7.2,1.6000274320648034,12.315068493150685,13.0,18,-108.33333333333333,3600.0,22.408261456376636,1.8798200849412396,14.0
56333,2021-05-02 10:28:36,2021-05-02 10:34:06,LANDINI GLOBALFARM 100 ,93,Pulvérisateur Caruel 2500L,24.0,54031,Traitements phytosanitaires,0.0678333333333333,5.4,0.8083423268272999,8.236363636363636,10.0,10,-100.0,2400.0,21.419937234796492,1.855243766435852,24.0
56307,2021-05-02 09:02:24,2021-05-02 10:23:42,LANDINI GLOBALFARM 100 ,93,Pulvérisateur Caruel 2500L,24.0,54032,Traitements phytosanitaires,1.475833333333333,81.2,11.1961102251002,7.3308733087330875,9.0,14,7.389162561576353,7799.999999999999,20.36677684653546,1.8184444760630423,17.0
55523,2021-04-27 10:39:41,2021-04-27 11:34:05,LANDINI GLOBALFARM 100 ,93,Pulvérisateur Caruel 2500L,24.0,54071-74,Traitements phytosanitaires,1.0273333333333334,54.3,9.505383096731817,9.338235294117647,10.0,25,-13.259668508287293,10200.0,25.348884575216356,2.082606674333425,25.0
55496,2021-04-27 09:29:11,2021-04-27 10:18:35,LANDINI GLOBALFARM 100 ,93,Pulvérisateur Caruel 2500L,24.0,54071-74,Traitements phytosanitaires,0.953,49.3,7.3214494317774,8.425101214574898,10.0,25,0.0,9600.0,25.348884575216356,2.082606674333425,25.0
55305,2021-04-26 09:33:30,2021-04-26 12:35:36,LANDINI LANDPOWER135 ,134,Cover crop 36 D,4.2,54032,Travaux du sol,7.823,182.0,26.683561158040508,8.108182317408017,10.0,19,0.0,7200.0,20.36677684653546,1.8184444760630423,17.0
54691,2021-04-23 21:03:22,2021-04-23 22:41:58,LANDINI GLOBALFARM 100 ,93,Pulvérisateur Caruel 2500L,24.0,P54042,Traitements phytosanitaires,1.854,98.5,13.14652249763287,6.821501014198783,8.0,25,-4.2639593908629445,5400.0,22.408261456376636,1.8798200849412396,14.0
54469,2021-04-23 08:41:03,2021-04-23 09:48:21,LANDINI LANDPOWER135 ,134,Cover crop 36 D,4.2,54071-74,Travaux du sol,3.378333333333333,67.2,10.829749588453367,9.260029717682022,10.0,11,-7.142857142857143,3600.0,25.348884575216356,2.082606674333425,25.0
54315,2021-04-22 23:02:04,2021-04-22 23:46:46,LANDINI GLOBALFARM 100 ,93,Pulvérisateur Caruel 2500L,24.0,54072-73,Traitements phytosanitaires,0.9215,44.6,6.918214370717411,8.436241610738255,9.0,25,-12.10762331838565,7200.0,25.58461061118245,2.1013674712106876,21.0
54314,2021-04-22 22:52:46,2021-04-22 23:44:10,LANDINI GLOBALFARM 100 ,93,Pulvérisateur Caruel 2500L,24.0,54072-73,Traitements phytosanitaires,1.0031666666666668,51.3,7.418082172517552,7.821011673151751,9.0,25,0.0,7200.0,25.58461061118245,2.1013674712106876,21.0
54312,2021-04-22 22:35:40,2021-04-22 22:47:28,LANDINI GLOBALFARM 100 ,93,Pulvérisateur Caruel 2500L,24.0,54071-74,Traitements phytosanitaires,0.1666666666666667,11.7,1.1752890595845868,5.372881355932203,0.0,17,-82.05128205128206,6600.0,25.348884575216356,2.082606674333425,25.0
54311,2021-04-22 22:19:04,2021-04-22 22:36:10,LANDINI GLOBALFARM 100 ,93,Pulvérisateur Caruel 2500L,24.0,54072-73,Traitements phytosanitaires,0.2341666666666667,17.0,1.2038187377112946,3.6432748538011697,0.0,17,10.588235294117647,6600.0,25.58461061118245,2.1013674712106876,21.0
54307,2021-04-22 21:55:52,2021-04-22 22:06:52,LANDINI GLOBALFARM 100 ,93,Pulvérisateur Caruel 2500L,24.0,54072-73,Traitements phytosanitaires,0.2516666666666666,10.9,1.5476721815977925,7.909090909090909,9.0,10,-22.01834862385321,5400.0,25.58461061118245,2.1013674712106876,21.0
54306,2021-04-22 21:50:28,2021-04-22 21:59:28,LANDINI GLOBALFARM 100 ,93,Pulvérisateur Caruel 2500L,24.0,54072-73,Traitements phytosanitaires,0.2091666666666666,8.9,1.2710425533610565,7.7444444444444445,9.0,9,-26.96629213483146,5400.0,25.58461061118245,2.1013674712106876,21.0
54305,2021-04-22 21:44:52,2021-04-22 21:54:52,LANDINI GLOBALFARM 100 ,93,Pulvérisateur Caruel 2500L,24.0,54072-73,Traitements phytosanitaires,0.2541666666666667,9.9,1.5670519728195158,8.6,9.0,9,0.0,1800.0,25.58461061118245,2.1013674712106876,21.0
54304,2021-04-22 20:44:40,2021-04-22 21:18:46,LANDINI GLOBALFARM 100 ,93,Pulvérisateur Caruel 2500L,24.0,54072-73,Traitements phytosanitaires,0.4733333333333333,34.0,2.733595015301682,4.102639296187683,0.0,22,15.882352941176471,6000.0,25.58461061118245,2.1013674712106876,21.0
54245,2021-04-22 12:02:24,2021-04-22 14:31:30,LANDINI LANDPOWER135 ,134,Cover crop 36 D,4.2,54071-74,Travaux du sol,8.163333333333334,149.0,25.697991682909716,9.790073775989269,10.0,20,0.0,7200.0,25.348884575216356,2.082606674333425,25.0
54163,2021-04-22 09:51:06,2021-04-22 10:18:54,LANDINI LANDPOWER135 ,134,Cover crop 36 D,4.2,54071-74,Travaux du sol,1.3725,27.7,4.7549488799643855,9.758992805755396,10.0,11,-17.32851985559567,3600.0,25.348884575216356,2.082606674333425,25.0
54098,2021-04-22 07:54:12,2021-04-22 09:03:30,LANDINI LANDPOWER135 ,134,Cover crop 36 D,4.2,54071-74,Travaux du sol,3.2753333333333337,69.2,6.681807257447986,5.43001443001443,9.0,15,0.0,6000.0,25.348884575216356,2.082606674333425,25.0
53979,2021-04-21 12:16:24,2021-04-21 12:59:48,LANDINI LANDPOWER135 ,134,Cover crop 36 D,4.2,54052,Travaux du sol,2.1866666666666665,43.3,6.907442494129493,9.278801843317972,10.0,11,-12.471131639722863,5400.0,20.740037090336262,2.063221904569316,32.0
53778,2021-04-21 07:59:06,2021-04-21 12:36:06,LANDINI LANDPOWER135 ,134,Cover crop 36 D,4.2,54053,Travaux du sol,13.900833333333336,276.9,42.577759993580926,8.818050541516245,10.0,18,2.1668472372697725,6000.0,18.68545056175988,2.0883436783646396,34.0
53368,2021-04-20 08:17:16,2021-04-20 15:19:46,LANDINI LANDPOWER135 ,134,Cover crop 36 D,4.2,54071-74,Travaux du sol,19.34916666666667,422.4,61.274288672892915,8.070532544378699,10.0,13,1.1363636363636365,6000.0,25.348884575216356,2.082606674333425,25.0
51967,2021-04-13 13:09:42,2021-04-13 17:31:24,LANDINI LANDPOWER135 ,134,Cover crop 36 D,4.2,54054,Travaux du sol,13.363666666666663,261.6,39.84134278963763,8.496752006113871,10.0,19,0.0,6000.0,6.337663123938189,1.1965487481760684,12.0
51782,2021-04-13 09:29:58,2021-04-13 11:56:16,JOHN DEERE 6195,195,STUBBLE PLOW 32D QUIVOGNE,3.5,54053,Travaux du sol,9.148333333333332,146.2,20.699991255126427,8.077238550922761,9.0,16,-3.6935704514363885,7200.0,18.68545056175988,2.0883436783646396,34.0
51649,2021-04-12 17:20:36,2021-04-12 18:12:48,LANDINI LANDPOWER135 ,134,Cover crop 36 D,4.2,54031,Travaux du sol,1.97,52.1,7.706210601443265,7.921455938697318,8.0,18,-9.213051823416507,6600.0,21.419937234796492,1.855243766435852,24.0
51628,2021-04-12 16:38:06,2021-04-12 17:22:06,LANDINI LANDPOWER135 ,134,Cover crop 36 D,4.2,54051,Travaux du sol,1.7203333333333335,43.9,5.5235437805326075,7.127272727272727,8.0,13,-5.466970387243736,4800.0,17.314159391356476,1.928989438513147,14.0
51553,2021-04-12 14:07:50,2021-04-12 16:42:44,JOHN DEERE 6195,195,STUBBLE PLOW 32D QUIVOGNE,3.5,54052,Travaux du sol,9.775833333333336,154.8,21.97208620486246,8.085216268560362,10.0,20,4.263565891472868,9000.0,20.740037090336262,2.063221904569316,32.0
51528,2021-04-12 12:36:06,2021-04-12 13:53:48,LANDINI LANDPOWER135 ,134,Cover crop 36 D,4.2,52010,Travaux du sol,3.6341666666666654,77.6,7.930674986553602,5.719433719433719,7.0,13,0.0,7200.0,13.73878402101113,2.0586965673351507,7.0
51497,2021-04-12 10:20:14,2021-04-12 10:43:26,LANDINI GLOBALFARM 100 ,93,Epandeur d'engrais Amazone,24.0,52010,Fertilisation,0.4133333333333334,23.1,4.45276602092075,10.517241379310345,13.0,25,20.77922077922078,7799.999999999999,13.73878402101113,2.0586965673351507,7.0
51212,2021-04-11 13:15:33,2021-04-11 16:55:51,LANDINI LANDPOWER135 ,134,Cover crop 36 D,4.2,54051,Travaux du sol,9.401666666666667,220.2,31.31281315580538,7.8978665456196095,9.0,12,-0.8174386920980926,5400.0,17.314159391356476,1.928989438513147,14.0
51122,2021-04-11 10:04:17,2021-04-11 11:22:11,LANDINI GLOBALFARM 100 ,93,Pulvérisateur Caruel 2500L,24.0,43010,Traitements phytosanitaires,1.238,77.8,11.082003447542673,7.278562259306804,9.0,21,-6.169665809768637,6000.0,10.414190905825524,1.4876303827317425,11.0
51041,2021-04-11 08:31:16,2021-04-11 11:01:40,JOHN DEERE 6195,195,STUBBLE PLOW 32D QUIVOGNE,3.5,54053,Travaux du sol,9.206,150.3,20.7564139224012,7.9075797872340425,10.0,16,0.0,6600.0,18.68545056175988,2.0883436783646396,34.0
50809,2021-04-10 13:31:41,2021-04-10 16:55:53,JOHN DEERE 6195,195,STUBBLE PLOW 32D QUIVOGNE,3.5,54053,Travaux du sol,14.8955,204.1,32.43359080882095,8.970617042115572,11.0,24,-3.2337089661930425,7799.999999999999,18.68545056175988,2.0883436783646396,34.0
50807,2021-04-10 13:29:51,2021-04-10 16:13:57,LANDINI LANDPOWER135 ,134,STUBBLE PLOW 16D ATMAR,2.4,54051,Travaux du sol,6.098166666666667,164.0,13.854817701696307,3.7355271176112126,0.0,11,2.926829268292683,5400.0,17.314159391356476,1.928989438513147,14.0
50727,2021-04-10 11:45:47,2021-04-10 12:31:47,LANDINI GLOBALFARM 100 ,93,Pulvérisateur Caruel 2500L,24.0,54033,Traitements phytosanitaires,0.9243333333333336,45.9,6.730776559947289,8.147826086956522,10.0,12,0.0,6000.0,20.659682760605804,1.820233181899899,15.0
50510,2021-04-10 08:19:57,2021-04-10 11:51:09,LANDINI LANDPOWER135 ,134,STUBBLE PLOW 16D ATMAR,2.4,54051,Travaux du sol,9.3045,211.1,27.45747001398824,7.221117424242424,8.0,17,0.0,5400.0,17.314159391356476,1.928989438513147,14.0
50425,2021-04-09 16:49:29,2021-04-09 16:56:23,LANDINI GLOBALFARM 100 ,93,Pulvérisateur Caruel 2500L,24.0,54041,Traitements phytosanitaires,0.0766666666666666,6.8,0.870980494091801,6.72463768115942,9.0,11,-88.23529411764706,3000.0,20.171059496270342,1.8051875649340077,15.0
50406,2021-04-09 16:35:05,2021-04-09 18:45:47,LANDINI LANDPOWER135 ,134,STUBBLE PLOW 16D ATMAR,2.4,54051,Travaux du sol,5.4775,130.6,15.872599429046062,6.4070390206579955,7.0,10,0.0,4800.0,17.314159391356476,1.928989438513147,14.0
50307,2021-04-09 14:22:04,2021-04-09 14:30:46,LANDINI GLOBALFARM 100 ,93,Pulvérisateur Caruel 2500L,24.0,54071-74,Traitements phytosanitaires,0.0816666666666666,8.6,0.7763540216670607,4.471264367816092,6.0,9,-55.81395348837209,1200.0,25.348884575216356,2.082606674333425,25.0
50288,2021-04-09 13:52:06,2021-04-09 16:12:36,JOHN DEERE 6195,195,STUBBLE PLOW 32D QUIVOGNE,3.5,54053,Travaux du sol,10.8225,140.4,21.433491778986934,8.559430604982206,11.0,13,-1.2820512820512822,7200.0,18.68545056175988,2.0883436783646396,34.0
49950,2021-04-08 18:07:34,2021-04-08 18:17:28,LANDINI GLOBALFARM 100 ,93,Pulvérisateur Caruel 2500L,24.0,54041,Traitements phytosanitaires,0.0928333333333333,9.8,0.9817397814662003,1.6666666666666667,0.0,12,-67.34693877551021,600.0,20.171059496270342,1.8051875649340077,15.0
49840,2021-04-08 14:22:52,2021-04-08 14:30:34,LANDINI GLOBALFARM 100 ,93,Pulvérisateur Caruel 2500L,24.0,51020,Traitements phytosanitaires,0.0966666666666666,7.6,1.549558351653327,10.571428571428571,11.0,25,-78.94736842105263,6600.0,13.32505489088971,1.5221771664242667,5.0
49727,2021-04-08 12:13:22,2021-04-08 12:20:52,LANDINI GLOBALFARM 100 ,93,Pulvérisateur Caruel 2500L,24.0,P54042,Traitements phytosanitaires,0.0818333333333333,7.4,1.479971521763049,10.413333333333334,11.0,25,-97.29729729729729,4200.0,22.408261456376636,1.8798200849412396,14.0
49718,2021-04-08 11:57:04,2021-04-08 12:15:58,LANDINI GLOBALFARM 100 ,93,Pulvérisateur Caruel 2500L,24.0,54012,Traitements phytosanitaires,0.2616666666666666,18.8,3.3346295793245155,8.994708994708995,9.0,16,-3.1914893617021276,5400.0,10.491036836772334,1.4749568432072648,7.0
49710,2021-04-08 11:43:33,2021-04-08 11:54:03,LANDINI GLOBALFARM 100 ,93,Pulvérisateur Caruel 2500L,24.0,54012,Traitements phytosanitaires,0.165,10.4,1.2905878393682417,6.552380952380952,9.0,10,46.15384615384615,4800.0,10.491036836772334,1.4749568432072648,7.0
49678,2021-04-08 11:19:03,2021-04-08 11:44:09,LANDINI GLOBALFARM 100 ,93,Pulvérisateur Caruel 2500L,24.0,54013-1,Traitements phytosanitaires,0.3741666666666666,25.0,3.0466529878293307,6.6414342629482075,8.0,9,0.0,4800.0,10.903211180411896,1.3070963142660552,18.0
49625,2021-04-08 10:26:27,2021-04-08 10:39:09,LANDINI GLOBALFARM 100 ,93,Pulvérisateur Caruel 2500L,24.0,54012,Traitements phytosanitaires,0.1256666666666666,12.6,2.2714001569640243,8.803149606299213,10.0,12,-38.095238095238095,4800.0,10.491036836772334,1.4749568432072648,7.0
49599,2021-04-08 10:04:57,2021-04-08 10:23:33,LANDINI GLOBALFARM 100 ,93,Pulvérisateur Caruel 2500L,24.0,54012,Traitements phytosanitaires,0.315,18.5,2.835630652181823,8.440860215053764,9.0,10,-29.18918918918919,5400.0,10.491036836772334,1.4749568432072648,7.0
49555,2021-04-08 09:17:45,2021-04-08 09:36:15,LANDINI GLOBALFARM 100 ,93,Pulvérisateur Caruel 2500L,24.0,54043,Traitements phytosanitaires,0.2158333333333333,18.4,2.074025389359249,5.47027027027027,6.0,13,0.0,6600.0,20.44097014794149,1.8034254162682921,27.0
49510,2021-04-08 08:23:44,2021-04-08 11:54:14,JOHN DEERE 6195,195,STUBBLE PLOW 32D QUIVOGNE,3.5,54032,Travaux du sol,14.176333333333332,210.4,31.493488031639775,8.610926365795725,11.0,23,0.0,9000.0,20.36677684653546,1.8184444760630423,17.0
49411,2021-04-07 17:16:26,2021-04-07 18:41:32,LANDINI LANDPOWER135 ,134,Cover crop 36 D,4.2,51010,Travaux du sol,4.192833333333333,85.0,11.926483855358292,8.238542890716804,10.0,17,-6.352941176470588,7200.0,13.322548907397353,1.4972061774788776,6.0
49316,2021-04-07 14:52:02,2021-04-07 16:47:56,LANDINI LANDPOWER135 ,134,Cover crop 36 D,4.2,52010,Travaux du sol,6.534166666666667,115.8,17.8537311154586,9.015530629853322,10.0,13,1.0362694300518134,6600.0,13.73878402101113,2.0586965673351507,7.0
49298,2021-04-07 14:38:15,2021-04-07 15:29:09,LANDINI GLOBALFARM 100 ,93,Pulvérisateur Caruel 2500L,24.0,52010,Traitements phytosanitaires,0.7891666666666665,50.8,8.880128231038512,9.538310412573674,12.0,26,-16.53543307086614,15599.999999999998,13.73878402101113,2.0586965673351507,7.0
49183,2021-04-07 13:01:23,2021-04-07 16:47:35,JOHN DEERE 6195,195,STUBBLE PLOW 32D QUIVOGNE,3.5,54032,Travaux du sol,14.4565,226.1,32.438374584119586,8.236516357206012,11.0,24,0.0,7200.0,20.36677684653546,1.8184444760630423,17.0
48973,2021-04-07 09:45:59,2021-04-07 12:03:05,JOHN DEERE 6195,195,STUBBLE PLOW 32D QUIVOGNE,3.5,54032,Travaux du sol,8.574833333333334,137.0,18.577331809931387,7.643326039387309,10.0,29,-4.817518248175182,6600.0,20.36677684653546,1.8184444760630423,17.0
48889,2021-04-07 08:47:01,2021-04-07 11:54:07,LANDINI LANDPOWER135 ,134,Cover crop 36 D,4.2,51010,Travaux du sol,9.410333333333334,187.0,29.646071196451473,9.162479957242116,10.0,15,0.0,6600.0,13.322548907397353,1.4972061774788776,6.0
48592,2021-04-06 13:25:18,2021-04-06 15:38:12,LANDINI LANDPOWER135 ,134,Cover crop 36 D,4.2,52010,Travaux du sol,6.6975,132.8,20.75612196826879,9.020316027088036,10.0,19,4.518072289156627,6000.0,13.73878402101113,2.0586965673351507,7.0
48490,2021-04-06 11:54:45,2021-04-06 12:24:39,LANDINI GLOBALFARM 100 ,93,Pulvérisateur Caruel 2500L,24.0,54072-73,Traitements phytosanitaires,0.6241666666666668,29.8,4.79566647933337,9.117056856187292,10.0,11,-20.13422818791946,2400.0,25.58461061118245,2.1013674712106876,21.0
48480,2021-04-06 11:38:33,2021-04-06 12:31:09,LANDINI GLOBALFARM 100 ,93,Pulvérisateur Caruel 2500L,24.0,54072-73,Traitements phytosanitaires,0.968,52.5,7.204497526312909,7.5893536121673,10.0,26,-11.428571428571429,8400.0,25.58461061118245,2.1013674712106876,21.0
48465,2021-04-06 11:24:45,2021-04-06 11:39:03,LANDINI GLOBALFARM 100 ,93,Pulvérisateur Caruel 2500L,24.0,54072-73,Traitements phytosanitaires,0.2516666666666667,14.2,1.7002288193608237,6.265734265734266,9.0,11,0.0,5400.0,25.58461061118245,2.1013674712106876,21.0
48429,2021-04-06 10:33:35,2021-04-06 11:58:17,JOHN DEERE 6195,195,STUBBLE PLOW 32D QUIVOGNE,3.5,54043,Travaux du sol,5.814,84.6,12.552744067604776,8.446280991735538,11.0,14,-7.801418439716312,6600.0,20.44097014794149,1.8034254162682921,27.0
48414,2021-04-06 10:10:12,2021-04-06 11:58:18,LANDINI LANDPOWER135 ,134,Cover crop 36 D,4.2,52010,Travaux du sol,5.746666666666666,108.0,18.277607793305535,9.998149861239593,10.0,16,0.0,6600.0,13.73878402101113,2.0586965673351507,7.0
48396,2021-04-06 09:49:27,2021-04-06 10:56:27,LANDINI GLOBALFARM 100 ,93,Pulvérisateur Caruel 2500L,24.0,54072-73,Traitements phytosanitaires,1.2311666666666667,66.9,7.704612122247713,6.380597014925373,9.5,11,0.0,6000.0,25.58461061118245,2.1013674712106876,21.0
48348,2021-04-06 08:46:17,2021-04-06 10:01:47,JOHN DEERE 6195,195,STUBBLE PLOW 32D QUIVOGNE,3.5,54043,Travaux du sol,4.536666666666666,75.4,9.783213232305425,7.149668874172185,10.0,18,0.0,7799.999999999999,20.44097014794149,1.8034254162682921,27.0
48282,2021-04-05 18:59:21,2021-04-05 19:14:27,LANDINI GLOBALFARM 100 ,93,Epandeur d'engrais Amazone,24.0,54072-73,Fertilisation,0.3241666666666666,15.0,3.8249450412443995,14.973509933774835,17.0,19,-16.0,10200.0,25.58461061118245,2.1013674712106876,21.0
48279,2021-04-05 18:39:15,2021-04-05 18:55:39,LANDINI GLOBALFARM 100 ,93,Epandeur d'engrais Amazone,24.0,54072-73,Fertilisation,0.3608333333333333,16.3,4.353112509594546,15.524390243902438,17.0,18,-22.085889570552148,10200.0,25.58461061118245,2.1013674712106876,21.0
48249,2021-04-05 17:20:33,2021-04-05 18:58:33,LANDINI LANDPOWER135 ,134,Cover crop 36 D,4.2,52010,Travaux du sol,4.560833333333333,97.9,14.035132820111226,8.26734693877551,10.0,14,0.0,6000.0,13.73878402101113,2.0586965673351507,7.0
48132,2021-04-05 13:38:25,2021-04-05 16:55:31,LANDINI LANDPOWER135 ,134,Cover crop 36 D,4.2,52010,Travaux du sol,8.585833333333332,197.0,29.511474773148333,8.336884830035515,10.0,15,0.0,6600.0,13.73878402101113,2.0586965673351507,7.0
48130,2021-04-05 13:35:57,2021-04-05 15:28:27,LANDINI GLOBALFARM 100 ,93,SEMOIR MONOSEM ,3.6,54033,Semis,2.1646666666666663,112.4,8.711174791142778,3.8168888888888888,0.0,18,0.0,7799.999999999999,20.659682760605804,1.820233181899899,15.0
48023,2021-04-05 11:38:37,2021-04-05 11:59:07,LANDINI LANDPOWER135 ,134,Cover crop 36 D,4.2,52010,Travaux du sol,1.0366666666666666,20.4,3.4516102058879747,9.478048780487805,10.0,19,-29.41176470588235,5400.0,13.73878402101113,2.0586965673351507,7.0
47868,2021-04-05 09:13:33,2021-04-05 11:33:45,LANDINI GLOBALFARM 100 ,93,SEMOIR MONOSEM ,3.6,54033,Semis,2.530666666666667,140.1,5.928414156593016,1.898002853067047,0.0,17,0.0,7200.0,20.659682760605804,1.820233181899899,15.0
47751,2021-04-04 16:58:22,2021-04-04 18:51:28,LANDINI LANDPOWER135 ,134,Cover crop 36 D,4.2,51020,Travaux du sol,4.604166666666666,113.0,17.79790484599882,8.888594164456233,10.0,15,-4.778761061946903,7200.0,13.32505489088971,1.5221771664242667,5.0
47488,2021-04-04 08:39:10,2021-04-04 11:57:40,LANDINI LANDPOWER135 ,134,Cover crop 36 D,4.2,54033,Travaux du sol,9.840666666666667,198.4,30.284825370857444,8.672544080604535,10.0,19,0.0,6600.0,20.659682760605804,1.820233181899899,15.0
47261,2021-04-03 13:09:33,2021-04-03 15:37:03,LANDINI LANDPOWER135 ,134,Cover crop 36 D,4.2,54033,Travaux du sol,6.814,147.4,18.12761059507357,6.5769491525423724,10.0,18,3.2564450474898234,6000.0,20.659682760605804,1.820233181899899,15.0
47009,2021-04-03 08:40:50,2021-04-03 09:24:32,LANDINI LANDPOWER135 ,134,Cover crop 36 D,4.2,51020,Travaux du sol,2.263,43.6,7.30475707020589,9.556064073226544,10.0,11,-13.761467889908257,4800.0,13.32505489088971,1.5221771664242667,5.0
46990,2021-04-03 08:15:27,2021-04-03 11:47:57,JOHN DEERE 6195,195,STUBBLE PLOW 32D QUIVOGNE,3.5,54033,Travaux du sol,12.7655,212.4,28.943577197056,7.72,10.0,16,0.0,7200.0,20.659682760605804,1.820233181899899,15.0
46769,2021-04-02 13:55:17,2021-04-02 16:53:59,JOHN DEERE 6195,195,STUBBLE PLOW 32D QUIVOGNE,3.5,54033,Travaux du sol,13.370333333333331,178.6,30.21401594734273,9.567431449356464,11.0,20,0.0,7200.0,20.659682760605804,1.820233181899899,15.0
46742,2021-04-02 13:07:18,2021-04-02 14:32:00,LANDINI LANDPOWER135 ,134,Cover crop 36 D,4.2,P54042,Travaux du sol,4.236666666666666,84.6,13.4702874329492,8.878394332939788,10.0,12,5.673758865248227,5400.0,22.408261456376636,1.8798200849412396,14.0
46116,2021-04-01 10:46:19,2021-04-01 12:11:55,LANDINI GLOBALFARM 100 ,93,Epandeur d'engrais Amazone,24.0,P54042,Fertilisation,1.5863333333333332,85.5,15.779063817343243,9.80841121495327,13.0,25,-3.1912094799050114e-15,13200.0,22.408261456376636,1.8798200849412396,14.0
46030,2021-04-01 09:18:15,2021-04-01 09:45:03,LANDINI LANDPOWER135 ,134,Cover crop 36 D,4.2,51020,Travaux du sol,1.2458333333333331,26.7,3.655259590392309,7.7835820895522385,8.0,9,-2.247191011235955,2400.0,13.32505489088971,1.5221771664242667,5.0
46003,2021-04-01 08:53:05,2021-04-01 11:53:35,JOHN DEERE 6195,195,STUBBLE PLOW 32D QUIVOGNE,3.5,54032,Travaux du sol,12.566833333333332,180.4,27.474902171050406,8.449861495844875,10.0,24,0.0,6600.0,20.36677684653546,1.8184444760630423,17.0
45905,2021-03-31 18:30:21,2021-03-31 19:00:57,LANDINI LANDPOWER135 ,134,Cover crop 36 D,4.2,51010,Travaux du sol,1.2108333333333334,30.5,2.8574077432920943,4.444444444444445,7.0,10,-15.737704918032787,4800.0,13.322548907397353,1.4972061774788776,6.0
45865,2021-03-31 17:03:15,2021-03-31 17:24:45,LANDINI LANDPOWER135 ,134,Cover crop 36 D,4.2,51020,Travaux du sol,1.0908333333333335,21.4,3.086412122669108,7.897674418604651,8.0,9,0.0,4200.0,13.32505489088971,1.5221771664242667,5.0
45743,2021-03-31 14:06:50,2021-03-31 14:32:26,LANDINI LANDPOWER135 ,134,Cover crop 36 D,4.2,51010,Travaux du sol,1.1958333333333333,25.5,3.4396176266727063,7.59375,8.0,9,0.0,4800.0,13.322548907397353,1.4972061774788776,6.0
45712,2021-03-31 13:16:24,2021-03-31 16:46:54,JOHN DEERE 6195,195,STUBBLE PLOW 32D QUIVOGNE,3.5,54032,Travaux du sol,14.526,210.4,30.3501468892044,8.015676959619952,10.0,17,0.0,6600.0,20.36677684653546,1.8184444760630423,17.0
45492,2021-03-31 08:58:50,2021-03-31 11:06:32,LANDINI LANDPOWER135 ,134,Cover crop 36 D,4.2,54072-73,Travaux du sol,6.683333333333334,127.6,20.456639905094274,8.868441660140956,10.0,11,-4.702194357366771,5400.0,25.58461061118245,2.1013674712106876,21.0
45462,2021-03-31 08:30:56,2021-03-31 08:53:02,LANDINI LANDPOWER135 ,134,Cover crop 36 D,4.2,54072-73,Travaux du sol,1.2091666666666665,22.0,3.4690908913462266,8.701357466063348,10.0,11,-24.545454545454547,6000.0,25.58461061118245,2.1013674712106876,21.0
45460,2021-03-31 08:28:24,2021-03-31 09:24:54,JOHN DEERE 6195,195,STUBBLE PLOW 32D QUIVOGNE,3.5,54032,Travaux du sol,3.5508333333333333,56.4,7.819712955479232,7.815929203539823,9.0,22,11.702127659574469,7200.0,20.36677684653546,1.8184444760630423,17.0
45449,2021-03-31 08:13:44,2021-03-31 11:10:08,LANDINI LANDPOWER135 ,134,Cover crop 36 D,4.2,54072-73,Travaux du sol,9.272833333333336,176.3,26.671464676803044,8.306122448979592,10.0,11,2.38230289279637,6000.0,25.58461061118245,2.1013674712106876,21.0
45359,2021-03-30 17:15:53,2021-03-30 18:41:05,LANDINI LANDPOWER135 ,134,Cover crop 36 D,4.2,54072-73,Travaux du sol,4.13,85.1,15.18873074828204,9.92018779342723,10.0,12,-7.050528789659224,6000.0,25.58461061118245,2.1013674712106876,21.0
45358,2021-03-30 17:13:17,2021-03-30 18:45:59,LANDINI LANDPOWER135 ,134,Cover crop 36 D,4.2,54072-73,Travaux du sol,4.3795,92.6,16.369245413941517,9.609492988133765,10.0,12,0.0,6000.0,25.58461061118245,2.1013674712106876,21.0
45290,2021-03-30 15:21:58,2021-03-30 16:53:28,JOHN DEERE 6195,195,STUBBLE PLOW 32D QUIVOGNE,3.5,54051,Travaux du sol,7.3655,91.4,13.422805004764905,8.137704918032787,9.0,22,-6.564551422319475,6600.0,17.314159391356476,1.928989438513147,14.0
45198,2021-03-30 13:08:16,2021-03-30 15:48:52,JOHN DEERE 6195,195,STUBBLE PLOW 32D QUIVOGNE,3.5,54052,Travaux du sol,11.78,160.5,20.668073302447368,7.116438356164384,8.0,22,3.364485981308411,6600.0,20.740037090336262,2.063221904569316,32.0
44965,2021-03-30 08:35:47,2021-03-30 11:48:35,LANDINI LANDPOWER135 ,134,Cover crop 36 D,4.2,54072-73,Travaux du sol,9.650833333333336,192.7,29.958249811287132,8.741701244813278,10.0,12,-3.113648157758173,6000.0,25.58461061118245,2.1013674712106876,21.0
44865,2021-03-29 17:38:15,2021-03-29 18:04:21,LANDINI LANDPOWER135 ,134,Cover crop 36 D,4.2,54072-73,Travaux du sol,1.3216666666666668,26.0,4.674203565901356,10.291187739463602,10.0,12,-2.3076923076923075,1800.0,25.58461061118245,2.1013674712106876,21.0
44858,2021-03-29 17:16:15,2021-03-29 17:32:21,LANDINI LANDPOWER135 ,134,Cover crop 36 D,4.2,54072-73,Travaux du sol,0.7441666666666666,16.0,2.124136104362375,7.459627329192546,10.0,11,-37.5,600.0,25.58461061118245,2.1013674712106876,21.0
44856,2021-03-29 17:10:45,2021-03-29 17:30:09,LANDINI LANDPOWER135 ,134,Cover crop 36 D,4.2,54072-73,Travaux du sol,0.9625,19.3,3.1100539834660994,9.036082474226804,10.0,11,-31.088082901554404,600.0,25.58461061118245,2.1013674712106876,21.0
44768,2021-03-29 14:22:27,2021-03-29 17:11:27,LANDINI LANDPOWER135 ,134,Cover crop 36 D,4.2,54072-73,Travaux du sol,9.194166666666668,168.9,29.329704456145343,9.722485207100592,10.0,13,3.907637655417407,5400.0,25.58461061118245,2.1013674712106876,21.0
44739,2021-03-29 13:19:45,2021-03-29 13:46:39,LANDINI LANDPOWER135 ,134,Cover crop 36 D,4.2,54072-73,Travaux du sol,1.3625,26.8,4.616494198140439,9.732342007434944,10.0,11,-22.388059701492537,1200.0,25.58461061118245,2.1013674712106876,21.0
44737,2021-03-29 13:17:09,2021-03-29 13:33:57,LANDINI LANDPOWER135 ,134,Cover crop 36 D,4.2,54072-73,Travaux du sol,0.86,16.7,2.93611718126505,9.988095238095237,10.0,11,7.18562874251497,1200.0,25.58461061118245,2.1013674712106876,21.0
44666,2021-03-29 11:15:15,2021-03-29 12:03:33,LANDINI LANDPOWER135 ,134,Cover crop 36 D,4.2,54072-73,Travaux du sol,2.35,48.2,8.358103137942951,9.747412008281573,10.0,15,-12.448132780082988,5400.0,25.58461061118245,2.1013674712106876,21.0
44622,2021-03-29 10:15:39,2021-03-29 10:54:27,LANDINI LANDPOWER135 ,134,Cover crop 36 D,4.2,54072-73,Travaux du sol,1.9675,38.7,6.693598084142059,9.75257731958763,10.0,11,1.550387596899225,5400.0,25.58461061118245,2.1013674712106876,21.0
44454,2021-03-25 14:21:47,2021-03-25 14:54:05,LANDINI LANDPOWER135 ,134,Cover crop 36 D,4.2,54072-73,Travaux du sol,1.3308333333333335,32.2,4.5191875742026495,8.006191950464396,8.0,9,0.0,600.0,25.58461061118245,2.1013674712106876,21.0
44446,2021-03-25 13:50:53,2021-03-25 14:25:29,LANDINI LANDPOWER135 ,134,Cover crop 36 D,4.2,54072-73,Travaux du sol,1.3433333333333335,34.5,4.569052240626747,7.421965317919075,8.0,9,0.0,4800.0,25.58461061118245,2.1013674712106876,21.0
44434,2021-03-25 13:34:35,2021-03-25 13:55:47,LANDINI LANDPOWER135 ,134,Cover crop 36 D,4.2,54072-73,Travaux du sol,0.9341666666666664,21.1,3.0356106947628034,8.05188679245283,8.0,9,0.0,1200.0,25.58461061118245,2.1013674712106876,21.0
44348,2021-03-25 10:43:17,2021-03-25 12:00:17,LANDINI LANDPOWER135 ,134,Cover crop 36 D,4.2,54072-73,Travaux du sol,3.195833333333333,76.9,10.020148326174606,7.294805194805194,8.0,21,-6.24187256176853,4800.0,25.58461061118245,2.1013674712106876,21.0
44298,2021-03-25 09:35:11,2021-03-25 10:24:53,LANDINI LANDPOWER135 ,134,Cover crop 36 D,4.2,54072-73,Travaux du sol,2.0541666666666667,49.6,6.904566466006363,7.941649899396379,8.0,10,0.0,1200.0,25.58461061118245,2.1013674712106876,21.0
44294,2021-03-25 09:32:41,2021-03-25 10:31:05,LANDINI LANDPOWER135 ,134,Cover crop 36 D,4.2,54072-73,Travaux du sol,2.425833333333333,58.3,8.134107760136052,7.941780821917808,8.0,10,1.0291595197255574,1200.0,25.58461061118245,2.1013674712106876,21.0
44195,2021-03-24 17:34:53,2021-03-24 18:51:05,LANDINI LANDPOWER135 ,134,Cover crop 36 D,4.2,54072-73,Travaux du sol,3.5108333333333337,76.1,10.794998063399882,8.027559055118111,8.0,10,-1.5768725361366622,600.0,25.58461061118245,2.1013674712106876,21.0
43461,2021-03-22 16:48:43,2021-03-22 17:37:01,LANDINI GLOBALFARM 100 ,93,Pulvérisateur Caruel 2500L,24.0,54021,Traitements phytosanitaires,0.8333333333333335,48.2,7.235582318763387,8.507246376811594,9.0,17,-12.448132780082988,7200.0,19.99670728641082,3.956533576780335,45.0
43438,2021-03-22 16:06:43,2021-03-22 16:18:49,LANDINI GLOBALFARM 100 ,93,Pulvérisateur Caruel 2500L,24.0,P54042,Traitements phytosanitaires,0.1958333333333333,12.0,2.0053069670633894,8.834710743801653,9.0,17,-40.0,4800.0,22.408261456376636,1.8798200849412396,14.0
43385,2021-03-22 14:20:01,2021-03-22 15:41:49,LANDINI GLOBALFARM 100 ,93,Pulvérisateur Caruel 2500L,24.0,54021,Traitements phytosanitaires,1.265,81.7,9.937831746917869,6.624694376528117,9.0,17,8.078335373317014,6000.0,19.99670728641082,3.956533576780335,45.0
42768,2021-03-19 17:21:23,2021-03-19 18:50:05,LANDINI GLOBALFARM 100 ,93,Pulvérisateur Caruel 2500L,24.0,41010-20,Traitements phytosanitaires,1.4505,88.6,13.098158214992521,8.084554678692221,9.0,23,0.0,7799.999999999999,18.332514389599936,1.8256690997223544,5.0
42732,2021-03-19 16:29:59,2021-03-19 16:53:59,LANDINI GLOBALFARM 100 ,93,Pulvérisateur Caruel 2500L,24.0,41010-20,Traitements phytosanitaires,0.3456666666666666,23.9,4.838065865922863,9.775,9.0,26,-20.0836820083682,6600.0,18.332514389599936,1.8256690997223544,5.0
41732,2021-03-16 14:34:43,2021-03-16 18:54:01,LANDINI LANDPOWER135 ,134,STUBBLE PLOW 16D ATMAR,2.4,54071-74,Travaux du sol,12.975,259.2,29.147904607274953,6.109525645969919,7.0,16,-1.6203703703703705,4800.0,25.348884575216356,2.082606674333425,25.0
41715,2021-03-16 13:51:31,2021-03-16 14:30:25,LANDINI LANDPOWER135 ,134,STUBBLE PLOW 16D ATMAR,2.4,54071-74,Travaux du sol,2.1125,38.8,4.662364303334026,6.820051413881748,8.0,9,-12.371134020618557,1200.0,25.348884575216356,2.082606674333425,25.0
41520,2021-03-16 08:27:31,2021-03-16 12:02:19,LANDINI LANDPOWER135 ,134,STUBBLE PLOW 16D ATMAR,2.4,54071-74,Travaux du sol,10.560333333333334,214.7,22.416288527115125,5.291433891992551,7.0,18,0.0,7200.0,25.348884575216356,2.082606674333425,25.0
41207,2021-03-15 08:20:54,2021-03-15 12:06:24,LANDINI LANDPOWER135 ,134,STUBBLE PLOW 16D ATMAR,2.4,54071-74,Travaux du sol,9.907166666666669,225.4,18.291230912891738,4.33259423503326,7.0,17,0.0,4800.0,25.348884575216356,2.082606674333425,25.0
41161,2021-03-14 14:33:06,2021-03-14 18:58:42,LANDINI LANDPOWER135 ,134,STUBBLE PLOW 16D ATMAR,2.4,54071-74,Travaux du sol,11.763,265.5,16.89580108417398,3.1618975903614457,0.5,11,0.0,5400.0,25.348884575216356,2.082606674333425,25.0
40976,2021-03-13 15:46:28,2021-03-13 16:38:10,LANDINI GLOBALFARM 100 ,93,Pulvérisateur Caruel 2500L,24.0,54021,Traitements phytosanitaires,0.882,51.6,7.89860356466513,8.41779497098646,9.0,25,-1.7625866313428842e-15,8400.0,19.99670728641082,3.956533576780335,45.0
40910,2021-03-13 14:01:52,2021-03-13 15:16:58,LANDINI GLOBALFARM 100 ,93,Pulvérisateur Caruel 2500L,24.0,54021,Traitements phytosanitaires,1.1838333333333333,75.0,10.26499211746427,7.399467376830892,9.0,13,0.0,5400.0,19.99670728641082,3.956533576780335,45.0
39286,2021-03-05 15:06:43,2021-03-05 16:48:07,LANDINI GLOBALFARM 100 ,93,Pulvérisateur Caruel 2500L,24.0,46010,Traitements phytosanitaires,1.5475,101.3,13.16881248219176,6.743589743589744,8.0,25,0.0,6600.0,11.271101178162139,1.4775289918843013,5.0
39077,2021-03-04 17:31:01,2021-03-04 17:31:25,LANDINI GLOBALFARM 100 ,93,Pulvérisateur Caruel 2500L,24.0,42020,Traitements phytosanitaires,0.0073333333333333,0.3,0.0,0.0,0.0,0,0.0,0.0,20.36677684653546,1.8798200849412396,15.5
39057,2021-03-04 15:46:55,2021-03-04 16:50:19,LANDINI GLOBALFARM 100 ,93,Pulvérisateur Caruel 2500L,24.0,42010,Traitements phytosanitaires,0.8495,63.3,6.764496469043431,5.197160883280757,4.0,25,-8.530805687203792,5400.0,7.573909255198466,1.2447381970574287,5.0
38922,2021-03-04 11:11:31,2021-03-04 11:44:43,LANDINI GLOBALFARM 100 ,93,Pulvérisateur Caruel 2500L,24.0,46010,Traitements phytosanitaires,0.5373333333333332,33.1,6.366457958796536,10.153614457831326,10.0,25,-16.31419939577039,7200.0,11.271101178162139,1.4775289918843013,5.0
36679,2021-02-20 16:27:13,2021-02-20 16:56:31,LANDINI GLOBALFARM 100 ,93,Pulvérisateur Caruel 2500L,24.0,54081,Traitements phytosanitaires,0.5833333333333333,29.2,4.477646344680016,8.238907849829351,9.0,16,-14.383561643835616,4800.0,16.83242863479863,2.2695963014057523,35.0
36598,2021-02-20 14:19:55,2021-02-20 14:43:13,LANDINI GLOBALFARM 100 ,93,Pulvérisateur Caruel 2500L,24.0,54054,Traitements phytosanitaires,0.4433333333333333,23.2,3.16497398842776,7.618025751072961,9.0,10,23.275862068965516,5400.0,6.337663123938189,1.1965487481760684,12.0
33068,2021-02-02 14:10:56,2021-02-02 14:19:44,LANDINI GLOBALFARM 100 ,93,Pulvérisateur Caruel 2500L,24.0,41010-20,Traitements phytosanitaires,0.1363333333333333,8.7,2.2121360757778143,9.772727272727273,9.5,24,-82.75862068965517,5400.0,18.332514389599936,1.8256690997223544,5.0
32810,2021-02-01 16:06:37,2021-02-01 16:19:13,LANDINI GLOBALFARM 100 ,93,Pulvérisateur Caruel 2500L,24.0,54032,Traitements phytosanitaires,0.2016666666666667,12.5,2.358945843584306,9.103174603174603,11.0,16,-48.0,6600.0,20.36677684653546,1.8184444760630423,17.0
32731,2021-02-01 14:02:19,2021-02-01 14:55:37,LANDINI GLOBALFARM 100 ,93,Pulvérisateur Caruel 2500L,24.0,54032,Traitements phytosanitaires,1.0941666666666667,53.2,9.443754480139082,8.142589118198874,9.0,24,0.0,9600.0,20.36677684653546,1.8184444760630423,17.0
31237,2021-01-26 14:50:28,2021-01-26 15:23:34,LANDINI GLOBALFARM 100 ,93,Epandeur d'engrais Amazone,24.0,43020,Fertilisation,0.6715,33.0,6.790453466455732,11.03323262839879,12.0,17,-23.63636363636364,9000.0,12.22276600314259,1.4278384512096758,5.0
29181,2021-01-19 17:07:40,2021-01-19 17:36:16,LANDINI GLOBALFARM 100 ,93,Pulvérisateur Caruel 2500L,24.0,54012,Traitements phytosanitaires,0.5931666666666665,28.5,4.990522349315272,7.653846153846154,9.0,15,-18.94736842105263,8400.0,10.491036836772334,1.4749568432072648,7.0
29160,2021-01-19 15:46:46,2021-01-19 16:15:34,LANDINI GLOBALFARM 100 ,93,Pulvérisateur Caruel 2500L,24.0,54013-1,Traitements phytosanitaires,0.7008333333333333,28.7,4.9276028709521205,7.430555555555555,9.0,12,18.81533101045296,7200.0,10.903211180411896,1.3070963142660552,18.0
29088,2021-01-19 14:22:10,2021-01-19 15:28:34,LANDINI GLOBALFARM 100 ,93,Pulvérisateur Caruel 2500L,24.0,54013-2,Traitements phytosanitaires,1.4878333333333336,66.3,10.366538478834633,7.759036144578313,9.0,16,-8.144796380090497,6600.0,6.071300987482032,1.3025174743738652,34.0
28975,2021-01-19 11:11:46,2021-01-19 11:34:10,LANDINI GLOBALFARM 100 ,93,Pulvérisateur Caruel 2500L,24.0,54021,Traitements phytosanitaires,0.4158333333333334,22.3,2.8836097274088037,5.928571428571429,8.0,12,-24.2152466367713,6000.0,19.99670728641082,3.956533576780335,45.0
28842,2021-01-18 17:45:22,2021-01-18 17:56:52,LANDINI GLOBALFARM 100 ,93,Pulvérisateur Caruel 2500L,24.0,54021,Traitements phytosanitaires,0.2191666666666666,11.4,2.408559212141072,7.582608695652174,8.0,15,0.0,4800.0,19.99670728641082,3.956533576780335,45.0
28668,2021-01-18 11:47:32,2021-01-18 12:07:38,LANDINI GLOBALFARM 100 ,93,Pulvérisateur Caruel 2500L,24.0,54081,Traitements phytosanitaires,0.385,20.0,2.9892976151982715,6.562189054726368,8.0,20,-27.0,7200.0,16.83242863479863,2.2695963014057523,35.0
28400,2021-01-17 13:40:26,2021-01-17 13:40:50,LANDINI GLOBALFARM 100 ,93,Pulvérisateur Caruel 2500L,24.0,42010,Traitements phytosanitaires,0.0061666666666666,0.3,0.0,0.0,0.0,0,0.0,0.0,7.573909255198466,1.2447381970574287,5.0
