Temps,Latitude,Longitude,Vitesse,Consommation (ml)
2021-11-08 10:32:20,34.3415641784668,-5.945535182952881,12,12.5
2021-11-08 10:32:26,34.34160614013672,-5.945328235626221,12,17.5
2021-11-08 10:32:32,34.341644287109375,-5.945126056671143,11,25.833333333333336
2021-11-08 10:32:38,34.34168243408203,-5.94491720199585,12,33.333333333333336
2021-11-08 10:32:44,34.34172058105469,-5.944715023040772,11,37.5
2021-11-08 10:32:50,34.34175491333008,-5.944508075714111,11,44.16666666666666
2021-11-08 10:32:56,34.341793060302734,-5.944305896759033,11,50.833333333333336
2021-11-08 10:33:02,34.34183120727539,-5.944091796875,12,57.5
2021-11-08 10:33:08,34.34186935424805,-5.943878173828125,12,65.83333333333333
2021-11-08 10:33:14,34.34189987182617,-5.943663120269775,12,69.16666666666666
2021-11-08 10:33:20,34.34193420410156,-5.943448066711426,12,74.99999999999999
2021-11-08 10:33:26,34.34196472167969,-5.9432477951049805,11,79.16666666666666
2021-11-08 10:33:32,34.34199523925781,-5.943076133728027,8,83.33333333333333
2021-11-08 10:33:38,34.34210205078125,-5.943089962005615,8,87.5
2021-11-08 10:33:44,34.342002868652344,-5.943163871765137,10,91.66666666666669
2021-11-08 10:33:50,34.34189987182617,-5.9430999755859375,9,95.83333333333334
2021-11-08 10:33:56,34.34198760986328,-5.943039894104004,8,98.33333333333334
2021-11-08 10:34:02,34.3420295715332,-5.943112850189209,6,105.0
2021-11-08 10:34:08,34.342037200927734,-5.943127155303955,1,110.0
2021-11-08 10:34:14,34.342037200927734,-5.943123817443848,0,114.16666666666669
2021-11-08 10:34:20,34.342037200927734,-5.943123817443848,0,117.5
2021-11-08 10:34:26,34.34199142456055,-5.94313907623291,8,122.5
2021-11-08 10:34:32,34.341983795166016,-5.943356037139893,10,130.83333333333334
2021-11-08 10:34:38,34.34196472167969,-5.943562984466553,10,135.0
2021-11-08 10:34:44,34.34193420410156,-5.943775177001953,11,141.66666666666666
2021-11-08 10:34:50,34.34189987182617,-5.9439802169799805,11,145.0
2021-11-08 10:34:56,34.34186172485352,-5.944172859191895,11,150.83333333333334
2021-11-08 10:35:02,34.34183120727539,-5.944386005401611,11,155.0
2021-11-08 10:35:08,34.341796875,-5.944605827331543,11,163.33333333333334
2021-11-08 10:35:14,34.341766357421875,-5.944828987121582,11,170.0
2021-11-08 10:35:20,34.341739654541016,-5.94505500793457,12,176.66666666666669
2021-11-08 10:35:26,34.341697692871094,-5.945250988006592,11,180.00000000000003
2021-11-08 10:35:32,34.3416633605957,-5.94545316696167,11,186.66666666666669
2021-11-08 10:35:38,34.34162902832031,-5.945658206939697,11,190.83333333333331
2021-11-08 10:35:44,34.341590881347656,-5.94586181640625,11,198.33333333333331
2021-11-08 10:35:50,34.341556549072266,-5.946063995361328,11,203.33333333333331
2021-11-08 10:35:56,34.341522216796875,-5.946269989013672,11,210.83333333333331
2021-11-08 10:36:02,34.34149169921875,-5.946474075317383,11,216.66666666666669
2021-11-08 10:36:08,34.34145736694336,-5.94667911529541,11,220.83333333333331
2021-11-08 10:36:14,34.34142303466797,-5.946883201599121,11,226.66666666666669
2021-11-08 10:36:20,34.341392517089844,-5.947091102600098,11,230.00000000000003
2021-11-08 10:36:26,34.34135818481445,-5.947297096252441,12,237.50000000000003
2021-11-08 10:36:32,34.34132385253906,-5.947500228881836,10,243.33333333333337
2021-11-08 10:36:38,34.34128189086914,-5.947699069976807,11,249.1666666666667
2021-11-08 10:36:44,34.341243743896484,-5.947904109954834,12,255.83333333333337
2021-11-08 10:36:50,34.34120559692383,-5.948103904724121,11,259.1666666666667
2021-11-08 10:36:56,34.34116744995117,-5.948299884796143,11,265.0
2021-11-08 10:37:02,34.34112930297852,-5.948501110076904,11,270.8333333333333
2021-11-08 10:37:08,34.341033935546875,-5.948583126068115,7,275.0
2021-11-08 10:37:14,34.341060638427734,-5.948444843292236,10,280.0
2021-11-08 10:37:20,34.34117126464844,-5.948535919189453,10,285.8333333333333
2021-11-08 10:37:26,34.3410758972168,-5.948585033416748,9,290.8333333333333
2021-11-08 10:37:32,34.34107971191406,-5.948393821716309,11,297.5
2021-11-08 10:37:38,34.34111022949219,-5.94820499420166,11,303.3333333333333
2021-11-08 10:37:44,34.34114074707031,-5.9480061531066895,11,310.0
2021-11-08 10:37:50,34.34117889404297,-5.947804927825928,11,313.3333333333333
2021-11-08 10:37:56,34.34121322631836,-5.947597980499268,11,320.0
2021-11-08 10:38:02,34.341251373291016,-5.9473958015441895,11,325.8333333333333
2021-11-08 10:38:08,34.34128189086914,-5.947188854217529,11,330.0
2021-11-08 10:38:14,34.34131622314453,-5.9469828605651855,11,336.6666666666667
2021-11-08 10:38:20,34.34135055541992,-5.946781158447266,11,342.5
2021-11-08 10:38:26,34.34138107299805,-5.946571826934815,11,345.8333333333333
2021-11-08 10:38:32,34.34141159057617,-5.946365833282471,11,352.5
2021-11-08 10:38:38,34.34144973754883,-5.946165084838867,11,358.3333333333333
2021-11-08 10:38:44,34.34148406982422,-5.945961952209473,11,363.3333333333333
2021-11-08 10:38:50,34.34151840209961,-5.9457550048828125,12,369.1666666666666
2021-11-08 10:38:56,34.341548919677734,-5.9455389976501465,11,375.8333333333333
2021-11-08 10:39:02,34.341583251953125,-5.945329189300537,11,380.8333333333333
2021-11-08 10:39:08,34.34161758422852,-5.945119857788086,11,385.8333333333333
2021-11-08 10:39:14,34.341651916503906,-5.944911956787109,11,390.8333333333333
2021-11-08 10:39:20,34.34168243408203,-5.944708824157715,11,397.5
2021-11-08 10:39:26,34.34171676635742,-5.944502830505371,11,402.5
2021-11-08 10:39:32,34.34175491333008,-5.944296836853027,11,409.1666666666667
2021-11-08 10:39:38,34.341796875,-5.944088935852051,11,414.1666666666667
2021-11-08 10:39:44,34.341835021972656,-5.943881988525391,11,419.1666666666667
2021-11-08 10:39:50,34.34187316894531,-5.943673133850098,12,425.0
2021-11-08 10:39:56,34.3419075012207,-5.943460941314697,11,430.8333333333333
2021-11-08 10:40:02,34.34193801879883,-5.9432549476623535,11,436.6666666666666
2021-11-08 10:40:08,34.34197235107422,-5.943068981170654,10,440.8333333333333
2021-11-08 10:40:14,34.342063903808594,-5.943129062652588,9,445.8333333333333
2021-11-08 10:40:20,34.34202194213867,-5.943306922912598,11,450.0
2021-11-08 10:40:26,34.34199905395508,-5.943513870239258,12,455.0
2021-11-08 10:40:32,34.34196090698242,-5.943717002868652,11,461.6666666666667
2021-11-08 10:40:38,34.34192657470703,-5.943926811218262,11,467.5
2021-11-08 10:40:44,34.341880798339844,-5.944129943847656,11,474.1666666666667
2021-11-08 10:40:50,34.34184265136719,-5.94434118270874,11,477.5
2021-11-08 10:40:56,34.34181213378906,-5.944561004638672,12,483.33333333333337
2021-11-08 10:41:02,34.34177780151367,-5.944773197174072,11,491.6666666666667
2021-11-08 10:41:08,34.341739654541016,-5.944983959197998,11,497.5
2021-11-08 10:41:14,34.34170913696289,-5.945191860198975,11,504.1666666666667
2021-11-08 10:41:20,34.3416748046875,-5.945406913757324,12,508.33333333333337
2021-11-08 10:41:26,34.341644287109375,-5.945621967315674,11,514.1666666666667
2021-11-08 10:41:32,34.341609954833984,-5.945831775665283,11,520.8333333333334
2021-11-08 10:41:38,34.34157180786133,-5.946035861968994,11,527.5
2021-11-08 10:41:44,34.34153366088867,-5.946245193481445,11,531.6666666666667
2021-11-08 10:41:50,34.34149932861328,-5.946454048156738,11,535.8333333333334
2021-11-08 10:41:56,34.341461181640625,-5.946660995483398,11,543.3333333333334
2021-11-08 10:42:02,34.3414192199707,-5.946867942810059,11,549.1666666666667
2021-11-08 10:42:08,34.34138870239258,-5.947083950042725,11,555.0000000000001
2021-11-08 10:42:14,34.34135437011719,-5.947300910949707,12,562.5000000000001
2021-11-08 10:42:20,34.3413200378418,-5.9475178718566895,12,568.3333333333335
2021-11-08 10:42:26,34.34128189086914,-5.947733879089356,11,571.6666666666669
2021-11-08 10:42:32,34.341243743896484,-5.947941780090332,11,579.1666666666667
2021-11-08 10:42:38,34.341209411621094,-5.948141098022461,11,585.0000000000001
2021-11-08 10:42:44,34.3411750793457,-5.948351860046387,12,591.6666666666667
2021-11-08 10:42:50,34.34113693237305,-5.948561191558838,10,595.8333333333334
2021-11-08 10:42:56,34.34103012084961,-5.948514938354492,11,600.0
2021-11-08 10:43:02,34.341060638427734,-5.948314189910889,11,606.6666666666666
2021-11-08 10:43:08,34.34109115600586,-5.94811487197876,10,610.0
2021-11-08 10:43:14,34.341121673583984,-5.9479169845581055,11,615.0
2021-11-08 10:43:20,34.341156005859375,-5.947713851928711,11,620.8333333333334
2021-11-08 10:43:26,34.34119415283203,-5.947506904602051,11,627.5
2021-11-08 10:43:32,34.34122467041016,-5.947295188903809,12,633.3333333333334
2021-11-08 10:43:38,34.34126281738281,-5.947082996368408,12,636.6666666666667
2021-11-08 10:43:44,34.3412971496582,-5.946867942810059,12,643.3333333333334
2021-11-08 10:43:50,34.341331481933594,-5.946657180786133,11,647.5
2021-11-08 10:43:56,34.341365814208984,-5.946444988250732,11,653.3333333333334
2021-11-08 10:44:02,34.34140396118164,-5.946237087249756,11,660.0
2021-11-08 10:44:08,34.34143829345703,-5.946026802062988,11,663.3333333333334
2021-11-08 10:44:14,34.34147644042969,-5.945819854736328,11,670.8333333333334
2021-11-08 10:44:20,34.34151077270508,-5.945610046386719,11,675.0
2021-11-08 10:44:26,34.34153366088867,-5.945432186126709,11,680.0
2021-11-08 10:44:32,34.341575622558594,-5.945230007171631,11,687.5
2021-11-08 10:44:38,34.34160614013672,-5.945021152496338,11,693.3333333333334
2021-11-08 10:44:44,34.34164810180664,-5.944779872894287,11,698.3333333333334
2021-11-08 10:44:50,34.3416862487793,-5.944578170776367,11,705.0
2021-11-08 10:44:56,34.34172439575195,-5.94437313079834,11,710.8333333333333
2021-11-08 10:45:02,34.34175491333008,-5.944198131561279,11,716.6666666666667
2021-11-08 10:45:08,34.341793060302734,-5.9439849853515625,12,720.8333333333334
2021-11-08 10:45:14,34.34183120727539,-5.943741798400879,12,727.5
2021-11-08 10:45:20,34.34186553955078,-5.9435319900512695,11,733.3333333333334
2021-11-08 10:45:26,34.341896057128906,-5.94331693649292,11,738.3333333333334
2021-11-08 10:45:32,34.3419189453125,-5.943118095397949,10,744.1666666666667
2021-11-08 10:45:38,34.342037200927734,-5.943049907684326,9,748.3333333333334
2021-11-08 10:45:44,34.34205627441406,-5.943244934082031,11,751.6666666666666
2021-11-08 10:45:50,34.34203338623047,-5.943450927734375,11,757.5
2021-11-08 10:45:56,34.34200668334961,-5.943662166595459,11,763.3333333333333
2021-11-08 10:46:02,34.34197235107422,-5.943871974945068,11,769.1666666666665
2021-11-08 10:46:08,34.341941833496094,-5.944077968597412,11,773.3333333333333
2021-11-08 10:46:14,34.34191131591797,-5.944250106811523,11,776.6666666666665
2021-11-08 10:46:20,34.34186553955078,-5.944485187530518,11,784.9999999999999
2021-11-08 10:46:26,34.341835021972656,-5.944657802581787,11,790.8333333333333
2021-11-08 10:46:32,34.341796875,-5.944861888885498,11,795.8333333333334
2021-11-08 10:46:38,34.34176254272461,-5.945106983184815,11,801.6666666666667
2021-11-08 10:46:44,34.34172439575195,-5.945314884185791,11,808.3333333333334
2021-11-08 10:46:50,34.34169006347656,-5.9454851150512695,11,813.3333333333334
2021-11-08 10:46:56,34.34165573120117,-5.9456868171691895,11,819.1666666666667
2021-11-08 10:47:02,34.34162521362305,-5.945892810821533,11,825.8333333333334
2021-11-08 10:47:08,34.341583251953125,-5.946098804473877,11,829.1666666666667
2021-11-08 10:47:14,34.34153747558594,-5.9463791847229,11,835.8333333333334
2021-11-08 10:47:20,34.34150314331055,-5.94658899307251,11,843.3333333333334
2021-11-08 10:47:26,34.34146881103516,-5.946797847747803,11,845.8333333333334
2021-11-08 10:47:32,34.341434478759766,-5.947010040283203,11,853.3333333333334
2021-11-08 10:47:38,34.341400146484375,-5.947218894958496,11,858.3333333333334
2021-11-08 10:47:44,34.34136199951172,-5.947423934936523,11,864.1666666666667
2021-11-08 10:47:50,34.34132385253906,-5.9476318359375,11,870.0
2021-11-08 10:47:56,34.341285705566406,-5.947841167449951,11,874.1666666666667
2021-11-08 10:48:02,34.341251373291016,-5.948010921478272,11,879.1666666666667
2021-11-08 10:48:08,34.34122085571289,-5.948222160339356,11,885.0
2021-11-08 10:48:14,34.3411750793457,-5.948451995849609,10,890.0
2021-11-08 10:48:20,34.34112930297852,-5.948588848114014,9,894.1666666666667
2021-11-08 10:48:26,34.34099578857422,-5.948524951934815,10,899.1666666666667
2021-11-08 10:48:32,34.341026306152344,-5.948297023773193,11,902.5
2021-11-08 10:48:38,34.3410530090332,-5.948138236999512,11,906.6666666666669
2021-11-08 10:48:44,34.34109115600586,-5.9479079246521,11,910.8333333333334
2021-11-08 10:48:50,34.34111785888672,-5.947744846343994,10,916.6666666666669
2021-11-08 10:48:56,34.34115982055664,-5.947543144226074,11,921.6666666666669
2021-11-08 10:49:02,34.34119415283203,-5.947298049926758,11,926.6666666666669
2021-11-08 10:49:08,34.34122085571289,-5.9471211433410645,11,930.8333333333334
2021-11-08 10:49:14,34.34125900268555,-5.94691801071167,11,937.5
2021-11-08 10:49:20,34.34129333496094,-5.9467058181762695,11,943.3333333333334
2021-11-08 10:49:26,34.34132766723633,-5.946498870849609,12,947.5
2021-11-08 10:49:32,34.34136199951172,-5.946293830871582,12,953.3333333333336
2021-11-08 10:49:38,34.34140396118164,-5.946088790893555,11,959.1666666666669
2021-11-08 10:49:44,34.34143829345703,-5.945880889892578,11,965.0
2021-11-08 10:49:50,34.34147262573242,-5.945670127868652,11,970.0
2021-11-08 10:49:56,34.34150695800781,-5.945457935333252,12,974.1666666666669
2021-11-08 10:50:02,34.34154510498047,-5.945248126983643,11,981.6666666666669
2021-11-08 10:50:08,34.341583251953125,-5.945034980773926,11,987.5
2021-11-08 10:50:14,34.34160232543945,-5.944925785064697,11,995.8333333333334
2021-11-08 10:50:20,34.34165954589844,-5.944571018218994,11,999.1666666666669
2021-11-08 10:50:26,34.34170150756836,-5.944357872009277,11,1005.8333333333334
2021-11-08 10:50:32,34.34173583984375,-5.944139003753662,12,1012.5
2021-11-08 10:50:38,34.341773986816406,-5.943926811218262,11,1018.3333333333336
2021-11-08 10:50:44,34.3418083190918,-5.943710803985596,11,1023.3333333333336
2021-11-08 10:50:50,34.34184646606445,-5.943503856658936,11,1028.3333333333337
2021-11-08 10:50:56,34.34187698364258,-5.943296909332275,11,1035.0
2021-11-08 10:51:02,34.34189224243164,-5.943096160888672,9,1040.8333333333337
2021-11-08 10:51:08,34.34202194213867,-5.943014144897461,9,1043.3333333333337
2021-11-08 10:51:14,34.34210205078125,-5.943181991577148,11,1047.5
2021-11-08 10:51:20,34.342071533203125,-5.943390846252441,11,1053.3333333333337
2021-11-08 10:51:26,34.342037200927734,-5.943599224090576,11,1059.166666666667
2021-11-08 10:51:32,34.34199905395508,-5.943802833557129,11,1063.3333333333337
2021-11-08 10:51:38,34.34196472167969,-5.944008827209473,11,1067.5
2021-11-08 10:51:44,34.3419303894043,-5.94421911239624,11,1075.8333333333337
2021-11-08 10:51:50,34.34189987182617,-5.944390773773193,11,1080.8333333333337
2021-11-08 10:51:56,34.34186172485352,-5.9446001052856445,11,1088.3333333333337
2021-11-08 10:52:02,34.34182357788086,-5.944845199584961,11,1092.5
2021-11-08 10:52:08,34.341796875,-5.945022106170654,12,1099.1666666666667
2021-11-08 10:52:14,34.34176254272461,-5.945236206054688,11,1105.8333333333337
2021-11-08 10:52:20,34.34172058105469,-5.9454450607299805,11,1110.0
2021-11-08 10:52:26,34.34168243408203,-5.945658206939697,12,1117.5
2021-11-08 10:52:32,34.34164810180664,-5.945870876312256,11,1123.3333333333337
2021-11-08 10:52:38,34.341609954833984,-5.94608211517334,12,1127.5
2021-11-08 10:52:44,34.34157943725586,-5.946298122406006,12,1135.8333333333337
2021-11-08 10:52:50,34.3415412902832,-5.946509838104248,12,1140.8333333333337
2021-11-08 10:52:56,34.34150314331055,-5.946724891662598,12,1145.0
2021-11-08 10:53:02,34.34146881103516,-5.946940898895264,11,1151.6666666666667
2021-11-08 10:53:08,34.341434478759766,-5.947154998779297,11,1158.3333333333337
2021-11-08 10:53:14,34.34141540527344,-5.947266101837158,12,1161.6666666666667
2021-11-08 10:53:20,34.34141540527344,-5.947266101837158,12,1168.3333333333337
2021-11-08 10:53:26,34.34132385253906,-5.947809219360352,12,1173.3333333333337
2021-11-08 10:53:32,34.341278076171875,-5.94805383682251,11,1178.3333333333337
2021-11-08 10:53:38,34.34123992919922,-5.948265075683594,12,1184.1666666666667
2021-11-08 10:53:44,34.34120178222656,-5.948472023010254,11,1191.6666666666667
2021-11-08 10:53:50,34.34111404418945,-5.948617935180664,10,1196.6666666666667
2021-11-08 10:53:56,34.34098052978516,-5.948534965515137,10,1199.1666666666667
2021-11-08 10:54:02,34.340999603271484,-5.948378086090088,11,1203.3333333333337
2021-11-08 10:54:08,34.341041564941406,-5.948153018951416,10,1205.8333333333337
2021-11-08 10:54:14,34.34107971191406,-5.947970867156982,9,1211.6666666666667
2021-11-08 10:54:20,34.34111022949219,-5.947779178619385,11,1217.5
2021-11-08 10:54:26,34.34113311767578,-5.947610855102539,10,1220.8333333333337
2021-11-08 10:54:32,34.3411750793457,-5.947370052337647,10,1225.8333333333337
2021-11-08 10:54:38,34.34120178222656,-5.947200775146484,11,1230.0
2021-11-08 10:54:44,34.34123611450195,-5.947000980377197,11,1234.1666666666663
2021-11-08 10:54:50,34.341278076171875,-5.946770191192627,10,1238.3333333333333
2021-11-08 10:54:56,34.34130859375,-5.946599006652832,11,1246.6666666666663
2021-11-08 10:55:02,34.34135055541992,-5.946354866027832,11,1251.6666666666663
2021-11-08 10:55:08,34.34138107299805,-5.946189880371094,11,1255.0
2021-11-08 10:55:14,34.34141540527344,-5.9459547996521,11,1260.0
2021-11-08 10:55:20,34.3414421081543,-5.9457831382751465,11,1266.6666666666663
2021-11-08 10:55:26,34.34146881103516,-5.945576190948486,11,1272.5
2021-11-08 10:55:32,34.34150314331055,-5.945372104644775,10,1276.6666666666663
2021-11-08 10:55:38,34.341529846191406,-5.945168972015381,11,1282.5
2021-11-08 10:55:44,34.34156799316406,-5.94497013092041,11,1289.1666666666663
2021-11-08 10:55:50,34.34159851074219,-5.944767951965332,10,1292.5
2021-11-08 10:55:56,34.34163284301758,-5.944569110870361,11,1298.3333333333337
2021-11-08 10:56:02,34.3416633605957,-5.944365978240967,11,1305.0
2021-11-08 10:56:08,34.341705322265625,-5.944165229797363,11,1310.8333333333337
2021-11-08 10:56:14,34.34174346923828,-5.943965911865234,11,1315.0
2021-11-08 10:56:20,34.34178161621094,-5.9437642097473145,11,1320.0
2021-11-08 10:56:26,34.34181213378906,-5.943559169769287,10,1325.8333333333337
2021-11-08 10:56:32,34.34184646606445,-5.943356990814209,11,1330.8333333333337
2021-11-08 10:56:38,34.34186172485352,-5.943151950836182,11,1335.8333333333337
2021-11-08 10:56:44,34.34194564819336,-5.942999839782715,10,1340.0
2021-11-08 10:56:50,34.34209060668945,-5.943059921264648,10,1345.0
2021-11-08 10:56:56,34.34223937988281,-5.943120956420898,10,1347.5
2021-11-08 10:57:02,34.34227752685547,-5.943302154541016,12,1351.6666666666667
2021-11-08 10:57:08,34.34224319458008,-5.943511962890625,12,1359.1666666666667
2021-11-08 10:57:14,34.34220886230469,-5.943727016448975,11,1362.5
2021-11-08 10:57:20,34.34217834472656,-5.943943977355957,11,1369.1666666666667
2021-11-08 10:57:26,34.34214401245117,-5.944157123565674,11,1375.8333333333337
2021-11-08 10:57:32,34.34210968017578,-5.944372177124023,11,1381.6666666666667
2021-11-08 10:57:38,34.34207534790039,-5.944584846496582,11,1384.1666666666667
2021-11-08 10:57:44,34.342044830322266,-5.944793224334717,11,1392.5
2021-11-08 10:57:50,34.342010498046875,-5.945005893707275,11,1399.1666666666663
2021-11-08 10:57:56,34.34197235107422,-5.945218086242676,12,1402.5
2021-11-08 10:58:02,34.3419303894043,-5.945426940917969,12,1409.1666666666663
2021-11-08 10:58:08,34.34189224243164,-5.945641040802002,11,1413.3333333333333
2021-11-08 10:58:14,34.34185028076172,-5.945857048034668,11,1420.0
2021-11-08 10:58:20,34.341819763183594,-5.946071147918701,11,1425.8333333333333
2021-11-08 10:58:26,34.34178161621094,-5.94628381729126,12,1431.6666666666663
2021-11-08 10:58:32,34.34174346923828,-5.946496963500977,11,1437.5
2021-11-08 10:58:38,34.341697692871094,-5.946704864501953,11,1442.5
2021-11-08 10:58:44,34.341651916503906,-5.946911811828613,11,1448.3333333333333
2021-11-08 10:58:50,34.341609954833984,-5.947113990783691,11,1454.1666666666663
2021-11-08 10:58:56,34.34157180786133,-5.947320938110352,11,1460.0
2021-11-08 10:59:02,34.34153747558594,-5.947527885437012,11,1464.1666666666663
2021-11-08 10:59:08,34.34149169921875,-5.947735786437988,11,1471.6666666666663
2021-11-08 10:59:14,34.341453552246094,-5.947947025299072,12,1475.0
2021-11-08 10:59:20,34.34140396118164,-5.948160171508789,11,1480.0
2021-11-08 10:59:26,34.34136199951172,-5.948375225067139,12,1485.0
2021-11-08 10:59:32,34.34123229980469,-5.948515892028809,11,1488.3333333333337
2021-11-08 10:59:38,34.341087341308594,-5.948599815368652,11,1494.1666666666663
2021-11-08 10:59:44,34.34098052978516,-5.94857120513916,5,1498.3333333333337
2021-11-08 10:59:50,34.340946197509766,-5.948469161987305,8,1505.0
2021-11-08 10:59:56,34.340938568115234,-5.948432922363281,0,1507.5
2021-11-08 11:00:02,34.34092712402344,-5.948431015014648,0,1510.0
2021-11-08 11:00:08,34.34092712402344,-5.948431015014648,0,1515.0
2021-11-08 11:00:14,34.34092712402344,-5.948431015014648,0,1516.6666666666663
2021-11-08 11:00:20,34.34092712402344,-5.948431015014648,0,1521.6666666666663
2021-11-08 11:00:26,34.34092712402344,-5.948431015014648,0,1525.0
2021-11-08 11:00:32,34.34092712402344,-5.948431015014648,0,1529.1666666666663
2021-11-08 11:00:38,34.34092712402344,-5.948431015014648,0,1532.5
2021-11-08 11:00:44,34.34092712402344,-5.948431015014648,0,1535.0
2021-11-08 11:00:50,34.34092712402344,-5.948431015014648,0,1540.0
2021-11-08 11:00:56,34.34092712402344,-5.948431015014648,0,1542.5
2021-11-08 11:01:02,34.34092712402344,-5.948431015014648,0,1546.666666666667
2021-11-08 11:01:08,34.34092712402344,-5.948431015014648,0,1552.5
2021-11-08 11:01:14,34.34092712402344,-5.948431015014648,0,1555.0
2021-11-08 11:01:20,34.34092712402344,-5.948431015014648,0,1559.166666666667
2021-11-08 11:01:26,34.34092712402344,-5.948431015014648,0,1562.5
2021-11-08 11:01:32,34.34092712402344,-5.948431015014648,0,1567.5
2021-11-08 11:01:38,34.34092712402344,-5.948431015014648,0,1570.0
2021-11-08 11:01:44,34.34092712402344,-5.948431015014648,0,1575.0
2021-11-08 11:01:50,34.34092712402344,-5.948431015014648,0,1580.0
2021-11-08 11:01:56,34.34092712402344,-5.948431015014648,0,1582.5
2021-11-08 11:02:02,34.34092712402344,-5.948431015014648,0,1588.3333333333337
2021-11-08 11:02:08,34.34092712402344,-5.948431015014648,0,1592.5
2021-11-08 11:02:14,34.34092712402344,-5.948431015014648,0,1596.666666666667
2021-11-08 11:02:20,34.34092712402344,-5.948431015014648,0,1600.8333333333337
2021-11-08 11:02:26,34.34092712402344,-5.948431015014648,0,1605.8333333333337
2021-11-08 11:02:32,34.34093475341797,-5.948363780975342,10,1613.3333333333337
2021-11-08 11:02:38,34.340972900390625,-5.948156833648682,11,1619.1666666666663
2021-11-08 11:02:44,34.341007232666016,-5.947955131530762,11,1622.5
2021-11-08 11:02:50,34.34103775024414,-5.947752952575684,11,1628.3333333333337
2021-11-08 11:02:56,34.3410758972168,-5.947555065155029,10,1633.3333333333337
2021-11-08 11:03:02,34.34111022949219,-5.947353839874268,11,1640.0
2021-11-08 11:03:08,34.34115219116211,-5.947154998779297,10,1643.3333333333337
2021-11-08 11:03:14,34.3411865234375,-5.9469499588012695,11,1647.5
2021-11-08 11:03:20,34.34122467041016,-5.946749210357666,11,1654.1666666666667
2021-11-08 11:03:26,34.34125900268555,-5.946537971496582,11,1660.0
2021-11-08 11:03:32,34.3412971496582,-5.946331977844238,11,1664.1666666666667
2021-11-08 11:03:38,34.341331481933594,-5.946128845214844,11,1669.1666666666667
2021-11-08 11:03:44,34.34136962890625,-5.94592809677124,11,1675.0
2021-11-08 11:03:50,34.341407775878906,-5.945728778839111,11,1679.1666666666667
2021-11-08 11:03:56,34.34144592285156,-5.945530891418457,11,1683.3333333333337
2021-11-08 11:04:02,34.34147644042969,-5.94533109664917,11,1689.1666666666667
2021-11-08 11:04:08,34.34150695800781,-5.945133209228516,11,1695.8333333333337
2021-11-08 11:04:14,34.3415412902832,-5.944929122924805,11,1700.0
2021-11-08 11:04:20,34.341575622558594,-5.94472599029541,11,1707.5
2021-11-08 11:04:26,34.341609954833984,-5.944522857666016,11,1714.1666666666667
2021-11-08 11:04:32,34.341644287109375,-5.944320201873779,11,1718.3333333333337
2021-11-08 11:04:38,34.34168243408203,-5.944118022918701,11,1724.1666666666667
2021-11-08 11:04:44,34.34172439575195,-5.943918228149414,11,1730.0
2021-11-08 11:04:50,34.341758728027344,-5.943717002868652,11,1734.1666666666667
2021-11-08 11:04:56,34.341796875,-5.943517208099365,11,1739.1666666666667
2021-11-08 11:05:02,34.34182357788086,-5.943305969238281,11,1745.0
2021-11-08 11:05:08,34.34183120727539,-5.9430928230285645,11,1749.1666666666667
2021-11-08 11:05:14,34.341949462890625,-5.9429779052734375,11,1754.1666666666667
2021-11-08 11:05:20,34.34211349487305,-5.943017959594727,11,1759.1666666666667
2021-11-08 11:05:26,34.34227752685547,-5.943087100982666,12,1764.1666666666667
2021-11-08 11:05:32,34.34231185913086,-5.9432759284973145,11,1768.3333333333337
2021-11-08 11:05:38,34.342281341552734,-5.943488121032715,11,1772.5
2021-11-08 11:05:44,34.342247009277344,-5.943702220916748,11,1778.3333333333337
2021-11-08 11:05:50,34.34221267700195,-5.943914890289307,11,1783.3333333333337
2021-11-08 11:05:56,34.3421745300293,-5.944126129150391,11,1790.8333333333337
2021-11-08 11:06:02,34.34214401245117,-5.944340229034424,11,1792.5
2021-11-08 11:06:08,34.34210586547852,-5.94455099105835,11,1800.8333333333337
2021-11-08 11:06:14,34.34207534790039,-5.944748878479004,11,1804.1666666666667
2021-11-08 11:06:20,34.342041015625,-5.944955825805664,11,1812.5
2021-11-08 11:06:26,34.342002868652344,-5.9451680183410645,11,1818.3333333333333
2021-11-08 11:06:32,34.34196472167969,-5.945374965667725,11,1821.6666666666667
2021-11-08 11:06:38,34.341922760009766,-5.945580005645752,11,1828.3333333333333
2021-11-08 11:06:44,34.34188461303711,-5.945788860321045,11,1834.1666666666667
2021-11-08 11:06:50,34.34184646606445,-5.945993900299072,11,1839.1666666666667
2021-11-08 11:06:56,34.34181213378906,-5.94619607925415,11,1845.8333333333333
2021-11-08 11:07:02,34.341773986816406,-5.9464030265808105,11,1849.1666666666667
2021-11-08 11:07:08,34.34173583984375,-5.946606159210205,11,1853.3333333333333
2021-11-08 11:07:14,34.34169387817383,-5.946807861328125,11,1861.6666666666667
2021-11-08 11:07:20,34.34165573120117,-5.947007179260254,11,1865.0
2021-11-08 11:07:26,34.34161758422852,-5.947202205657959,11,1870.0
2021-11-08 11:07:32,34.341575622558594,-5.947399139404297,10,1875.0
2021-11-08 11:07:38,34.34153747558594,-5.947597980499268,11,1879.1666666666667
2021-11-08 11:07:44,34.34149932861328,-5.947793006896973,11,1884.1666666666667
2021-11-08 11:07:50,34.341453552246094,-5.947988986968994,11,1889.1666666666667
2021-11-08 11:07:56,34.341407775878906,-5.948186874389648,11,1894.1666666666667
2021-11-08 11:08:02,34.34135437011719,-5.948387145996094,12,1897.5
2021-11-08 11:08:08,34.34123992919922,-5.948495864868164,8,1901.6666666666667
2021-11-08 11:08:14,34.34109115600586,-5.948523998260498,11,1906.6666666666667
2021-11-08 11:08:20,34.34092330932617,-5.948493957519531,10,1910.0
2021-11-08 11:08:26,34.340789794921875,-5.948431015014648,10,1913.3333333333333
2021-11-08 11:08:32,34.34081268310547,-5.948272228240967,10,1920.0
2021-11-08 11:08:38,34.34083938598633,-5.948073863983154,11,1925.0
2021-11-08 11:08:44,34.34086990356445,-5.947868824005127,11,1930.0
2021-11-08 11:08:50,34.340904235839844,-5.947665214538574,11,1932.5
2021-11-08 11:08:56,34.34093475341797,-5.947464942932129,11,1938.3333333333333
2021-11-08 11:09:02,34.34096145629883,-5.947260856628418,11,1944.166666666667
2021-11-08 11:09:08,34.34098815917969,-5.947053909301758,11,1949.166666666667
2021-11-08 11:09:14,34.34102249145508,-5.946856021881104,11,1953.3333333333333
2021-11-08 11:09:20,34.341060638427734,-5.946658134460449,11,1956.666666666667
2021-11-08 11:09:26,34.341087341308594,-5.946455955505371,11,1960.8333333333333
2021-11-08 11:09:32,34.341121673583984,-5.9462571144104,11,1967.5
2021-11-08 11:09:38,34.34115982055664,-5.946057796478272,11,1970.0
2021-11-08 11:09:44,34.3411979675293,-5.945856094360352,11,1977.5
2021-11-08 11:09:50,34.34123229980469,-5.945651054382324,11,1981.666666666667
2021-11-08 11:09:56,34.341270446777344,-5.94545316696167,10,1985.0
2021-11-08 11:10:02,34.34130096435547,-5.945261001586914,10,1990.8333333333333
2021-11-08 11:10:08,34.341331481933594,-5.94505786895752,11,1997.5
2021-11-08 11:10:14,34.341365814208984,-5.9448561668396,11,2002.5
2021-11-08 11:10:20,34.34139633178711,-5.944651126861572,11,2009.166666666667
2021-11-08 11:10:26,34.3414306640625,-5.944444179534912,11,2015.0
2021-11-08 11:10:32,34.34146499633789,-5.944242000579834,11,2020.8333333333333
2021-11-08 11:10:38,34.34149932861328,-5.94403886795044,11,2025.0
2021-11-08 11:10:44,34.341529846191406,-5.943836212158203,11,2030.8333333333333
2021-11-08 11:10:50,34.3415641784668,-5.943634033203125,11,2035.8333333333333
2021-11-08 11:10:56,34.34159851074219,-5.943427085876465,12,2042.5
2021-11-08 11:11:02,34.34162521362305,-5.943220138549805,11,2045.8333333333333
2021-11-08 11:11:08,34.341644287109375,-5.943009853363037,11,2050.833333333333
2021-11-08 11:11:14,34.341773986816406,-5.94294023513794,10,2057.5
2021-11-08 11:11:20,34.34193801879883,-5.942975044250488,11,2063.333333333333
2021-11-08 11:11:26,34.34209060668945,-5.943006992340088,10,2065.833333333333
2021-11-08 11:11:32,34.34223175048828,-5.9430928230285645,10,2070.833333333333
2021-11-08 11:11:38,34.34233474731445,-5.943205833435059,11,2075.0
2021-11-08 11:11:44,34.34231185913086,-5.943404197692871,11,2077.5
2021-11-08 11:11:50,34.342281341552734,-5.943603038787842,11,2084.166666666667
2021-11-08 11:11:56,34.342247009277344,-5.943806171417236,11,2089.166666666667
2021-11-08 11:12:02,34.34221267700195,-5.944008827209473,11,2092.5
2021-11-08 11:12:08,34.342185974121094,-5.944211006164551,10,2100.0
2021-11-08 11:12:14,34.3421516418457,-5.94442081451416,11,2101.666666666667
2021-11-08 11:12:20,34.34212112426758,-5.944624900817871,11,2110.0
2021-11-08 11:12:26,34.34209060668945,-5.944826126098633,11,2116.666666666667
2021-11-08 11:12:32,34.34205627441406,-5.945027828216553,11,2123.333333333333
2021-11-08 11:12:38,34.34201431274414,-5.945230960845947,11,2126.666666666667
2021-11-08 11:12:44,34.341976165771484,-5.945435047149658,11,2132.5
2021-11-08 11:12:50,34.34193801879883,-5.945639133453369,11,2136.666666666667
2021-11-08 11:12:56,34.34189987182617,-5.945845127105713,11,2142.5
2021-11-08 11:13:02,34.34186172485352,-5.946049213409424,11,2147.5
2021-11-08 11:13:08,34.34183120727539,-5.9462571144104,11,2150.833333333333
2021-11-08 11:13:14,34.34178924560547,-5.94645881652832,11,2156.666666666667
2021-11-08 11:13:20,34.34175109863281,-5.946660041809082,11,2162.5
2021-11-08 11:13:26,34.34170913696289,-5.946864128112793,11,2167.5
2021-11-08 11:13:32,34.34166717529297,-5.947062015533447,11,2170.833333333334
2021-11-08 11:13:38,34.34163284301758,-5.947268009185791,11,2176.666666666667
2021-11-08 11:13:44,34.34159469604492,-5.947472095489502,11,2182.5
2021-11-08 11:13:50,34.341556549072266,-5.947673797607422,11,2186.6666666666665
2021-11-08 11:13:56,34.341514587402344,-5.947876930236816,11,2191.6666666666665
2021-11-08 11:14:02,34.34147262573242,-5.948079109191895,11,2196.6666666666665
2021-11-08 11:14:08,34.341426849365234,-5.948277950286865,9,2200.0
2021-11-08 11:14:14,34.341339111328125,-5.948435783386231,8,2205.0
2021-11-08 11:14:20,34.34123229980469,-5.948530197143555,8,2210.0
2021-11-08 11:14:26,34.341087341308594,-5.948554039001465,11,2213.333333333333
2021-11-08 11:14:32,34.340919494628906,-5.948511123657227,11,2218.333333333333
2021-11-08 11:14:38,34.34077453613281,-5.948434829711914,10,2220.833333333333
2021-11-08 11:14:44,34.34078598022461,-5.948245048522949,11,2224.1666666666665
2021-11-08 11:14:50,34.3408088684082,-5.9480390548706055,12,2229.1666666666665
2021-11-08 11:14:56,34.34083938598633,-5.947825908660889,12,2232.5
2021-11-08 11:15:02,34.34086990356445,-5.947619915008545,11,2237.5
2021-11-08 11:15:08,34.34089660644531,-5.947412014007568,11,2243.333333333333
2021-11-08 11:15:14,34.3409309387207,-5.947206974029541,11,2250.0
2021-11-08 11:15:20,34.340965270996094,-5.947000980377197,11,2254.166666666667
2021-11-08 11:15:26,34.340999603271484,-5.946791172027588,11,2257.5
2021-11-08 11:15:32,34.34103775024414,-5.946581840515137,11,2263.333333333333
2021-11-08 11:15:38,34.341068267822266,-5.946375846862793,12,2266.666666666667
2021-11-08 11:15:44,34.341102600097656,-5.946169853210449,11,2273.333333333333
2021-11-08 11:15:50,34.34114074707031,-5.945971012115479,11,2280.0
2021-11-08 11:15:56,34.34117889404297,-5.9457688331604,11,2285.833333333333
2021-11-08 11:16:02,34.34121322631836,-5.945559978485107,11,2289.166666666667
2021-11-08 11:16:08,34.341243743896484,-5.94536018371582,10,2295.833333333333
2021-11-08 11:16:14,34.34127426147461,-5.945158958435059,11,2303.333333333333
2021-11-08 11:16:20,34.341304779052734,-5.944954872131348,11,2306.666666666667
2021-11-08 11:16:26,34.34133529663086,-5.9447550773620605,11,2313.333333333333
2021-11-08 11:16:32,34.34136199951172,-5.944552898406982,11,2319.166666666667
2021-11-08 11:16:38,34.341392517089844,-5.944345951080322,11,2326.666666666667
2021-11-08 11:16:44,34.34142303466797,-5.944141864776611,11,2330.0
2021-11-08 11:16:50,34.34145736694336,-5.943939208984375,11,2336.666666666667
2021-11-08 11:16:56,34.341495513916016,-5.943737030029297,11,2342.5
2021-11-08 11:17:02,34.34152603149414,-5.943532943725586,11,2346.666666666667
2021-11-08 11:17:08,34.34156036376953,-5.943329811096191,11,2351.666666666667
2021-11-08 11:17:14,34.341583251953125,-5.943120002746582,11,2355.833333333333
2021-11-08 11:17:20,34.34162902832031,-5.942916870117188,12,2364.166666666667
2021-11-08 11:17:26,34.341800689697266,-5.942925930023193,11,2367.5
2021-11-08 11:17:32,34.34196090698242,-5.942986011505127,11,2372.5
2021-11-08 11:17:38,34.342132568359375,-5.943030834197998,11,2378.333333333333
2021-11-08 11:17:44,34.3422966003418,-5.943087100982666,11,2382.5
2021-11-08 11:17:50,34.34235382080078,-5.943273067474365,11,2385.833333333333
2021-11-08 11:17:56,34.34232711791992,-5.943480968475342,12,2391.666666666667
2021-11-08 11:18:02,34.34230041503906,-5.943695068359375,11,2396.666666666667
2021-11-08 11:18:08,34.34226608276367,-5.943909168243408,11,2401.666666666667
2021-11-08 11:18:14,34.34223175048828,-5.944118976593018,11,2407.5
2021-11-08 11:18:20,34.34220123291016,-5.944324016571045,11,2412.5
2021-11-08 11:18:26,34.342166900634766,-5.944533824920654,11,2416.666666666667
2021-11-08 11:18:32,34.342140197753906,-5.9447340965271,10,2424.1666666666665
2021-11-08 11:18:38,34.34210586547852,-5.944931983947754,11,2428.333333333333
2021-11-08 11:18:44,34.342063903808594,-5.945137977600098,11,2433.333333333333
2021-11-08 11:18:50,34.34202575683594,-5.945345878601074,11,2440.0
2021-11-08 11:18:56,34.341983795166016,-5.945550918579102,11,2443.333333333333
2021-11-08 11:19:02,34.341941833496094,-5.9457621574401855,12,2447.5
2021-11-08 11:19:08,34.34190368652344,-5.945970058441162,11,2454.1666666666665
2021-11-08 11:19:14,34.34187316894531,-5.946177959442139,11,2457.5
2021-11-08 11:19:20,34.34183120727539,-5.946382999420166,11,2462.5
2021-11-08 11:19:26,34.341796875,-5.94658899307251,11,2468.333333333333
2021-11-08 11:19:32,34.341758728027344,-5.9467949867248535,11,2473.333333333333
2021-11-08 11:19:38,34.34172058105469,-5.9470038414001465,11,2476.6666666666665
2021-11-08 11:19:44,34.34168243408203,-5.947202205657959,11,2482.5
2021-11-08 11:19:50,34.341644287109375,-5.947391986846924,10,2488.333333333333
2021-11-08 11:19:56,34.34161376953125,-5.94758415222168,10,2494.1666666666665
2021-11-08 11:20:02,34.34157943725586,-5.947778224945068,11,2497.5
2021-11-08 11:20:08,34.34153747558594,-5.947980880737305,11,2502.5
2021-11-08 11:20:14,34.34149169921875,-5.948184967041016,11,2508.333333333333
2021-11-08 11:20:20,34.3414421081543,-5.948369979858398,12,2514.166666666667
2021-11-08 11:20:26,34.34144973754883,-5.948513031005859,7,2516.666666666667
2021-11-08 11:20:32,34.341365814208984,-5.9485368728637695,9,2524.166666666667
2021-11-08 11:20:38,34.341339111328125,-5.948367118835449,11,2530.0
2021-11-08 11:20:44,34.34135437011719,-5.948163032531738,11,2535.0
2021-11-08 11:20:50,34.341400146484375,-5.947968006134033,11,2539.166666666667
2021-11-08 11:20:56,34.3414421081543,-5.947772026062012,11,2541.666666666667
2021-11-08 11:21:02,34.34148406982422,-5.947569847106934,11,2548.333333333333
2021-11-08 11:21:08,34.341522216796875,-5.947371959686279,11,2553.333333333333
2021-11-08 11:21:14,34.341556549072266,-5.947173118591309,11,2559.166666666667
2021-11-08 11:21:20,34.34160232543945,-5.946975231170654,11,2562.5
2021-11-08 11:21:26,34.34164047241211,-5.946773052215576,11,2567.5
2021-11-08 11:21:32,34.341678619384766,-5.946571826934815,11,2570.833333333333
2021-11-08 11:21:38,34.34171295166016,-5.946369171142578,11,2577.5
2021-11-08 11:21:44,34.34175109863281,-5.94617223739624,11,2582.5
2021-11-08 11:21:50,34.341796875,-5.945973873138428,11,2585.833333333333
2021-11-08 11:21:56,34.34183120727539,-5.945775032043457,11,2592.5
2021-11-08 11:22:02,34.34186553955078,-5.945572853088379,11,2597.5
2021-11-08 11:22:08,34.34191131591797,-5.945374011993408,11,2602.5
2021-11-08 11:22:14,34.341949462890625,-5.945172786712647,11,2605.833333333333
2021-11-08 11:22:20,34.34199142456055,-5.944972038269043,11,2611.666666666667
2021-11-08 11:22:26,34.34202575683594,-5.944769859313965,11,2617.5
2021-11-08 11:22:32,34.34206008911133,-5.944571971893311,11,2620.833333333333
2021-11-08 11:22:38,34.34209060668945,-5.944368839263916,11,2625.0
2021-11-08 11:22:44,34.34211730957031,-5.944165229797363,11,2630.833333333333
2021-11-08 11:22:50,34.3421516418457,-5.943964004516602,11,2636.6666666666665
2021-11-08 11:22:56,34.34217834472656,-5.943759918212891,11,2640.0
2021-11-08 11:23:02,34.34221649169922,-5.94355583190918,11,2645.833333333333
2021-11-08 11:23:08,34.342254638671875,-5.943355083465576,11,2651.6666666666665
2021-11-08 11:23:14,34.34229278564453,-5.943159103393555,11,2656.6666666666665
2021-11-08 11:23:20,34.34241485595703,-5.943215847015381,11,2660.0
2021-11-08 11:23:26,34.34239196777344,-5.943425178527832,11,2665.0
2021-11-08 11:23:32,34.34235763549805,-5.943627834320068,11,2669.1666666666665
2021-11-08 11:23:38,34.342323303222656,-5.9438347816467285,11,2674.1666666666665
2021-11-08 11:23:44,34.34228515625,-5.94403600692749,11,2680.0
2021-11-08 11:23:50,34.342254638671875,-5.944238185882568,11,2683.333333333333
2021-11-08 11:23:56,34.34221649169922,-5.944436073303223,10,2687.5
2021-11-08 11:24:02,34.34218978881836,-5.944639205932617,11,2693.333333333333
2021-11-08 11:24:08,34.3421516418457,-5.944836139678955,10,2699.1666666666665
2021-11-08 11:24:14,34.342124938964844,-5.945035934448242,11,2705.0
2021-11-08 11:24:20,34.34208297729492,-5.9452338218688965,11,2709.1666666666665
2021-11-08 11:24:26,34.342044830322266,-5.945436000823975,11,2714.1666666666665
2021-11-08 11:24:32,34.34200668334961,-5.945637226104736,11,2719.1666666666665
2021-11-08 11:24:38,34.34196853637695,-5.945838928222656,11,2723.333333333333
2021-11-08 11:24:44,34.34193801879883,-5.946041107177734,11,2728.333333333333
2021-11-08 11:24:50,34.34190368652344,-5.946238040924072,11,2733.333333333333
2021-11-08 11:24:56,34.34186553955078,-5.94643497467041,11,2737.5
2021-11-08 11:25:02,34.34183120727539,-5.9466400146484375,11,2743.333333333333
2021-11-08 11:25:08,34.341796875,-5.946836948394775,11,2747.5
2021-11-08 11:25:14,34.34176254272461,-5.9470391273498535,11,2753.333333333333
2021-11-08 11:25:20,34.34172821044922,-5.947234153747559,11,2758.333333333333
2021-11-08 11:25:26,34.34169387817383,-5.947429180145264,10,2763.333333333333
2021-11-08 11:25:32,34.34165954589844,-5.947625160217285,11,2769.1666666666665
2021-11-08 11:25:38,34.34162521362305,-5.947813987731934,10,2771.6666666666665
2021-11-08 11:25:44,34.341583251953125,-5.947998046875,11,2777.5
2021-11-08 11:25:50,34.34154510498047,-5.948173999786377,10,2782.5
2021-11-08 11:25:56,34.34149932861328,-5.948338031768799,9,2786.6666666666665
2021-11-08 11:26:02,34.34136962890625,-5.948342800140381,10,2790.0
2021-11-08 11:26:08,34.34135818481445,-5.948160171508789,11,2794.1666666666665
2021-11-08 11:26:14,34.34138870239258,-5.947975158691406,11,2797.5
2021-11-08 11:26:20,34.341434478759766,-5.947787761688232,10,2802.5
2021-11-08 11:26:26,34.34147644042969,-5.947596073150635,11,2808.333333333333
2021-11-08 11:26:32,34.34151077270508,-5.947399139404297,11,2813.333333333333
2021-11-08 11:26:38,34.341552734375,-5.947200775146484,11,2818.333333333333
2021-11-08 11:26:44,34.34159469604492,-5.947004795074463,10,2822.5
2021-11-08 11:26:50,34.34163284301758,-5.946808815002441,11,2827.5
2021-11-08 11:26:56,34.341670989990234,-5.94661283493042,11,2830.833333333333
2021-11-08 11:27:02,34.34171295166016,-5.946414947509766,11,2838.333333333333
2021-11-08 11:27:08,34.34174728393555,-5.946208953857422,11,2845.0
2021-11-08 11:27:14,34.34177780151367,-5.946009159088135,11,2850.0
2021-11-08 11:27:20,34.34181213378906,-5.945806980133057,11,2853.333333333333
2021-11-08 11:27:26,34.34185028076172,-5.945601940155029,11,2858.333333333333
2021-11-08 11:27:32,34.341888427734375,-5.945402145385742,11,2863.333333333333
2021-11-08 11:27:38,34.341922760009766,-5.945198059082031,11,2866.666666666667
2021-11-08 11:27:44,34.34196090698242,-5.944997787475586,11,2872.5
2021-11-08 11:27:50,34.34199142456055,-5.944793224334717,11,2878.333333333333
2021-11-08 11:27:56,34.34202194213867,-5.944591999053955,11,2884.1666666666665
2021-11-08 11:28:02,34.34205627441406,-5.944395065307617,11,2887.5
2021-11-08 11:28:08,34.34208679199219,-5.944192886352539,11,2893.333333333333
2021-11-08 11:28:14,34.34212112426758,-5.943994045257568,11,2898.333333333333
2021-11-08 11:28:20,34.3421516418457,-5.94379186630249,11,2904.166666666667
2021-11-08 11:28:26,34.34218978881836,-5.94359302520752,11,2908.333333333333
2021-11-08 11:28:32,34.34222412109375,-5.943391799926758,11,2914.166666666667
2021-11-08 11:28:38,34.34225082397461,-5.943191051483154,11,2918.333333333333
2021-11-08 11:28:44,34.342403411865234,-5.943130970001221,10,2923.333333333333
2021-11-08 11:28:50,34.342430114746094,-5.943327903747559,11,2927.5
2021-11-08 11:28:56,34.3424072265625,-5.9435319900512695,11,2931.666666666667
2021-11-08 11:29:02,34.342376708984375,-5.943731784820557,11,2935.833333333333
2021-11-08 11:29:08,34.34233856201172,-5.9439311027526855,11,2940.833333333333
2021-11-08 11:29:14,34.342308044433594,-5.9441351890563965,11,2945.833333333333
2021-11-08 11:29:20,34.34227752685547,-5.94434118270874,11,2951.666666666667
2021-11-08 11:29:26,34.34225082397461,-5.944544792175293,11,2955.0
2021-11-08 11:29:32,34.34221649169922,-5.944746017456055,11,2960.0
2021-11-08 11:29:38,34.34218215942383,-5.944948196411133,11,2966.666666666667
2021-11-08 11:29:44,34.3421516418457,-5.945155143737793,11,2970.0
2021-11-08 11:29:50,34.34210968017578,-5.945351123809815,11,2976.6666666666665
2021-11-08 11:29:56,34.342079162597656,-5.945559024810791,11,2980.0
2021-11-08 11:30:02,34.342037200927734,-5.945755958557129,11,2985.833333333333
2021-11-08 11:30:08,34.342002868652344,-5.945950984954834,11,2990.833333333333
2021-11-08 11:30:14,34.34196472167969,-5.946152210235596,11,2996.6666666666665
2021-11-08 11:30:20,34.34192657470703,-5.946352005004883,11,3000.0
2021-11-08 11:30:26,34.341896057128906,-5.9465532302856445,11,3005.0
2021-11-08 11:30:32,34.34185028076172,-5.946751117706299,11,3009.1666666666665
2021-11-08 11:30:38,34.34181213378906,-5.946940898895264,11,3014.1666666666665
2021-11-08 11:30:44,34.34177017211914,-5.947123050689697,8,3019.1666666666665
2021-11-08 11:30:50,34.341732025146484,-5.9473161697387695,10,3023.333333333333
2021-11-08 11:30:56,34.341697692871094,-5.947504997253418,11,3028.333333333333
2021-11-08 11:31:02,34.341651916503906,-5.947696208953857,10,3033.333333333333
2021-11-08 11:31:08,34.341609954833984,-5.947889804840088,11,3035.833333333333
2021-11-08 11:31:14,34.34156799316406,-5.948084831237793,10,3041.6666666666665
2021-11-08 11:31:20,34.34151840209961,-5.948252201080322,8,3045.833333333333
2021-11-08 11:31:26,34.341487884521484,-5.948433876037598,9,3048.333333333333
2021-11-08 11:31:32,34.34142303466797,-5.948505878448486,8,3057.5
2021-11-08 11:31:38,34.34135055541992,-5.948404788970947,9,3060.833333333333
2021-11-08 11:31:44,34.341312408447266,-5.948247909545898,11,3063.333333333333
2021-11-08 11:31:50,34.341346740722656,-5.948061943054199,10,3067.5
2021-11-08 11:31:56,34.34138107299805,-5.947871208190918,10,3070.833333333333
2021-11-08 11:32:02,34.3414192199707,-5.9476728439331055,11,3078.333333333333
2021-11-08 11:32:08,34.341453552246094,-5.9474778175354,10,3081.666666666667
2021-11-08 11:32:14,34.341495513916016,-5.947280883789063,11,3087.5
2021-11-08 11:32:20,34.3415412902832,-5.94708776473999,11,3092.5
2021-11-08 11:32:26,34.341583251953125,-5.946891784667969,11,3097.5
2021-11-08 11:32:32,34.34161758422852,-5.946692943572998,11,3102.5
2021-11-08 11:32:38,34.34165954589844,-5.946494102478027,11,3109.166666666667
2021-11-08 11:32:44,34.34169387817383,-5.946290016174316,11,3112.5
2021-11-08 11:32:50,34.34172821044922,-5.946086883544922,11,3118.333333333333
2021-11-08 11:32:56,34.341766357421875,-5.945885181427002,11,3123.333333333333
2021-11-08 11:33:02,34.341800689697266,-5.945679187774658,11,3128.333333333333
2021-11-08 11:33:08,34.34184265136719,-5.945479869842529,11,3131.666666666667
2021-11-08 11:33:14,34.341880798339844,-5.945275783538818,11,3137.5
2021-11-08 11:33:20,34.341922760009766,-5.945076942443848,11,3144.166666666667
2021-11-08 11:33:26,34.34195327758789,-5.944873809814453,11,3147.5
2021-11-08 11:33:32,34.34197998046875,-5.944674015045166,11,3151.666666666667
2021-11-08 11:33:38,34.342010498046875,-5.944470882415772,11,3158.333333333333
2021-11-08 11:33:44,34.342041015625,-5.944269180297852,11,3162.5
2021-11-08 11:33:50,34.34207534790039,-5.944066047668457,11,3168.333333333333
2021-11-08 11:33:56,34.34210586547852,-5.943861961364746,11,3174.166666666667
2021-11-08 11:34:02,34.342140197753906,-5.943659782409668,11,3180.0
2021-11-08 11:34:08,34.3421745300293,-5.943457126617432,11,3182.5
2021-11-08 11:34:14,34.34221267700195,-5.943260192871094,11,3188.333333333333
2021-11-08 11:34:20,34.342308044433594,-5.943117141723633,11,3194.1666666666665
2021-11-08 11:34:26,34.34245681762695,-5.943178176879883,8,3198.333333333333
2021-11-08 11:34:32,34.34244918823242,-5.943367958068848,10,3201.666666666667
2021-11-08 11:34:38,34.34242248535156,-5.943556785583496,10,3205.833333333333
2021-11-08 11:34:44,34.34239196777344,-5.94374418258667,11,3210.0
2021-11-08 11:34:50,34.34236145019531,-5.943936824798584,11,3215.833333333333
2021-11-08 11:34:56,34.34231948852539,-5.944131851196289,10,3219.166666666667
2021-11-08 11:35:02,34.3422966003418,-5.944334983825684,11,3225.0
2021-11-08 11:35:08,34.34226989746094,-5.944537162780762,11,3230.0
2021-11-08 11:35:14,34.34223556518555,-5.944738864898682,11,3233.333333333333
2021-11-08 11:35:20,34.34221267700195,-5.944940090179443,11,3239.166666666667
2021-11-08 11:35:26,34.34217071533203,-5.9451398849487305,10,3245.0
2021-11-08 11:35:32,34.342132568359375,-5.945328235626221,9,3248.333333333333
2021-11-08 11:35:38,34.342098236083984,-5.945521831512451,11,3253.333333333333
2021-11-08 11:35:44,34.34205627441406,-5.945724010467529,11,3258.333333333333
2021-11-08 11:35:50,34.3420295715332,-5.945921897888184,10,3262.5
2021-11-08 11:35:56,34.34199523925781,-5.946123123168945,11,3267.5
2021-11-08 11:36:02,34.341949462890625,-5.946315765380859,11,3270.0
2021-11-08 11:36:08,34.341915130615234,-5.946513175964356,10,3275.833333333333
2021-11-08 11:36:14,34.34187698364258,-5.9467058181762695,11,3282.5
2021-11-08 11:36:20,34.341835021972656,-5.946903228759766,10,3285.833333333333
2021-11-08 11:36:26,34.341793060302734,-5.947091102600098,9,3291.666666666667
2021-11-08 11:36:32,34.3417854309082,-5.9472432136535645,7,3295.0
2021-11-08 11:36:38,34.34174346923828,-5.947361946105957,8,3300.0
2021-11-08 11:36:44,34.34170913696289,-5.9475579261779785,11,3303.333333333333
2021-11-08 11:36:50,34.3416633605957,-5.947732925415039,9,3307.5
2021-11-08 11:36:56,34.34162521362305,-5.947887897491455,8,3311.666666666667
2021-11-08 11:37:02,34.34157180786133,-5.948075771331787,9,3315.0
2021-11-08 11:37:08,34.341522216796875,-5.948229789733887,4,3319.166666666667
2021-11-08 11:37:14,34.341487884521484,-5.94838809967041,7,3322.5
2021-11-08 11:37:20,34.34141540527344,-5.9484710693359375,8,3329.166666666667
2021-11-08 11:37:26,34.34136199951172,-5.948386192321777,6,3333.333333333333
2021-11-08 11:37:32,34.34128952026367,-5.948272228240967,10,3339.166666666667
2021-11-08 11:37:38,34.34131622314453,-5.948102951049805,10,3345.0
2021-11-08 11:37:44,34.34135437011719,-5.947919845581055,10,3348.333333333333
2021-11-08 11:37:50,34.34138870239258,-5.947733879089356,11,3353.333333333333
2021-11-08 11:37:56,34.341426849365234,-5.947548866271973,11,3358.333333333333
2021-11-08 11:38:02,34.341453552246094,-5.947356224060059,11,3363.333333333333
2021-11-08 11:38:08,34.34149932861328,-5.947164058685303,11,3367.5
2021-11-08 11:38:14,34.3415412902832,-5.946969985961914,11,3373.333333333333
2021-11-08 11:38:20,34.341583251953125,-5.94676685333252,11,3377.5
2021-11-08 11:38:26,34.34161758422852,-5.9465651512146,11,3383.333333333333
2021-11-08 11:38:32,34.341651916503906,-5.946361064910889,11,3386.666666666667
2021-11-08 11:38:38,34.3416862487793,-5.9461588859558105,11,3392.5
2021-11-08 11:38:44,34.34172439575195,-5.945961952209473,11,3397.5
2021-11-08 11:38:50,34.34175491333008,-5.945757865905762,11,3402.5
2021-11-08 11:38:56,34.341796875,-5.945556163787842,11,3405.833333333333
2021-11-08 11:39:02,34.341835021972656,-5.945353984832764,11,3410.833333333333
2021-11-08 11:39:08,34.34187316894531,-5.9451518058776855,11,3415.833333333333
2021-11-08 11:39:14,34.34191131591797,-5.944953918457031,11,3422.5
2021-11-08 11:39:20,34.34194564819336,-5.944756031036377,11,3427.5
2021-11-08 11:39:26,34.34197235107422,-5.944557189941406,11,3430.833333333333
2021-11-08 11:39:32,34.342002868652344,-5.944357872009277,11,3435.833333333333
2021-11-08 11:39:38,34.342037200927734,-5.94416093826294,11,3440.833333333333
2021-11-08 11:39:44,34.342063903808594,-5.943963050842285,11,3446.666666666667
2021-11-08 11:39:50,34.342098236083984,-5.943767070770264,11,3452.5
2021-11-08 11:39:56,34.342124938964844,-5.943575859069824,11,3455.833333333333
2021-11-08 11:40:02,34.342159271240234,-5.943379878997803,11,3461.666666666667
2021-11-08 11:40:08,34.342193603515625,-5.943183898925781,11,3467.5
2021-11-08 11:40:14,34.34235382080078,-5.943140029907227,11,3470.833333333333
2021-11-08 11:40:20,34.34248733520508,-5.943221092224121,11,3474.166666666667
2021-11-08 11:40:26,34.34247589111328,-5.943414211273193,10,3479.166666666667
2021-11-08 11:40:32,34.34244918823242,-5.943610191345215,11,3485.0
2021-11-08 11:40:38,34.34241485595703,-5.943813800811768,11,3489.166666666667
2021-11-08 11:40:44,34.34238052368164,-5.944011211395264,11,3493.333333333333
2021-11-08 11:40:50,34.34234619140625,-5.944211006164551,11,3498.333333333333
2021-11-08 11:40:56,34.342315673828125,-5.9444122314453125,11,3503.333333333333
2021-11-08 11:41:02,34.34228515625,-5.94460916519165,11,3506.666666666667
2021-11-08 11:41:08,34.34225082397461,-5.944811820983887,11,3512.5
2021-11-08 11:41:14,34.34222412109375,-5.945018768310547,11,3517.5
2021-11-08 11:41:20,34.34218215942383,-5.945219039916992,10,3523.333333333333
2021-11-08 11:41:26,34.34214782714844,-5.9454121589660645,10,3526.666666666667
2021-11-08 11:41:32,34.34211349487305,-5.945613861083984,11,3532.5
2021-11-08 11:41:38,34.34207534790039,-5.945806980133057,10,3535.833333333333
2021-11-08 11:41:44,34.342044830322266,-5.946012020111084,11,3540.833333333333
2021-11-08 11:41:50,34.342002868652344,-5.946209907531738,10,3546.666666666667
2021-11-08 11:41:56,34.34197235107422,-5.946403980255127,9,3550.0
2021-11-08 11:42:02,34.341941833496094,-5.946561813354492,9,3555.833333333333
2021-11-08 11:42:08,34.341896057128906,-5.946741104125977,10,3559.166666666667
2021-11-08 11:42:14,34.34185028076172,-5.94694185256958,10,3562.5
2021-11-08 11:42:20,34.3418083190918,-5.947134017944336,9,3567.5
2021-11-08 11:42:26,34.341766357421875,-5.947306156158447,9,3570.833333333333
2021-11-08 11:42:32,34.34171676635742,-5.947494983673096,10,3575.0
2021-11-08 11:42:38,34.34166717529297,-5.947690010070801,11,3578.333333333333
2021-11-08 11:42:44,34.34161376953125,-5.9478759765625,9,3582.5
2021-11-08 11:42:50,34.34157180786133,-5.948057174682617,10,3585.833333333333
2021-11-08 11:42:56,34.341522216796875,-5.948239803314209,10,3588.333333333333
2021-11-08 11:43:02,34.34147644042969,-5.948403835296631,8,3592.5
2021-11-08 11:43:08,34.341407775878906,-5.948523998260498,8,3598.333333333333
2021-11-08 11:43:14,34.34142303466797,-5.9483962059021,10,3603.333333333333
2021-11-08 11:43:20,34.3414306640625,-5.948237895965576,11,3606.666666666667
2021-11-08 11:43:26,34.34150695800781,-5.948287963867188,8,3609.166666666667
2021-11-08 11:43:32,34.341434478759766,-5.948421001434326,10,3611.666666666667
2021-11-08 11:43:38,34.34130859375,-5.948423862457275,7,3615.0
2021-11-08 11:43:44,34.34128189086914,-5.948266983032227,10,3619.166666666667
2021-11-08 11:43:50,34.34130096435547,-5.948080062866211,10,3623.3333333333335
2021-11-08 11:43:56,34.34133529663086,-5.947886943817139,11,3629.166666666667
2021-11-08 11:44:02,34.34137344360352,-5.94769287109375,11,3632.5
2021-11-08 11:44:08,34.34140396118164,-5.947504997253418,10,3637.5
2021-11-08 11:44:14,34.3414306640625,-5.9473090171813965,11,3642.5
2021-11-08 11:44:20,34.34146499633789,-5.947113990783691,11,3647.5
2021-11-08 11:44:26,34.34151077270508,-5.94691801071167,11,3652.5
2021-11-08 11:44:32,34.341548919677734,-5.946722984313965,11,3657.5
2021-11-08 11:44:38,34.34158706665039,-5.946524143218994,11,3661.666666666667
2021-11-08 11:44:44,34.34161758422852,-5.946324825286865,11,3665.833333333334
2021-11-08 11:44:50,34.34165573120117,-5.946125984191895,11,3670.0
2021-11-08 11:44:56,34.34169006347656,-5.94592809677124,11,3675.8333333333335
2021-11-08 11:45:02,34.34172821044922,-5.945728778839111,11,3679.166666666667
2021-11-08 11:45:08,34.34176254272461,-5.945528030395508,11,3685.0
2021-11-08 11:45:14,34.341800689697266,-5.9453301429748535,11,3690.8333333333335
2021-11-08 11:45:20,34.34183883666992,-5.945133209228516,11,3693.3333333333335
2021-11-08 11:45:26,34.34187698364258,-5.944931983947754,11,3699.166666666667
2021-11-08 11:45:32,34.3419075012207,-5.944735050201416,11,3705.0
2021-11-08 11:45:38,34.341941833496094,-5.944536209106445,10,3708.333333333333
2021-11-08 11:45:44,34.34197235107422,-5.944334983825684,11,3715.0
2021-11-08 11:45:50,34.34200668334961,-5.944139003753662,10,3720.8333333333335
2021-11-08 11:45:56,34.342037200927734,-5.943940162658691,11,3723.3333333333335
2021-11-08 11:46:02,34.34207534790039,-5.9437432289123535,11,3729.166666666667
2021-11-08 11:46:08,34.34210586547852,-5.943542957305908,11,3734.166666666667
2021-11-08 11:46:14,34.342140197753906,-5.94334602355957,11,3739.166666666667
2021-11-08 11:46:20,34.3421745300293,-5.943158149719238,11,3745.0
2021-11-08 11:46:26,34.34231948852539,-5.943124771118164,10,3747.5
2021-11-08 11:46:32,34.342472076416016,-5.943178176879883,10,3750.8333333333335
2021-11-08 11:46:38,34.34252166748047,-5.943335056304932,10,3755.0
2021-11-08 11:46:44,34.342491149902344,-5.94352388381958,10,3758.3333333333335
2021-11-08 11:46:50,34.34246826171875,-5.943717002868652,11,3764.166666666667
2021-11-08 11:46:56,34.34243392944336,-5.943912029266357,11,3769.166666666667
2021-11-08 11:47:02,34.3423957824707,-5.944107055664063,11,3774.166666666667
2021-11-08 11:47:08,34.34237289428711,-5.944305896759033,11,3779.166666666667
2021-11-08 11:47:14,34.34230041503906,-5.944711208343506,11,3782.5
2021-11-08 11:47:20,34.3422737121582,-5.944914817810059,11,3792.5
2021-11-08 11:47:26,34.34223937988281,-5.945115089416504,11,3797.5
2021-11-08 11:47:32,34.34219741821289,-5.945312976837158,11,3802.5
2021-11-08 11:47:38,34.3421630859375,-5.945512771606445,11,3805.833333333333
2021-11-08 11:47:44,34.34212112426758,-5.945706844329834,11,3810.0
2021-11-08 11:47:50,34.34208679199219,-5.945901870727539,10,3815.0
2021-11-08 11:47:56,34.3420524597168,-5.9460930824279785,9,3820.0
2021-11-08 11:48:02,34.34201431274414,-5.946269989013672,10,3825.0
2021-11-08 11:48:08,34.34198760986328,-5.946446895599365,9,3829.166666666667
2021-11-08 11:48:14,34.341941833496094,-5.946619987487793,9,3831.666666666667
2021-11-08 11:48:20,34.341896057128906,-5.946800231933594,9,3835.0
2021-11-08 11:48:26,34.34184646606445,-5.9469828605651855,9,3839.166666666667
2021-11-08 11:48:32,34.341800689697266,-5.947167873382568,9,3843.3333333333335
2021-11-08 11:48:38,34.34177017211914,-5.947325229644775,9,3847.5
2021-11-08 11:48:44,34.34172821044922,-5.947505950927734,10,3852.5
2021-11-08 11:48:50,34.3416748046875,-5.947686195373535,10,3856.666666666667
2021-11-08 11:48:56,34.34163284301758,-5.947865009307861,10,3860.0
2021-11-08 11:49:02,34.341609954833984,-5.948009014129639,7,3862.5
2021-11-08 11:49:08,34.341552734375,-5.948188781738281,9,3865.8333333333335
2021-11-08 11:49:14,34.34151077270508,-5.948328018188477,5,3870.0
2021-11-08 11:49:20,34.34150695800781,-5.948367118835449,0,3875.8333333333335
2021-11-08 11:49:26,34.34150695800781,-5.9483819007873535,0,3880.0
2021-11-08 11:49:32,34.34150695800781,-5.948390007019043,0,3885.0
2021-11-08 11:49:38,34.34150695800781,-5.948390007019043,0,3890.0
2021-11-08 11:49:44,34.34150695800781,-5.948390007019043,0,3892.5
2021-11-08 11:49:50,34.34150695800781,-5.948390007019043,0,3898.3333333333335
2021-11-08 11:49:56,34.34150695800781,-5.948390007019043,0,3903.3333333333335
2021-11-08 11:50:02,34.34150695800781,-5.948390007019043,0,3908.3333333333335
2021-11-08 11:50:08,34.34150695800781,-5.948390007019043,0,3914.166666666667
2021-11-08 11:50:14,34.34150695800781,-5.948390007019043,0,3916.666666666667
2021-11-08 11:50:20,34.34150695800781,-5.948390007019043,0,3924.166666666667
2021-11-08 11:50:26,34.34150695800781,-5.948390007019043,0,3928.3333333333335
2021-11-08 11:50:32,34.34150695800781,-5.948390007019043,0,3935.0
2021-11-08 11:50:38,34.34150695800781,-5.948390007019043,0,3938.3333333333335
2021-11-08 11:50:44,34.34150695800781,-5.948390007019043,0,3945.0
2021-11-08 11:50:50,34.34150695800781,-5.948390007019043,0,3950.0
2021-11-08 11:50:56,34.34150695800781,-5.948390007019043,0,3957.5
2021-11-08 11:51:02,34.34150695800781,-5.948390007019043,0,3962.5
2021-11-08 11:51:08,34.34150695800781,-5.948390007019043,0,3965.8333333333335
2021-11-08 11:51:14,34.34150695800781,-5.948390007019043,0,3970.8333333333335
2021-11-08 11:51:20,34.34150695800781,-5.948390007019043,0,3973.3333333333335
2021-11-08 11:51:26,34.34150695800781,-5.948390007019043,0,3977.5
2021-11-08 11:51:32,34.34150695800781,-5.948390007019043,0,3982.5
2021-11-08 11:51:38,34.34150695800781,-5.948390007019043,0,3986.666666666667
2021-11-08 11:51:44,34.34150695800781,-5.948390007019043,0,3990.8333333333335
2021-11-08 11:51:50,34.34150695800781,-5.948390007019043,0,3997.5
2021-11-08 11:51:56,34.34150695800781,-5.948390007019043,0,4001.666666666667
2021-11-08 11:52:02,34.341644287109375,-5.9489569664001465,9,4007.5
2021-11-08 11:52:08,34.341796875,-5.949030876159668,11,4013.3333333333335
2021-11-08 11:52:14,34.34196090698242,-5.949114799499512,11,4016.6666666666665
2021-11-08 11:52:20,34.34211730957031,-5.949176788330078,10,4021.6666666666665
2021-11-08 11:52:26,34.34227752685547,-5.949237823486328,11,4026.6666666666665
2021-11-08 11:52:32,34.34244155883789,-5.949315071105957,10,4032.5
2021-11-08 11:52:38,34.34259033203125,-5.94941520690918,11,4037.5
2021-11-08 11:52:44,34.342769622802734,-5.949479103088379,12,4042.5
2021-11-08 11:52:50,34.34295654296875,-5.949546813964844,12,4050.833333333333
2021-11-08 11:52:56,34.34317779541016,-5.949635982513428,15,4054.1666666666665
2021-11-08 11:53:02,34.34341049194336,-5.949728965759277,16,4057.5
2021-11-08 11:53:08,34.34364318847656,-5.949800968170166,14,4064.1666666666665
2021-11-08 11:53:14,34.343841552734375,-5.94985818862915,12,4070.0
2021-11-08 11:53:20,34.34402847290039,-5.949866771697998,10,4075.833333333333
2021-11-08 11:53:26,34.34425735473633,-5.949896812438965,15,4080.833333333333
2021-11-08 11:53:32,34.34447479248047,-5.949994087219238,14,4086.6666666666665
2021-11-08 11:53:38,34.34469985961914,-5.950053215026856,14,4091.6666666666665
2021-11-08 11:53:44,34.34490203857422,-5.9501261711120605,13,4093.3333333333335
2021-11-08 11:53:50,34.3450927734375,-5.950192928314209,11,4098.333333333334
2021-11-08 11:53:56,34.34524154663086,-5.950253009796143,10,4104.166666666666
2021-11-08 11:54:02,34.34528732299805,-5.9504218101501465,10,4110.0
2021-11-08 11:54:08,34.34526443481445,-5.950603008270264,10,4112.5
2021-11-08 11:54:14,34.34524917602539,-5.950776100158691,9,4118.333333333334
2021-11-08 11:54:20,34.345237731933594,-5.950924873352051,5,4122.5
2021-11-08 11:54:26,34.345237731933594,-5.950953960418701,0,4124.166666666666
2021-11-08 11:54:32,34.34522247314453,-5.950252056121826,0,4128.333333333334
2021-11-08 11:54:38,34.34522247314453,-5.950252056121826,0,4131.666666666667
2021-11-08 11:54:44,34.34522247314453,-5.950252056121826,0,4136.666666666667
2021-11-08 11:54:50,34.34522247314453,-5.950252056121826,0,4141.666666666667
2021-11-08 11:54:56,34.34522247314453,-5.950252056121826,0,4148.333333333334
2021-11-08 11:55:02,34.34522247314453,-5.950252056121826,0,4152.5
2021-11-08 11:55:08,34.34522247314453,-5.950252056121826,0,4159.166666666666
2021-11-08 11:55:14,34.34517288208008,-5.950277805328369,10,4164.166666666666
2021-11-08 11:55:20,34.34501647949219,-5.950226783752441,9,4165.833333333334
2021-11-08 11:55:26,34.3448600769043,-5.950189113616943,9,4167.5
2021-11-08 11:55:32,34.3447151184082,-5.950136184692383,9,4169.166666666667
2021-11-08 11:55:38,34.34457015991211,-5.95009708404541,9,4170.833333333334
2021-11-08 11:55:44,34.34442901611328,-5.950041770935059,8,4175.0
2021-11-08 11:55:50,34.34429931640625,-5.949985980987549,9,4179.166666666667
2021-11-08 11:55:56,34.34416961669922,-5.949933052062988,9,4185.833333333334
2021-11-08 11:56:02,34.34403610229492,-5.949885845184326,8,4190.833333333334
2021-11-08 11:56:08,34.343902587890625,-5.949833869934082,8,4196.666666666667
2021-11-08 11:56:14,34.34376907348633,-5.949790000915527,9,4201.666666666667
2021-11-08 11:56:20,34.3436393737793,-5.949746131896973,9,4209.166666666667
2021-11-08 11:56:26,34.343502044677734,-5.949708938598633,9,4215.833333333334
2021-11-08 11:56:32,34.3433723449707,-5.949667930603027,9,4223.333333333334
2021-11-08 11:56:38,34.34324264526367,-5.949619770050049,8,4226.666666666667
2021-11-08 11:56:44,34.34311294555664,-5.949570178985596,8,4233.333333333334
2021-11-08 11:56:50,34.34299087524414,-5.94952392578125,8,4240.833333333334
2021-11-08 11:56:56,34.342872619628906,-5.949481010437012,8,4248.333333333333
2021-11-08 11:57:02,34.342750549316406,-5.949436187744141,8,4255.0
2021-11-08 11:57:08,34.34262466430664,-5.949395179748535,8,4260.0
2021-11-08 11:57:14,34.342498779296875,-5.94935417175293,8,4268.333333333333
2021-11-08 11:57:20,34.342376708984375,-5.949312210083008,8,4276.666666666666
2021-11-08 11:57:26,34.34225082397461,-5.949272155761719,8,4282.5
2021-11-08 11:57:32,34.342124938964844,-5.949237823486328,8,4290.833333333333
2021-11-08 11:57:38,34.342002868652344,-5.949192047119141,8,4295.0
2021-11-08 11:57:44,34.34188461303711,-5.949149131774902,8,4304.166666666666
2021-11-08 11:57:50,34.341758728027344,-5.9491119384765625,9,4306.666666666666
2021-11-08 11:57:56,34.34164047241211,-5.949069976806641,8,4314.166666666666
2021-11-08 11:58:02,34.341522216796875,-5.949019908905029,7,4320.0
2021-11-08 11:58:08,34.3414192199707,-5.948965072631836,6,4325.833333333333
2021-11-08 11:58:14,34.341407775878906,-5.948850154876709,6,4330.833333333333
2021-11-08 11:58:20,34.3414192199707,-5.9487409591674805,4,4335.833333333333
2021-11-08 11:58:26,34.341365814208984,-5.948667049407959,5,4339.166666666666
2021-11-08 11:58:32,34.341331481933594,-5.948669910430908,0,4342.5
2021-11-08 11:58:38,34.341365814208984,-5.948686122894287,3,4346.666666666667
2021-11-08 11:58:44,34.34142303466797,-5.948678970336914,4,4351.666666666667
2021-11-08 11:58:50,34.34145736694336,-5.948639869689941,2,4358.333333333334
2021-11-08 11:58:56,34.34145736694336,-5.948606014251709,2,4363.333333333334
2021-11-08 11:59:02,34.34146881103516,-5.948562145233154,0,4366.666666666667
2021-11-08 11:59:08,34.34146499633789,-5.948572158813477,0,4372.5
2021-11-08 11:59:14,34.34146499633789,-5.948552131652832,0,4375.833333333334
2021-11-08 11:59:20,34.34146881103516,-5.948541164398193,0,4380.0
2021-11-08 11:59:26,34.34146881103516,-5.9485368728637695,0,4383.333333333334
2021-11-08 11:59:32,34.34146881103516,-5.9485368728637695,0,4386.666666666667
2021-11-08 11:59:38,34.34146881103516,-5.9485368728637695,0,4393.333333333334
2021-11-08 11:59:44,34.34146881103516,-5.9485368728637695,0,4398.333333333334
2021-11-08 11:59:50,34.34146881103516,-5.9485368728637695,0,4401.666666666667
2021-11-08 11:59:56,34.34146881103516,-5.9485368728637695,0,4408.333333333334
2021-11-08 12:00:02,34.34146881103516,-5.9485368728637695,0,4412.5
2021-11-08 12:00:08,34.34146881103516,-5.9485368728637695,0,4415.833333333333
2021-11-08 12:00:14,34.34146881103516,-5.9485368728637695,0,4417.5
2021-11-08 12:00:20,34.34146881103516,-5.9485368728637695,0,4422.5
2021-11-08 12:00:26,34.34146881103516,-5.9485368728637695,0,4428.333333333333
2021-11-08 12:00:32,34.34146881103516,-5.9485368728637695,0,4431.666666666666
2021-11-08 12:00:38,34.34146881103516,-5.9485368728637695,0,4437.5
2021-11-08 12:00:44,34.34146881103516,-5.9485368728637695,0,4440.833333333333
2021-11-08 12:00:50,34.34146881103516,-5.9485368728637695,0,4445.833333333333
2021-11-08 12:00:56,34.34146881103516,-5.9485368728637695,0,4448.333333333333
2021-11-08 12:01:02,34.34146881103516,-5.9485368728637695,0,4454.166666666666
2021-11-08 12:01:08,34.34146881103516,-5.9485368728637695,0,4460.0
2021-11-08 12:01:14,34.34146881103516,-5.9485368728637695,0,4464.166666666666
2021-11-08 12:01:20,34.34146881103516,-5.9485368728637695,0,4465.833333333333
2021-11-08 12:01:26,34.34146881103516,-5.9485368728637695,0,4470.0
2021-11-08 12:01:32,34.34146881103516,-5.9485368728637695,0,4476.666666666666
2021-11-08 12:01:38,34.34146881103516,-5.9485368728637695,0,4478.333333333333
2021-11-08 12:01:44,34.34146881103516,-5.9485368728637695,0,4483.333333333333
2021-11-08 12:01:50,34.34146881103516,-5.9485368728637695,0,4488.333333333333
2021-11-08 12:01:56,34.34146881103516,-5.9485368728637695,0,4490.0
2021-11-08 12:02:02,34.34146881103516,-5.9485368728637695,0,4495.0
2021-11-08 12:02:08,34.34146881103516,-5.9485368728637695,0,4500.0
2021-11-08 12:02:14,34.34146881103516,-5.9485368728637695,0,4503.333333333333
2021-11-08 12:02:20,34.34146881103516,-5.9485368728637695,0,4507.5
2021-11-08 12:02:26,34.34146881103516,-5.9485368728637695,0,4514.166666666666
2021-11-08 12:02:32,34.34146881103516,-5.9485368728637695,0,4516.666666666667
2021-11-08 12:02:38,34.34146881103516,-5.9485368728637695,0,4522.5
2021-11-08 12:02:44,34.34146881103516,-5.9485368728637695,0,4528.333333333334
2021-11-08 12:02:50,34.34146881103516,-5.9485368728637695,0,4533.333333333334
2021-11-08 12:02:56,34.34146881103516,-5.9485368728637695,0,4540.0
2021-11-08 12:03:02,34.34146881103516,-5.9485368728637695,0,4541.666666666667
2021-11-08 12:03:08,34.34146881103516,-5.9485368728637695,0,4546.666666666667
2021-11-08 12:03:14,34.34146881103516,-5.9485368728637695,0,4552.5
2021-11-08 12:03:20,34.34146881103516,-5.9485368728637695,0,4558.333333333333
2021-11-08 12:03:26,34.34146881103516,-5.9485368728637695,0,4563.333333333333
2021-11-08 12:03:32,34.34146881103516,-5.9485368728637695,0,4565.833333333333
2021-11-08 12:03:38,34.34146881103516,-5.9485368728637695,0,4570.833333333333
2021-11-08 12:03:44,34.34146881103516,-5.9485368728637695,0,4576.666666666667
2021-11-08 12:03:50,34.34146881103516,-5.9485368728637695,0,4580.0
2021-11-08 12:03:56,34.34146881103516,-5.9485368728637695,0,4585.0
2021-11-08 12:04:02,34.34146881103516,-5.9485368728637695,0,4591.666666666667
2021-11-08 12:04:08,34.34146881103516,-5.9485368728637695,0,4597.5
2021-11-08 12:04:14,34.34146881103516,-5.9485368728637695,0,4601.666666666667
2021-11-08 12:04:20,34.34146881103516,-5.9485368728637695,0,4605.0
2021-11-08 12:04:26,34.34146881103516,-5.9485368728637695,0,4610.833333333334
2021-11-08 12:04:32,34.34146881103516,-5.9485368728637695,0,4615.833333333334
2021-11-08 12:04:38,34.341400146484375,-5.948575019836426,8,4621.666666666667
2021-11-08 12:04:44,34.341285705566406,-5.9485368728637695,8,4630.0
2021-11-08 12:04:50,34.34122848510742,-5.948493957519531,8,4633.333333333334
2021-11-08 12:04:56,34.34122467041016,-5.948324203491211,8,4639.166666666666
2021-11-08 12:05:02,34.34125518798828,-5.948163032531738,9,4644.166666666666
2021-11-08 12:05:08,34.341278076171875,-5.947988986968994,9,4647.5
2021-11-08 12:05:14,34.341312408447266,-5.947813987731934,9,4652.5
2021-11-08 12:05:20,34.34134292602539,-5.947635173797607,9,4658.333333333333
2021-11-08 12:05:26,34.341365814208984,-5.947447776794434,10,4661.666666666666
2021-11-08 12:05:32,34.341400146484375,-5.947260856628418,10,4664.166666666666
2021-11-08 12:05:38,34.34143829345703,-5.947075843811035,10,4669.166666666666
2021-11-08 12:05:44,34.34146881103516,-5.946890830993652,10,4672.5
2021-11-08 12:05:50,34.34150314331055,-5.946712017059326,10,4675.0
2021-11-08 12:05:56,34.34153366088867,-5.94652795791626,10,4680.0
2021-11-08 12:06:02,34.3415641784668,-5.946343898773193,10,4685.0
2021-11-08 12:06:08,34.34159469604492,-5.946162223815918,10,4688.333333333333
2021-11-08 12:06:14,34.34162902832031,-5.945981025695801,10,4691.666666666666
2021-11-08 12:06:20,34.3416633605957,-5.94580078125,10,4695.833333333333
2021-11-08 12:06:26,34.34169387817383,-5.945618152618408,10,4701.666666666666
2021-11-08 12:06:32,34.34172439575195,-5.945436000823975,10,4706.666666666666
2021-11-08 12:06:38,34.34176254272461,-5.945254802703857,10,4710.0
2021-11-08 12:06:44,34.341796875,-5.945072174072266,10,4715.0
2021-11-08 12:06:50,34.34183120727539,-5.944883823394775,10,4718.333333333333
2021-11-08 12:06:56,34.34186553955078,-5.944705009460449,10,4721.666666666666
2021-11-08 12:07:02,34.34189987182617,-5.944519996643066,10,4726.666666666666
2021-11-08 12:07:08,34.34192657470703,-5.944333076477051,10,4732.5
2021-11-08 12:07:14,34.34196090698242,-5.944141864776611,10,4735.833333333334
2021-11-08 12:07:20,34.34198760986328,-5.94395112991333,10,4740.833333333333
2021-11-08 12:07:26,34.34202575683594,-5.9437642097473145,10,4745.833333333333
2021-11-08 12:07:32,34.34205627441406,-5.943575859069824,10,4750.833333333333
2021-11-08 12:07:38,34.34209060668945,-5.943389892578125,10,4755.833333333333
2021-11-08 12:07:44,34.34211349487305,-5.943199157714844,10,4760.833333333333
2021-11-08 12:07:50,34.34222412109375,-5.943112850189209,10,4764.166666666666
2021-11-08 12:07:56,34.34238052368164,-5.943161010742188,10,4768.333333333333
2021-11-08 12:08:02,34.342525482177734,-5.943241119384766,10,4772.5
2021-11-08 12:08:08,34.34261703491211,-5.943394184112549,11,4775.833333333334
2021-11-08 12:08:14,34.34259033203125,-5.943576812744141,10,4780.0
2021-11-08 12:08:20,34.342559814453125,-5.943769931793213,10,4785.0
2021-11-08 12:08:26,34.342529296875,-5.943961143493652,10,4790.833333333334
2021-11-08 12:08:32,34.342491149902344,-5.944145202636719,11,4794.166666666667
2021-11-08 12:08:38,34.34245300292969,-5.944333076477051,10,4799.166666666667
2021-11-08 12:08:44,34.342411041259766,-5.94451904296875,10,4803.333333333334
2021-11-08 12:08:50,34.342376708984375,-5.944706916809082,10,4809.166666666667
2021-11-08 12:08:56,34.342342376708984,-5.944891929626465,9,4813.333333333334
2021-11-08 12:09:02,34.34231185913086,-5.945084095001221,10,4816.666666666667
2021-11-08 12:09:08,34.3422737121582,-5.945269107818604,10,4821.666666666667
2021-11-08 12:09:14,34.34223175048828,-5.945457935333252,10,4825.833333333334
2021-11-08 12:09:20,34.34220123291016,-5.945611953735352,7,4829.166666666667
2021-11-08 12:09:26,34.3421516418457,-5.945761203765869,9,4830.833333333334
2021-11-08 12:09:32,34.34211730957031,-5.94593620300293,10,4835.0
2021-11-08 12:09:38,34.342079162597656,-5.946095943450928,9,4838.333333333334
2021-11-08 12:09:44,34.342037200927734,-5.946280002593994,10,4842.5
2021-11-08 12:09:50,34.34199142456055,-5.946455955505371,8,4845.833333333334
2021-11-08 12:09:56,34.3419303894043,-5.946599006652832,9,4850.0
2021-11-08 12:10:02,34.34187698364258,-5.946509838104248,11,4856.666666666667
2021-11-08 12:10:08,34.341949462890625,-5.946368217468262,11,4861.666666666667
2021-11-08 12:10:14,34.34199142456055,-5.946187973022461,10,4866.666666666667
2021-11-08 12:10:20,34.342037200927734,-5.946005821228027,10,4870.0
2021-11-08 12:10:26,34.342071533203125,-5.945825099945068,10,4874.166666666667
2021-11-08 12:10:32,34.34210205078125,-5.9456400871276855,10,4879.166666666667
2021-11-08 12:10:38,34.34217071533203,-5.94547700881958,11,4882.5
2021-11-08 12:10:44,34.34221267700195,-5.945281982421875,10,4886.666666666667
2021-11-08 12:10:50,34.342247009277344,-5.94508695602417,10,4891.666666666667
2021-11-08 12:10:56,34.34228515625,-5.944888114929199,11,4893.333333333334
2021-11-08 12:11:02,34.342323303222656,-5.944690227508545,11,4900.833333333334
2021-11-08 12:11:08,34.34236145019531,-5.944492816925049,10,4905.833333333334
2021-11-08 12:11:14,34.342403411865234,-5.944292068481445,11,4910.833333333334
2021-11-08 12:11:20,34.34244537353516,-5.944094181060791,11,4915.0
2021-11-08 12:11:26,34.34248352050781,-5.943893909454346,10,4919.166666666666
2021-11-08 12:11:32,34.34251403808594,-5.943696022033691,10,4923.333333333333
2021-11-08 12:11:38,34.342552185058594,-5.943500995635986,10,4929.166666666666
2021-11-08 12:11:44,34.34260177612305,-5.943330764770508,9,4933.333333333333
2021-11-08 12:11:50,34.34270095825195,-5.943390846252441,7,4935.833333333333
2021-11-08 12:11:56,34.34259796142578,-5.943441867828369,8,4940.833333333333
2021-11-08 12:12:02,34.342552185058594,-5.9433112144470215,10,4944.166666666666
2021-11-08 12:12:08,34.3426513671875,-5.943397045135498,11,4950.0
2021-11-08 12:12:14,34.342620849609375,-5.9435811042785645,11,4955.0
2021-11-08 12:12:20,34.34260177612305,-5.943769931793213,10,4958.333333333333
2021-11-08 12:12:26,34.34256362915039,-5.943955898284912,10,4960.0
2021-11-08 12:12:32,34.34253692626953,-5.944139003753662,11,4962.5
2021-11-08 12:12:38,34.342506408691406,-5.944325923919678,11,4970.833333333333
2021-11-08 12:12:44,34.34246063232422,-5.944515228271484,10,4975.833333333333
2021-11-08 12:12:50,34.342430114746094,-5.944711208343506,11,4980.833333333333
2021-11-08 12:12:56,34.34238052368164,-5.944901943206787,10,4984.166666666666
2021-11-08 12:13:02,34.34233856201172,-5.94509220123291,10,4988.333333333333
2021-11-08 12:13:08,34.34230422973633,-5.945271968841553,10,4992.5
2021-11-08 12:13:14,34.342254638671875,-5.945468902587891,10,4996.666666666666
2021-11-08 12:13:20,34.34221267700195,-5.9456400871276855,8,4999.166666666666
2021-11-08 12:13:26,34.342166900634766,-5.945765972137451,8,5003.333333333333
2021-11-08 12:13:32,34.34209060668945,-5.945697784423828,9,5011.666666666666
2021-11-08 12:13:38,34.34214401245117,-5.945528984069824,11,5016.666666666666
2021-11-08 12:13:44,34.34219741821289,-5.945333957672119,11,5020.833333333333
2021-11-08 12:13:50,34.34223175048828,-5.945130825042725,11,5025.833333333333
2021-11-08 12:13:56,34.34226989746094,-5.944931983947754,11,5030.833333333333
2021-11-08 12:14:02,34.34230422973633,-5.944729804992676,11,5035.833333333333
2021-11-08 12:14:08,34.342342376708984,-5.944528102874756,11,5039.166666666666
2021-11-08 12:14:14,34.342384338378906,-5.944325923919678,11,5043.333333333333
2021-11-08 12:14:20,34.3424186706543,-5.944128036499023,11,5049.166666666666
2021-11-08 12:14:26,34.342464447021484,-5.943926811218262,11,5054.166666666666
2021-11-08 12:14:32,34.34249496459961,-5.943723201751709,11,5058.333333333333
2021-11-08 12:14:38,34.34253692626953,-5.943525791168213,11,5061.666666666666
2021-11-08 12:14:44,34.34257888793945,-5.943334102630615,11,5066.666666666666
2021-11-08 12:14:50,34.342674255371094,-5.943417072296143,10,5071.666666666666
2021-11-08 12:14:56,34.3426399230957,-5.943601131439209,11,5076.666666666666
2021-11-08 12:15:02,34.34260559082031,-5.943789958953857,11,5079.166666666666
2021-11-08 12:15:08,34.34254837036133,-5.943965911865234,10,5085.0
2021-11-08 12:15:14,34.34253692626953,-5.944150924682617,11,5088.333333333333
2021-11-08 12:15:20,34.34250259399414,-5.944349765777588,11,5092.5
2021-11-08 12:15:26,34.34246063232422,-5.944537162780762,9,5097.5
2021-11-08 12:15:32,34.3424186706543,-5.944726943969727,10,5100.833333333333
2021-11-08 12:15:38,34.342369079589844,-5.944881916046143,7,5105.833333333333
2021-11-08 12:15:44,34.34229278564453,-5.945012092590332,9,5110.0
2021-11-08 12:15:50,34.342254638671875,-5.9448981285095215,10,5115.0
2021-11-08 12:15:56,34.3422966003418,-5.944715023040772,10,5120.0
2021-11-08 12:16:02,34.34233474731445,-5.94452714920044,11,5124.166666666666
2021-11-08 12:16:08,34.342376708984375,-5.944333076477051,10,5129.166666666666
2021-11-08 12:16:14,34.34241485595703,-5.944139003753662,11,5134.166666666666
2021-11-08 12:16:20,34.34244918823242,-5.94395112991333,10,5136.666666666666
2021-11-08 12:16:26,34.34248352050781,-5.943755149841309,11,5141.666666666666
2021-11-08 12:16:32,34.34251403808594,-5.943560123443604,11,5145.833333333334
2021-11-08 12:16:38,34.3425407409668,-5.943367958068848,10,5150.833333333334
2021-11-08 12:16:44,34.34263229370117,-5.94328498840332,9,5154.166666666666
2021-11-08 12:16:50,34.34270095825195,-5.943417072296143,10,5157.5
2021-11-08 12:16:56,34.34266662597656,-5.943597793579102,10,5160.833333333334
2021-11-08 12:17:02,34.34263610839844,-5.943775177001953,10,5165.833333333334
2021-11-08 12:17:08,34.34260559082031,-5.943943977355957,10,5169.166666666666
2021-11-08 12:17:14,34.34256362915039,-5.944102764129639,10,5172.5
2021-11-08 12:17:20,34.342525482177734,-5.944272994995117,10,5176.666666666666
2021-11-08 12:17:26,34.3424072265625,-5.944260120391846,10,5182.5
2021-11-08 12:17:32,34.3424072265625,-5.944069862365723,10,5185.0
2021-11-08 12:17:38,34.342437744140625,-5.943875789642334,10,5189.166666666666
2021-11-08 12:17:44,34.34246826171875,-5.94368314743042,11,5194.166666666667
2021-11-08 12:17:50,34.342498779296875,-5.943488121032715,10,5197.5
2021-11-08 12:17:56,34.342525482177734,-5.943295955657959,10,5201.666666666667
2021-11-08 12:18:02,34.3426513671875,-5.943295001983643,9,5206.666666666667
2021-11-08 12:18:08,34.342735290527344,-5.943404197692871,8,5209.166666666667
2021-11-08 12:18:14,34.34268951416016,-5.943544864654541,10,5211.666666666667
2021-11-08 12:18:20,34.34260177612305,-5.943453788757324,10,5214.166666666667
2021-11-08 12:18:26,34.342674255371094,-5.943339824676514,9,5219.166666666667
2021-11-08 12:18:32,34.34272003173828,-5.943425178527832,4,5222.5
2021-11-08 12:18:38,34.34272003173828,-5.943435192108154,0,5228.333333333334
2021-11-08 12:18:44,34.342716217041016,-5.943436145782471,0,5230.0
2021-11-08 12:18:50,34.342716217041016,-5.943437099456787,0,5235.0
2021-11-08 12:18:56,34.342716217041016,-5.943437099456787,0,5238.333333333334
2021-11-08 12:19:02,34.342716217041016,-5.943437099456787,0,5243.333333333334
2021-11-08 12:19:08,34.342716217041016,-5.943437099456787,0,5247.5
2021-11-08 12:19:14,34.342716217041016,-5.943437099456787,0,5250.0
2021-11-08 12:19:20,34.342716217041016,-5.943437099456787,0,5254.166666666667
2021-11-08 12:19:26,34.342716217041016,-5.943437099456787,0,5257.5
2021-11-08 12:19:32,34.342716217041016,-5.943437099456787,0,5262.5
2021-11-08 12:19:38,34.342716217041016,-5.943437099456787,0,5267.5
2021-11-08 12:19:44,34.342716217041016,-5.943437099456787,0,5271.666666666667
2021-11-08 12:19:50,34.342716217041016,-5.943437099456787,0,5276.666666666667
2021-11-08 12:19:56,34.342716217041016,-5.943437099456787,0,5279.166666666667
2021-11-08 12:20:02,34.342716217041016,-5.943437099456787,0,5285.0
2021-11-08 12:20:08,34.342716217041016,-5.943437099456787,0,5290.0
2021-11-08 12:20:14,34.342716217041016,-5.943437099456787,0,5295.0
2021-11-08 12:20:20,34.342716217041016,-5.943437099456787,0,5297.5
2021-11-08 12:20:26,34.342716217041016,-5.943437099456787,0,5301.666666666666
2021-11-08 12:20:32,34.342716217041016,-5.943437099456787,0,5306.666666666666
2021-11-08 12:20:38,34.342716217041016,-5.943437099456787,0,5312.5
2021-11-08 12:20:44,34.342716217041016,-5.943437099456787,0,5317.5
2021-11-08 12:20:50,34.342716217041016,-5.943437099456787,0,5321.666666666666
2021-11-08 12:20:56,34.342716217041016,-5.943437099456787,0,5325.833333333333
2021-11-08 12:21:02,34.342716217041016,-5.943437099456787,0,5330.833333333333
2021-11-08 12:21:08,34.342716217041016,-5.943437099456787,0,5334.166666666666
2021-11-08 12:21:14,34.342716217041016,-5.943437099456787,0,5340.0
2021-11-08 12:21:20,34.342716217041016,-5.943437099456787,0,5344.166666666666
2021-11-08 12:21:26,34.342716217041016,-5.943437099456787,0,5350.0
2021-11-08 12:21:32,34.342716217041016,-5.943437099456787,0,5352.5
2021-11-08 12:21:38,34.342716217041016,-5.943437099456787,0,5358.333333333333
2021-11-08 12:21:44,34.342716217041016,-5.943437099456787,0,5365.0
2021-11-08 12:21:50,34.342716217041016,-5.943437099456787,0,5369.166666666666
2021-11-08 12:21:56,34.342716217041016,-5.943437099456787,0,5374.166666666666
2021-11-08 12:22:02,34.342716217041016,-5.943437099456787,0,5379.166666666666
2021-11-08 12:22:08,34.342716217041016,-5.943437099456787,0,5384.166666666666
2021-11-08 12:22:14,34.342716217041016,-5.943437099456787,0,5388.333333333333
2021-11-08 12:22:20,34.342716217041016,-5.943437099456787,0,5393.333333333333
2021-11-08 12:22:26,34.342716217041016,-5.943437099456787,0,5399.166666666666
2021-11-08 12:22:32,34.342716217041016,-5.943437099456787,0,5401.666666666666
2021-11-08 12:22:38,34.342716217041016,-5.943437099456787,0,5407.5
2021-11-08 12:22:44,34.342716217041016,-5.943437099456787,0,5412.5
2021-11-08 12:22:50,34.342716217041016,-5.943437099456787,0,5417.5
2021-11-08 12:22:56,34.342716217041016,-5.943437099456787,0,5420.0
2021-11-08 12:23:02,34.342716217041016,-5.943437099456787,0,5426.666666666666
2021-11-08 12:23:08,34.342716217041016,-5.943437099456787,0,5431.666666666666
2021-11-08 12:23:14,34.342716217041016,-5.943437099456787,0,5437.5
2021-11-08 12:23:20,34.342716217041016,-5.943437099456787,0,5441.666666666667
2021-11-08 12:23:26,34.342716217041016,-5.943437099456787,0,5445.0
2021-11-08 12:23:32,34.342716217041016,-5.943437099456787,0,5450.833333333334
2021-11-08 12:23:38,34.342716217041016,-5.943437099456787,0,5457.5
2021-11-08 12:23:44,34.342716217041016,-5.943437099456787,0,5461.666666666667
2021-11-08 12:23:50,34.342716217041016,-5.943437099456787,0,5466.666666666667
2021-11-08 12:23:56,34.342716217041016,-5.943437099456787,0,5470.833333333334
2021-11-08 12:24:02,34.342716217041016,-5.943437099456787,0,5476.666666666667
2021-11-08 12:24:08,34.342716217041016,-5.943437099456787,0,5479.166666666666
2021-11-08 12:24:14,34.342716217041016,-5.943437099456787,0,5485.833333333334
2021-11-08 12:24:20,34.34257888793945,-5.943356990814209,10,5490.0
2021-11-08 12:24:26,34.34244918823242,-5.9432759284973145,10,5494.166666666666
2021-11-08 12:24:32,34.3422966003418,-5.9432220458984375,10,5498.333333333334
2021-11-08 12:24:38,34.34214782714844,-5.943170070648193,10,5502.5
2021-11-08 12:24:44,34.34199523925781,-5.943126201629639,10,5505.833333333334
2021-11-08 12:24:50,34.34184646606445,-5.943077087402344,10,5511.666666666666
2021-11-08 12:24:56,34.341697692871094,-5.9430341720581055,10,5515.0
2021-11-08 12:25:02,34.341552734375,-5.942975044250488,10,5518.333333333334
2021-11-08 12:25:08,34.34140396118164,-5.942923069000244,9,5522.5
2021-11-08 12:25:14,34.34125900268555,-5.942873954772949,9,5527.5
2021-11-08 12:25:20,34.341121673583984,-5.942823886871338,10,5531.666666666666
2021-11-08 12:25:26,34.34098434448242,-5.942763805389404,9,5536.666666666666
2021-11-08 12:25:32,34.34086608886719,-5.9427690505981445,7,5539.166666666666
2021-11-08 12:25:38,34.34078598022461,-5.942800045013428,5,5547.5
2021-11-08 12:25:44,34.340728759765625,-5.942706108093262,6,5555.833333333334
2021-11-08 12:25:50,34.340816497802734,-5.94265079498291,7,5559.166666666667
2021-11-08 12:25:56,34.340919494628906,-5.942690849304199,8,5564.166666666667
2021-11-08 12:26:02,34.34104919433594,-5.942739009857178,9,5569.166666666667
2021-11-08 12:26:08,34.341182708740234,-5.942790985107422,9,5572.5
2021-11-08 12:26:14,34.34131622314453,-5.94284200668335,9,5575.833333333334
2021-11-08 12:26:20,34.341453552246094,-5.942889213562012,9,5579.166666666667
2021-11-08 12:26:26,34.34158706665039,-5.942934989929199,9,5582.5
2021-11-08 12:26:32,34.34165954589844,-5.9430742263793945,10,5585.0
2021-11-08 12:26:38,34.34164810180664,-5.943253040313721,10,5591.666666666667
2021-11-08 12:26:44,34.34163284301758,-5.943429946899414,10,5595.0
2021-11-08 12:26:50,34.34160232543945,-5.943610191345215,10,5600.0
2021-11-08 12:26:56,34.34157180786133,-5.943789005279541,10,5605.0
2021-11-08 12:27:02,34.34154510498047,-5.943972110748291,10,5606.666666666667
2021-11-08 12:27:08,34.341514587402344,-5.944159984588623,10,5613.333333333334
2021-11-08 12:27:14,34.341487884521484,-5.944348812103272,10,5619.166666666667
2021-11-08 12:27:20,34.341461181640625,-5.944536209106445,10,5622.5
2021-11-08 12:27:26,34.341426849365234,-5.944723129272461,10,5628.333333333334
2021-11-08 12:27:32,34.341392517089844,-5.944902896881104,10,5632.5
2021-11-08 12:27:38,34.341365814208984,-5.94508695602417,10,5639.166666666667
2021-11-08 12:27:44,34.341339111328125,-5.945269107818604,10,5641.666666666667
2021-11-08 12:27:50,34.341304779052734,-5.945448875427246,10,5648.333333333334
2021-11-08 12:27:56,34.341270446777344,-5.945631980895996,10,5651.666666666667
2021-11-08 12:28:02,34.34124755859375,-5.945816993713379,10,5659.166666666667
2021-11-08 12:28:08,34.34121322631836,-5.946008205413818,10,5663.333333333334
2021-11-08 12:28:14,34.341182708740234,-5.946193218231201,10,5669.166666666667
2021-11-08 12:28:20,34.34114456176758,-5.946375846862793,10,5674.166666666667
2021-11-08 12:28:26,34.34111404418945,-5.946560859680176,10,5678.333333333334
2021-11-08 12:28:32,34.34107971191406,-5.946750164031982,9,5683.333333333334
2021-11-08 12:28:38,34.34105682373047,-5.946940898895264,10,5689.166666666667
2021-11-08 12:28:44,34.34103012084961,-5.947131156921387,10,5692.5
2021-11-08 12:28:50,34.340999603271484,-5.947320938110352,10,5697.5
2021-11-08 12:28:56,34.34096908569336,-5.94751501083374,10,5701.666666666666
2021-11-08 12:29:02,34.3409423828125,-5.94770622253418,10,5705.833333333334
2021-11-08 12:29:08,34.340911865234375,-5.947896957397461,10,5709.166666666666
2021-11-08 12:29:14,34.34088134765625,-5.948090076446533,10,5713.333333333334
2021-11-08 12:29:20,34.34085464477539,-5.948275089263916,9,5720.0
2021-11-08 12:29:26,34.34084701538086,-5.948462009429932,9,5724.166666666666
2021-11-08 12:29:32,34.34074401855469,-5.9484639167785645,9,5730.0
2021-11-08 12:29:38,34.34077835083008,-5.948284149169922,10,5733.333333333334
2021-11-08 12:29:44,34.3408088684082,-5.948093891143799,10,5736.666666666666
2021-11-08 12:29:50,34.34083557128906,-5.947904109954834,10,5740.833333333334
2021-11-08 12:29:56,34.34086608886719,-5.947710990905762,10,5746.666666666666
2021-11-08 12:30:02,34.34089660644531,-5.94752311706543,10,5751.666666666666
2021-11-08 12:30:08,34.34092712402344,-5.94733190536499,11,5755.0
2021-11-08 12:30:14,34.34096145629883,-5.947134017944336,11,5760.0
2021-11-08 12:30:20,34.34099197387695,-5.946934223175049,11,5763.333333333334
2021-11-08 12:30:26,34.341026306152344,-5.946741104125977,10,5765.833333333334
2021-11-08 12:30:32,34.3410530090332,-5.946546077728272,10,5770.833333333333
2021-11-08 12:30:38,34.341087341308594,-5.946354866027832,10,5775.0
2021-11-08 12:30:44,34.34112548828125,-5.946167945861816,10,5780.0
2021-11-08 12:30:50,34.34115982055664,-5.945981025695801,10,5786.666666666666
2021-11-08 12:30:56,34.34119415283203,-5.945785999298096,11,5790.0
2021-11-08 12:31:02,34.34122467041016,-5.945591926574707,10,5795.833333333333
2021-11-08 12:31:08,34.34125518798828,-5.945405960083008,10,5800.833333333333
2021-11-08 12:31:14,34.34128189086914,-5.945222854614258,10,5807.5
2021-11-08 12:31:20,34.341312408447266,-5.945038795471191,10,5812.5
2021-11-08 12:31:26,34.34133529663086,-5.944849014282227,10,5816.666666666666
2021-11-08 12:31:32,34.341365814208984,-5.944661140441895,10,5822.5
2021-11-08 12:31:38,34.34139633178711,-5.944474220275879,10,5827.5
2021-11-08 12:31:44,34.341426849365234,-5.944283962249756,10,5831.666666666666
2021-11-08 12:31:50,34.34145736694336,-5.944096088409424,10,5836.666666666666
2021-11-08 12:31:56,34.341487884521484,-5.943910121917725,10,5841.666666666666
2021-11-08 12:32:02,34.34150695800781,-5.943714141845703,10,5847.5
2021-11-08 12:32:08,34.34153747558594,-5.943521022796631,10,5852.5
2021-11-08 12:32:14,34.34157180786133,-5.943329811096191,10,5855.0
2021-11-08 12:32:20,34.34159851074219,-5.943142890930176,10,5860.833333333334
2021-11-08 12:32:26,34.341644287109375,-5.942968845367432,11,5866.666666666667
2021-11-08 12:32:32,34.34172439575195,-5.943091869354248,11,5871.666666666667
2021-11-08 12:32:38,34.34170913696289,-5.943285942077637,10,5874.166666666667
2021-11-08 12:32:44,34.34168243408203,-5.943478107452393,10,5880.0
2021-11-08 12:32:50,34.341651916503906,-5.943666934967041,10,5884.166666666667
2021-11-08 12:32:56,34.34161758422852,-5.943857192993164,10,5888.333333333334
2021-11-08 12:33:02,34.341583251953125,-5.944049835205078,10,5893.333333333334
2021-11-08 12:33:08,34.341552734375,-5.944242000579834,10,5899.166666666667
2021-11-08 12:33:14,34.341522216796875,-5.944430828094482,10,5902.5
2021-11-08 12:33:20,34.34149169921875,-5.944620132446289,10,5907.5
2021-11-08 12:33:26,34.341461181640625,-5.944808006286621,10,5913.333333333334
2021-11-08 12:33:32,34.341426849365234,-5.944990158081055,10,5919.166666666667
2021-11-08 12:33:38,34.34139633178711,-5.945178985595703,10,5922.5
2021-11-08 12:33:44,34.34136962890625,-5.9453630447387695,10,5926.666666666667
2021-11-08 12:33:50,34.34134292602539,-5.945547103881836,10,5932.5
2021-11-08 12:33:56,34.341312408447266,-5.945734977722168,10,5940.0
2021-11-08 12:34:02,34.34128189086914,-5.945919990539551,10,5945.0
2021-11-08 12:34:08,34.34124755859375,-5.946109771728516,10,5950.833333333334
2021-11-08 12:34:14,34.341209411621094,-5.946298122406006,10,5954.166666666667
2021-11-08 12:34:20,34.34117126464844,-5.946484088897705,10,5959.166666666667
2021-11-08 12:34:26,34.34113693237305,-5.946671009063721,10,5965.0
2021-11-08 12:34:32,34.34111404418945,-5.94686222076416,10,5968.333333333334
2021-11-08 12:34:38,34.34108352661133,-5.947052955627441,10,5974.166666666667
2021-11-08 12:34:44,34.3410530090332,-5.94724702835083,10,5979.166666666667
2021-11-08 12:34:50,34.34102249145508,-5.947439193725586,10,5982.5
2021-11-08 12:34:56,34.34099197387695,-5.947629928588867,11,5987.5
2021-11-08 12:35:02,34.34095764160156,-5.947822093963623,10,5993.333333333334
2021-11-08 12:35:08,34.34092330932617,-5.948013782501221,10,5996.666666666666
2021-11-08 12:35:14,34.34089660644531,-5.94820499420166,10,6003.333333333334
2021-11-08 12:35:20,34.340877532958984,-5.948397159576416,10,6006.666666666666
2021-11-08 12:35:26,34.34077835083008,-5.948523998260498,12,6010.0
2021-11-08 12:35:32,34.34074020385742,-5.948359966278076,10,6015.0
2021-11-08 12:35:38,34.34077453613281,-5.948174953460693,10,6020.0
2021-11-08 12:35:44,34.34080123901367,-5.9479851722717285,11,6023.333333333334
2021-11-08 12:35:50,34.34082794189453,-5.947790145874023,10,6027.5
2021-11-08 12:35:56,34.340858459472656,-5.947594165802002,11,6032.5
2021-11-08 12:36:02,34.34088897705078,-5.947393894195557,11,6035.833333333334
2021-11-08 12:36:08,34.340919494628906,-5.947196006774902,11,6039.166666666667
2021-11-08 12:36:14,34.34095764160156,-5.946997165679932,10,6043.333333333334
2021-11-08 12:36:20,34.34099197387695,-5.946802139282227,10,6048.333333333334
2021-11-08 12:36:26,34.34101867675781,-5.946606159210205,10,6051.666666666667
2021-11-08 12:36:32,34.34104919433594,-5.9464111328125,10,6056.666666666667
2021-11-08 12:36:38,34.34108352661133,-5.946218967437744,10,6060.833333333334
2021-11-08 12:36:44,34.34111785888672,-5.946026802062988,10,6067.5
2021-11-08 12:36:50,34.341156005859375,-5.945838928222656,10,6070.833333333334
2021-11-08 12:36:56,34.341190338134766,-5.945651054382324,10,6076.666666666667
2021-11-08 12:37:02,34.34122085571289,-5.945464134216309,10,6081.666666666667
2021-11-08 12:37:08,34.34124755859375,-5.945277214050293,10,6087.5
2021-11-08 12:37:14,34.341270446777344,-5.945087909698486,10,6092.5
2021-11-08 12:37:20,34.341304779052734,-5.944902896881104,10,6095.0
2021-11-08 12:37:26,34.34133529663086,-5.944717884063721,10,6100.833333333334
2021-11-08 12:37:32,34.341365814208984,-5.944530963897705,10,6107.5
2021-11-08 12:37:38,34.34139633178711,-5.94434118270874,10,6112.5
2021-11-08 12:37:44,34.341426849365234,-5.944149971008301,10,6118.333333333334
2021-11-08 12:37:50,34.341461181640625,-5.94395923614502,10,6121.666666666667
2021-11-08 12:37:56,34.341495513916016,-5.943772792816162,10,6126.666666666667
2021-11-08 12:38:02,34.34152603149414,-5.943583965301514,10,6131.666666666667
2021-11-08 12:38:08,34.341556549072266,-5.943394184112549,10,6135.0
2021-11-08 12:38:14,34.341575622558594,-5.943209171295166,10,6140.833333333334
2021-11-08 12:38:20,34.34159851074219,-5.943017959594727,11,6145.0
2021-11-08 12:38:26,34.341739654541016,-5.943006992340088,11,6150.0
2021-11-08 12:38:32,34.34175109863281,-5.943195819854736,10,6154.166666666667
2021-11-08 12:38:38,34.34172821044922,-5.943385124206543,10,6157.5
2021-11-08 12:38:44,34.34170150756836,-5.943579196929932,10,6163.333333333334
2021-11-08 12:38:50,34.3416633605957,-5.943770885467529,10,6168.333333333334
2021-11-08 12:38:56,34.34163284301758,-5.943961143493652,10,6172.5
2021-11-08 12:39:02,34.34159851074219,-5.944150924682617,10,6176.666666666667
2021-11-08 12:39:08,34.34156799316406,-5.94434118270874,10,6181.666666666667
2021-11-08 12:39:14,34.3415412902832,-5.944530010223389,10,6186.666666666667
2021-11-08 12:39:20,34.34150695800781,-5.944721221923828,10,6192.5
2021-11-08 12:39:26,34.34147644042969,-5.944904804229736,10,6195.833333333334
2021-11-08 12:39:32,34.3414421081543,-5.945085048675537,10,6202.5
2021-11-08 12:39:38,34.34141159057617,-5.94527006149292,10,6209.166666666667
2021-11-08 12:39:44,34.34138107299805,-5.94545316696167,10,6215.0
2021-11-08 12:39:50,34.34135055541992,-5.9456329345703125,10,6217.5
2021-11-08 12:39:56,34.3413200378418,-5.9458208084106445,10,6223.333333333334
2021-11-08 12:40:02,34.341285705566406,-5.946005821228027,10,6230.0
2021-11-08 12:40:08,34.341251373291016,-5.94619607925415,10,6233.333333333334
2021-11-08 12:40:14,34.341217041015625,-5.946382999420166,10,6240.0
2021-11-08 12:40:20,34.3411865234375,-5.946571826934815,10,6242.5
2021-11-08 12:40:26,34.34115219116211,-5.946763038635254,10,6248.333333333334
2021-11-08 12:40:32,34.341121673583984,-5.946959018707275,11,6253.333333333334
2021-11-08 12:40:38,34.34108352661133,-5.94714879989624,10,6257.5
2021-11-08 12:40:44,34.341060638427734,-5.9473419189453125,11,6260.833333333334
2021-11-08 12:40:50,34.34103012084961,-5.947533130645752,10,6266.666666666666
2021-11-08 12:40:56,34.340999603271484,-5.947725772857666,11,6270.833333333334
2021-11-08 12:41:02,34.340965270996094,-5.947917938232422,10,6275.0
2021-11-08 12:41:08,34.340938568115234,-5.948109149932861,10,6279.166666666666
2021-11-08 12:41:14,34.340911865234375,-5.94830322265625,10,6285.0
2021-11-08 12:41:20,34.34089279174805,-5.948493957519531,11,6289.166666666666
2021-11-08 12:41:26,34.34073638916016,-5.948527812957764,12,6294.166666666666
2021-11-08 12:41:32,34.3407096862793,-5.948355197906494,10,6296.666666666666
2021-11-08 12:41:38,34.34074401855469,-5.9481611251831055,11,6300.833333333334
2021-11-08 12:41:44,34.34077835083008,-5.94797420501709,10,6305.0
2021-11-08 12:41:50,34.3408088684082,-5.947782039642334,11,6309.166666666667
2021-11-08 12:41:56,34.340843200683594,-5.947585105895996,11,6313.333333333334
2021-11-08 12:42:02,34.340877532958984,-5.947387218475342,11,6318.333333333334
2021-11-08 12:42:08,34.340911865234375,-5.947188854217529,11,6320.833333333334
2021-11-08 12:42:14,34.340946197509766,-5.946988105773926,11,6325.833333333334
2021-11-08 12:42:20,34.340972900390625,-5.946792125701904,11,6330.0
2021-11-08 12:42:26,34.34101104736328,-5.946601867675781,10,6332.5
2021-11-08 12:42:32,34.34104537963867,-5.9464111328125,10,6337.5
2021-11-08 12:42:38,34.3410758972168,-5.946226119995117,10,6343.333333333334
2021-11-08 12:42:44,34.34111022949219,-5.946037769317627,10,6349.166666666667
2021-11-08 12:42:50,34.34114456176758,-5.945850849151611,10,6352.5
2021-11-08 12:42:56,34.34117889404297,-5.9456658363342285,10,6357.5
2021-11-08 12:43:02,34.34121322631836,-5.9454779624938965,10,6363.333333333334
2021-11-08 12:43:08,34.34123611450195,-5.945291996002197,10,6369.166666666667
2021-11-08 12:43:14,34.34126281738281,-5.945104122161865,10,6373.333333333334
2021-11-08 12:43:20,34.34129333496094,-5.944918155670166,10,6380.0
2021-11-08 12:43:26,34.3413200378418,-5.944728851318359,10,6385.0
2021-11-08 12:43:32,34.34135055541992,-5.944536209106445,10,6389.166666666666
2021-11-08 12:43:38,34.34138488769531,-5.944347858428955,10,6394.166666666666
2021-11-08 12:43:44,34.34141540527344,-5.944156169891357,10,6398.333333333334
2021-11-08 12:43:50,34.3414421081543,-5.943964004516602,10,6404.166666666666
2021-11-08 12:43:56,34.34146881103516,-5.943770885467529,10,6407.5
2021-11-08 12:44:02,34.341495513916016,-5.9435811042785645,10,6413.333333333334
2021-11-08 12:44:08,34.34152603149414,-5.943390846252441,10,6418.333333333334
2021-11-08 12:44:14,34.341548919677734,-5.943195819854736,11,6422.5
2021-11-08 12:44:20,34.3415641784668,-5.942998886108398,11,6426.666666666666
2021-11-08 12:44:26,34.341705322265625,-5.942959785461426,11,6431.666666666666
2021-11-08 12:44:32,34.34177017211914,-5.943120956420898,11,6436.666666666666
2021-11-08 12:44:38,34.34174728393555,-5.943312168121338,10,6439.166666666666
2021-11-08 12:44:44,34.34172439575195,-5.943501949310303,11,6445.0
2021-11-08 12:44:50,34.3416862487793,-5.943688869476318,10,6450.0
2021-11-08 12:44:56,34.34165573120117,-5.943877220153809,10,6453.333333333334
2021-11-08 12:45:02,34.34162139892578,-5.944067001342773,10,6458.333333333334
2021-11-08 12:45:08,34.341590881347656,-5.944255828857422,10,6464.166666666667
2021-11-08 12:45:14,34.34156036376953,-5.944447994232178,10,6467.5
2021-11-08 12:45:20,34.34152603149414,-5.944637775421143,10,6473.333333333334
2021-11-08 12:45:26,34.341487884521484,-5.944821834564209,9,6479.166666666667
2021-11-08 12:45:32,34.34146499633789,-5.945009231567383,10,6483.333333333334
2021-11-08 12:45:38,34.34143829345703,-5.945195198059082,10,6487.5
2021-11-08 12:45:44,34.34141159057617,-5.945375919342041,10,6494.166666666667
2021-11-08 12:45:50,34.34138107299805,-5.945558071136475,10,6500.0
2021-11-08 12:45:56,34.34135055541992,-5.945748805999756,10,6503.333333333334
2021-11-08 12:46:02,34.3413200378418,-5.9459381103515625,10,6510.0
2021-11-08 12:46:08,34.34128189086914,-5.946125030517578,10,6513.333333333334
2021-11-08 12:46:14,34.341251373291016,-5.946313858032227,10,6519.166666666667
2021-11-08 12:46:20,34.341217041015625,-5.946508884429932,11,6524.166666666667
2021-11-08 12:46:26,34.341182708740234,-5.946706771850586,11,6527.5
2021-11-08 12:46:32,34.34115219116211,-5.946906089782715,11,6531.666666666666
2021-11-08 12:46:38,34.341121673583984,-5.947099208831787,10,6535.833333333333
2021-11-08 12:46:44,34.34109115600586,-5.947289943695068,10,6540.0
2021-11-08 12:46:50,34.34105682373047,-5.947482109069824,10,6545.833333333333
2021-11-08 12:46:56,34.341026306152344,-5.947673797607422,10,6550.0
2021-11-08 12:47:02,34.34099578857422,-5.9478631019592285,10,6555.0
2021-11-08 12:47:08,34.34096145629883,-5.948048114776611,10,6558.333333333333
2021-11-08 12:47:14,34.340938568115234,-5.948235988616943,10,6563.333333333333
2021-11-08 12:47:20,34.34092330932617,-5.948429107666016,10,6569.166666666666
2021-11-08 12:47:26,34.340843200683594,-5.948546886444092,9,6572.5
2021-11-08 12:47:32,34.34080505371094,-5.948535919189453,0,6577.5
2021-11-08 12:47:38,34.34080123901367,-5.948544979095459,0,6581.666666666666
2021-11-08 12:47:44,34.34080123901367,-5.948544979095459,0,6585.0
2021-11-08 12:47:50,34.34080123901367,-5.948544979095459,0,6590.833333333333
2021-11-08 12:47:56,34.34080123901367,-5.948544979095459,0,6595.833333333333
2021-11-08 12:48:02,34.34080123901367,-5.948544979095459,0,6600.0
2021-11-08 12:48:08,34.34080123901367,-5.948544979095459,0,6605.0
2021-11-08 12:48:14,34.34080123901367,-5.948544979095459,0,6610.833333333333
2021-11-08 12:48:20,34.34080123901367,-5.948544979095459,0,6615.0
2021-11-08 12:48:26,34.34080123901367,-5.948544979095459,0,6618.333333333333
2021-11-08 12:48:32,34.34080123901367,-5.948544979095459,0,6623.333333333333
2021-11-08 12:48:38,34.34080123901367,-5.948544979095459,0,6628.333333333333
2021-11-08 12:48:44,34.34080123901367,-5.948544979095459,0,6634.166666666666
2021-11-08 12:48:50,34.34080123901367,-5.948544979095459,0,6638.333333333333
2021-11-08 12:48:56,34.34080123901367,-5.948544979095459,0,6641.666666666667
2021-11-08 12:49:02,34.34080123901367,-5.948544979095459,0,6648.333333333334
2021-11-08 12:49:08,34.34080123901367,-5.948544979095459,0,6651.666666666667
2021-11-08 12:49:14,34.34080123901367,-5.948544979095459,0,6655.833333333334
2021-11-08 12:49:20,34.34080123901367,-5.948544979095459,0,6659.166666666667
2021-11-08 12:49:26,34.34080123901367,-5.948544979095459,0,6665.0
2021-11-08 12:49:32,34.34080123901367,-5.948544979095459,0,6670.0
2021-11-08 12:49:38,34.34080123901367,-5.948544979095459,0,6675.833333333334
2021-11-08 12:49:44,34.34080123901367,-5.948544979095459,0,6681.666666666666
2021-11-08 12:49:50,34.34080123901367,-5.948544979095459,0,6685.0
2021-11-08 12:49:56,34.34080123901367,-5.948544979095459,0,6690.833333333333
2021-11-08 12:50:02,34.34080123901367,-5.948544979095459,0,6695.833333333333
2021-11-08 12:50:08,34.34068298339844,-5.948540210723877,10,6701.666666666666
2021-11-08 12:50:14,34.34054946899414,-5.948479175567627,9,6704.166666666666
2021-11-08 12:50:20,34.34051513671875,-5.948344230651856,9,6706.666666666666
2021-11-08 12:50:26,34.34055709838867,-5.948166847229004,10,6711.666666666666
2021-11-08 12:50:32,34.3405876159668,-5.947975158691406,10,6716.666666666666
2021-11-08 12:50:38,34.34061813354492,-5.94778299331665,10,6720.0
2021-11-08 12:50:44,34.34064483642578,-5.947595119476318,9,6723.333333333333
2021-11-08 12:50:50,34.340675354003906,-5.947412014007568,10,6729.166666666666
2021-11-08 12:50:56,34.3407096862793,-5.9472270011901855,10,6734.166666666666
2021-11-08 12:51:02,34.34073638916016,-5.9470391273498535,10,6737.499999999999
2021-11-08 12:51:08,34.340763092041016,-5.946853160858154,10,6742.499999999999
2021-11-08 12:51:14,34.340789794921875,-5.946663856506348,10,6748.333333333332
2021-11-08 12:51:20,34.340816497802734,-5.946475982666016,10,6752.5
2021-11-08 12:51:26,34.34084701538086,-5.9462890625,10,6756.666666666666
2021-11-08 12:51:32,34.340877532958984,-5.946105003356934,10,6760.0
2021-11-08 12:51:38,34.34090805053711,-5.945916175842285,10,6766.666666666666
2021-11-08 12:51:44,34.34093475341797,-5.945723056793213,10,6772.5
2021-11-08 12:51:50,34.340965270996094,-5.945531845092773,11,6778.333333333333
2021-11-08 12:51:56,34.340999603271484,-5.945343017578125,10,6783.333333333333
2021-11-08 12:52:02,34.34101867675781,-5.94514799118042,11,6786.666666666666
2021-11-08 12:52:08,34.341041564941406,-5.944954872131348,10,6791.666666666666
2021-11-08 12:52:14,34.3410758972168,-5.94476318359375,10,6798.333333333333
2021-11-08 12:52:20,34.341102600097656,-5.944569110870361,10,6803.333333333333
2021-11-08 12:52:26,34.34113311767578,-5.944375991821289,10,6806.666666666666
2021-11-08 12:52:32,34.341163635253906,-5.944182872772217,10,6812.5
2021-11-08 12:52:38,34.34119415283203,-5.943994998931885,10,6816.666666666666
2021-11-08 12:52:44,34.34122848510742,-5.943808078765869,10,6821.666666666666
2021-11-08 12:52:50,34.34125900268555,-5.9436211585998535,10,6827.5
2021-11-08 12:52:56,34.341285705566406,-5.943428039550781,10,6830.833333333333
2021-11-08 12:53:02,34.34130859375,-5.943234920501709,9,6835.833333333333
2021-11-08 12:53:08,34.34132766723633,-5.943044185638428,10,6841.666666666666
2021-11-08 12:53:14,34.34136962890625,-5.9428582191467285,10,6845.0
2021-11-08 12:53:20,34.34151077270508,-5.942866802215576,10,6848.333333333333
2021-11-08 12:53:26,34.3416633605957,-5.9429121017456055,10,6852.5
2021-11-08 12:53:32,34.341793060302734,-5.942989826202393,10,6857.5
2021-11-08 12:53:38,34.3417854309082,-5.943179130554199,10,6860.833333333333
2021-11-08 12:53:44,34.34176254272461,-5.943367958068848,10,6865.833333333333
2021-11-08 12:53:50,34.341732025146484,-5.943558216094971,10,6870.833333333333
2021-11-08 12:53:56,34.341697692871094,-5.943748950958252,10,6873.333333333333
2021-11-08 12:54:02,34.34165954589844,-5.943933963775635,10,6879.166666666666
2021-11-08 12:54:08,34.34162139892578,-5.944121837615967,10,6884.166666666666
2021-11-08 12:54:14,34.34159469604492,-5.944314956665039,10,6887.5
2021-11-08 12:54:20,34.34156036376953,-5.944508075714111,10,6893.333333333333
2021-11-08 12:54:26,34.341529846191406,-5.944703102111816,10,6898.333333333333
2021-11-08 12:54:32,34.34149169921875,-5.944892883300781,10,6903.333333333334
2021-11-08 12:54:38,34.34146881103516,-5.945076942443848,10,6906.666666666667
2021-11-08 12:54:44,34.34143829345703,-5.945262908935547,10,6913.333333333334
2021-11-08 12:54:50,34.34141159057617,-5.94545316696167,10,6918.333333333334
2021-11-08 12:54:56,34.34138107299805,-5.945644855499268,10,6925.0
2021-11-08 12:55:02,34.341346740722656,-5.945836067199707,10,6928.333333333334
2021-11-08 12:55:08,34.34131622314453,-5.946023941040039,10,6935.0
2021-11-08 12:55:14,34.34128189086914,-5.946216106414795,10,6939.166666666667
2021-11-08 12:55:20,34.341251373291016,-5.946412086486816,11,6942.5
2021-11-08 12:55:26,34.34122085571289,-5.946611881256104,11,6947.5
2021-11-08 12:55:32,34.3411865234375,-5.946809768676758,11,6951.666666666667
2021-11-08 12:55:38,34.34115219116211,-5.94700288772583,10,6956.666666666667
2021-11-08 12:55:44,34.341121673583984,-5.947197914123535,11,6961.666666666667
2021-11-08 12:55:50,34.34109115600586,-5.94739294052124,10,6964.166666666667
2021-11-08 12:55:56,34.341060638427734,-5.947587013244629,10,6967.5
2021-11-08 12:56:02,34.34103012084961,-5.947780132293701,10,6974.166666666667
2021-11-08 12:56:08,34.34100341796875,-5.947972774505615,10,6977.5
2021-11-08 12:56:14,34.340972900390625,-5.948162078857422,10,6983.333333333334
2021-11-08 12:56:20,34.34096145629883,-5.948359966278076,10,6989.166666666666
2021-11-08 12:56:26,34.340911865234375,-5.948538780212402,10,6993.333333333334
2021-11-08 12:56:32,34.34075164794922,-5.948520183563232,10,6995.0
2021-11-08 12:56:38,34.34060287475586,-5.94847297668457,10,6998.333333333334
2021-11-08 12:56:44,34.34049987792969,-5.948351860046387,10,7002.5
2021-11-08 12:56:50,34.34053039550781,-5.9481611251831055,10,7007.5
2021-11-08 12:56:56,34.34056091308594,-5.947963237762451,10,7010.833333333334
2021-11-08 12:57:02,34.34059143066406,-5.947766780853272,10,7015.0
2021-11-08 12:57:08,34.34061813354492,-5.947575092315674,10,7020.0
2021-11-08 12:57:14,34.34064865112305,-5.947381973266602,10,7022.5
2021-11-08 12:57:20,34.34067916870117,-5.947188854217529,11,7029.166666666667
2021-11-08 12:57:26,34.3407096862793,-5.946993827819824,10,7035.0
2021-11-08 12:57:32,34.34074020385742,-5.946796894073486,11,7040.0
2021-11-08 12:57:38,34.34077072143555,-5.946599006652832,10,7045.833333333334
2021-11-08 12:57:44,34.34080123901367,-5.946404933929443,11,7050.833333333334
2021-11-08 12:57:50,34.34082794189453,-5.9462080001831055,10,7054.166666666666
2021-11-08 12:57:56,34.34085464477539,-5.946019172668457,10,7061.666666666666
2021-11-08 12:58:02,34.34088516235352,-5.945827007293701,10,7067.5
2021-11-08 12:58:08,34.34091567993164,-5.945631980895996,11,7070.833333333334
2021-11-08 12:58:14,34.340946197509766,-5.945437908172607,11,7077.5
2021-11-08 12:58:20,34.34097671508789,-5.945244789123535,11,7082.5
2021-11-08 12:58:26,34.341007232666016,-5.945052146911621,10,7088.333333333334
2021-11-08 12:58:32,34.341033935546875,-5.944855213165283,10,7091.666666666666
2021-11-08 12:58:38,34.341060638427734,-5.944659233093262,11,7096.666666666666
2021-11-08 12:58:44,34.34109115600586,-5.944461822509766,11,7101.666666666666
2021-11-08 12:58:50,34.34111785888672,-5.944263935089111,10,7107.5
2021-11-08 12:58:56,34.34114456176758,-5.94406795501709,10,7113.333333333334
2021-11-08 12:59:02,34.34116744995117,-5.943871974945068,10,7115.833333333334
2021-11-08 12:59:08,34.34120178222656,-5.94367790222168,11,7122.5
2021-11-08 12:59:14,34.34122848510742,-5.943480968475342,10,7125.833333333334
2021-11-08 12:59:20,34.34125518798828,-5.943284034729004,10,7130.833333333333
2021-11-08 12:59:26,34.341278076171875,-5.943083763122559,11,7136.666666666666
2021-11-08 12:59:32,34.34128952026367,-5.9429612159729,0,7141.666666666666
2021-11-08 12:59:38,34.34128952026367,-5.942962169647217,0,7143.333333333333
2021-11-08 12:59:44,34.34128952026367,-5.94296407699585,0,7148.333333333333
2021-11-08 12:59:50,34.34128952026367,-5.94296407699585,0,7153.333333333333
2021-11-08 12:59:56,34.34128952026367,-5.94296407699585,0,7155.833333333333
2021-11-08 13:00:02,34.34128952026367,-5.94296407699585,0,7160.0
2021-11-08 13:00:08,34.34128952026367,-5.94296407699585,0,7166.666666666666
2021-11-08 13:00:14,34.34128952026367,-5.94296407699585,0,7170.0
2021-11-08 13:00:20,34.34128952026367,-5.94296407699585,0,7172.5
2021-11-08 13:00:26,34.34128952026367,-5.94296407699585,0,7176.666666666666
2021-11-08 13:00:32,34.34128952026367,-5.94296407699585,0,7181.666666666666
2021-11-08 13:00:38,34.34128952026367,-5.94296407699585,0,7185.0
2021-11-08 13:00:44,34.34128952026367,-5.94296407699585,0,7190.833333333333
2021-11-08 13:00:50,34.34128952026367,-5.94296407699585,0,7196.666666666666
2021-11-08 13:00:56,34.34128952026367,-5.94296407699585,0,7204.166666666666
2021-11-08 13:01:02,34.34128952026367,-5.94296407699585,0,7209.166666666666
2021-11-08 13:01:08,34.34128952026367,-5.94296407699585,0,7211.666666666666
2021-11-08 13:01:14,34.34128952026367,-5.94296407699585,0,7215.833333333334
2021-11-08 13:01:20,34.34128952026367,-5.94296407699585,0,7220.833333333334
2021-11-08 13:01:26,34.34128952026367,-5.94296407699585,0,7227.5
2021-11-08 13:01:32,34.34128952026367,-5.94296407699585,0,7230.833333333334
2021-11-08 13:01:38,34.34128952026367,-5.94296407699585,0,7235.0
2021-11-08 13:01:44,34.34128952026367,-5.94296407699585,0,7240.0
2021-11-08 13:01:50,34.34128952026367,-5.94296407699585,0,7247.5
2021-11-08 13:01:56,34.34128952026367,-5.94296407699585,0,7253.333333333333
2021-11-08 13:02:02,34.34128952026367,-5.94296407699585,0,7255.833333333333
2021-11-08 13:02:08,34.34128952026367,-5.94296407699585,0,7260.0
2021-11-08 13:02:14,34.34128952026367,-5.94296407699585,0,7265.833333333333
2021-11-08 13:02:20,34.34128952026367,-5.94296407699585,0,7270.0
2021-11-08 13:02:26,34.34128952026367,-5.94296407699585,0,7275.0
2021-11-08 13:02:32,34.34128952026367,-5.94296407699585,0,7282.5
2021-11-08 13:02:38,34.34128952026367,-5.94296407699585,0,7288.333333333333
2021-11-08 13:02:44,34.34128952026367,-5.94296407699585,0,7294.166666666666
2021-11-08 13:02:50,34.34128952026367,-5.94296407699585,0,7296.666666666666
2021-11-08 13:02:56,34.34140396118164,-5.942824840545654,9,7301.666666666666
2021-11-08 13:03:02,34.341529846191406,-5.942852020263672,8,7305.833333333333
2021-11-08 13:03:08,34.34162521362305,-5.942916870117188,5,7307.5
2021-11-08 13:03:14,34.34162902832031,-5.942914009094238,0,7311.666666666667
2021-11-08 13:03:20,34.34162521362305,-5.942910194396973,0,7315.833333333334
2021-11-08 13:03:26,34.341732025146484,-5.942916870117188,8,7324.166666666666
2021-11-08 13:03:32,34.3418083190918,-5.943008899688721,5,7327.5
2021-11-08 13:03:38,34.34178924560547,-5.942969799041748,6,7331.666666666666
2021-11-08 13:03:44,34.341758728027344,-5.9429450035095215,0,7339.166666666666
2021-11-08 13:03:50,34.341800689697266,-5.9430460929870605,10,7345.833333333334
2021-11-08 13:03:56,34.34178161621094,-5.94322681427002,10,7350.0
2021-11-08 13:04:02,34.341766357421875,-5.943418979644775,11,7355.0
2021-11-08 13:04:08,34.341739654541016,-5.943607807159424,10,7360.0
2021-11-08 13:04:14,34.34171295166016,-5.94379997253418,10,7365.0
2021-11-08 13:04:20,34.3416862487793,-5.943988800048828,10,7367.5
2021-11-08 13:04:26,34.341651916503906,-5.944174766540527,10,7372.5
2021-11-08 13:04:32,34.34162521362305,-5.94436502456665,10,7378.333333333334
2021-11-08 13:04:38,34.34159469604492,-5.94455099105835,10,7380.833333333334
2021-11-08 13:04:44,34.34156036376953,-5.944736003875732,10,7387.5
2021-11-08 13:04:50,34.341529846191406,-5.944921016693115,10,7390.833333333334
2021-11-08 13:04:56,34.34149932861328,-5.945105075836182,10,7395.833333333334
2021-11-08 13:05:02,34.34146881103516,-5.94529390335083,10,7401.666666666667
2021-11-08 13:05:08,34.3414421081543,-5.945481777191162,10,7407.5
2021-11-08 13:05:14,34.34141159057617,-5.945671081542969,10,7411.666666666667
2021-11-08 13:05:20,34.34138488769531,-5.945862770080566,10,7417.5
2021-11-08 13:05:26,34.34135055541992,-5.9460530281066895,11,7422.5
2021-11-08 13:05:32,34.3413200378418,-5.9462480545043945,10,7427.5
2021-11-08 13:05:38,34.34129333496094,-5.946444988250732,11,7430.0
2021-11-08 13:05:44,34.34125900268555,-5.9466400146484375,11,7435.833333333334
2021-11-08 13:05:50,34.34122467041016,-5.946829795837402,11,7440.0
2021-11-08 13:05:56,34.34119415283203,-5.947021961212158,11,7444.166666666667
2021-11-08 13:06:02,34.34115982055664,-5.947214126586914,10,7449.166666666667
2021-11-08 13:06:08,34.34112548828125,-5.947406768798828,10,7452.5
2021-11-08 13:06:14,34.34109878540039,-5.9475998878479,10,7457.5
2021-11-08 13:06:20,34.341068267822266,-5.947793006896973,10,7462.5
2021-11-08 13:06:26,34.341041564941406,-5.947987079620361,10,7466.666666666667
2021-11-08 13:06:32,34.34101104736328,-5.948180198669434,10,7472.5
2021-11-08 13:06:38,34.340999603271484,-5.948371887207031,10,7476.666666666667
2021-11-08 13:06:44,34.340946197509766,-5.948537826538086,10,7480.0
2021-11-08 13:06:50,34.340797424316406,-5.948521137237549,9,7484.166666666667
2021-11-08 13:06:56,34.340667724609375,-5.948473930358887,9,7485.0
2021-11-08 13:07:02,34.34053039550781,-5.948423862457275,9,7488.333333333334
2021-11-08 13:07:08,34.34049606323242,-5.948286056518555,8,7491.666666666667
2021-11-08 13:07:14,34.34050750732422,-5.948098182678223,11,7495.833333333333
2021-11-08 13:07:20,34.34053039550781,-5.94790506362915,10,7499.166666666667
2021-11-08 13:07:26,34.34055709838867,-5.9477128982543945,10,7504.166666666667
2021-11-08 13:07:32,34.34058380126953,-5.947524070739746,10,7509.166666666667
2021-11-08 13:07:38,34.34061050415039,-5.947333812713623,10,7512.5
2021-11-08 13:07:44,34.34064102172852,-5.947144985198975,10,7517.5
2021-11-08 13:07:50,34.340667724609375,-5.946952819824219,10,7523.333333333334
2021-11-08 13:07:56,34.340694427490234,-5.946760177612305,10,7526.666666666667
2021-11-08 13:08:02,34.34071350097656,-5.946567058563232,10,7533.333333333334
2021-11-08 13:08:08,34.34074020385742,-5.946374893188477,10,7538.333333333333
2021-11-08 13:08:14,34.34077072143555,-5.946186065673828,10,7542.5
2021-11-08 13:08:20,34.34080123901367,-5.946002006530762,10,7545.833333333333
2021-11-08 13:08:26,34.3408317565918,-5.945813179016113,10,7551.666666666667
2021-11-08 13:08:32,34.340858459472656,-5.945623874664307,10,7556.666666666667
2021-11-08 13:08:38,34.34088897705078,-5.945436000823975,10,7560.0
2021-11-08 13:08:44,34.34092330932617,-5.945249080657959,10,7565.0
2021-11-08 13:08:50,34.34095001220703,-5.945058822631836,10,7570.833333333333
2021-11-08 13:08:56,34.34097671508789,-5.944866180419922,10,7575.833333333334
2021-11-08 13:09:02,34.341007232666016,-5.944676876068115,10,7579.166666666667
2021-11-08 13:09:08,34.34103775024414,-5.94448709487915,10,7584.166666666667
2021-11-08 13:09:14,34.341064453125,-5.944297790527344,10,7589.166666666667
2021-11-08 13:09:20,34.341094970703125,-5.944109916687012,10,7594.166666666667
2021-11-08 13:09:26,34.341121673583984,-5.9439191818237305,10,7597.5
2021-11-08 13:09:32,34.34115219116211,-5.943727970123291,10,7602.5
2021-11-08 13:09:38,34.34117889404297,-5.943540096282959,10,7606.666666666667
2021-11-08 13:09:44,34.34120559692383,-5.943346977233887,10,7611.666666666667
2021-11-08 13:09:50,34.34122467041016,-5.943153858184815,10,7615.833333333334
2021-11-08 13:09:56,34.341243743896484,-5.942958831787109,10,7620.833333333334
2021-11-08 13:10:02,34.3412971496582,-5.942809104919434,7,7625.833333333334
2021-11-08 13:10:08,34.341346740722656,-5.942916870117188,9,7630.833333333334
2021-11-08 13:10:14,34.34131622314453,-5.943107128143311,11,7635.833333333334
2021-11-08 13:10:20,34.34129333496094,-5.943305969238281,11,7641.666666666667
2021-11-08 13:10:26,34.34126281738281,-5.943502902984619,11,7646.666666666667
2021-11-08 13:10:32,34.34123229980469,-5.943696022033691,11,7650.833333333334
2021-11-08 13:10:38,34.34120559692383,-5.943892955780029,11,7656.666666666667
2021-11-08 13:10:44,34.3411750793457,-5.944087982177734,10,7661.666666666667
2021-11-08 13:10:50,34.34114456176758,-5.944283962249756,11,7665.833333333334
2021-11-08 13:10:56,34.34111785888672,-5.944482803344727,11,7670.833333333334
2021-11-08 13:11:02,34.341087341308594,-5.944678783416748,11,7676.666666666667
2021-11-08 13:11:08,34.341064453125,-5.944878101348877,11,7681.666666666667
2021-11-08 13:11:14,34.341033935546875,-5.945076942443848,11,7685.833333333334
2021-11-08 13:11:20,34.341007232666016,-5.945274829864502,10,7693.333333333334
2021-11-08 13:11:26,34.340972900390625,-5.945467948913574,10,7695.833333333334
2021-11-08 13:11:32,34.3409423828125,-5.945662021636963,10,7702.5
2021-11-08 13:11:38,34.34090805053711,-5.945856094360352,11,7708.333333333334
2021-11-08 13:11:44,34.34087371826172,-5.946044921875,10,7714.166666666667
2021-11-08 13:11:50,34.340850830078125,-5.946238994598389,10,7720.833333333334
2021-11-08 13:11:56,34.34082794189453,-5.94643497467041,11,7725.0
2021-11-08 13:12:02,34.34080123901367,-5.946633815765381,11,7730.0
2021-11-08 13:12:08,34.34077835083008,-5.946836948394775,11,7735.833333333334
2021-11-08 13:12:14,34.34074401855469,-5.947031021118164,10,7739.166666666667
2021-11-08 13:12:20,34.34071350097656,-5.947227954864502,11,7745.0
2021-11-08 13:12:26,34.3406867980957,-5.947428226470947,11,7750.833333333334
2021-11-08 13:12:32,34.34065246582031,-5.947621822357178,11,7754.166666666667
2021-11-08 13:12:38,34.34062194824219,-5.947816848754883,11,7760.0
2021-11-08 13:12:44,34.3405876159668,-5.948012828826904,10,7764.166666666667
2021-11-08 13:12:50,34.34056091308594,-5.948211193084717,11,7769.166666666667
2021-11-08 13:12:56,34.34053039550781,-5.948386192321777,8,7772.5
2021-11-08 13:13:02,34.34043502807617,-5.948320865631104,10,7775.833333333334
2021-11-08 13:13:08,34.3404655456543,-5.948143005371094,10,7780.833333333334
2021-11-08 13:13:14,34.34049606323242,-5.947951793670654,11,7785.0
2021-11-08 13:13:20,34.34052276611328,-5.947764873504639,10,7790.0
2021-11-08 13:13:26,34.340553283691406,-5.947579860687256,10,7793.333333333334
2021-11-08 13:13:32,34.34058380126953,-5.947391986846924,10,7799.166666666667
2021-11-08 13:13:38,34.34061050415039,-5.947197914123535,10,7804.166666666667
2021-11-08 13:13:44,34.34064102172852,-5.9470062255859375,10,7807.5
2021-11-08 13:13:50,34.340667724609375,-5.946814060211182,10,7813.333333333333
2021-11-08 13:13:56,34.340694427490234,-5.946619033813477,10,7818.333333333333
2021-11-08 13:14:02,34.34071731567383,-5.946426868438721,10,7824.166666666666
2021-11-08 13:14:08,34.34074401855469,-5.946232795715332,10,7827.5
2021-11-08 13:14:14,34.34077072143555,-5.946044921875,10,7833.333333333333
2021-11-08 13:14:20,34.34080123901367,-5.945854187011719,10,7840.0
2021-11-08 13:14:26,34.34082794189453,-5.945662021636963,10,7843.333333333333
2021-11-08 13:14:32,34.34086227416992,-5.945468902587891,10,7849.166666666666
2021-11-08 13:14:38,34.34089279174805,-5.945277214050293,10,7853.333333333334
2021-11-08 13:14:44,34.34092330932617,-5.945084095001221,10,7856.666666666666
2021-11-08 13:14:50,34.34095001220703,-5.944894790649414,10,7862.5
2021-11-08 13:14:56,34.341007232666016,-5.944509983062744,10,7864.166666666666
2021-11-08 13:15:02,34.341064453125,-5.944124221801758,10,7865.833333333334
2021-11-08 13:15:08,34.34111785888672,-5.94373893737793,10,7874.166666666666
2021-11-08 13:15:14,34.341148376464844,-5.943548202514648,10,7882.5
2021-11-08 13:15:20,34.3411979675293,-5.943160057067871,10,7899.166666666666
2021-11-08 13:15:26,34.341285705566406,-5.942807197570801,10,7907.5
2021-11-08 13:15:32,34.341339111328125,-5.943141937255859,10,7909.166666666666
2021-11-08 13:15:38,34.341285705566406,-5.94352388381958,10,7918.333333333334
2021-11-08 13:15:44,34.34125900268555,-5.943717002868652,10,7925.833333333334
2021-11-08 13:15:50,34.34120178222656,-5.944097995758057,10,7934.166666666666
2021-11-08 13:15:56,34.34113693237305,-5.944482803344727,10,7941.666666666666
2021-11-08 13:16:02,34.3410758972168,-5.944869041442871,10,7949.166666666666
2021-11-08 13:16:08,34.34104919433594,-5.945061206817627,10,7956.666666666667
2021-11-08 13:16:14,34.34102249145508,-5.945256233215332,10,7975.833333333334
2021-11-08 13:16:20,34.34099578857422,-5.9454450607299805,10,7977.5
2021-11-08 13:16:26,34.3409309387207,-5.945827007293701,10,7990.833333333334
2021-11-08 13:16:32,34.340904235839844,-5.946013927459717,10,7994.166666666667
2021-11-08 13:16:38,34.34083938598633,-5.9463958740234375,10,7996.666666666667
2021-11-08 13:16:44,34.3408088684082,-5.946582794189453,10,8013.333333333334
2021-11-08 13:16:50,34.340763092041016,-5.946971893310547,10,8015.0
2021-11-08 13:16:56,34.34073257446289,-5.94716215133667,10,8027.500000000001
2021-11-08 13:17:02,34.3406982421875,-5.947352886199951,10,8029.166666666667
2021-11-08 13:17:08,34.34064865112305,-5.947739124298096,10,8040.000000000001
2021-11-08 13:17:14,34.34062194824219,-5.947934150695801,11,8043.333333333334
2021-11-08 13:17:20,34.340576171875,-5.94832706451416,11,8046.666666666667
2021-11-08 13:17:26,34.3404541015625,-5.948429107666016,12,8059.166666666667
2021-11-08 13:17:32,34.340450286865234,-5.948051929473877,10,8060.000000000001
2021-11-08 13:17:38,34.340476989746094,-5.947861194610596,10,8071.666666666667
2021-11-08 13:17:44,34.34050750732422,-5.947670936584473,10,8073.333333333334
2021-11-08 13:17:50,34.34054183959961,-5.947475910186768,11,8075.000000000001
2021-11-08 13:17:56,34.34056854248047,-5.947281837463379,10,8085.000000000001
2021-11-08 13:18:02,34.34059524536133,-5.947091102600098,11,8088.333333333334
2021-11-08 13:18:08,34.34065246582031,-5.946712017059326,10,8091.666666666668
2021-11-08 13:18:14,34.3406867980957,-5.946523189544678,10,8103.333333333334
2021-11-08 13:18:20,34.34074020385742,-5.946142196655273,10,8105.833333333334
2021-11-08 13:18:26,34.34077072143555,-5.94595193862915,10,8119.166666666668
2021-11-08 13:18:32,34.340797424316406,-5.9457597732543945,10,8124.166666666667
2021-11-08 13:18:38,34.34082794189453,-5.9455671310424805,10,8127.5
2021-11-08 13:18:44,34.34085464477539,-5.945373058319092,10,8133.333333333334
2021-11-08 13:18:50,34.34088134765625,-5.945181846618652,10,8136.666666666667
2021-11-08 13:18:56,34.34093475341797,-5.94479513168335,10,8149.166666666667
2021-11-08 13:19:02,34.34096908569336,-5.944605827331543,10,8152.500000000001
2021-11-08 13:19:08,34.34099578857422,-5.944415092468262,10,8156.666666666667
2021-11-08 13:19:14,34.341026306152344,-5.944224834442139,10,8162.500000000001
2021-11-08 13:19:20,34.3410530090332,-5.944033145904541,10,8165.833333333334
2021-11-08 13:19:26,34.34108352661133,-5.943840980529785,10,8170.0
2021-11-08 13:19:32,34.34111022949219,-5.94364595413208,10,8177.5
2021-11-08 13:19:38,34.34113693237305,-5.943450927734375,11,8183.333333333334
2021-11-08 13:19:44,34.341163635253906,-5.943257808685303,10,8185.0
2021-11-08 13:19:50,34.341182708740234,-5.943064212799072,10,8190.833333333334
2021-11-08 13:19:56,34.341209411621094,-5.942870140075684,11,8196.666666666668
2021-11-08 13:20:02,34.34135818481445,-5.942840099334717,11,8200.0
2021-11-08 13:20:08,34.34138488769531,-5.9430341720581055,10,8201.666666666666
2021-11-08 13:20:14,34.34136962890625,-5.943222999572754,10,8206.666666666666
2021-11-08 13:20:20,34.341339111328125,-5.94341516494751,10,8211.666666666666
2021-11-08 13:20:26,34.34130859375,-5.943606853485107,11,8216.666666666666
2021-11-08 13:20:32,34.34127426147461,-5.943795204162598,10,8220.0
2021-11-08 13:20:38,34.34124755859375,-5.943987846374512,10,8226.666666666666
2021-11-08 13:20:44,34.34122467041016,-5.944180965423584,10,8228.333333333334
2021-11-08 13:20:50,34.34119415283203,-5.944372177124023,10,8236.666666666666
2021-11-08 13:20:56,34.341163635253906,-5.944563865661621,10,8241.666666666668
2021-11-08 13:21:02,34.34112548828125,-5.9447550773620605,11,8245.0
2021-11-08 13:21:08,34.341102600097656,-5.944944858551025,10,8252.5
2021-11-08 13:21:14,34.3410758972168,-5.945134162902832,10,8254.166666666668
2021-11-08 13:21:20,34.34104537963867,-5.94532585144043,10,8260.0
2021-11-08 13:21:26,34.34102249145508,-5.945516109466553,10,8265.833333333334
2021-11-08 13:21:32,34.34099197387695,-5.945706844329834,10,8269.166666666668
2021-11-08 13:21:38,34.34096145629883,-5.945896148681641,10,8274.166666666668
2021-11-08 13:21:44,34.3409309387207,-5.9460859298706055,10,8280.833333333332
2021-11-08 13:21:50,34.34090042114258,-5.946275234222412,10,8285.833333333332
2021-11-08 13:21:56,34.34087371826172,-5.946465015411377,11,8290.0
2021-11-08 13:22:02,34.34084701538086,-5.946658134460449,10,8296.666666666668
2021-11-08 13:22:08,34.340816497802734,-5.946850776672363,10,8301.666666666668
2021-11-08 13:22:14,34.34078598022461,-5.947045803070068,10,8305.0
2021-11-08 13:22:20,34.340763092041016,-5.947240829467773,11,8310.0
2021-11-08 13:22:26,34.340728759765625,-5.947429180145264,10,8313.333333333332
2021-11-08 13:22:32,34.340702056884766,-5.9476189613342285,10,8319.166666666668
2021-11-08 13:22:38,34.340675354003906,-5.947813987731934,11,8325.0
2021-11-08 13:22:44,34.34065246582031,-5.948013782501221,10,8328.333333333332
2021-11-08 13:22:50,34.34062576293945,-5.948209762573242,10,8332.5
2021-11-08 13:22:56,34.34060287475586,-5.948407173156738,11,8336.666666666668
2021-11-08 13:23:02,34.340457916259766,-5.948421955108643,10,8340.833333333332
2021-11-08 13:23:08,34.34040451049805,-5.948278903961182,10,8344.166666666668
2021-11-08 13:23:14,34.340423583984375,-5.948090076446533,10,8348.333333333332
2021-11-08 13:23:20,34.34044647216797,-5.947894096374512,10,8352.5
2021-11-08 13:23:26,34.34047317504883,-5.947702884674072,10,8357.5
2021-11-08 13:23:32,34.34050369262695,-5.947516918182373,10,8362.5
2021-11-08 13:23:38,34.34053039550781,-5.947330951690674,10,8365.0
2021-11-08 13:23:44,34.340553283691406,-5.947144031524658,10,8370.833333333332
2021-11-08 13:23:50,34.34058380126953,-5.946957111358643,10,8375.833333333332
2021-11-08 13:23:56,34.34061050415039,-5.946767807006836,10,8378.333333333332
2021-11-08 13:24:02,34.34064102172852,-5.94658088684082,10,8384.166666666666
2021-11-08 13:24:08,34.34066390991211,-5.946393966674805,10,8390.0
2021-11-08 13:24:14,34.34069061279297,-5.94620418548584,10,8395.0
2021-11-08 13:24:20,34.34071731567383,-5.94601583480835,10,8398.333333333332
2021-11-08 13:24:26,34.34075164794922,-5.945827007293701,10,8403.333333333332
2021-11-08 13:24:32,34.34077835083008,-5.945637226104736,10,8409.166666666666
2021-11-08 13:24:38,34.3408088684082,-5.945448875427246,10,8412.5
2021-11-08 13:24:44,34.34083938598633,-5.945259094238281,10,8417.5
2021-11-08 13:24:50,34.34086227416992,-5.945067882537842,10,8422.5
2021-11-08 13:24:56,34.34089279174805,-5.944878101348877,10,8425.833333333332
2021-11-08 13:25:02,34.340919494628906,-5.9446868896484375,10,8431.666666666668
2021-11-08 13:25:08,34.3409538269043,-5.944499969482422,10,8436.666666666668
2021-11-08 13:25:14,34.34098434448242,-5.944313049316406,10,8440.0
2021-11-08 13:25:20,34.34101104736328,-5.944124221801758,10,8445.833333333334
2021-11-08 13:25:26,34.341033935546875,-5.943935871124268,10,8449.166666666668
2021-11-08 13:25:32,34.341060638427734,-5.9437432289123535,10,8455.0
2021-11-08 13:25:38,34.341087341308594,-5.943552017211914,10,8460.0
2021-11-08 13:25:44,34.34111404418945,-5.943359851837158,10,8464.166666666668
2021-11-08 13:25:50,34.34113693237305,-5.943170070648193,10,8467.5
2021-11-08 13:25:56,34.341156005859375,-5.94297981262207,10,8473.333333333332
2021-11-08 13:26:02,34.34120178222656,-5.942794799804688,11,8477.5
2021-11-08 13:26:08,34.34136199951172,-5.942800045013428,11,8482.5
2021-11-08 13:26:14,34.34141540527344,-5.942976951599121,10,8485.0
2021-11-08 13:26:20,34.341400146484375,-5.943167209625244,10,8490.0
2021-11-08 13:26:26,34.34137725830078,-5.943359851837158,10,8495.0
2021-11-08 13:26:32,34.341346740722656,-5.943552017211914,10,8498.333333333332
2021-11-08 13:26:38,34.34132385253906,-5.943746089935303,10,8503.333333333332
2021-11-08 13:26:44,34.34129333496094,-5.943936824798584,10,8509.166666666666
2021-11-08 13:26:50,34.34126663208008,-5.94412899017334,10,8514.166666666666
2021-11-08 13:26:56,34.34123611450195,-5.944320201873779,10,8516.666666666666
2021-11-08 13:27:02,34.341209411621094,-5.9445109367370605,10,8523.333333333332
2021-11-08 13:27:08,34.34117889404297,-5.9447021484375,10,8525.833333333332
2021-11-08 13:27:14,34.341148376464844,-5.944890975952148,10,8531.666666666666
2021-11-08 13:27:20,34.34112930297852,-5.9450788497924805,10,8538.333333333334
2021-11-08 13:27:26,34.341094970703125,-5.945259094238281,10,8540.0
2021-11-08 13:27:32,34.341068267822266,-5.9454450607299805,10,8545.833333333334
2021-11-08 13:27:38,34.341033935546875,-5.945630073547363,10,8549.166666666666
2021-11-08 13:27:44,34.341007232666016,-5.945819854736328,10,8556.666666666666
2021-11-08 13:27:50,34.34097671508789,-5.946008205413818,10,8561.666666666666
2021-11-08 13:27:56,34.34095001220703,-5.946191787719727,10,8565.833333333334
2021-11-08 13:28:02,34.34092712402344,-5.946376800537109,10,8571.666666666666
2021-11-08 13:28:08,34.34090042114258,-5.946564197540283,10,8577.5
2021-11-08 13:28:14,34.34086990356445,-5.946753025054932,10,8582.5
2021-11-08 13:28:20,34.34083938598633,-5.9469380378723145,10,8585.0
2021-11-08 13:28:26,34.34081268310547,-5.947124004364014,10,8590.833333333332
2021-11-08 13:28:32,34.340782165527344,-5.947309970855713,10,8595.833333333332
2021-11-08 13:28:38,34.340755462646484,-5.947504043579102,11,8599.166666666668
2021-11-08 13:28:44,34.340728759765625,-5.94770097732544,11,8604.166666666668
2021-11-08 13:28:50,34.340702056884766,-5.947896957397461,10,8607.5
2021-11-08 13:28:56,34.340675354003906,-5.948090076446533,10,8611.666666666666
2021-11-08 13:29:02,34.34065628051758,-5.948276042938232,10,8615.0
2021-11-08 13:29:08,34.340579986572266,-5.948441982269287,11,8620.833333333332
2021-11-08 13:29:14,34.34041976928711,-5.94838285446167,10,8623.333333333332
2021-11-08 13:29:20,34.34025955200195,-5.948322772979736,11,8627.5
2021-11-08 13:29:26,34.34025573730469,-5.948133945465088,10,8631.666666666666
2021-11-08 13:29:32,34.34029006958008,-5.947939872741699,10,8635.833333333332
2021-11-08 13:29:38,34.34031677246094,-5.947747230529785,10,8640.0
2021-11-08 13:29:44,34.34034729003906,-5.947556972503662,10,8645.0
2021-11-08 13:29:50,34.34037399291992,-5.94736385345459,10,8649.166666666666
2021-11-08 13:29:56,34.34040451049805,-5.947177886962891,10,8653.333333333332
2021-11-08 13:30:02,34.34043502807617,-5.946990013122559,10,8658.333333333332
2021-11-08 13:30:08,34.3404655456543,-5.946803092956543,10,8661.666666666666
2021-11-08 13:30:14,34.34049606323242,-5.946616172790527,10,8666.666666666666
2021-11-08 13:30:20,34.340518951416016,-5.946426868438721,10,8671.666666666666
2021-11-08 13:30:26,34.34055709838867,-5.946247100830078,10,8675.833333333332
2021-11-08 13:30:32,34.3405876159668,-5.946056842803955,10,8680.833333333332
2021-11-08 13:30:38,34.34061813354492,-5.945866107940674,10,8685.833333333332
2021-11-08 13:30:44,34.34064483642578,-5.945674896240234,10,8690.0
2021-11-08 13:30:50,34.34066390991211,-5.945478916168213,10,8693.333333333332
2021-11-08 13:30:56,34.340694427490234,-5.945288181304932,10,8698.333333333332
2021-11-08 13:31:02,34.34072494506836,-5.945099830627441,10,8703.333333333332
2021-11-08 13:31:08,34.340755462646484,-5.944915771484375,10,8706.666666666666
2021-11-08 13:31:14,34.34078598022461,-5.944729804992676,10,8712.5
2021-11-08 13:31:20,34.34081268310547,-5.944541931152344,10,8717.5
2021-11-08 13:31:26,34.34083938598633,-5.944354057312012,10,8720.0
2021-11-08 13:31:32,34.34086990356445,-5.944169998168945,10,8725.0
2021-11-08 13:31:38,34.34089660644531,-5.943984031677246,10,8730.0
2021-11-08 13:31:44,34.34092330932617,-5.943798065185547,10,8735.0
2021-11-08 13:31:50,34.34095764160156,-5.9436140060424805,10,8737.5
2021-11-08 13:31:56,34.34098052978516,-5.943424224853516,10,8743.333333333332
2021-11-08 13:32:02,34.34100341796875,-5.943233966827393,10,8748.333333333332
2021-11-08 13:32:08,34.34101867675781,-5.943047046661377,10,8752.5
2021-11-08 13:32:14,34.34103775024414,-5.9428558349609375,10,8755.833333333332
2021-11-08 13:32:20,34.34114074707031,-5.942737102508545,11,8760.833333333332
2021-11-08 13:32:26,34.34129333496094,-5.94277286529541,11,8765.833333333332
2021-11-08 13:32:32,34.3414421081543,-5.942838191986084,11,8769.166666666666
2021-11-08 13:32:38,34.34145736694336,-5.9430317878723145,10,8773.333333333332
2021-11-08 13:32:44,34.34143829345703,-5.9432220458984375,10,8775.833333333332
2021-11-08 13:32:50,34.34141540527344,-5.943414211273193,10,8782.5
2021-11-08 13:32:56,34.34138488769531,-5.943601131439209,10,8787.5
2021-11-08 13:33:02,34.34135055541992,-5.943787097930908,10,8790.0
2021-11-08 13:33:08,34.3413200378418,-5.94397497177124,10,8795.833333333332
2021-11-08 13:33:14,34.34130096435547,-5.944167137145996,10,8799.166666666668
2021-11-08 13:33:20,34.341270446777344,-5.944356918334961,10,8804.166666666668
2021-11-08 13:33:26,34.34123992919922,-5.944546222686768,10,8809.166666666668
2021-11-08 13:33:32,34.34121322631836,-5.944735050201416,10,8812.5
2021-11-08 13:33:38,34.3411865234375,-5.944920063018799,10,8818.333333333334
2021-11-08 13:33:44,34.34115982055664,-5.945104122161865,10,8821.666666666668
2021-11-08 13:33:50,34.34112930297852,-5.945292949676514,10,8826.666666666668
2021-11-08 13:33:56,34.341102600097656,-5.945480823516846,10,8834.166666666668
2021-11-08 13:34:02,34.34107208251953,-5.9456658363342285,10,8839.166666666668
2021-11-08 13:34:08,34.34104537963867,-5.945850849151611,10,8844.166666666668
2021-11-08 13:34:14,34.34101867675781,-5.946034908294678,10,8846.666666666668
2021-11-08 13:34:20,34.34099578857422,-5.9462199211120605,10,8851.666666666668
2021-11-08 13:34:26,34.34096908569336,-5.946403980255127,10,8858.333333333334
2021-11-08 13:34:32,34.3409423828125,-5.946589946746826,10,8865.0
2021-11-08 13:34:38,34.34091567993164,-5.946777820587158,10,8867.5
2021-11-08 13:34:44,34.34088516235352,-5.946965217590332,10,8872.5
2021-11-08 13:34:50,34.340858459472656,-5.9471540451049805,10,8875.0
2021-11-08 13:34:56,34.3408317565918,-5.947347164154053,10,8880.833333333332
2021-11-08 13:35:02,34.34080123901367,-5.947544097900391,11,8885.0
2021-11-08 13:35:08,34.34077453613281,-5.947740077972412,10,8887.5
2021-11-08 13:35:14,34.34074401855469,-5.947934150695801,10,8892.5
2021-11-08 13:35:20,34.34071731567383,-5.948123931884766,10,8895.833333333332
2021-11-08 13:35:26,34.34070587158203,-5.948315143585205,10,8900.833333333332
2021-11-08 13:35:32,34.340614318847656,-5.948455810546875,12,8904.166666666668
2021-11-08 13:35:38,34.34044647216797,-5.948401927947998,10,8907.5
2021-11-08 13:35:44,34.34029006958008,-5.948344230651856,11,8912.5
2021-11-08 13:35:50,34.34022903442383,-5.948178768157959,10,8915.833333333332
2021-11-08 13:35:56,34.34026336669922,-5.947979927062988,10,8918.333333333332
2021-11-08 13:36:02,34.340293884277344,-5.9477858543396,10,8924.166666666668
2021-11-08 13:36:08,34.3403205871582,-5.947588920593262,10,8925.0
2021-11-08 13:36:14,34.34034729003906,-5.947397232055664,10,8931.666666666666
2021-11-08 13:36:20,34.34038162231445,-5.947206020355225,10,8936.666666666666
2021-11-08 13:36:26,34.34040832519531,-5.947018146514893,10,8941.666666666666
2021-11-08 13:36:32,34.34043502807617,-5.94683313369751,10,8946.666666666666
2021-11-08 13:36:38,34.34047317504883,-5.946649074554443,10,8950.833333333332
2021-11-08 13:36:44,34.34050369262695,-5.946462154388428,10,8953.333333333332
2021-11-08 13:36:50,34.34053421020508,-5.946278095245361,10,8958.333333333332
2021-11-08 13:36:56,34.34056854248047,-5.946094989776611,10,8963.333333333334
2021-11-08 13:37:02,34.34059143066406,-5.945903778076172,11,8967.5
2021-11-08 13:37:08,34.34062194824219,-5.945713996887207,10,8970.833333333334
2021-11-08 13:37:14,34.34064483642578,-5.945520877838135,10,8975.833333333334
2021-11-08 13:37:20,34.340675354003906,-5.945333003997803,10,8980.833333333334
2021-11-08 13:37:26,34.34070587158203,-5.94514799118042,10,8985.0
2021-11-08 13:37:32,34.34073638916016,-5.944962978363037,10,8988.333333333334
2021-11-08 13:37:38,34.34076690673828,-5.9447760581970215,10,8993.333333333334
2021-11-08 13:37:44,34.34079360961914,-5.9445881843566895,10,8998.333333333332
2021-11-08 13:37:50,34.340816497802734,-5.944398880004883,10,9003.333333333332
2021-11-08 13:37:56,34.34084701538086,-5.944209098815918,10,9007.5
2021-11-08 13:38:02,34.34087371826172,-5.944018840789795,10,9012.5
2021-11-08 13:38:08,34.34089660644531,-5.943827152252197,10,9017.5
2021-11-08 13:38:14,34.3409309387207,-5.943638801574707,10,9021.666666666666
2021-11-08 13:38:20,34.3409538269043,-5.943449974060059,10,9025.0
2021-11-08 13:38:26,34.34098434448242,-5.943260192871094,10,9030.0
2021-11-08 13:38:32,34.340999603271484,-5.943070888519287,10,9035.833333333332
2021-11-08 13:38:38,34.34101486206055,-5.942880153656006,10,9039.166666666666
2021-11-08 13:38:44,34.341060638427734,-5.942701816558838,10,9043.333333333332
2021-11-08 13:38:50,34.34122085571289,-5.942701816558838,10,9046.666666666666
2021-11-08 13:38:56,34.34136962890625,-5.942761898040772,10,9050.833333333332
2021-11-08 13:39:02,34.34150314331055,-5.942861080169678,10,9056.666666666666
2021-11-08 13:39:08,34.341495513916016,-5.94305419921875,10,9059.166666666666
2021-11-08 13:39:14,34.34147644042969,-5.943241119384766,10,9065.0
2021-11-08 13:39:20,34.341453552246094,-5.943432807922363,10,9070.0
2021-11-08 13:39:26,34.3414192199707,-5.943625926971436,10,9072.5
2021-11-08 13:39:32,34.341392517089844,-5.943819999694824,10,9077.5
2021-11-08 13:39:38,34.341365814208984,-5.944009780883789,10,9080.833333333334
2021-11-08 13:39:44,34.341339111328125,-5.9442009925842285,10,9084.166666666666
2021-11-08 13:39:50,34.34130096435547,-5.944394111633301,10,9092.5
2021-11-08 13:39:56,34.34126281738281,-5.944580078125,10,9095.833333333334
2021-11-08 13:40:02,34.34123229980469,-5.944766998291016,10,9101.666666666666
2021-11-08 13:40:08,34.341209411621094,-5.944952964782715,10,9106.666666666666
2021-11-08 13:40:14,34.341182708740234,-5.945140838623047,10,9111.666666666666
2021-11-08 13:40:20,34.34115219116211,-5.945329189300537,10,9116.666666666666
2021-11-08 13:40:26,34.34112548828125,-5.945511817932129,10,9120.0
2021-11-08 13:40:32,34.34109115600586,-5.945696830749512,10,9125.833333333332
2021-11-08 13:40:38,34.34105682373047,-5.9458842277526855,10,9131.666666666666
2021-11-08 13:40:44,34.341026306152344,-5.946066856384277,10,9136.666666666666
2021-11-08 13:40:50,34.34099578857422,-5.946249008178711,10,9140.0
2021-11-08 13:40:56,34.340972900390625,-5.946432113647461,10,9145.833333333332
2021-11-08 13:41:02,34.34095001220703,-5.946613788604736,10,9151.666666666666
2021-11-08 13:41:08,34.34092330932617,-5.946805000305176,10,9156.666666666666
2021-11-08 13:41:14,34.34090042114258,-5.946993827819824,10,9159.166666666666
2021-11-08 13:41:20,34.34087371826172,-5.947189807891846,10,9165.0
2021-11-08 13:41:26,34.340843200683594,-5.947387218475342,11,9167.5
2021-11-08 13:41:32,34.340816497802734,-5.947580814361572,10,9172.5
2021-11-08 13:41:38,34.340789794921875,-5.947775840759277,11,9175.833333333332
2021-11-08 13:41:44,34.34075927734375,-5.947970867156982,10,9178.333333333332
2021-11-08 13:41:50,34.34073638916016,-5.948163986206055,10,9183.333333333332
2021-11-08 13:41:56,34.34072494506836,-5.948357105255127,11,9188.333333333332
2021-11-08 13:42:02,34.340599060058594,-5.948452949523926,11,9191.666666666666
2021-11-08 13:42:08,34.340431213378906,-5.948390960693359,10,9195.0
2021-11-08 13:42:14,34.34039306640625,-5.948209762573242,10,9199.166666666666
2021-11-08 13:42:20,34.340431213378906,-5.948012828826904,10,9202.5
2021-11-08 13:42:26,34.340457916259766,-5.947821140289307,10,9206.666666666666
2021-11-08 13:42:32,34.340484619140625,-5.947634220123291,10,9210.0
2021-11-08 13:42:38,34.340511322021484,-5.947449207305908,10,9215.833333333332
2021-11-08 13:42:44,34.340538024902344,-5.947260856628418,10,9220.833333333332
2021-11-08 13:42:50,34.34056091308594,-5.9470720291137695,10,9225.0
2021-11-08 13:42:56,34.3405876159668,-5.94688606262207,10,9228.333333333332
2021-11-08 13:43:02,34.340614318847656,-5.946702003479004,10,9233.333333333332
2021-11-08 13:43:08,34.34064102172852,-5.946516990661621,10,9238.333333333332
2021-11-08 13:43:14,34.340660095214844,-5.946331977844238,10,9243.333333333332
2021-11-08 13:43:20,34.34069061279297,-5.946144104003906,10,9248.333333333332
2021-11-08 13:43:26,34.340721130371094,-5.94596004486084,10,9251.666666666668
2021-11-08 13:43:32,34.34075164794922,-5.945771217346191,10,9256.666666666668
2021-11-08 13:43:38,34.340782165527344,-5.945583820343018,9,9261.666666666668
2021-11-08 13:43:44,34.3408088684082,-5.9453959465026855,10,9266.666666666668
2021-11-08 13:43:50,34.34083938598633,-5.945209980010986,10,9271.666666666668
2021-11-08 13:43:56,34.34086608886719,-5.945024967193604,10,9275.0
2021-11-08 13:44:02,34.34089660644531,-5.944837093353272,10,9280.0
2021-11-08 13:44:08,34.34092330932617,-5.944652080535889,10,9284.166666666668
2021-11-08 13:44:14,34.34095764160156,-5.944464206695557,10,9289.166666666668
2021-11-08 13:44:20,34.34098052978516,-5.94427490234375,10,9294.166666666668
2021-11-08 13:44:26,34.341007232666016,-5.944085121154785,10,9298.333333333334
2021-11-08 13:44:32,34.34103775024414,-5.943899154663086,10,9302.5
2021-11-08 13:44:38,34.341068267822266,-5.943708896636963,10,9307.5
2021-11-08 13:44:44,34.341094970703125,-5.943521022796631,10,9311.666666666668
2021-11-08 13:44:50,34.341121673583984,-5.943334102630615,10,9316.666666666668
2021-11-08 13:44:56,34.34114074707031,-5.943141937255859,10,9320.0
2021-11-08 13:45:02,34.341156005859375,-5.942948818206787,10,9324.166666666668
2021-11-08 13:45:08,34.34120559692383,-5.942770004272461,11,9330.0
2021-11-08 13:45:14,34.341365814208984,-5.94277286529541,11,9335.0
2021-11-08 13:45:20,34.34151077270508,-5.942837238311768,11,9337.5
2021-11-08 13:45:26,34.341514587402344,-5.943037986755371,10,9340.833333333334
2021-11-08 13:45:32,34.34149932861328,-5.943230152130127,10,9345.833333333334
2021-11-08 13:45:38,34.34148025512695,-5.943418979644775,10,9350.833333333334
2021-11-08 13:45:44,34.341453552246094,-5.943607807159424,10,9354.166666666668
2021-11-08 13:45:50,34.3414306640625,-5.94379997253418,10,9360.0
2021-11-08 13:45:56,34.341407775878906,-5.943992137908936,10,9365.0
2021-11-08 13:46:02,34.34137725830078,-5.944179058074951,10,9370.0
2021-11-08 13:46:08,34.341346740722656,-5.944368839263916,10,9372.5
2021-11-08 13:46:14,34.341312408447266,-5.94455623626709,10,9378.333333333334
2021-11-08 13:46:20,34.341285705566406,-5.944744110107422,10,9381.666666666668
2021-11-08 13:46:26,34.34126281738281,-5.944927215576172,10,9387.5
2021-11-08 13:46:32,34.34123611450195,-5.945108890533447,10,9391.666666666668
2021-11-08 13:46:38,34.341209411621094,-5.945291996002197,10,9398.333333333334
2021-11-08 13:46:44,34.34117889404297,-5.945470809936523,10,9401.666666666668
2021-11-08 13:46:50,34.34115219116211,-5.94565486907959,10,9406.666666666668
2021-11-08 13:46:56,34.34112548828125,-5.9458417892456055,10,9413.333333333334
2021-11-08 13:47:02,34.34109878540039,-5.946029186248779,10,9418.333333333334
2021-11-08 13:47:08,34.34107208251953,-5.946210861206055,10,9424.166666666668
2021-11-08 13:47:14,34.341041564941406,-5.9463958740234375,10,9427.5
2021-11-08 13:47:20,34.34101104736328,-5.94658088684082,10,9434.166666666668
2021-11-08 13:47:26,34.34098434448242,-5.946770191192627,10,9438.333333333334
2021-11-08 13:47:32,34.34096145629883,-5.946961879730225,10,9440.833333333334
2021-11-08 13:47:38,34.34092712402344,-5.947157859802246,11,9445.833333333334
2021-11-08 13:47:44,34.34089279174805,-5.947350978851318,11,9449.166666666668
2021-11-08 13:47:50,34.34086990356445,-5.94754695892334,10,9453.333333333334
2021-11-08 13:47:56,34.340843200683594,-5.947743892669678,10,9456.666666666668
2021-11-08 13:48:02,34.340816497802734,-5.947933197021484,10,9460.833333333334
2021-11-08 13:48:08,34.340797424316406,-5.9481201171875,10,9464.166666666668
2021-11-08 13:48:14,34.34077835083008,-5.948308944702148,11,9468.333333333334
2021-11-08 13:48:20,34.340675354003906,-5.94844388961792,11,9471.666666666668
2021-11-08 13:48:26,34.34050750732422,-5.948393821716309,11,9477.5
2021-11-08 13:48:32,34.3403434753418,-5.948348045349121,11,9480.0
2021-11-08 13:48:38,34.3402099609375,-5.948225021362305,11,9484.166666666668
2021-11-08 13:48:44,34.34022903442383,-5.9480299949646,10,9487.5
2021-11-08 13:48:50,34.34026336669922,-5.947837829589844,10,9492.5
2021-11-08 13:48:56,34.34029769897461,-5.947648048400879,10,9495.0
2021-11-08 13:49:02,34.340328216552734,-5.947460174560547,10,9500.0
2021-11-08 13:49:08,34.34035873413086,-5.94727087020874,11,9505.0
2021-11-08 13:49:14,34.34038162231445,-5.947082996368408,10,9510.0
2021-11-08 13:49:20,34.34041213989258,-5.946893215179443,10,9513.333333333332
2021-11-08 13:49:26,34.34043884277344,-5.946703910827637,10,9516.666666666668
2021-11-08 13:49:32,34.34047317504883,-5.94651985168457,10,9520.833333333332
2021-11-08 13:49:38,34.34049987792969,-5.946333885192871,10,9526.666666666668
2021-11-08 13:49:44,34.34053421020508,-5.946152210235596,10,9531.666666666668
2021-11-08 13:49:50,34.34056091308594,-5.945961952209473,10,9535.833333333334
2021-11-08 13:49:56,34.34059143066406,-5.945772171020508,10,9540.833333333334
2021-11-08 13:50:02,34.340614318847656,-5.945580005645752,10,9545.0
2021-11-08 13:50:08,34.34064483642578,-5.945391178131104,10,9547.5
2021-11-08 13:50:14,34.34067153930664,-5.9452080726623535,10,9552.5
2021-11-08 13:50:20,34.340702056884766,-5.945022106170654,10,9557.5
2021-11-08 13:50:26,34.34073638916016,-5.944837093353272,10,9562.5
2021-11-08 13:50:32,34.340763092041016,-5.944646835327148,10,9567.5
2021-11-08 13:50:38,34.340789794921875,-5.9444580078125,10,9570.833333333334
2021-11-08 13:50:44,34.3408203125,-5.944271087646484,10,9574.166666666666
2021-11-08 13:50:50,34.34084701538086,-5.944084167480469,10,9580.0
2021-11-08 13:50:56,34.34086990356445,-5.9438958168029785,10,9585.0
2021-11-08 13:51:02,34.34089660644531,-5.943705081939697,10,9587.5
2021-11-08 13:51:08,34.34092712402344,-5.943515777587891,10,9592.5
2021-11-08 13:51:14,34.34095001220703,-5.943325996398926,10,9597.5
2021-11-08 13:51:20,34.34096908569336,-5.943137168884277,10,9603.333333333332
2021-11-08 13:51:26,34.34098815917969,-5.942945957183838,10,9605.0
2021-11-08 13:51:32,34.341007232666016,-5.942755222320557,10,9610.0
2021-11-08 13:51:38,34.34112930297852,-5.942676067352295,10,9614.166666666666
2021-11-08 13:51:44,34.34127426147461,-5.9427337646484375,9,9618.333333333332
2021-11-08 13:51:50,34.34139633178711,-5.94280481338501,8,9623.333333333332
2021-11-08 13:51:56,34.34153366088867,-5.942870140075684,10,9626.666666666666
2021-11-08 13:52:02,34.3416633605957,-5.942943096160889,8,9630.833333333332
2021-11-08 13:52:08,34.341796875,-5.9430317878723145,11,9632.5
2021-11-08 13:52:14,34.34181594848633,-5.943201065063477,10,9637.5
2021-11-08 13:52:20,34.34180450439453,-5.943384170532227,10,9642.5
2021-11-08 13:52:26,34.3417854309082,-5.943583965301514,10,9647.5
2021-11-08 13:52:32,34.34176254272461,-5.943777084350586,11,9650.0
2021-11-08 13:52:38,34.341732025146484,-5.943967819213867,11,9654.166666666668
2021-11-08 13:52:44,34.34157943725586,-5.944016933441162,10,9660.0
2021-11-08 13:52:50,34.34144973754883,-5.943899154663086,11,9663.333333333332
2021-11-08 13:52:56,34.34144592285156,-5.943706035614014,10,9667.5
2021-11-08 13:53:02,34.34147644042969,-5.943513870239258,10,9671.666666666668
2021-11-08 13:53:08,34.341495513916016,-5.943323135375977,10,9675.833333333334
2021-11-08 13:53:14,34.34151840209961,-5.943131923675537,10,9680.0
2021-11-08 13:53:20,34.34156036376953,-5.942945957183838,11,9684.166666666668
2021-11-08 13:53:26,34.34170150756836,-5.942927837371826,10,9688.333333333334
2021-11-08 13:53:32,34.34183120727539,-5.942972183227539,8,9691.666666666668
2021-11-08 13:53:38,34.34196853637695,-5.942992210388184,9,9693.333333333334
2021-11-08 13:53:44,34.34208679199219,-5.94301700592041,8,9697.5
2021-11-08 13:53:50,34.342185974121094,-5.943078994750977,9,9701.666666666666
2021-11-08 13:53:56,34.34210586547852,-5.943140983581543,8,9707.5
2021-11-08 13:54:02,34.34197235107422,-5.943098068237305,9,9710.0
2021-11-08 13:54:08,34.341835021972656,-5.94304895401001,9,9714.166666666666
2021-11-08 13:54:14,34.34169387817383,-5.943003177642822,9,9717.5
2021-11-08 13:54:20,34.341552734375,-5.942949771881104,9,9721.666666666666
2021-11-08 13:54:26,34.34141159057617,-5.942905902862549,9,9723.333333333332
2021-11-08 13:54:32,34.34128952026367,-5.942854881286621,9,9728.333333333332
2021-11-08 13:54:38,34.34115219116211,-5.942796230316162,9,9735.0
2021-11-08 13:54:44,34.34103012084961,-5.942750930786133,9,9737.5
2021-11-08 13:54:50,34.3409309387207,-5.9426751136779785,7,9742.5
2021-11-08 13:54:56,34.34102249145508,-5.942623138427734,9,9751.666666666666
2021-11-08 13:55:02,34.34107208251953,-5.942787170410156,10,9755.0
2021-11-08 13:55:08,34.3410530090332,-5.942980766296387,10,9759.166666666666
2021-11-08 13:55:14,34.341041564941406,-5.943181991577148,10,9764.166666666666
2021-11-08 13:55:20,34.34102249145508,-5.94337797164917,10,9769.166666666668
2021-11-08 13:55:26,34.341007232666016,-5.943574905395508,10,9772.5
2021-11-08 13:55:32,34.34097671508789,-5.9437642097473145,10,9777.5
2021-11-08 13:55:38,34.340946197509766,-5.943953037261963,10,9783.333333333332
2021-11-08 13:55:44,34.34091567993164,-5.944142818450928,10,9787.5
2021-11-08 13:55:50,34.34088134765625,-5.944334030151367,10,9791.666666666668
2021-11-08 13:55:56,34.34084701538086,-5.944523811340332,10,9796.666666666668
2021-11-08 13:56:02,34.340816497802734,-5.944713115692139,10,9801.666666666668
2021-11-08 13:56:08,34.34078598022461,-5.944901943206787,10,9807.5
2021-11-08 13:56:14,34.34074401855469,-5.945093154907227,11,9812.5
2021-11-08 13:56:20,34.34071731567383,-5.945284843444824,11,9816.666666666668
2021-11-08 13:56:26,34.3406867980957,-5.945475101470947,10,9822.5
2021-11-08 13:56:32,34.340660095214844,-5.945671081542969,11,9825.0
2021-11-08 13:56:38,34.340633392333984,-5.945868015289307,10,9830.0
2021-11-08 13:56:44,34.340606689453125,-5.946060180664063,10,9835.833333333332
2021-11-08 13:56:50,34.340572357177734,-5.946246147155762,10,9840.833333333332
2021-11-08 13:56:56,34.34054183959961,-5.946433067321777,10,9845.0
2021-11-08 13:57:02,34.340518951416016,-5.946622848510742,11,9849.166666666668
2021-11-08 13:57:08,34.34049224853516,-5.946807861328125,10,9855.0
2021-11-08 13:57:14,34.34046173095703,-5.947000980377197,10,9858.333333333332
2021-11-08 13:57:20,34.340431213378906,-5.9471940994262695,11,9864.166666666668
2021-11-08 13:57:26,34.34040451049805,-5.947385787963867,11,9868.333333333332
2021-11-08 13:57:32,34.34037399291992,-5.947577953338623,10,9871.666666666668
2021-11-08 13:57:38,34.34035110473633,-5.947771072387695,10,9877.5
2021-11-08 13:57:44,34.340328216552734,-5.947964191436768,10,9881.666666666668
2021-11-08 13:57:50,34.340301513671875,-5.948151111602783,10,9885.833333333332
2021-11-08 13:57:56,34.34022903442383,-5.948268890380859,8,9889.166666666668
2021-11-08 13:58:02,34.34016799926758,-5.948170185089111,9,9898.333333333332
2021-11-08 13:58:08,34.34019470214844,-5.947988986968994,10,9901.666666666668
2021-11-08 13:58:14,34.34022903442383,-5.947800159454346,9,9905.833333333332
2021-11-08 13:58:20,34.34025955200195,-5.947609901428223,10,9909.166666666668
2021-11-08 13:58:26,34.34028244018555,-5.947414875030518,10,9914.166666666668
2021-11-08 13:58:32,34.34031677246094,-5.947222232818604,10,9918.333333333332
2021-11-08 13:58:38,34.34034729003906,-5.9470319747924805,10,9922.5
2021-11-08 13:58:44,34.34037399291992,-5.946846008300781,11,9925.833333333332
2021-11-08 13:58:50,34.34040451049805,-5.9466657638549805,10,9931.666666666666
2021-11-08 13:58:56,34.34043884277344,-5.946483135223389,10,9935.833333333332
2021-11-08 13:59:02,34.34046936035156,-5.946296215057373,10,9938.333333333332
2021-11-08 13:59:08,34.34049987792969,-5.946106910705566,10,9945.0
2021-11-08 13:59:14,34.34053039550781,-5.945916175842285,10,9949.166666666668
2021-11-08 13:59:20,34.34054946899414,-5.94572114944458,10,9952.5
2021-11-08 13:59:26,34.340579986572266,-5.945530891418457,10,9957.5
2021-11-08 13:59:32,34.34061050415039,-5.945343017578125,10,9962.5
2021-11-08 13:59:38,34.34064102172852,-5.94515323638916,10,9967.5
2021-11-08 13:59:44,34.340667724609375,-5.944960117340088,10,9971.666666666668
2021-11-08 13:59:50,34.3406982421875,-5.944770812988281,10,9975.833333333334
2021-11-08 13:59:56,34.34072494506836,-5.944583892822266,10,9980.833333333334
2021-11-08 14:00:02,34.340755462646484,-5.944398880004883,10,9985.833333333334
2021-11-08 14:00:08,34.34078598022461,-5.944211959838867,10,9991.666666666666
2021-11-08 14:00:14,34.340816497802734,-5.944022178649902,10,9995.0
2021-11-08 14:00:20,34.34083938598633,-5.943830966949463,10,9998.333333333332
2021-11-08 14:00:26,34.34086990356445,-5.943645000457764,10,10003.333333333332
2021-11-08 14:00:32,34.34089660644531,-5.9434590339660645,10,10005.0
2021-11-08 14:00:38,34.340919494628906,-5.943267822265625,10,10012.5
2021-11-08 14:00:44,34.340946197509766,-5.943085193634033,10,10017.5
2021-11-08 14:00:50,34.34095764160156,-5.942893981933594,10,10021.666666666666
2021-11-08 14:00:56,34.340999603271484,-5.942707061767578,11,10026.666666666666
2021-11-08 14:01:02,34.341102600097656,-5.942762851715088,10,10030.0
2021-11-08 14:01:08,34.34109115600586,-5.942951202392578,10,10035.0
2021-11-08 14:01:14,34.341068267822266,-5.943136215209961,10,10039.166666666666
2021-11-08 14:01:20,34.34103775024414,-5.943319797515869,10,10043.333333333332
2021-11-08 14:01:26,34.341007232666016,-5.9434990882873535,10,10047.5
2021-11-08 14:01:32,34.34098052978516,-5.943688869476318,10,10053.333333333332
2021-11-08 14:01:38,34.3409538269043,-5.943877220153809,10,10055.833333333332
2021-11-08 14:01:44,34.34092712402344,-5.944069862365723,10,10061.666666666668
2021-11-08 14:01:50,34.340904235839844,-5.944262981414795,11,10065.833333333334
2021-11-08 14:01:56,34.340877532958984,-5.944451808929443,10,10070.833333333334
2021-11-08 14:02:02,34.34084701538086,-5.944640159606934,10,10075.833333333334
2021-11-08 14:02:08,34.3408203125,-5.944828033447266,10,10080.0
2021-11-08 14:02:14,34.34078598022461,-5.945014953613281,10,10084.166666666668
2021-11-08 14:02:20,34.340755462646484,-5.945205211639404,10,10089.166666666668
2021-11-08 14:02:26,34.340728759765625,-5.945394992828369,10,10094.166666666668
2021-11-08 14:02:32,34.34070587158203,-5.945580959320068,10,10096.666666666666
2021-11-08 14:02:38,34.34067916870117,-5.945769786834717,10,10102.5
2021-11-08 14:02:44,34.34064865112305,-5.945957183837891,10,10106.666666666666
2021-11-08 14:02:50,34.34061813354492,-5.94614315032959,10,10112.5
2021-11-08 14:02:56,34.34059524536133,-5.946331024169922,10,10115.833333333332
2021-11-08 14:03:02,34.3405647277832,-5.946516990661621,10,10120.0
2021-11-08 14:03:08,34.34053421020508,-5.94670295715332,10,10125.833333333332
2021-11-08 14:03:14,34.34050750732422,-5.946895122528076,10,10131.666666666666
2021-11-08 14:03:20,34.34048080444336,-5.947084903717041,10,10135.0
2021-11-08 14:03:26,34.340450286865234,-5.947272777557373,10,10140.0
2021-11-08 14:03:32,34.34041976928711,-5.947463035583496,10,10144.166666666668
2021-11-08 14:03:38,34.340389251708984,-5.947649955749512,10,10146.666666666668
2021-11-08 14:03:44,34.34036636352539,-5.947840213775635,10,10152.5
2021-11-08 14:03:50,34.3403434753418,-5.948029041290283,10,10158.333333333334
2021-11-08 14:03:56,34.340301513671875,-5.948215007781982,10,10161.666666666668
2021-11-08 14:04:02,34.34015655517578,-5.948225975036621,9,10165.833333333334
2021-11-08 14:04:08,34.34004592895508,-5.948183059692383,8,10169.166666666668
2021-11-08 14:04:14,34.34001159667969,-5.948040008544922,9,10174.166666666668
2021-11-08 14:04:20,34.34003448486328,-5.947861194610596,10,10175.833333333334
2021-11-08 14:04:26,34.34006118774414,-5.947678089141846,10,10180.833333333334
2021-11-08 14:04:32,34.340091705322266,-5.947500228881836,10,10185.833333333334
2021-11-08 14:04:38,34.340126037597656,-5.947319030761719,10,10190.833333333334
2021-11-08 14:04:44,34.34016036987305,-5.947136878967285,10,10195.833333333334
2021-11-08 14:04:50,34.34019470214844,-5.9469499588012695,10,10198.333333333334
2021-11-08 14:04:56,34.34022903442383,-5.946764945983887,10,10200.833333333332
2021-11-08 14:05:02,34.34025955200195,-5.94658088684082,9,10207.5
2021-11-08 14:05:08,34.34029006958008,-5.94639778137207,10,10212.5
2021-11-08 14:05:14,34.3403205871582,-5.946209907531738,10,10218.333333333332
2021-11-08 14:05:20,34.34033966064453,-5.946020126342773,10,10221.666666666666
2021-11-08 14:05:26,34.340370178222656,-5.945828914642334,10,10226.666666666666
2021-11-08 14:05:32,34.34040069580078,-5.945641040802002,10,10229.166666666666
2021-11-08 14:05:38,34.34042739868164,-5.945454120635986,10,10234.166666666666
2021-11-08 14:05:44,34.340457916259766,-5.945268154144287,10,10239.166666666666
2021-11-08 14:05:50,34.34048843383789,-5.9450860023498535,10,10242.5
2021-11-08 14:05:56,34.340511322021484,-5.944900035858154,10,10247.5
2021-11-08 14:06:02,34.340538024902344,-5.944713115692139,10,10253.333333333332
2021-11-08 14:06:08,34.3405647277832,-5.944522857666016,10,10258.333333333332
2021-11-08 14:06:14,34.34059524536133,-5.944334030151367,10,10262.5
2021-11-08 14:06:20,34.34062576293945,-5.944143772125244,10,10265.833333333332
2021-11-08 14:06:26,34.34065628051758,-5.943955898284912,10,10270.0
2021-11-08 14:06:32,34.34068298339844,-5.9437689781188965,10,10275.833333333332
2021-11-08 14:06:38,34.3407096862793,-5.943579196929932,10,10280.833333333332
2021-11-08 14:06:44,34.34073257446289,-5.943387985229492,10,10285.0
2021-11-08 14:06:50,34.340755462646484,-5.943196773529053,10,10287.5
2021-11-08 14:06:56,34.340782165527344,-5.943006992340088,10,10291.666666666668
2021-11-08 14:07:02,34.34081268310547,-5.942820072174072,9,10295.0
2021-11-08 14:07:08,34.34080505371094,-5.942697048187256,6,10300.0
2021-11-08 14:07:14,34.340877532958984,-5.942604064941406,7,10305.833333333332
2021-11-08 14:07:20,34.340999603271484,-5.942628860473633,9,10311.666666666668
2021-11-08 14:07:26,34.34112930297852,-5.942687034606934,10,10315.0
2021-11-08 14:07:32,34.34113311767578,-5.942873954772949,10,10319.166666666668
2021-11-08 14:07:38,34.34111404418945,-5.943062782287598,10,10321.666666666668
2021-11-08 14:07:44,34.34109115600586,-5.943251132965088,10,10326.666666666668
2021-11-08 14:07:50,34.341060638427734,-5.943441867828369,10,10331.666666666668
2021-11-08 14:07:56,34.341033935546875,-5.943627834320068,10,10336.666666666668
2021-11-08 14:08:02,34.34100341796875,-5.943813800811768,10,10340.0
2021-11-08 14:08:08,34.340972900390625,-5.94399881362915,10,10345.0
2021-11-08 14:08:14,34.340946197509766,-5.944186210632324,10,10350.0
2021-11-08 14:08:20,34.340919494628906,-5.944375991821289,10,10353.333333333334
2021-11-08 14:08:26,34.34088516235352,-5.944562911987305,10,10355.0
2021-11-08 14:08:32,34.34085464477539,-5.944753170013428,10,10360.833333333334
2021-11-08 14:08:38,34.340824127197266,-5.944937229156494,10,10366.666666666668
2021-11-08 14:08:44,34.34079360961914,-5.945119857788086,10,10371.666666666668
2021-11-08 14:08:50,34.34075927734375,-5.945304870605469,10,10374.166666666668
2021-11-08 14:08:56,34.34074020385742,-5.945493221282959,10,10380.833333333334
2021-11-08 14:09:02,34.34071731567383,-5.945681095123291,10,10385.833333333334
2021-11-08 14:09:08,34.34069061279297,-5.945868015289307,10,10388.333333333334
2021-11-08 14:09:14,34.34066390991211,-5.9460530281066895,10,10392.5
2021-11-08 14:09:20,34.34063720703125,-5.946238994598389,10,10399.166666666668
2021-11-08 14:09:26,34.34061050415039,-5.946424961090088,10,10404.166666666668
2021-11-08 14:09:32,34.340576171875,-5.946608066558838,10,10409.166666666668
2021-11-08 14:09:38,34.34054946899414,-5.946793079376221,10,10411.666666666668
2021-11-08 14:09:44,34.340518951416016,-5.946979999542236,10,10415.833333333332
2021-11-08 14:09:50,34.34049224853516,-5.947165966033936,10,10420.833333333332
2021-11-08 14:09:56,34.340457916259766,-5.947350978851318,10,10425.833333333332
2021-11-08 14:10:02,34.34042739868164,-5.94753885269165,10,10430.0
2021-11-08 14:10:08,34.34040832519531,-5.947729110717773,10,10435.833333333332
2021-11-08 14:10:14,34.34038543701172,-5.947920799255371,10,10440.0
2021-11-08 14:10:20,34.34036636352539,-5.948111057281494,10,10445.0
2021-11-08 14:10:26,34.34030532836914,-5.948267936706543,9,10448.333333333332
2021-11-08 14:10:32,34.34016799926758,-5.948247909545898,9,10451.666666666666
2021-11-08 14:10:38,34.34003448486328,-5.948218822479248,9,10455.0
2021-11-08 14:10:44,34.33999252319336,-5.948072910308838,8,10455.833333333332
2021-11-08 14:10:50,34.34001159667969,-5.9478960037231445,10,10459.166666666666
2021-11-08 14:10:56,34.34003829956055,-5.947707176208496,10,10464.166666666666
2021-11-08 14:11:02,34.340065002441406,-5.94751501083374,10,10468.333333333332
2021-11-08 14:11:08,34.3400993347168,-5.947323799133301,10,10470.833333333332
2021-11-08 14:11:14,34.34012985229492,-5.947132110595703,10,10475.833333333332
2021-11-08 14:11:20,34.34016036987305,-5.946937084197998,10,10481.666666666668
2021-11-08 14:11:26,34.34019088745117,-5.94674015045166,10,10485.0
2021-11-08 14:11:32,34.34022521972656,-5.946547985076904,10,10490.833333333334
2021-11-08 14:11:38,34.34025955200195,-5.946352958679199,10,10495.0
2021-11-08 14:11:44,34.34028625488281,-5.946165084838867,11,10499.166666666668
2021-11-08 14:11:50,34.34031295776367,-5.945971012115479,10,10503.333333333334
2021-11-08 14:11:56,34.34033966064453,-5.945772171020508,11,10509.166666666668
2021-11-08 14:12:02,34.340370178222656,-5.94557523727417,10,10512.5
2021-11-08 14:12:08,34.34040069580078,-5.9453840255737305,10,10518.333333333332
2021-11-08 14:12:14,34.340431213378906,-5.945188045501709,10,10523.333333333332
2021-11-08 14:12:20,34.340457916259766,-5.944997787475586,10,10528.333333333332
2021-11-08 14:12:26,34.340484619140625,-5.944807052612305,10,10531.666666666666
2021-11-08 14:12:32,34.34050750732422,-5.944613933563232,10,10536.666666666666
2021-11-08 14:12:38,34.340538024902344,-5.944417953491211,10,10542.5
2021-11-08 14:12:44,34.340572357177734,-5.94422721862793,10,10547.5
2021-11-08 14:12:50,34.340599060058594,-5.944034099578857,10,10550.833333333332
2021-11-08 14:12:56,34.34062957763672,-5.943838119506836,10,10556.666666666666
2021-11-08 14:13:02,34.34065246582031,-5.943638801574707,10,10560.833333333332
2021-11-08 14:13:08,34.34067916870117,-5.943439960479736,11,10565.833333333332
2021-11-08 14:13:14,34.340702056884766,-5.943246841430664,11,10570.833333333332
2021-11-08 14:13:20,34.340728759765625,-5.943051815032959,11,10575.0
2021-11-08 14:13:26,34.340755462646484,-5.942854881286621,11,10578.333333333332
2021-11-08 14:13:32,34.34082794189453,-5.942701816558838,8,10583.333333333332
2021-11-08 14:13:38,34.34088516235352,-5.942577838897705,8,10587.5
2021-11-08 14:13:44,34.34101104736328,-5.942595958709717,8,10590.0
2021-11-08 14:13:50,34.34113693237305,-5.9426589012146,9,10593.333333333332
2021-11-08 14:13:56,34.34114456176758,-5.9428300857543945,10,10596.666666666666
2021-11-08 14:14:02,34.34113311767578,-5.943023204803467,10,10601.666666666666
2021-11-08 14:14:08,34.34111404418945,-5.943215847015381,10,10606.666666666666
2021-11-08 14:14:14,34.34109115600586,-5.943410873413086,10,10609.166666666666
2021-11-08 14:14:20,34.341060638427734,-5.943601131439209,10,10615.0
2021-11-08 14:14:26,34.341026306152344,-5.943788051605225,10,10619.166666666666
2021-11-08 14:14:32,34.34099578857422,-5.943975925445557,10,10623.333333333334
2021-11-08 14:14:38,34.34096908569336,-5.94416618347168,10,10626.666666666668
2021-11-08 14:14:44,34.3409423828125,-5.944357872009277,10,10630.833333333334
2021-11-08 14:14:50,34.340911865234375,-5.9445481300354,10,10636.666666666668
2021-11-08 14:14:56,34.34088134765625,-5.944736003875732,10,10641.666666666668
2021-11-08 14:15:02,34.340850830078125,-5.944929122924805,10,10645.0
2021-11-08 14:15:08,34.340824127197266,-5.945116996765137,10,10649.166666666668
2021-11-08 14:15:14,34.34079360961914,-5.945306777954102,10,10655.0
2021-11-08 14:15:20,34.34076690673828,-5.945498943328857,11,10660.0
2021-11-08 14:15:26,34.34074020385742,-5.945690155029297,10,10663.333333333334
2021-11-08 14:15:32,34.3407096862793,-5.9458770751953125,10,10668.333333333334
2021-11-08 14:15:38,34.3406867980957,-5.94606876373291,10,10674.166666666668
2021-11-08 14:15:44,34.340660095214844,-5.946256160736084,10,10678.333333333334
2021-11-08 14:15:50,34.34062957763672,-5.946446895599365,10,10683.333333333334
2021-11-08 14:15:56,34.34060287475586,-5.9466400146484375,10,10686.666666666668
2021-11-08 14:16:02,34.340572357177734,-5.946829795837402,10,10689.166666666668
2021-11-08 14:16:08,34.340553283691406,-5.947019100189209,10,10695.833333333332
2021-11-08 14:16:14,34.34053039550781,-5.947206974029541,10,10701.666666666666
2021-11-08 14:16:20,34.34050750732422,-5.947394847869873,10,10707.5
2021-11-08 14:16:26,34.34048080444336,-5.9475860595703125,10,10710.0
2021-11-08 14:16:32,34.340450286865234,-5.947778224945068,10,10715.0
2021-11-08 14:16:38,34.34041976928711,-5.947964191436768,10,10720.833333333332
2021-11-08 14:16:44,34.34039688110352,-5.948146820068359,10,10724.166666666666
2021-11-08 14:16:50,34.340335845947266,-5.948280811309815,8,10728.333333333332
2021-11-08 14:16:56,34.34027099609375,-5.948277950286865,0,10733.333333333332
2021-11-08 14:17:02,34.34027862548828,-5.948280811309815,0,10736.666666666666
2021-11-08 14:17:08,34.34027862548828,-5.9482831954956055,0,10740.833333333332
2021-11-08 14:17:14,34.34027862548828,-5.9482831954956055,0,10745.0
2021-11-08 14:17:20,34.34027862548828,-5.9482831954956055,0,10749.166666666666
2021-11-08 14:17:26,34.34027862548828,-5.9482831954956055,0,10750.833333333332
2021-11-08 14:17:32,34.34027862548828,-5.9482831954956055,0,10755.833333333332
2021-11-08 14:17:38,34.34027862548828,-5.9482831954956055,0,10762.5
2021-11-08 14:17:44,34.34027862548828,-5.9482831954956055,0,10765.833333333334
2021-11-08 14:17:50,34.34027862548828,-5.9482831954956055,0,10769.166666666668
2021-11-08 14:17:56,34.34027862548828,-5.9482831954956055,0,10775.833333333334
2021-11-08 14:18:02,34.34027862548828,-5.9482831954956055,0,10780.0
2021-11-08 14:18:08,34.34027862548828,-5.9482831954956055,0,10783.333333333334
2021-11-08 14:18:14,34.34027862548828,-5.9482831954956055,0,10786.666666666668
2021-11-08 14:18:20,34.34027862548828,-5.9482831954956055,0,10793.333333333334
2021-11-08 14:18:26,34.34027862548828,-5.9482831954956055,0,10799.166666666668
2021-11-08 14:18:32,34.34027862548828,-5.9482831954956055,0,10801.666666666666
2021-11-08 14:18:38,34.34027862548828,-5.9482831954956055,0,10806.666666666666
2021-11-08 14:18:44,34.34027862548828,-5.9482831954956055,0,10809.166666666666
2021-11-08 14:18:50,34.34027862548828,-5.9482831954956055,0,10812.5
2021-11-08 14:18:56,34.34027862548828,-5.9482831954956055,0,10818.333333333334
2021-11-08 14:19:02,34.34027862548828,-5.9482831954956055,0,10824.166666666666
2021-11-08 14:19:08,34.34027862548828,-5.9482831954956055,0,10829.166666666666
2021-11-08 14:19:14,34.34027862548828,-5.9482831954956055,0,10831.666666666666
2021-11-08 14:19:20,34.34027862548828,-5.9482831954956055,0,10835.0
2021-11-08 14:19:26,34.34027862548828,-5.9482831954956055,0,10840.0
2021-11-08 14:19:32,34.34027862548828,-5.9482831954956055,0,10845.0
2021-11-08 14:19:38,34.34027862548828,-5.9482831954956055,0,10850.833333333334
2021-11-08 14:19:44,34.34027862548828,-5.9482831954956055,0,10857.5
2021-11-08 14:19:50,34.34027862548828,-5.9482831954956055,0,10861.666666666668
2021-11-08 14:19:56,34.34027862548828,-5.9482831954956055,0,10863.333333333334
2021-11-08 14:20:02,34.34027862548828,-5.9482831954956055,0,10868.333333333334
2021-11-08 14:20:08,34.3399543762207,-5.948089122772217,8,10874.166666666668
2021-11-08 14:20:14,34.3399772644043,-5.9479169845581055,10,10878.333333333334
2021-11-08 14:20:20,34.34000396728516,-5.947731018066406,10,10882.5
2021-11-08 14:20:26,34.340030670166016,-5.947546005249023,10,10886.666666666668
2021-11-08 14:20:32,34.340057373046875,-5.947360038757324,11,10891.666666666668
2021-11-08 14:20:38,34.340091705322266,-5.947167873382568,10,10896.666666666668
2021-11-08 14:20:44,34.340118408203125,-5.94697904586792,10,10899.166666666668
2021-11-08 14:20:50,34.34015274047852,-5.946793079376221,10,10904.166666666668
2021-11-08 14:20:56,34.34018325805664,-5.946610927581787,10,10910.0
2021-11-08 14:21:02,34.3402099609375,-5.946425914764404,10,10915.0
2021-11-08 14:21:08,34.34023666381836,-5.946238994598389,10,10917.5
2021-11-08 14:21:14,34.34025955200195,-5.946049213409424,11,10921.666666666666
2021-11-08 14:21:20,34.34028625488281,-5.945858955383301,10,10926.666666666666
2021-11-08 14:21:26,34.34031677246094,-5.945672988891602,11,10930.0
2021-11-08 14:21:32,34.34035110473633,-5.945494174957275,10,10936.666666666666
2021-11-08 14:21:38,34.34037780761719,-5.945300102233887,9,10942.5
2021-11-08 14:21:44,34.34040832519531,-5.945105075836182,10,10946.666666666666
2021-11-08 14:21:50,34.34043502807617,-5.944913864135742,10,10949.166666666666
2021-11-08 14:21:56,34.34046173095703,-5.944725036621094,10,10955.0
2021-11-08 14:22:02,34.34049224853516,-5.944538116455078,11,10959.166666666666
2021-11-08 14:22:08,34.340518951416016,-5.944345951080322,10,10962.5
2021-11-08 14:22:14,34.340553283691406,-5.94415283203125,10,10967.5
2021-11-08 14:22:20,34.340579986572266,-5.943964958190918,10,10970.833333333334
2021-11-08 14:22:26,34.34061050415039,-5.943774223327637,10,10975.833333333334
2021-11-08 14:22:32,34.340633392333984,-5.943583011627197,10,10979.166666666666
2021-11-08 14:22:38,34.34065628051758,-5.943388938903809,10,10985.0
2021-11-08 14:22:44,34.34067916870117,-5.943195819854736,10,10987.5
2021-11-08 14:22:50,34.34070587158203,-5.943006992340088,10,10992.5
2021-11-08 14:22:56,34.34074401855469,-5.942815780639648,10,10997.5
2021-11-08 14:23:02,34.34075927734375,-5.942636966705322,10,11002.5
2021-11-08 14:23:08,34.34086227416992,-5.942607879638672,9,11005.0
2021-11-08 14:23:14,34.3408317565918,-5.9427809715271,9,11008.333333333332
2021-11-08 14:23:20,34.34080123901367,-5.942941188812256,4,11011.666666666666
2021-11-08 14:23:26,34.34080123901367,-5.94295597076416,4,11016.666666666666
2021-11-08 14:23:32,34.34077453613281,-5.943126201629639,10,11023.333333333332
2021-11-08 14:23:38,34.340755462646484,-5.943314075469971,10,11025.833333333332
2021-11-08 14:23:44,34.34073638916016,-5.943500995635986,10,11030.833333333332
2021-11-08 14:23:50,34.34071731567383,-5.943693161010742,10,11035.0
2021-11-08 14:23:56,34.3406867980957,-5.943879127502441,10,11038.333333333332
2021-11-08 14:24:02,34.340660095214844,-5.9440741539001465,10,11043.333333333332
2021-11-08 14:24:08,34.340633392333984,-5.944269180297852,10,11048.333333333334
2021-11-08 14:24:14,34.340599060058594,-5.9444580078125,10,11052.5
2021-11-08 14:24:20,34.340572357177734,-5.944643020629883,10,11056.666666666668
2021-11-08 14:24:26,34.340545654296875,-5.944826126098633,10,11061.666666666668
2021-11-08 14:24:32,34.340518951416016,-5.945007801055908,10,11066.666666666668
2021-11-08 14:24:38,34.34048843383789,-5.945193767547607,10,11071.666666666668
2021-11-08 14:24:44,34.34046173095703,-5.9453840255737305,10,11075.0
2021-11-08 14:24:50,34.340431213378906,-5.945569038391113,10,11080.833333333334
2021-11-08 14:24:56,34.34040069580078,-5.945758819580078,10,11085.0
2021-11-08 14:25:02,34.34037399291992,-5.945947170257568,10,11090.833333333334
2021-11-08 14:25:08,34.34035110473633,-5.946136951446533,10,11094.166666666668
2021-11-08 14:25:14,34.34032440185547,-5.94631814956665,10,11097.5
2021-11-08 14:25:20,34.340293884277344,-5.946499824523926,10,11103.333333333334
2021-11-08 14:25:26,34.34025573730469,-5.946674823760986,10,11106.666666666668
2021-11-08 14:25:32,34.34022903442383,-5.9468607902526855,10,11112.5
2021-11-08 14:25:38,34.3401985168457,-5.947045803070068,10,11117.5
2021-11-08 14:25:44,34.34016418457031,-5.947228908538818,10,11122.5
2021-11-08 14:25:50,34.34013366699219,-5.947409152984619,9,11125.0
2021-11-08 14:25:56,34.3400993347168,-5.9475932121276855,10,11129.166666666666
2021-11-08 14:26:02,34.34007263183594,-5.947781085968018,10,11133.333333333332
2021-11-08 14:26:08,34.34004592895508,-5.947963237762451,9,11137.5
2021-11-08 14:26:14,34.340030670166016,-5.948135852813721,9,11141.666666666666
2021-11-08 14:26:20,34.33992385864258,-5.948155879974365,10,11145.833333333332
2021-11-08 14:26:26,34.33992385864258,-5.947978019714356,10,11148.333333333332
2021-11-08 14:26:32,34.3399543762207,-5.947793960571289,10,11152.5
2021-11-08 14:26:38,34.3399772644043,-5.947603225708008,10,11156.666666666666
2021-11-08 14:26:44,34.34000778198242,-5.947412967681885,10,11159.166666666666
2021-11-08 14:26:50,34.34003829956055,-5.947216987609863,11,11165.833333333332
2021-11-08 14:26:56,34.3400764465332,-5.947022914886475,11,11171.666666666666
2021-11-08 14:27:02,34.340110778808594,-5.946832180023193,10,11175.833333333332
2021-11-08 14:27:08,34.340145111083984,-5.94664478302002,10,11179.166666666666
2021-11-08 14:27:14,34.340171813964844,-5.94645881652832,11,11183.333333333332
2021-11-08 14:27:20,34.34020233154297,-5.946277141571045,10,11189.166666666666
2021-11-08 14:27:26,34.34022903442383,-5.946090221405029,10,11193.333333333332
2021-11-08 14:27:32,34.34025573730469,-5.94589900970459,10,11199.166666666666
2021-11-08 14:27:38,34.34028625488281,-5.945717811584473,10,11202.499999999998
2021-11-08 14:27:44,34.34031677246094,-5.945530891418457,10,11207.499999999998
2021-11-08 14:27:50,34.34034729003906,-5.945339202880859,11,11212.499999999998
2021-11-08 14:27:56,34.34037399291992,-5.94514799118042,11,11216.666666666666
2021-11-08 14:28:02,34.34040069580078,-5.944961071014404,10,11221.666666666666
2021-11-08 14:28:08,34.34042739868164,-5.944769859313965,10,11225.0
2021-11-08 14:28:14,34.340450286865234,-5.944580078125,10,11229.166666666666
2021-11-08 14:28:20,34.34048080444336,-5.9443888664245605,10,11235.0
2021-11-08 14:28:26,34.340511322021484,-5.944193840026856,11,11240.0
2021-11-08 14:28:32,34.34054183959961,-5.943997859954834,10,11243.333333333332
2021-11-08 14:28:38,34.340572357177734,-5.9438090324401855,10,11247.5
2021-11-08 14:28:44,34.34059524536133,-5.943618774414063,10,11251.666666666666
2021-11-08 14:28:50,34.34061813354492,-5.943428993225098,10,11254.166666666666
2021-11-08 14:28:56,34.34063720703125,-5.943237781524658,10,11260.0
2021-11-08 14:29:02,34.340660095214844,-5.943041801452637,10,11265.0
2021-11-08 14:29:08,34.340694427490234,-5.942853927612305,10,11269.166666666668
2021-11-08 14:29:14,34.34071350097656,-5.942669868469238,9,11273.333333333332
2021-11-08 14:29:20,34.340843200683594,-5.942607879638672,10,11276.666666666668
2021-11-08 14:29:26,34.34084701538086,-5.942782878875732,10,11280.0
2021-11-08 14:29:32,34.3408088684082,-5.942965030670166,10,11285.0
2021-11-08 14:29:38,34.340782165527344,-5.943155765533447,10,11289.166666666668
2021-11-08 14:29:44,34.340763092041016,-5.943346977233887,10,11294.166666666668
2021-11-08 14:29:50,34.34074020385742,-5.943541049957275,10,11296.666666666668
2021-11-08 14:29:56,34.34071350097656,-5.943733215332031,10,11301.666666666668
2021-11-08 14:30:02,34.3406867980957,-5.943924903869629,10,11305.833333333332
2021-11-08 14:30:08,34.340660095214844,-5.944116115570068,10,11310.0
2021-11-08 14:30:14,34.34062194824219,-5.944302082061768,10,11313.333333333332
2021-11-08 14:30:20,34.34059143066406,-5.944489002227783,10,11320.0
2021-11-08 14:30:26,34.34056854248047,-5.944674968719482,10,11324.166666666668
2021-11-08 14:30:32,34.340545654296875,-5.944861888885498,10,11328.333333333332
2021-11-08 14:30:38,34.34051513671875,-5.945047855377197,10,11333.333333333332
2021-11-08 14:30:44,34.340484619140625,-5.945240020751953,10,11337.5
2021-11-08 14:30:50,34.340457916259766,-5.945426940917969,10,11341.666666666666
2021-11-08 14:30:56,34.340423583984375,-5.945606231689453,10,11348.333333333332
2021-11-08 14:31:02,34.34039306640625,-5.945794105529785,10,11352.5
2021-11-08 14:31:08,34.34036636352539,-5.945985794067383,10,11355.0
2021-11-08 14:31:14,34.34034729003906,-5.946183204650879,10,11359.166666666666
2021-11-08 14:31:20,34.34032440185547,-5.946374893188477,10,11365.0
2021-11-08 14:31:26,34.34029006958008,-5.946560859680176,10,11370.0
2021-11-08 14:31:32,34.34025573730469,-5.946745872497559,10,11373.333333333334
2021-11-08 14:31:38,34.34022903442383,-5.946934223175049,10,11378.333333333334
2021-11-08 14:31:44,34.3401985168457,-5.947124004364014,11,11384.166666666668
2021-11-08 14:31:50,34.34016799926758,-5.9473161697387695,11,11388.333333333334
2021-11-08 14:31:56,34.34013748168945,-5.947504043579102,10,11390.0
2021-11-08 14:32:02,34.340110778808594,-5.947694778442383,10,11395.0
2021-11-08 14:32:08,34.34008026123047,-5.947885036468506,10,11396.666666666668
2021-11-08 14:32:14,34.340057373046875,-5.9480719566345215,10,11402.5
2021-11-08 14:32:20,34.3399658203125,-5.948206901550293,11,11408.333333333332
2021-11-08 14:32:26,34.33987045288086,-5.948078155517578,11,11411.666666666668
2021-11-08 14:32:32,34.33989334106445,-5.947887897491455,11,11415.0
2021-11-08 14:32:38,34.33992004394531,-5.947702884674072,10,11418.333333333332
2021-11-08 14:32:44,34.3399543762207,-5.947516918182373,11,11421.666666666668
2021-11-08 14:32:50,34.33998489379883,-5.947329044342041,10,11426.666666666668
2021-11-08 14:32:56,34.34001922607422,-5.947138786315918,10,11431.666666666668
2021-11-08 14:33:02,34.34005355834961,-5.946949005126953,10,11435.0
2021-11-08 14:33:08,34.340091705322266,-5.946757793426514,11,11439.166666666668
2021-11-08 14:33:14,34.34012222290039,-5.946570873260498,10,11443.333333333334
2021-11-08 14:33:20,34.34015274047852,-5.946386814117432,10,11449.166666666668
2021-11-08 14:33:26,34.34017562866211,-5.946197986602783,10,11452.5
2021-11-08 14:33:32,34.34020233154297,-5.946008205413818,10,11457.5
2021-11-08 14:33:38,34.340232849121094,-5.945816040039063,10,11462.5
2021-11-08 14:33:44,34.34026336669922,-5.94562578201294,10,11467.5
2021-11-08 14:33:50,34.340293884277344,-5.945432186126709,11,11470.0
2021-11-08 14:33:56,34.340328216552734,-5.945240020751953,10,11474.166666666668
2021-11-08 14:34:02,34.34035873413086,-5.94505500793457,10,11478.333333333334
2021-11-08 14:34:08,34.34038543701172,-5.9448652267456055,11,11483.333333333334
2021-11-08 14:34:14,34.34040451049805,-5.944672107696533,10,11487.5
2021-11-08 14:34:20,34.340431213378906,-5.94448184967041,10,11491.666666666668
2021-11-08 14:34:26,34.340457916259766,-5.944295883178711,10,11497.5
2021-11-08 14:34:32,34.340484619140625,-5.944108009338379,10,11500.833333333334
2021-11-08 14:34:38,34.34051513671875,-5.94392204284668,10,11504.166666666668
2021-11-08 14:34:44,34.34054183959961,-5.9437360763549805,10,11507.5
2021-11-08 14:34:50,34.34056854248047,-5.943545818328857,10,11512.5
2021-11-08 14:34:56,34.34059143066406,-5.943359851837158,10,11517.5
2021-11-08 14:35:02,34.34062576293945,-5.943171977996826,10,11520.833333333334
2021-11-08 14:35:08,34.34065628051758,-5.942976951599121,10,11525.0
2021-11-08 14:35:14,34.34069061279297,-5.942780017852783,11,11529.166666666668
2021-11-08 14:35:20,34.34074020385742,-5.942615032196045,10,11533.333333333332
2021-11-08 14:35:26,34.340877532958984,-5.942629814147949,9,11535.833333333332
2021-11-08 14:35:32,34.34088516235352,-5.942811012268066,10,11540.0
2021-11-08 14:35:38,34.34085464477539,-5.942996978759766,10,11542.5
2021-11-08 14:35:44,34.3408203125,-5.943182945251465,10,11548.333333333332
2021-11-08 14:35:50,34.340797424316406,-5.943370819091797,10,11553.333333333332
2021-11-08 14:35:56,34.34077835083008,-5.943559169769287,10,11555.833333333332
2021-11-08 14:36:02,34.34075164794922,-5.943749904632568,10,11560.0
2021-11-08 14:36:08,34.340721130371094,-5.943935871124268,10,11565.0
2021-11-08 14:36:14,34.34069061279297,-5.944124221801758,10,11568.333333333332
2021-11-08 14:36:20,34.34065628051758,-5.94430685043335,10,11572.5
2021-11-08 14:36:26,34.34062576293945,-5.944496154785156,10,11578.333333333332
2021-11-08 14:36:32,34.340599060058594,-5.944684982299805,10,11583.333333333332
2021-11-08 14:36:38,34.340576171875,-5.9448771476745605,10,11586.666666666668
2021-11-08 14:36:44,34.34054946899414,-5.945067882537842,10,11591.666666666668
2021-11-08 14:36:50,34.340518951416016,-5.945256233215332,10,11595.0
2021-11-08 14:36:56,34.34048843383789,-5.945442199707031,10,11599.166666666668
2021-11-08 14:37:02,34.340457916259766,-5.945631980895996,10,11604.166666666668
2021-11-08 14:37:08,34.340431213378906,-5.945827960968018,10,11607.5
2021-11-08 14:37:14,34.34040832519531,-5.946023941040039,11,11612.5
2021-11-08 14:37:20,34.34037780761719,-5.946209907531738,10,11616.666666666668
2021-11-08 14:37:26,34.34035873413086,-5.946401119232178,10,11620.833333333334
2021-11-08 14:37:32,34.3403205871582,-5.946585178375244,10,11625.0
2021-11-08 14:37:38,34.34029006958008,-5.946767807006836,10,11628.333333333334
2021-11-08 14:37:44,34.34025955200195,-5.94695520401001,10,11632.5
2021-11-08 14:37:50,34.3402214050293,-5.947138786315918,10,11638.333333333334
2021-11-08 14:37:56,34.34019470214844,-5.947329998016357,10,11641.666666666668
2021-11-08 14:38:02,34.34016799926758,-5.947526931762695,11,11645.833333333334
2021-11-08 14:38:08,34.34013748168945,-5.947713851928711,10,11651.666666666668
2021-11-08 14:38:14,34.34011459350586,-5.947903156280518,10,11654.166666666668
2021-11-08 14:38:20,34.3400993347168,-5.948091983795166,10,11660.0
2021-11-08 14:38:26,34.340030670166016,-5.948225975036621,10,11664.166666666668
2021-11-08 14:38:32,34.33990478515625,-5.948163986206055,8,11668.333333333332
2021-11-08 14:38:38,34.339778900146484,-5.9481120109558105,9,11670.0
2021-11-08 14:38:44,34.339744567871094,-5.947941780090332,10,11674.166666666666
2021-11-08 14:38:50,34.33975601196289,-5.947768211364746,10,11679.166666666666
2021-11-08 14:38:56,34.339778900146484,-5.947577953338623,10,11682.5
2021-11-08 14:39:02,34.33979797363281,-5.947387218475342,10,11687.5
2021-11-08 14:39:08,34.33982467651367,-5.947196960449219,11,11691.666666666666
2021-11-08 14:39:14,34.33985137939453,-5.947009086608887,10,11696.666666666666
2021-11-08 14:39:20,34.339874267578125,-5.946815967559815,10,11700.0
2021-11-08 14:39:26,34.33990478515625,-5.946623802185059,10,11702.5
2021-11-08 14:39:32,34.33993911743164,-5.946436882019043,10,11706.666666666666
2021-11-08 14:39:38,34.339969635009766,-5.946256160736084,10,11708.333333333332
2021-11-08 14:39:44,34.339996337890625,-5.946063995361328,10,11713.333333333332
2021-11-08 14:39:50,34.34002685546875,-5.945871829986572,10,11719.166666666666
2021-11-08 14:39:56,34.340057373046875,-5.945683002471924,10,11722.5
2021-11-08 14:40:02,34.340084075927734,-5.945498943328857,10,11725.833333333332
2021-11-08 14:40:08,34.34011459350586,-5.945305824279785,11,11730.833333333334
2021-11-08 14:40:14,34.34014892578125,-5.945113182067871,10,11735.0
2021-11-08 14:40:20,34.34018325805664,-5.944925785064697,10,11737.5
2021-11-08 14:40:26,34.340213775634766,-5.944735050201416,10,11741.666666666668
2021-11-08 14:40:32,34.34024810791016,-5.94454288482666,10,11746.666666666668
2021-11-08 14:40:38,34.34027862548828,-5.944354057312012,10,11751.666666666668
2021-11-08 14:40:44,34.340309143066406,-5.94416618347168,10,11755.0
2021-11-08 14:40:50,34.34033966064453,-5.943981170654297,10,11760.833333333334
2021-11-08 14:40:56,34.340370178222656,-5.943797111511231,10,11765.833333333332
2021-11-08 14:41:02,34.34040069580078,-5.943609237670898,10,11770.833333333332
2021-11-08 14:41:08,34.34041976928711,-5.943418979644775,10,11773.333333333332
2021-11-08 14:41:14,34.34043884277344,-5.943227767944336,10,11779.166666666668
2021-11-08 14:41:20,34.340450286865234,-5.943033218383789,10,11783.333333333332
2021-11-08 14:41:26,34.3404655456543,-5.942838191986084,10,11785.833333333332
2021-11-08 14:41:32,34.34048080444336,-5.942646026611328,9,11791.666666666668
2021-11-08 14:41:38,34.340599060058594,-5.942539215087891,11,11796.666666666668
2021-11-08 14:41:44,34.34075927734375,-5.942564964294434,10,11800.0
2021-11-08 14:41:50,34.34089660644531,-5.942659854888916,11,11804.166666666668
2021-11-08 14:41:56,34.340877532958984,-5.942862987518311,10,11807.5
2021-11-08 14:42:02,34.340850830078125,-5.943051815032959,10,11810.833333333332
2021-11-08 14:42:08,34.340824127197266,-5.943240165710449,10,11816.666666666668
2021-11-08 14:42:14,34.34080505371094,-5.943429946899414,10,11820.0
2021-11-08 14:42:20,34.34078598022461,-5.943623065948486,10,11825.0
2021-11-08 14:42:26,34.340755462646484,-5.943811893463135,10,11830.0
2021-11-08 14:42:32,34.340728759765625,-5.944001197814941,10,11834.166666666668
2021-11-08 14:42:38,34.3406982421875,-5.944187164306641,10,11840.0
2021-11-08 14:42:44,34.34067153930664,-5.94437313079834,10,11842.5
2021-11-08 14:42:50,34.34064483642578,-5.944560050964356,10,11847.5
2021-11-08 14:42:56,34.34061813354492,-5.944747924804688,10,11851.666666666668
2021-11-08 14:43:02,34.34059143066406,-5.944937229156494,10,11857.5
2021-11-08 14:43:08,34.34056854248047,-5.945125102996826,10,11860.833333333332
2021-11-08 14:43:14,34.340538024902344,-5.945311069488525,10,11865.833333333332
2021-11-08 14:43:20,34.34050750732422,-5.945497035980225,10,11870.833333333334
2021-11-08 14:43:26,34.34048080444336,-5.945684909820557,11,11875.833333333334
2021-11-08 14:43:32,34.34044647216797,-5.945874214172363,10,11878.333333333334
2021-11-08 14:43:38,34.340423583984375,-5.946063995361328,10,11882.5
2021-11-08 14:43:44,34.34039688110352,-5.94625186920166,10,11888.333333333334
2021-11-08 14:43:50,34.340370178222656,-5.946438789367676,10,11893.333333333334
2021-11-08 14:43:56,34.34033966064453,-5.946625232696533,10,11895.833333333334
2021-11-08 14:44:02,34.340309143066406,-5.946808815002441,10,11900.833333333334
2021-11-08 14:44:08,34.340274810791016,-5.946996212005615,10,11905.833333333334
2021-11-08 14:44:14,34.34024429321289,-5.94718599319458,10,11909.166666666668
2021-11-08 14:44:20,34.3402099609375,-5.947372913360596,10,11915.0
2021-11-08 14:44:26,34.340179443359375,-5.947558879852295,9,11920.0
2021-11-08 14:44:32,34.34015274047852,-5.947744846343994,10,11925.0
2021-11-08 14:44:38,34.34012222290039,-5.947930812835693,10,11928.333333333334
2021-11-08 14:44:44,34.34012222290039,-5.948122024536133,10,11932.5
2021-11-08 14:44:50,34.34001159667969,-5.948235988616943,10,11937.5
2021-11-08 14:44:56,34.33985900878906,-5.948193073272705,11,11940.833333333334
2021-11-08 14:45:02,34.339717864990234,-5.948125839233398,10,11945.0
2021-11-08 14:45:08,34.33970642089844,-5.94793701171875,10,11948.333333333334
2021-11-08 14:45:14,34.33972930908203,-5.947751045227051,10,11952.5
2021-11-08 14:45:20,34.339744567871094,-5.947562217712402,10,11955.0
2021-11-08 14:45:26,34.33976745605469,-5.947375774383545,10,11956.666666666668
2021-11-08 14:45:32,34.33979415893555,-5.94718599319458,10,11961.666666666668
2021-11-08 14:45:38,34.339813232421875,-5.946992874145508,10,11966.666666666668
2021-11-08 14:45:44,34.33984375,-5.946797847747803,10,11970.0
2021-11-08 14:45:50,34.339874267578125,-5.946609020233154,10,11974.166666666668
2021-11-08 14:45:56,34.33990859985352,-5.946424007415772,10,11979.166666666668
2021-11-08 14:46:02,34.339935302734375,-5.946235179901123,10,11983.333333333334
2021-11-08 14:46:08,34.339962005615234,-5.946043014526367,10,11985.833333333334
2021-11-08 14:46:14,34.33999252319336,-5.945856094360352,10,11990.0
2021-11-08 14:46:20,34.340023040771484,-5.945664882659912,10,11995.0
2021-11-08 14:46:26,34.340049743652344,-5.94547176361084,10,12000.0
2021-11-08 14:46:32,34.34008026123047,-5.945288181304932,10,12005.0
2021-11-08 14:46:38,34.340110778808594,-5.945098876953125,10,12008.333333333334
2021-11-08 14:46:44,34.340145111083984,-5.944915771484375,10,12013.333333333334
2021-11-08 14:46:50,34.34017562866211,-5.9447340965271,10,12017.5
2021-11-08 14:46:56,34.340206146240234,-5.944547176361084,10,12020.833333333334
2021-11-08 14:47:02,34.340240478515625,-5.944361209869385,10,12027.5
2021-11-08 14:47:08,34.340274810791016,-5.944176197052002,11,12032.5
2021-11-08 14:47:14,34.340309143066406,-5.943990230560303,10,12035.833333333334
2021-11-08 14:47:20,34.340335845947266,-5.9438018798828125,10,12040.833333333332
2021-11-08 14:47:26,34.34035873413086,-5.943613052368164,10,12045.833333333332
2021-11-08 14:47:32,34.34038162231445,-5.943425178527832,10,12050.0
2021-11-08 14:47:38,34.34040069580078,-5.943237781524658,10,12053.333333333332
2021-11-08 14:47:44,34.34041213989258,-5.943037986755371,10,12057.5
2021-11-08 14:47:50,34.34042739868164,-5.942842960357666,11,12062.5
2021-11-08 14:47:56,34.34043502807617,-5.942654132843018,9,12065.833333333332
2021-11-08 14:48:02,34.34049224853516,-5.942535877227783,6,12070.0
2021-11-08 14:48:08,34.340599060058594,-5.942540168762207,7,12076.666666666668
2021-11-08 14:48:14,34.340728759765625,-5.94257402420044,9,12080.833333333334
2021-11-08 14:48:20,34.34086227416992,-5.942609786987305,9,12085.0
2021-11-08 14:48:26,34.340911865234375,-5.942745208740234,10,12087.5
2021-11-08 14:48:32,34.34088897705078,-5.9429240226745605,10,12091.666666666668
2021-11-08 14:48:38,34.34086990356445,-5.943113803863525,10,12096.666666666668
2021-11-08 14:48:44,34.340843200683594,-5.943305015563965,10,12099.166666666668
2021-11-08 14:48:50,34.340824127197266,-5.9434990882873535,10,12105.0
2021-11-08 14:48:56,34.34079360961914,-5.943687915802002,10,12109.166666666668
2021-11-08 14:49:02,34.340763092041016,-5.943873882293701,10,12115.0
2021-11-08 14:49:08,34.34074020385742,-5.944065093994141,10,12118.333333333334
2021-11-08 14:49:14,34.3407096862793,-5.9442548751831055,11,12124.166666666668
2021-11-08 14:49:20,34.34067916870117,-5.944444179534912,10,12129.166666666668
2021-11-08 14:49:26,34.34065628051758,-5.944633960723877,10,12132.5
2021-11-08 14:49:32,34.34062957763672,-5.944822788238525,10,12137.5
2021-11-08 14:49:38,34.340599060058594,-5.945011138916016,10,12142.5
2021-11-08 14:49:44,34.340576171875,-5.945201873779297,10,12146.666666666668
2021-11-08 14:49:50,34.34054183959961,-5.945394992828369,10,12150.833333333334
2021-11-08 14:49:56,34.34051513671875,-5.945582866668701,10,12156.666666666668
2021-11-08 14:50:02,34.34048843383789,-5.945772171020508,10,12160.833333333334
2021-11-08 14:50:08,34.340457916259766,-5.945961952209473,10,12164.166666666668
2021-11-08 14:50:14,34.34043502807617,-5.946149826049805,10,12168.333333333334
2021-11-08 14:50:20,34.34040451049805,-5.9463419914245605,10,12174.166666666668
2021-11-08 14:50:26,34.340370178222656,-5.94652795791626,10,12179.166666666668
2021-11-08 14:50:32,34.34033966064453,-5.946714878082275,10,12181.666666666668
2021-11-08 14:50:38,34.34031295776367,-5.946906089782715,10,12187.5
2021-11-08 14:50:44,34.34028244018555,-5.947092056274414,10,12192.5
2021-11-08 14:50:50,34.34025573730469,-5.94727897644043,11,12195.833333333334
2021-11-08 14:50:56,34.34021759033203,-5.9474639892578125,10,12200.0
2021-11-08 14:51:02,34.340187072753906,-5.947653770446777,10,12205.833333333334
2021-11-08 14:51:08,34.34015655517578,-5.947842121124268,10,12210.0
2021-11-08 14:51:14,34.34013366699219,-5.948029041290283,10,12212.5
2021-11-08 14:51:20,34.34010314941406,-5.94821310043335,11,12219.166666666668
2021-11-08 14:51:26,34.339942932128906,-5.948205947875977,10,12223.333333333334
2021-11-08 14:51:32,34.33979415893555,-5.94817590713501,10,12224.166666666668
2021-11-08 14:51:38,34.33966445922852,-5.9480881690979,9,12229.166666666668
2021-11-08 14:51:44,34.33966445922852,-5.947896957397461,10,12232.5
2021-11-08 14:51:50,34.33968734741211,-5.9477128982543945,10,12237.5
2021-11-08 14:51:56,34.3397102355957,-5.947521209716797,10,12240.833333333334
2021-11-08 14:52:02,34.33973693847656,-5.947333812713623,10,12245.0
2021-11-08 14:52:08,34.33976745605469,-5.947144031524658,10,12250.0
2021-11-08 14:52:14,34.33979415893555,-5.946951866149902,10,12252.5
2021-11-08 14:52:20,34.33982849121094,-5.946761131286621,10,12257.5
2021-11-08 14:52:26,34.33985900878906,-5.946568965911865,10,12261.666666666668
2021-11-08 14:52:32,34.33988571166992,-5.946375846862793,11,12266.666666666668
2021-11-08 14:52:38,34.33991622924805,-5.946179866790772,10,12270.833333333334
2021-11-08 14:52:44,34.339942932128906,-5.945988178253174,10,12274.166666666668
2021-11-08 14:52:50,34.33997344970703,-5.945803165435791,10,12277.5
2021-11-08 14:52:56,34.34000396728516,-5.945613861083984,10,12282.5
2021-11-08 14:53:02,34.34003448486328,-5.945425033569336,10,12287.5
2021-11-08 14:53:08,34.34006881713867,-5.94523811340332,10,12291.666666666668
2021-11-08 14:53:14,34.3400993347168,-5.945048809051514,10,12295.833333333334
2021-11-08 14:53:20,34.34013366699219,-5.9448561668396,10,12300.0
2021-11-08 14:53:26,34.34016036987305,-5.944664001464844,10,12305.0
2021-11-08 14:53:32,34.34019470214844,-5.944477081298828,10,12309.166666666668
2021-11-08 14:53:38,34.34022521972656,-5.944285869598389,10,12314.166666666668
2021-11-08 14:53:44,34.34025573730469,-5.94409704208374,10,12317.5
2021-11-08 14:53:50,34.34029006958008,-5.943909168243408,10,12323.333333333332
2021-11-08 14:53:56,34.34031295776367,-5.943720817565918,10,12327.5
2021-11-08 14:54:02,34.3403434753418,-5.943531036376953,10,12332.5
2021-11-08 14:54:08,34.340362548828125,-5.943337917327881,11,12336.666666666668
2021-11-08 14:54:14,34.34037780761719,-5.943149089813232,10,12340.0
2021-11-08 14:54:20,34.34039306640625,-5.942954063415527,10,12345.0
2021-11-08 14:54:26,34.34040451049805,-5.942759990692139,10,12348.333333333332
2021-11-08 14:54:32,34.34040832519531,-5.9425787925720215,8,12349.166666666666
2021-11-08 14:54:38,34.34049224853516,-5.9425129890441895,4,12351.666666666666
2021-11-08 14:54:44,34.34049224853516,-5.942502975463867,0,12359.166666666666
2021-11-08 14:54:50,34.34049224853516,-5.9424920082092285,0,12361.666666666666
2021-11-08 14:54:56,34.34049224853516,-5.9424920082092285,0,12366.666666666666
2021-11-08 14:55:02,34.34049224853516,-5.9424920082092285,0,12368.333333333332
2021-11-08 14:55:08,34.34049224853516,-5.9424920082092285,0,12378.333333333332
2021-11-08 14:55:14,34.34049224853516,-5.9424920082092285,0,12380.0
2021-11-08 14:55:20,34.34049224853516,-5.9424920082092285,0,12388.333333333332
2021-11-08 14:55:26,34.34049224853516,-5.9424920082092285,0,12390.0
2021-11-08 14:55:32,34.34049224853516,-5.9424920082092285,0,12398.333333333332
2021-11-08 14:55:38,34.34049224853516,-5.9424920082092285,0,12400.833333333332
2021-11-08 14:55:44,34.34049224853516,-5.9424920082092285,0,12406.666666666666
2021-11-08 14:55:50,34.34049224853516,-5.9424920082092285,0,12408.333333333332
2021-11-08 14:55:56,34.34049224853516,-5.9424920082092285,0,12417.5
2021-11-08 14:56:02,34.34049224853516,-5.9424920082092285,0,12420.0
2021-11-08 14:56:08,34.34049224853516,-5.9424920082092285,0,12425.833333333334
2021-11-08 14:56:14,34.34049224853516,-5.9424920082092285,0,12429.166666666668
2021-11-08 14:56:20,34.34049224853516,-5.9424920082092285,0,12431.666666666668
2021-11-08 14:56:26,34.34049224853516,-5.9424920082092285,0,12436.666666666668
2021-11-08 14:56:32,34.34049224853516,-5.9424920082092285,0,12441.666666666668
2021-11-08 14:56:38,34.34049224853516,-5.9424920082092285,0,12447.5
2021-11-08 14:56:44,34.34049224853516,-5.9424920082092285,0,12450.0
2021-11-08 14:56:50,34.34049606323242,-5.942677974700928,9,12455.833333333334
2021-11-08 14:56:56,34.34048080444336,-5.942862033843994,10,12460.0
2021-11-08 14:57:02,34.34046936035156,-5.943058013916016,10,12465.0
2021-11-08 14:57:08,34.340450286865234,-5.943253040313721,10,12467.5
2021-11-08 14:57:14,34.34043502807617,-5.943445205688477,10,12472.5
2021-11-08 14:57:20,34.340415954589844,-5.943634986877441,10,12478.333333333334
2021-11-08 14:57:26,34.340389251708984,-5.94382381439209,10,12481.666666666668
2021-11-08 14:57:32,34.340354919433594,-5.94401216506958,10,12486.666666666668
2021-11-08 14:57:38,34.3403205871582,-5.944199085235596,10,12492.5
2021-11-08 14:57:44,34.340293884277344,-5.944387912750244,10,12495.0
2021-11-08 14:57:50,34.34026336669922,-5.944577217102051,10,12497.5
2021-11-08 14:57:56,34.34022903442383,-5.944764137268066,10,12500.0
2021-11-08 14:58:02,34.3401985168457,-5.944949150085449,10,12509.166666666668
2021-11-08 14:58:08,34.34016799926758,-5.945136070251465,10,12514.166666666668
2021-11-08 14:58:14,34.34013748168945,-5.9453229904174805,10,12518.333333333334
2021-11-08 14:58:20,34.340110778808594,-5.9455108642578125,10,12525.0
2021-11-08 14:58:26,34.340084075927734,-5.945699214935303,10,12528.333333333334
2021-11-08 14:58:32,34.340049743652344,-5.945885181427002,10,12532.5
2021-11-08 14:58:38,34.34001922607422,-5.946072101593018,10,12537.5
2021-11-08 14:58:44,34.33999252319336,-5.946258068084717,10,12540.0
2021-11-08 14:58:50,34.3399658203125,-5.946444988250732,9,12543.333333333334
2021-11-08 14:58:56,34.33993911743164,-5.946634769439697,10,12550.833333333334
2021-11-08 14:59:02,34.339900970458984,-5.946824073791504,10,12555.0
2021-11-08 14:59:08,34.339874267578125,-5.94701099395752,10,12559.166666666668
2021-11-08 14:59:14,34.339847564697266,-5.947203159332275,10,12565.0
2021-11-08 14:59:20,34.339820861816406,-5.94739294052124,10,12569.166666666668
2021-11-08 14:59:26,34.33979415893555,-5.947583198547363,10,12572.5
2021-11-08 14:59:32,34.33975982666016,-5.947770118713379,10,12577.5
2021-11-08 14:59:38,34.3397331237793,-5.947951793670654,9,12583.333333333334
2021-11-08 14:59:44,34.3397102355957,-5.948119163513184,7,12587.5
2021-11-08 14:59:50,34.33962631225586,-5.948132991790772,1,12592.5
2021-11-08 14:59:56,34.339630126953125,-5.948132991790772,0,12595.833333333334
2021-11-08 15:00:02,34.33962631225586,-5.948131084442139,0,12601.666666666668
2021-11-08 15:00:08,34.33962631225586,-5.948130130767822,0,12606.666666666668
2021-11-08 15:00:14,34.33962631225586,-5.948130130767822,0,12610.0
2021-11-08 15:00:20,34.33962631225586,-5.948130130767822,0,12612.5
2021-11-08 15:00:26,34.33962631225586,-5.948130130767822,0,12618.333333333332
2021-11-08 15:00:32,34.33962631225586,-5.948130130767822,0,12621.666666666668
2021-11-08 15:00:38,34.33962631225586,-5.948130130767822,0,12624.166666666668
2021-11-08 15:00:44,34.33962631225586,-5.948130130767822,0,12628.333333333332
2021-11-08 15:00:50,34.33962631225586,-5.948130130767822,0,12632.5
2021-11-08 15:00:56,34.33962631225586,-5.948130130767822,0,12638.333333333332
2021-11-08 15:01:02,34.33962631225586,-5.948130130767822,0,12642.5
2021-11-08 15:01:08,34.33962631225586,-5.948130130767822,0,12646.666666666666
2021-11-08 15:01:14,34.33962631225586,-5.948130130767822,0,12648.333333333332
2021-11-08 15:01:20,34.33962631225586,-5.948130130767822,0,12650.833333333332
2021-11-08 15:01:26,34.33962631225586,-5.948130130767822,0,12653.333333333332
2021-11-08 15:01:32,34.33962631225586,-5.948130130767822,0,12657.5
2021-11-08 15:01:38,34.33962631225586,-5.948130130767822,0,12660.833333333332
2021-11-08 15:01:44,34.33962631225586,-5.948130130767822,0,12664.166666666666
2021-11-08 15:01:50,34.339622497558594,-5.948032855987549,8,12668.333333333332
2021-11-08 15:01:56,34.33971405029297,-5.948071002960205,9,12671.666666666666
2021-11-08 15:02:02,34.33962631225586,-5.948122978210449,8,12676.666666666666
2021-11-08 15:02:08,34.33962631225586,-5.9479498863220215,10,12678.333333333332
2021-11-08 15:02:14,34.33965301513672,-5.947770118713379,10,12682.5
2021-11-08 15:02:20,34.33967590332031,-5.947583198547363,10,12687.5
2021-11-08 15:02:26,34.33970642089844,-5.9473981857299805,10,12692.5
2021-11-08 15:02:32,34.3397331237793,-5.94720983505249,10,12695.0
2021-11-08 15:02:38,34.33975601196289,-5.947021007537842,9,12698.333333333332
2021-11-08 15:02:44,34.33978271484375,-5.946831226348877,10,12705.0
2021-11-08 15:02:50,34.339813232421875,-5.9466400146484375,10,12709.166666666666
2021-11-08 15:02:56,34.33984375,-5.9464521408081055,10,12710.833333333332
2021-11-08 15:03:02,34.339874267578125,-5.946260929107666,10,12715.0
2021-11-08 15:03:08,34.339900970458984,-5.946067810058594,10,12719.166666666666
2021-11-08 15:03:14,34.33993148803711,-5.945880889892578,10,12724.166666666666
2021-11-08 15:03:20,34.339962005615234,-5.9456939697265625,10,12729.166666666666
2021-11-08 15:03:26,34.339988708496094,-5.9455108642578125,10,12732.5
2021-11-08 15:03:32,34.34001922607422,-5.945329189300537,10,12738.333333333332
2021-11-08 15:03:38,34.340049743652344,-5.945144176483154,10,12741.666666666666
2021-11-08 15:03:44,34.34008026123047,-5.944955825805664,10,12747.5
2021-11-08 15:03:50,34.340110778808594,-5.944770812988281,10,12751.666666666666
2021-11-08 15:03:56,34.340145111083984,-5.944583892822266,10,12755.0
2021-11-08 15:04:02,34.34017562866211,-5.944399833679199,9,12760.0
2021-11-08 15:04:08,34.340206146240234,-5.9442138671875,10,12765.0
2021-11-08 15:04:14,34.34023666381836,-5.94403600692749,10,12768.333333333332
2021-11-08 15:04:20,34.34027099609375,-5.943843841552734,10,12772.5
2021-11-08 15:04:26,34.340293884277344,-5.943657875061035,10,12777.5
2021-11-08 15:04:32,34.34031677246094,-5.94347095489502,10,12783.333333333332
2021-11-08 15:04:38,34.340335845947266,-5.943280220031738,10,12787.5
2021-11-08 15:04:44,34.34034729003906,-5.943085193634033,10,12791.666666666668
2021-11-08 15:04:50,34.34035873413086,-5.9428911209106445,10,12795.0
2021-11-08 15:04:56,34.340362548828125,-5.9427008628845215,10,12798.333333333334
2021-11-08 15:05:02,34.340423583984375,-5.942533016204834,11,12803.333333333334
2021-11-08 15:05:08,34.34053039550781,-5.942633152008057,11,12807.5
2021-11-08 15:05:14,34.340511322021484,-5.942817211151123,10,12810.833333333334
2021-11-08 15:05:20,34.34049606323242,-5.943003177642822,10,12816.666666666668
2021-11-08 15:05:26,34.34048080444336,-5.943192005157471,10,12821.666666666668
2021-11-08 15:05:32,34.3404655456543,-5.943380832672119,10,12824.166666666668
2021-11-08 15:05:38,34.34044647216797,-5.943568229675293,10,12829.166666666668
2021-11-08 15:05:44,34.34042739868164,-5.943755149841309,10,12835.0
2021-11-08 15:05:50,34.34039306640625,-5.943940162658691,10,12838.333333333332
2021-11-08 15:05:56,34.340362548828125,-5.944121837615967,9,12841.666666666668
2021-11-08 15:06:02,34.34033203125,-5.94430685043335,10,12846.666666666668
2021-11-08 15:06:08,34.34030532836914,-5.944496154785156,10,12850.0
2021-11-08 15:06:14,34.340267181396484,-5.944684028625488,10,12855.833333333332
2021-11-08 15:06:20,34.340240478515625,-5.944868087768555,10,12859.166666666668
2021-11-08 15:06:26,34.3402099609375,-5.94504976272583,10,12864.166666666668
2021-11-08 15:06:32,34.340179443359375,-5.945234775543213,10,12869.166666666668
2021-11-08 15:06:38,34.34015655517578,-5.945419788360596,10,12872.5
2021-11-08 15:06:44,34.340126037597656,-5.9456048011779785,10,12877.5
2021-11-08 15:06:50,34.34009552001953,-5.945788860321045,10,12881.666666666668
2021-11-08 15:06:56,34.34006118774414,-5.945971012115479,10,12885.833333333334
2021-11-08 15:07:02,34.340030670166016,-5.946148872375488,10,12889.166666666668
2021-11-08 15:07:08,34.34000778198242,-5.946331977844238,10,12894.166666666668
2021-11-08 15:07:14,34.33998107910156,-5.9465179443359375,10,12899.166666666668
2021-11-08 15:07:20,34.3399543762207,-5.946700096130371,10,12903.333333333332
2021-11-08 15:07:26,34.33991622924805,-5.94688081741333,10,12908.333333333332
2021-11-08 15:07:32,34.33989334106445,-5.947066783905029,10,12911.666666666666
2021-11-08 15:07:38,34.339866638183594,-5.947251796722412,10,12915.833333333332
2021-11-08 15:07:44,34.339839935302734,-5.947437763214111,10,12917.5
2021-11-08 15:07:50,34.339813232421875,-5.9476189613342285,10,12924.166666666666
2021-11-08 15:07:56,34.33978271484375,-5.947800159454346,10,12929.166666666666
2021-11-08 15:08:02,34.33977127075195,-5.947975158691406,10,12932.5
2021-11-08 15:08:08,34.33970642089844,-5.948118209838867,9,12936.666666666666
2021-11-08 15:08:14,34.33956527709961,-5.948063850402832,9,12942.5
2021-11-08 15:08:20,34.33943176269531,-5.948012828826904,9,12943.333333333332
2021-11-08 15:08:26,34.339290618896484,-5.947965145111084,9,12945.833333333332
2021-11-08 15:08:32,34.33915328979492,-5.947910785675049,8,12949.166666666666
2021-11-08 15:08:38,34.339019775390625,-5.947865962982178,9,12953.333333333332
2021-11-08 15:08:44,34.338890075683594,-5.94782304763794,9,12957.5
2021-11-08 15:08:50,34.338748931884766,-5.947762966156006,9,12960.833333333332
2021-11-08 15:08:56,34.33868408203125,-5.947657108306885,7,12965.0
2021-11-08 15:09:02,34.338775634765625,-5.947622776031494,8,12972.5
2021-11-08 15:09:08,34.33885955810547,-5.947734832763672,8,12977.5
2021-11-08 15:09:14,34.3389892578125,-5.947801113128662,9,12980.833333333332
2021-11-08 15:09:20,34.33913040161133,-5.947848796844482,10,12985.0
2021-11-08 15:09:26,34.33927154541016,-5.947903156280518,9,12988.333333333332
2021-11-08 15:09:32,34.33942031860352,-5.947939872741699,10,12990.0
2021-11-08 15:09:38,34.33956527709961,-5.947991847991943,10,12990.833333333332
2021-11-08 15:09:44,34.33970642089844,-5.948048114776611,10,12998.333333333332
2021-11-08 15:09:50,34.3398551940918,-5.948103904724121,10,13002.5
2021-11-08 15:09:56,34.34000015258789,-5.948159217834473,10,13005.0
2021-11-08 15:10:02,34.340145111083984,-5.94821310043335,9,13009.166666666666
2021-11-08 15:10:08,34.34028244018555,-5.948267936706543,10,13013.333333333332
2021-11-08 15:10:14,34.34042739868164,-5.948328018188477,9,13015.833333333332
2021-11-08 15:10:20,34.340576171875,-5.948384761810303,10,13019.166666666666
2021-11-08 15:10:26,34.34072494506836,-5.948444843292236,10,13021.666666666666
2021-11-08 15:10:32,34.34087371826172,-5.948495864868164,10,13025.833333333332
2021-11-08 15:10:38,34.34101867675781,-5.948532104492188,9,13028.333333333332
2021-11-08 15:10:44,34.34115982055664,-5.948506832122803,9,13030.0
2021-11-08 15:10:50,34.34130859375,-5.948454856872559,9,13032.5
2021-11-08 15:10:56,34.3414421081543,-5.9484639167785645,8,13034.166666666666
2021-11-08 15:11:02,34.34137725830078,-5.94853401184082,8,13039.166666666666
2021-11-08 15:11:08,34.34126663208008,-5.948535919189453,6,13044.166666666666
2021-11-08 15:11:14,34.341156005859375,-5.948563098907471,8,13047.5
2021-11-08 15:11:20,34.34111022949219,-5.948466777801514,7,13050.833333333334
2021-11-08 15:11:26,34.341209411621094,-5.948500156402588,8,13054.166666666666
2021-11-08 15:11:32,34.34119415283203,-5.9486260414123535,7,13058.333333333334
2021-11-08 15:11:38,34.341156005859375,-5.9486470222473145,0,13062.5
2021-11-08 15:11:44,34.341156005859375,-5.9486470222473145,0,13064.166666666666
2021-11-08 15:11:50,34.341156005859375,-5.948646068572998,0,13068.333333333334
2021-11-08 15:11:56,34.341156005859375,-5.948646068572998,0,13070.833333333334
2021-11-08 15:12:02,34.341156005859375,-5.948646068572998,0,13076.666666666666
2021-11-08 15:12:08,34.341156005859375,-5.948646068572998,0,13080.833333333332
2021-11-08 15:12:14,34.341156005859375,-5.948646068572998,0,13084.166666666666
2021-11-08 15:12:20,34.341156005859375,-5.948646068572998,0,13086.666666666666
2021-11-08 15:12:26,34.341156005859375,-5.948646068572998,0,13089.166666666666
2021-11-08 15:12:32,34.341156005859375,-5.948646068572998,0,13092.5
2021-11-08 15:12:38,34.341156005859375,-5.948646068572998,0,13097.5
2021-11-08 15:12:44,34.341156005859375,-5.948646068572998,0,13100.833333333332
2021-11-08 15:12:50,34.341156005859375,-5.948646068572998,0,13107.5
2021-11-08 15:12:56,34.341156005859375,-5.948646068572998,0,13112.5
2021-11-08 15:13:02,34.341156005859375,-5.948646068572998,0,13115.0
2021-11-08 15:13:08,34.341156005859375,-5.948646068572998,0,13121.666666666666
2021-11-08 15:13:14,34.341156005859375,-5.948646068572998,0,13125.0
2021-11-08 15:13:20,34.341156005859375,-5.948646068572998,0,13127.5
2021-11-08 15:13:26,34.341156005859375,-5.948646068572998,0,13130.833333333332
2021-11-08 15:13:32,34.341156005859375,-5.948646068572998,0,13134.166666666666
2021-11-08 15:13:38,34.341156005859375,-5.948646068572998,0,13135.0
2021-11-08 15:13:44,34.341156005859375,-5.948646068572998,0,13140.0
2021-11-08 15:13:50,34.341156005859375,-5.948646068572998,0,13145.833333333332
2021-11-08 15:13:56,34.341156005859375,-5.948646068572998,0,13149.166666666666
2021-11-08 15:14:02,34.341156005859375,-5.948646068572998,0,13152.5
2021-11-08 15:14:08,34.341156005859375,-5.948646068572998,0,13155.833333333332
2021-11-08 15:14:14,34.341156005859375,-5.948646068572998,0,13161.666666666666
2021-11-08 15:14:20,34.341156005859375,-5.948646068572998,0,13164.166666666666
2021-11-08 15:14:26,34.341156005859375,-5.948646068572998,0,13168.333333333332
2021-11-08 15:14:32,34.341156005859375,-5.948646068572998,0,13173.333333333332
2021-11-08 15:14:38,34.341156005859375,-5.948646068572998,0,13176.666666666668
2021-11-08 15:14:44,34.341156005859375,-5.948646068572998,0,13180.0
2021-11-08 15:14:50,34.341156005859375,-5.948646068572998,0,13185.0
2021-11-08 15:14:56,34.341156005859375,-5.948646068572998,0,13188.333333333332
2021-11-08 15:15:02,34.341156005859375,-5.948646068572998,0,13190.833333333332
2021-11-08 15:15:08,34.341156005859375,-5.948646068572998,0,13195.0
2021-11-08 15:15:14,34.341156005859375,-5.948646068572998,0,13200.0
2021-11-08 15:15:20,34.341156005859375,-5.948646068572998,0,13202.5
2021-11-08 15:15:26,34.341156005859375,-5.948646068572998,0,13207.5
2021-11-08 15:15:32,34.341156005859375,-5.948646068572998,0,13210.833333333332
2021-11-08 15:15:38,34.341156005859375,-5.948646068572998,0,13214.166666666668
2021-11-08 15:15:44,34.341156005859375,-5.948646068572998,0,13216.666666666668
2021-11-08 15:15:50,34.341156005859375,-5.948646068572998,0,13219.166666666668
2021-11-08 15:15:56,34.341156005859375,-5.948646068572998,0,13224.166666666668
2021-11-08 15:16:02,34.341156005859375,-5.948646068572998,0,13230.0
2021-11-08 15:16:08,34.341156005859375,-5.948646068572998,0,13232.5
2021-11-08 15:16:14,34.341156005859375,-5.948646068572998,0,13235.833333333332
2021-11-08 15:16:20,34.341156005859375,-5.948646068572998,0,13241.666666666668
2021-11-08 15:16:26,34.341156005859375,-5.948646068572998,0,13245.0
2021-11-08 15:16:32,34.341156005859375,-5.948646068572998,0,13250.833333333332
2021-11-08 15:16:38,34.341156005859375,-5.948646068572998,0,13258.333333333332
2021-11-08 15:16:44,34.341156005859375,-5.948646068572998,0,13262.5
2021-11-08 15:16:50,34.341156005859375,-5.948646068572998,0,13264.166666666668
2021-11-08 15:16:56,34.341156005859375,-5.948646068572998,0,13266.666666666668
2021-11-08 15:17:02,34.341156005859375,-5.948646068572998,0,13274.166666666668
2021-11-08 15:17:08,34.341156005859375,-5.948646068572998,0,13276.666666666668
2021-11-08 15:17:14,34.341156005859375,-5.948646068572998,0,13278.333333333334
2021-11-08 15:17:20,34.341156005859375,-5.948646068572998,0,13292.5
2021-11-08 15:17:26,34.34157943725586,-5.949014186859131,9,13295.0
2021-11-08 15:17:32,34.34172058105469,-5.949085235595703,10,13296.666666666668
2021-11-08 15:17:38,34.34185791015625,-5.949132919311523,9,13300.0
2021-11-08 15:17:44,34.342010498046875,-5.949178218841553,9,13301.666666666668
2021-11-08 15:17:50,34.3421516418457,-5.94923210144043,9,13305.0
2021-11-08 15:17:56,34.34230422973633,-5.9492950439453125,9,13305.833333333334
2021-11-08 15:18:02,34.34245300292969,-5.949349880218506,9,13309.166666666668
2021-11-08 15:18:08,34.34258270263672,-5.949425220489502,8,13310.0
2021-11-08 15:18:14,34.34272384643555,-5.949481964111328,9,13311.666666666668
2021-11-08 15:18:20,34.34288787841797,-5.949534893035889,11,13315.833333333334
2021-11-08 15:18:26,34.34306716918945,-5.949601173400879,12,13319.166666666668
2021-11-08 15:18:32,34.34324645996094,-5.949670791625977,12,13320.0
2021-11-08 15:18:38,34.34342575073242,-5.949734210968018,12,13321.666666666666
2021-11-08 15:18:44,34.343605041503906,-5.949789047241211,11,13325.833333333334
2021-11-08 15:18:50,34.34377670288086,-5.949848175048828,11,13327.5
2021-11-08 15:18:56,34.34394836425781,-5.949896812438965,11,13330.0
2021-11-08 15:19:02,34.34409713745117,-5.949882984161377,9,13337.5
2021-11-08 15:19:08,34.344242095947266,-5.949927806854248,10,13343.333333333334
2021-11-08 15:19:14,34.344383239746094,-5.9499831199646,9,13350.0
2021-11-08 15:19:20,34.344520568847656,-5.950032234191895,9,13359.166666666668
2021-11-08 15:19:26,34.34465789794922,-5.950075149536133,9,13365.0
2021-11-08 15:19:32,34.34478759765625,-5.950122833251953,8,13369.166666666668
2021-11-08 15:19:38,34.34491729736328,-5.950173854827881,9,13375.0
2021-11-08 15:19:44,34.345054626464844,-5.950220108032227,8,13383.333333333334
2021-11-08 15:19:50,34.34517288208008,-5.950256824493408,7,13389.166666666668
2021-11-08 15:19:56,34.34525680541992,-5.950354099273682,8,13394.166666666668
2021-11-08 15:20:02,34.345237731933594,-5.950526237487793,8,13400.0
2021-11-08 15:20:08,34.345218658447266,-5.950682163238525,8,13405.0
2021-11-08 15:20:14,34.34519958496094,-5.950830936431885,8,13405.833333333332
2021-11-08 15:20:20,34.345149993896484,-5.950973987579346,8,13413.333333333332
2021-11-08 15:20:26,34.34506607055664,-5.951091766357422,8,13421.666666666666
2021-11-08 15:20:32,34.34497833251953,-5.951167106628418,4,13429.166666666666
2021-11-08 15:20:38,34.344932556152344,-5.9512038230896,1,13433.333333333332
2021-11-08 15:20:44,34.34492492675781,-5.951214790344238,0,13440.833333333332
2021-11-08 15:20:50,34.34492111206055,-5.951218128204346,0,13446.666666666666
2021-11-08 15:20:56,34.34491729736328,-5.951222896575928,0,13451.666666666668
2021-11-08 15:21:02,34.344913482666016,-5.951231956481934,0,13455.833333333334
2021-11-08 15:21:08,34.344913482666016,-5.951226234436035,2,13460.833333333334
2021-11-08 15:21:14,34.344913482666016,-5.951220989227295,1,13466.666666666668
2021-11-08 15:21:20,34.344913482666016,-5.951226234436035,0,13468.333333333334
2021-11-08 15:21:26,34.344913482666016,-5.951226234436035,0,13482.5
2021-11-08 15:21:32,34.344913482666016,-5.951226234436035,0,13486.666666666668
2021-11-08 15:21:38,34.344913482666016,-5.951226234436035,0,13490.833333333334
2021-11-08 15:21:44,34.344913482666016,-5.951226234436035,0,13498.333333333334
2021-11-08 15:21:50,34.344913482666016,-5.951226234436035,0,13501.666666666668
2021-11-08 15:21:56,34.344913482666016,-5.951226234436035,0,13509.166666666668
2021-11-08 15:22:02,34.344913482666016,-5.951226234436035,0,13515.0
2021-11-08 15:22:08,34.344913482666016,-5.951226234436035,0,13521.666666666668
2021-11-08 15:22:14,34.344913482666016,-5.951226234436035,0,13525.833333333334
2021-11-08 15:22:20,34.344913482666016,-5.951226234436035,0,13531.666666666668
2021-11-08 15:22:26,34.344913482666016,-5.951226234436035,0,13536.666666666668
2021-11-08 15:22:32,34.344913482666016,-5.951226234436035,0,13540.833333333334
2021-11-08 15:22:38,34.344913482666016,-5.951226234436035,0,13544.166666666668
