Temps,Latitude,Longitude,Vitesse,Consommation (ml)
2021-11-09 08:16:49,34.344825744628906,-5.950922966003418,0,11.666666666666668
2021-11-09 08:16:55,34.344825744628906,-5.950922966003418,0,14.166666666666668
2021-11-09 08:17:01,34.344825744628906,-5.950922966003418,0,19.166666666666668
2021-11-09 08:17:07,34.344825744628906,-5.950922966003418,0,29.166666666666668
2021-11-09 08:17:13,34.344825744628906,-5.950922966003418,0,45.833333333333336
2021-11-09 08:17:19,34.344825744628906,-5.950922966003418,0,52.5
2021-11-09 08:17:25,34.344825744628906,-5.950922966003418,0,54.16666666666667
2021-11-09 08:17:31,34.344825744628906,-5.950922966003418,0,55.833333333333336
2021-11-09 08:17:37,34.344825744628906,-5.950922966003418,0,67.5
2021-11-09 08:17:43,34.344825744628906,-5.950922966003418,0,69.16666666666667
2021-11-09 08:17:49,34.344825744628906,-5.950922966003418,0,76.66666666666667
2021-11-09 08:17:55,34.344825744628906,-5.950922966003418,0,83.33333333333334
2021-11-09 08:18:01,34.344825744628906,-5.950922966003418,0,85.83333333333334
2021-11-09 08:18:07,34.344825744628906,-5.950922966003418,0,90.83333333333334
2021-11-09 08:18:13,34.344825744628906,-5.950922966003418,0,96.66666666666669
2021-11-09 08:18:19,34.344825744628906,-5.950922966003418,0,103.33333333333334
2021-11-09 08:18:25,34.344825744628906,-5.950922966003418,0,105.83333333333334
2021-11-09 08:18:31,34.344825744628906,-5.950922966003418,0,110.83333333333334
2021-11-09 08:18:37,34.344825744628906,-5.950922966003418,0,115.83333333333334
2021-11-09 08:18:43,34.344825744628906,-5.950922966003418,0,119.16666666666669
2021-11-09 08:18:49,34.344825744628906,-5.950922966003418,0,122.5
2021-11-09 08:18:55,34.344818115234375,-5.950948238372803,0,127.5
2021-11-09 08:19:01,34.344818115234375,-5.950942993164063,0,131.66666666666669
2021-11-09 08:19:07,34.344818115234375,-5.95094108581543,0,140.00000000000003
2021-11-09 08:19:13,34.344818115234375,-5.95094108581543,0,144.16666666666669
2021-11-09 08:19:19,34.344818115234375,-5.95094108581543,0,146.66666666666669
2021-11-09 08:19:25,34.344818115234375,-5.95094108581543,0,149.16666666666669
2021-11-09 08:19:31,34.344818115234375,-5.95094108581543,0,155.00000000000003
2021-11-09 08:19:37,34.344818115234375,-5.95094108581543,0,157.50000000000003
2021-11-09 08:19:43,34.344818115234375,-5.95094108581543,0,161.66666666666669
2021-11-09 08:19:49,34.344818115234375,-5.95094108581543,0,167.5
2021-11-09 08:19:55,34.344818115234375,-5.95094108581543,0,172.5
2021-11-09 08:20:01,34.344818115234375,-5.95094108581543,0,180.0
2021-11-09 08:20:07,34.344818115234375,-5.95094108581543,0,181.66666666666663
2021-11-09 08:20:13,34.344818115234375,-5.95094108581543,0,187.5
2021-11-09 08:20:19,34.344818115234375,-5.95094108581543,0,193.33333333333331
2021-11-09 08:20:25,34.344818115234375,-5.95094108581543,0,196.66666666666669
2021-11-09 08:20:31,34.344818115234375,-5.95094108581543,0,200.83333333333331
2021-11-09 08:20:37,34.344818115234375,-5.95094108581543,0,202.5
2021-11-09 08:20:43,34.344818115234375,-5.95094108581543,0,210.0
2021-11-09 08:20:49,34.344818115234375,-5.95094108581543,0,220.83333333333331
2021-11-09 08:20:55,34.344818115234375,-5.95094108581543,0,224.16666666666669
2021-11-09 08:21:01,34.344818115234375,-5.95094108581543,0,229.16666666666669
2021-11-09 08:21:07,34.344818115234375,-5.95094108581543,0,235.00000000000003
2021-11-09 08:21:13,34.344818115234375,-5.95094108581543,0,241.66666666666669
2021-11-09 08:21:19,34.344818115234375,-5.95094108581543,0,244.16666666666669
2021-11-09 08:21:25,34.344818115234375,-5.95094108581543,0,250.83333333333331
2021-11-09 08:21:31,34.344818115234375,-5.95094108581543,0,254.16666666666669
2021-11-09 08:21:37,34.344818115234375,-5.95094108581543,0,261.6666666666667
2021-11-09 08:21:43,34.344818115234375,-5.95094108581543,0,265.0
2021-11-09 08:21:49,34.344818115234375,-5.95094108581543,0,270.0
2021-11-09 08:21:55,34.344818115234375,-5.95094108581543,0,275.0
2021-11-09 08:22:01,34.344818115234375,-5.95094108581543,0,279.1666666666667
2021-11-09 08:22:07,34.344818115234375,-5.95094108581543,0,280.83333333333337
2021-11-09 08:22:13,34.344818115234375,-5.95094108581543,0,288.33333333333337
2021-11-09 08:22:19,34.344818115234375,-5.95094108581543,0,292.50000000000006
2021-11-09 08:22:25,34.344818115234375,-5.95094108581543,0,294.16666666666674
2021-11-09 08:22:31,34.344818115234375,-5.95094108581543,0,295.00000000000006
2021-11-09 08:22:37,34.344818115234375,-5.95094108581543,0,306.66666666666674
2021-11-09 08:22:43,34.344818115234375,-5.95094108581543,0,310.00000000000006
2021-11-09 08:22:49,34.34490203857422,-5.950862884521484,9,322.50000000000006
2021-11-09 08:22:55,34.34501647949219,-5.950765132904053,9,323.33333333333337
2021-11-09 08:23:01,34.34515380859375,-5.950716972351074,9,328.33333333333337
2021-11-09 08:23:07,34.34523010253906,-5.95084810256958,8,334.1666666666667
2021-11-09 08:23:13,34.34523391723633,-5.950942993164063,1,336.6666666666667
2021-11-09 08:23:19,34.345237731933594,-5.950887203216553,2,340.83333333333337
2021-11-09 08:23:25,34.34524154663086,-5.950879096984863,0,346.6666666666667
2021-11-09 08:23:31,34.34524154663086,-5.950881004333496,0,351.6666666666667
2021-11-09 08:23:37,34.34524154663086,-5.950881004333496,0,355.83333333333337
2021-11-09 08:23:43,34.34524154663086,-5.950881004333496,0,357.50000000000006
2021-11-09 08:23:49,34.34524154663086,-5.950881004333496,0,361.6666666666666
2021-11-09 08:23:55,34.34524154663086,-5.950881004333496,0,364.1666666666666
2021-11-09 08:24:01,34.34524154663086,-5.950881004333496,0,368.3333333333333
2021-11-09 08:24:07,34.34512710571289,-5.951039791107178,9,372.5
2021-11-09 08:24:13,34.34499740600586,-5.951004981994629,9,378.3333333333333
2021-11-09 08:24:19,34.34494400024414,-5.950850963592529,9,385.8333333333333
2021-11-09 08:24:25,34.344970703125,-5.950691223144531,8,391.6666666666666
2021-11-09 08:24:31,34.34492111206055,-5.950543880462647,9,401.6666666666666
2021-11-09 08:24:37,34.34479522705078,-5.950471878051758,9,409.1666666666667
2021-11-09 08:24:43,34.34463882446289,-5.95042896270752,10,413.33333333333337
2021-11-09 08:24:49,34.34449005126953,-5.950356960296631,10,417.50000000000006
2021-11-09 08:24:55,34.344364166259766,-5.950285911560059,6,420.00000000000006
2021-11-09 08:25:01,34.34426498413086,-5.950252056121826,9,425.83333333333337
2021-11-09 08:25:07,34.34434509277344,-5.950194835662842,8,431.6666666666667
2021-11-09 08:25:13,34.344444274902344,-5.950293064117432,8,436.6666666666667
2021-11-09 08:25:19,34.344482421875,-5.950334072113037,0,440.83333333333337
2021-11-09 08:25:25,34.344482421875,-5.950328826904297,0,445.0
2021-11-09 08:25:31,34.344482421875,-5.9503278732299805,0,448.3333333333333
2021-11-09 08:25:37,34.344482421875,-5.9503278732299805,0,453.3333333333333
2021-11-09 08:25:43,34.344482421875,-5.9503278732299805,0,456.6666666666666
2021-11-09 08:25:49,34.344482421875,-5.9503278732299805,0,462.5
2021-11-09 08:25:55,34.344482421875,-5.9503278732299805,0,466.6666666666666
2021-11-09 08:26:01,34.344482421875,-5.9503278732299805,0,471.6666666666666
2021-11-09 08:26:07,34.344482421875,-5.9503278732299805,0,475.0
2021-11-09 08:26:13,34.344482421875,-5.9503278732299805,0,478.33333333333337
2021-11-09 08:26:19,34.344482421875,-5.9503278732299805,0,482.50000000000006
2021-11-09 08:26:25,34.344482421875,-5.9503278732299805,0,487.50000000000006
2021-11-09 08:26:31,34.344482421875,-5.9503278732299805,0,490.83333333333337
2021-11-09 08:26:37,34.344482421875,-5.9503278732299805,0,495.00000000000006
2021-11-09 08:26:43,34.344482421875,-5.9503278732299805,0,501.66666666666674
2021-11-09 08:26:49,34.344482421875,-5.9503278732299805,0,505.8333333333334
2021-11-09 08:26:55,34.344482421875,-5.9503278732299805,0,508.3333333333334
2021-11-09 08:27:01,34.344482421875,-5.9503278732299805,0,514.1666666666667
2021-11-09 08:27:07,34.344482421875,-5.9503278732299805,0,517.5000000000001
2021-11-09 08:27:13,34.344482421875,-5.9503278732299805,0,522.5000000000001
2021-11-09 08:27:19,34.344482421875,-5.9503278732299805,0,525.8333333333335
2021-11-09 08:27:25,34.344482421875,-5.9503278732299805,0,528.3333333333335
2021-11-09 08:27:31,34.344482421875,-5.9503278732299805,0,533.3333333333335
2021-11-09 08:27:37,34.344482421875,-5.9503278732299805,0,538.3333333333335
2021-11-09 08:27:43,34.344482421875,-5.9503278732299805,0,542.5000000000001
2021-11-09 08:27:49,34.344482421875,-5.9503278732299805,0,545.0
2021-11-09 08:27:55,34.344482421875,-5.9503278732299805,0,550.8333333333334
2021-11-09 08:28:01,34.344482421875,-5.9503278732299805,0,555.0
2021-11-09 08:28:07,34.344482421875,-5.9503278732299805,0,559.1666666666666
2021-11-09 08:28:13,34.344482421875,-5.9503278732299805,0,561.6666666666666
2021-11-09 08:28:19,34.344482421875,-5.9503278732299805,0,565.8333333333333
2021-11-09 08:28:25,34.344482421875,-5.9503278732299805,0,569.1666666666666
2021-11-09 08:28:31,34.344482421875,-5.9503278732299805,0,575.8333333333333
2021-11-09 08:28:37,34.344482421875,-5.9503278732299805,0,578.3333333333333
2021-11-09 08:28:43,34.344482421875,-5.9503278732299805,0,583.3333333333333
2021-11-09 08:28:49,34.344482421875,-5.9503278732299805,0,587.4999999999999
2021-11-09 08:28:55,34.344482421875,-5.9503278732299805,0,592.4999999999999
2021-11-09 08:29:01,34.344482421875,-5.9503278732299805,0,596.6666666666665
2021-11-09 08:29:07,34.344482421875,-5.9503278732299805,0,599.9999999999999
2021-11-09 08:29:13,34.344482421875,-5.9503278732299805,0,603.3333333333333
2021-11-09 08:29:19,34.344482421875,-5.9503278732299805,0,609.1666666666666
2021-11-09 08:29:25,34.344482421875,-5.9503278732299805,0,613.3333333333334
2021-11-09 08:29:31,34.344482421875,-5.9503278732299805,0,615.8333333333334
2021-11-09 08:29:37,34.344482421875,-5.9503278732299805,0,620.0
2021-11-09 08:29:43,34.344482421875,-5.9503278732299805,0,625.8333333333334
2021-11-09 08:29:49,34.344482421875,-5.9503278732299805,0,628.3333333333334
2021-11-09 08:29:55,34.344482421875,-5.9503278732299805,0,632.5
2021-11-09 08:30:01,34.344482421875,-5.9503278732299805,0,638.3333333333334
2021-11-09 08:30:07,34.344482421875,-5.9503278732299805,0,644.1666666666667
2021-11-09 08:30:13,34.344482421875,-5.9503278732299805,0,647.5
2021-11-09 08:30:19,34.344482421875,-5.9503278732299805,0,651.6666666666667
2021-11-09 08:30:25,34.344482421875,-5.9503278732299805,0,654.1666666666667
2021-11-09 08:30:31,34.344482421875,-5.9503278732299805,0,658.3333333333335
2021-11-09 08:30:37,34.344482421875,-5.9503278732299805,0,662.5000000000001
2021-11-09 08:30:43,34.344482421875,-5.9503278732299805,0,665.8333333333335
2021-11-09 08:30:49,34.344482421875,-5.9503278732299805,0,669.1666666666667
2021-11-09 08:30:55,34.344482421875,-5.9503278732299805,0,675.0
2021-11-09 08:31:01,34.344482421875,-5.9503278732299805,0,680.8333333333333
2021-11-09 08:31:07,34.344482421875,-5.9503278732299805,0,685.0
2021-11-09 08:31:13,34.344482421875,-5.9503278732299805,0,686.6666666666667
2021-11-09 08:31:19,34.344482421875,-5.9503278732299805,0,691.6666666666667
2021-11-09 08:31:25,34.344482421875,-5.9503278732299805,0,696.6666666666667
2021-11-09 08:31:31,34.344482421875,-5.9503278732299805,0,700.0
2021-11-09 08:31:37,34.34456253051758,-5.9503350257873535,9,704.1666666666667
2021-11-09 08:31:43,34.34474182128906,-5.950388908386231,13,710.8333333333334
2021-11-09 08:31:49,34.3449592590332,-5.95042610168457,12,715.8333333333333
2021-11-09 08:31:55,34.345157623291016,-5.950442790985107,10,718.3333333333333
2021-11-09 08:32:01,34.34524917602539,-5.950411796569824,5,722.5
2021-11-09 08:32:07,34.34526824951172,-5.950301170349121,7,728.3333333333333
2021-11-09 08:32:13,34.345115661621094,-5.950231075286865,15,732.5
2021-11-09 08:32:19,34.34489059448242,-5.950170040130615,14,737.5
2021-11-09 08:32:25,34.34466552734375,-5.950098037719727,15,740.8333333333333
2021-11-09 08:32:31,34.344451904296875,-5.950028896331787,14,744.1666666666666
2021-11-09 08:32:37,34.3442497253418,-5.949946880340576,13,746.6666666666667
2021-11-09 08:32:43,34.34406661987305,-5.949923992156982,11,748.3333333333334
2021-11-09 08:32:49,34.34391403198242,-5.950082778930664,14,751.6666666666667
2021-11-09 08:32:55,34.3437385559082,-5.9502458572387695,15,755.0
2021-11-09 08:33:01,34.34355163574219,-5.9504218101501465,15,759.1666666666667
2021-11-09 08:33:07,34.34336853027344,-5.950592041015625,15,761.6666666666667
2021-11-09 08:33:13,34.343196868896484,-5.950745105743408,14,765.0
2021-11-09 08:33:19,34.343021392822266,-5.950860023498535,12,767.5
2021-11-09 08:33:25,34.34284973144531,-5.9508161544799805,10,770.0
2021-11-09 08:33:31,34.34268951416016,-5.950748920440674,10,775.0
2021-11-09 08:33:37,34.342525482177734,-5.950689792633057,11,778.3333333333334
2021-11-09 08:33:43,34.34237289428711,-5.950613975524902,10,785.0
2021-11-09 08:33:49,34.34222412109375,-5.950528144836426,10,789.1666666666667
2021-11-09 08:33:55,34.342071533203125,-5.950461864471436,10,798.3333333333335
2021-11-09 08:34:01,34.3419189453125,-5.950417995452881,11,804.1666666666667
2021-11-09 08:34:07,34.34174728393555,-5.950357913970947,11,810.0
2021-11-09 08:34:13,34.341583251953125,-5.950368881225586,11,817.5
2021-11-09 08:34:19,34.34142303466797,-5.950411796569824,10,822.5
2021-11-09 08:34:25,34.34126663208008,-5.950438976287842,9,830.0
2021-11-09 08:34:31,34.34112548828125,-5.950448989868164,9,835.8333333333333
2021-11-09 08:34:37,34.34100341796875,-5.950518131256104,7,839.1666666666666
2021-11-09 08:34:43,34.340877532958984,-5.950485229492188,9,847.5
2021-11-09 08:34:49,34.34074020385742,-5.95042610168457,9,853.3333333333333
2021-11-09 08:34:55,34.34063720703125,-5.950385093688965,5,860.0
2021-11-09 08:35:01,34.34050369262695,-5.950347900390625,11,870.8333333333334
2021-11-09 08:35:07,34.34031677246094,-5.950265884399414,12,875.8333333333334
2021-11-09 08:35:13,34.340145111083984,-5.950170993804932,11,883.3333333333334
2021-11-09 08:35:19,34.33997344970703,-5.950087070465088,11,888.3333333333334
2021-11-09 08:35:25,34.339813232421875,-5.950022220611572,12,890.8333333333334
2021-11-09 08:35:31,34.3396110534668,-5.949962139129639,12,897.5
2021-11-09 08:35:37,34.33944320678711,-5.949913024902344,8,900.0
2021-11-09 08:35:43,34.33934783935547,-5.949892997741699,5,905.8333333333334
2021-11-09 08:35:49,34.33930587768555,-5.949865818023682,0,911.6666666666669
2021-11-09 08:35:55,34.339298248291016,-5.949872970581055,0,917.5
2021-11-09 08:36:01,34.33929443359375,-5.949871063232422,0,920.0
2021-11-09 08:36:07,34.33929443359375,-5.949871063232422,0,927.5
2021-11-09 08:36:13,34.33929443359375,-5.949871063232422,0,932.5
2021-11-09 08:36:19,34.33929443359375,-5.949871063232422,0,938.3333333333334
2021-11-09 08:36:25,34.33929443359375,-5.949871063232422,0,944.1666666666669
2021-11-09 08:36:31,34.33929443359375,-5.949871063232422,0,949.1666666666669
2021-11-09 08:36:37,34.33929443359375,-5.949871063232422,0,955.0
2021-11-09 08:36:43,34.33929443359375,-5.949871063232422,0,958.3333333333336
2021-11-09 08:36:49,34.33929443359375,-5.949871063232422,0,964.1666666666669
2021-11-09 08:36:55,34.33929443359375,-5.949871063232422,0,967.5
2021-11-09 08:37:01,34.33929443359375,-5.949871063232422,0,970.8333333333334
2021-11-09 08:37:07,34.33929443359375,-5.949871063232422,0,975.8333333333334
2021-11-09 08:37:13,34.33929443359375,-5.949871063232422,0,980.8333333333334
2021-11-09 08:37:19,34.33929443359375,-5.949871063232422,0,982.5
2021-11-09 08:37:25,34.33929443359375,-5.949871063232422,0,985.1666666666669
2021-11-09 08:37:31,34.33929443359375,-5.949871063232422,0,991.0
2021-11-09 08:37:37,34.33929443359375,-5.949871063232422,0,997.6666666666669
2021-11-09 08:37:43,34.33929443359375,-5.949871063232422,0,1004.3333333333336
2021-11-09 08:37:49,34.33929443359375,-5.949871063232422,0,1007.6666666666669
2021-11-09 08:37:55,34.33929443359375,-5.949871063232422,0,1014.3333333333336
2021-11-09 08:38:01,34.33929443359375,-5.949871063232422,0,1021.0
2021-11-09 08:38:07,34.33929443359375,-5.949871063232422,0,1026.0
2021-11-09 08:38:13,34.33929443359375,-5.949871063232422,0,1034.3333333333337
2021-11-09 08:38:19,34.33929443359375,-5.949871063232422,0,1040.166666666667
2021-11-09 08:38:25,34.33929443359375,-5.949871063232422,0,1045.166666666667
2021-11-09 08:38:31,34.33929443359375,-5.949871063232422,0,1049.3333333333337
2021-11-09 08:38:37,34.33929443359375,-5.949871063232422,0,1052.666666666667
2021-11-09 08:38:43,34.33929443359375,-5.949871063232422,0,1056.0000000000002
2021-11-09 08:38:49,34.33929443359375,-5.949871063232422,0,1057.666666666667
2021-11-09 08:38:55,34.33929443359375,-5.949871063232422,0,1060.166666666667
2021-11-09 08:39:01,34.33929443359375,-5.949871063232422,0,1061.8333333333337
2021-11-09 08:39:07,34.33929443359375,-5.949871063232422,0,1065.1666666666667
2021-11-09 08:39:13,34.33929443359375,-5.949871063232422,0,1069.3333333333337
2021-11-09 08:39:19,34.33929443359375,-5.949871063232422,0,1073.5
2021-11-09 08:39:25,34.33929443359375,-5.949871063232422,0,1076.8333333333337
2021-11-09 08:39:31,34.33929443359375,-5.949871063232422,0,1081.8333333333337
2021-11-09 08:39:37,34.33929443359375,-5.949871063232422,0,1083.5
2021-11-09 08:39:43,34.33929443359375,-5.949871063232422,0,1086.8333333333337
2021-11-09 08:39:49,34.33929443359375,-5.949871063232422,0,1090.1666666666667
2021-11-09 08:39:55,34.33929443359375,-5.949871063232422,0,1095.1666666666667
2021-11-09 08:40:01,34.33929443359375,-5.949871063232422,0,1097.6666666666667
2021-11-09 08:40:07,34.33929443359375,-5.949871063232422,0,1100.1666666666667
2021-11-09 08:40:13,34.33929443359375,-5.949871063232422,0,1101.8333333333337
2021-11-09 08:40:19,34.33929443359375,-5.949871063232422,0,1104.3333333333337
2021-11-09 08:40:25,34.339744567871094,-5.948371887207031,8,1106.0
2021-11-09 08:40:31,34.33989715576172,-5.948401927947998,13,1107.6666666666663
2021-11-09 08:40:37,34.34010314941406,-5.948482990264893,15,1110.1666666666663
2021-11-09 08:40:43,34.34032440185547,-5.94858980178833,16,1112.6666666666663
2021-11-09 08:40:49,34.34051513671875,-5.948637008666992,11,1115.1666666666663
2021-11-09 08:40:55,34.34068298339844,-5.948689937591553,10,1121.8333333333333
2021-11-09 08:41:01,34.34083557128906,-5.948732852935791,10,1125.1666666666663
2021-11-09 08:41:07,34.34098815917969,-5.948780059814453,9,1132.6666666666663
2021-11-09 08:41:13,34.341121673583984,-5.948812007904053,9,1136.8333333333333
2021-11-09 08:41:19,34.34126281738281,-5.948860168457031,6,1141.8333333333333
2021-11-09 08:41:25,34.34135055541992,-5.948812007904053,6,1145.1666666666663
2021-11-09 08:41:31,34.34135437011719,-5.94874382019043,5,1151.0
2021-11-09 08:41:37,34.34134292602539,-5.9486517906188965,5,1156.0
2021-11-09 08:41:43,34.34130859375,-5.9485602378845215,5,1161.8333333333333
2021-11-09 08:41:49,34.34122848510742,-5.948535919189453,6,1168.5
2021-11-09 08:41:55,34.34113311767578,-5.94857120513916,6,1177.6666666666663
2021-11-09 08:42:01,34.341060638427734,-5.948606014251709,6,1181.0
2021-11-09 08:42:07,34.340999603271484,-5.9485931396484375,0,1189.3333333333333
2021-11-09 08:42:13,34.341026306152344,-5.948598861694336,4,1195.1666666666667
2021-11-09 08:42:19,34.3410530090332,-5.948606014251709,0,1199.3333333333337
2021-11-09 08:42:25,34.341060638427734,-5.948606967926025,0,1203.5
2021-11-09 08:42:31,34.341060638427734,-5.94860315322876,0,1209.3333333333337
2021-11-09 08:42:37,34.341060638427734,-5.948600769042969,0,1213.5
2021-11-09 08:42:43,34.341060638427734,-5.948600769042969,0,1215.1666666666667
2021-11-09 08:42:49,34.341060638427734,-5.948600769042969,0,1218.5
2021-11-09 08:42:55,34.341060638427734,-5.948600769042969,0,1223.5
2021-11-09 08:43:01,34.341060638427734,-5.948600769042969,0,1228.5
2021-11-09 08:43:07,34.341060638427734,-5.948600769042969,0,1232.6666666666667
2021-11-09 08:43:13,34.341060638427734,-5.948600769042969,0,1237.6666666666667
2021-11-09 08:43:19,34.341060638427734,-5.948600769042969,0,1242.6666666666667
2021-11-09 08:43:25,34.341060638427734,-5.948600769042969,0,1246.0
2021-11-09 08:43:31,34.341060638427734,-5.948600769042969,0,1249.3333333333337
2021-11-09 08:43:37,34.341060638427734,-5.948600769042969,0,1252.6666666666663
2021-11-09 08:43:43,34.341060638427734,-5.948600769042969,0,1257.6666666666663
2021-11-09 08:43:49,34.341060638427734,-5.948600769042969,0,1261.8333333333333
2021-11-09 08:43:55,34.341060638427734,-5.948600769042969,0,1265.1666666666663
2021-11-09 08:44:01,34.341060638427734,-5.948600769042969,0,1270.1666666666663
2021-11-09 08:44:07,34.341060638427734,-5.948600769042969,0,1274.3333333333333
2021-11-09 08:44:13,34.341060638427734,-5.948600769042969,0,1277.6666666666663
2021-11-09 08:44:19,34.341060638427734,-5.948600769042969,0,1281.0
2021-11-09 08:44:25,34.341060638427734,-5.948600769042969,0,1286.8333333333333
2021-11-09 08:44:31,34.341060638427734,-5.948600769042969,0,1290.1666666666663
2021-11-09 08:44:37,34.341060638427734,-5.948600769042969,0,1296.0
2021-11-09 08:44:43,34.341060638427734,-5.948600769042969,0,1301.0
2021-11-09 08:44:49,34.341060638427734,-5.948600769042969,0,1306.8333333333333
2021-11-09 08:44:55,34.341060638427734,-5.948600769042969,0,1310.1666666666663
2021-11-09 08:45:01,34.341060638427734,-5.948600769042969,0,1313.5
2021-11-09 08:45:07,34.341060638427734,-5.948600769042969,0,1317.6666666666663
2021-11-09 08:45:13,34.341060638427734,-5.948600769042969,0,1321.8333333333333
2021-11-09 08:45:19,34.341060638427734,-5.948600769042969,0,1326.0
2021-11-09 08:45:25,34.341060638427734,-5.948600769042969,0,1331.0
2021-11-09 08:45:31,34.341060638427734,-5.948600769042969,0,1336.0
2021-11-09 08:45:37,34.341060638427734,-5.948600769042969,0,1340.1666666666663
2021-11-09 08:45:43,34.341060638427734,-5.948600769042969,0,1343.5
2021-11-09 08:45:49,34.341060638427734,-5.948600769042969,0,1349.3333333333333
2021-11-09 08:45:55,34.34076690673828,-5.948534965515137,8,1352.6666666666663
2021-11-09 08:46:01,34.340660095214844,-5.9485039710998535,6,1356.8333333333333
2021-11-09 08:46:07,34.34054946899414,-5.948452949523926,6,1361.0
2021-11-09 08:46:13,34.3404426574707,-5.948408126831055,5,1362.6666666666663
2021-11-09 08:46:19,34.340328216552734,-5.948369979858398,6,1366.8333333333333
2021-11-09 08:46:25,34.34022521972656,-5.948328971862793,5,1370.1666666666663
2021-11-09 08:46:31,34.34016036987305,-5.948266983032227,4,1373.5
2021-11-09 08:46:37,34.340084075927734,-5.948190212249756,7,1379.3333333333333
2021-11-09 08:46:43,34.34012222290039,-5.948081016540527,7,1382.6666666666663
2021-11-09 08:46:49,34.340187072753906,-5.94814920425415,7,1386.0
2021-11-09 08:46:55,34.34012222290039,-5.948241233825684,6,1387.6666666666663
2021-11-09 08:47:01,34.34005355834961,-5.948235034942627,4,1391.8333333333333
2021-11-09 08:47:07,34.3399772644043,-5.948216915130615,6,1396.0
2021-11-09 08:47:13,34.33987045288086,-5.948191165924072,7,1401.8333333333333
2021-11-09 08:47:19,34.33975982666016,-5.9481520652771,7,1405.1666666666663
2021-11-09 08:47:25,34.33964538574219,-5.9481120109558105,7,1408.5
2021-11-09 08:47:31,34.33952713012695,-5.948057174682617,8,1411.0
2021-11-09 08:47:37,34.33941650390625,-5.948000907897949,7,1414.3333333333333
2021-11-09 08:47:43,34.33931350708008,-5.947987079620361,7,1418.5
2021-11-09 08:47:49,34.33918762207031,-5.947955131530762,8,1421.8333333333333
2021-11-09 08:47:55,34.33906936645508,-5.947918891906738,8,1426.0
2021-11-09 08:48:01,34.33897399902344,-5.94783878326416,7,1430.1666666666663
2021-11-09 08:48:07,34.339046478271484,-5.947766780853272,7,1432.6666666666663
2021-11-09 08:48:13,34.33916091918945,-5.947819232940674,8,1436.0
2021-11-09 08:48:19,34.33927917480469,-5.947861194610596,8,1439.3333333333333
2021-11-09 08:48:25,34.33940505981445,-5.94790506362915,8,1443.5
2021-11-09 08:48:31,34.33953094482422,-5.9479570388793945,8,1449.3333333333333
2021-11-09 08:48:37,34.33965301513672,-5.948003768920898,8,1452.6666666666667
2021-11-09 08:48:43,34.33978271484375,-5.948049068450928,9,1457.6666666666667
2021-11-09 08:48:49,34.33990478515625,-5.948080062866211,8,1461.0
2021-11-09 08:48:55,34.34003448486328,-5.948095798492432,9,1464.3333333333337
2021-11-09 08:49:01,34.34001541137695,-5.948212146759033,9,1469.3333333333337
2021-11-09 08:49:07,34.33988952636719,-5.948182106018066,9,1473.5
2021-11-09 08:49:13,34.33976745605469,-5.948143005371094,7,1477.6666666666667
2021-11-09 08:49:19,34.339656829833984,-5.948090076446533,7,1480.1666666666667
2021-11-09 08:49:25,34.33959197998047,-5.947999000549316,2,1484.3333333333337
2021-11-09 08:49:31,34.3395881652832,-5.9480061531066895,0,1488.5
2021-11-09 08:49:37,34.3395881652832,-5.9480180740356445,0,1490.1666666666667
2021-11-09 08:49:43,34.33958053588867,-5.948013782501221,0,1495.1666666666667
2021-11-09 08:49:49,34.339576721191406,-5.948010921478272,0,1498.5
2021-11-09 08:49:55,34.339576721191406,-5.948010921478272,0,1503.5
2021-11-09 08:50:01,34.339576721191406,-5.948010921478272,0,1510.1666666666667
2021-11-09 08:50:07,34.339576721191406,-5.948010921478272,0,1513.5
2021-11-09 08:50:13,34.339576721191406,-5.948010921478272,0,1520.1666666666663
2021-11-09 08:50:19,34.33957290649414,-5.947819232940674,9,1522.6666666666663
2021-11-09 08:50:25,34.339603424072266,-5.9476637840271,4,1527.6666666666663
2021-11-09 08:50:31,34.33960723876953,-5.947661876678467,0,1529.3333333333333
2021-11-09 08:50:37,34.33961486816406,-5.947659969329834,0,1536.8333333333333
2021-11-09 08:50:43,34.33961486816406,-5.947659015655518,0,1541.8333333333333
2021-11-09 08:50:49,34.33961486816406,-5.947659015655518,0,1546.0
2021-11-09 08:50:55,34.33961486816406,-5.947659015655518,0,1550.1666666666667
2021-11-09 08:51:01,34.33961486816406,-5.947659015655518,0,1556.8333333333333
2021-11-09 08:51:07,34.33961486816406,-5.947659015655518,0,1560.1666666666663
2021-11-09 08:51:13,34.33961486816406,-5.947659015655518,0,1565.1666666666663
2021-11-09 08:51:19,34.33961486816406,-5.947659015655518,0,1570.1666666666663
2021-11-09 08:51:25,34.33965301513672,-5.947482109069824,10,1576.8333333333333
2021-11-09 08:51:31,34.33967971801758,-5.947297096252441,10,1581.0
2021-11-09 08:51:37,34.33970642089844,-5.947107791900635,10,1586.0
2021-11-09 08:51:43,34.3397331237793,-5.94691801071167,10,1590.1666666666663
2021-11-09 08:51:49,34.33976364135742,-5.9467291831970215,10,1595.1666666666663
2021-11-09 08:51:55,34.33979034423828,-5.946538925170898,10,1598.5
2021-11-09 08:52:01,34.339820861816406,-5.946351051330566,10,1604.3333333333333
2021-11-09 08:52:07,34.33985137939453,-5.946160793304443,10,1610.1666666666663
2021-11-09 08:52:13,34.339881896972656,-5.945971012115479,10,1616.0
2021-11-09 08:52:19,34.33990859985352,-5.945777893066406,10,1619.3333333333333
2021-11-09 08:52:25,34.33993911743164,-5.945586204528809,11,1626.8333333333333
2021-11-09 08:52:31,34.339969635009766,-5.9453887939453125,11,1631.8333333333333
2021-11-09 08:52:37,34.34000015258789,-5.945196151733398,10,1636.8333333333333
2021-11-09 08:52:43,34.34003829956055,-5.945003032684326,10,1642.6666666666663
2021-11-09 08:52:49,34.34006881713867,-5.9448089599609375,10,1649.3333333333333
2021-11-09 08:52:55,34.3400993347168,-5.944616794586182,10,1654.3333333333333
2021-11-09 08:53:01,34.34012985229492,-5.944425106048584,11,1661.0
2021-11-09 08:53:07,34.34016036987305,-5.9442338943481445,10,1666.0
2021-11-09 08:53:13,34.3401985168457,-5.94404411315918,10,1672.6666666666667
2021-11-09 08:53:19,34.34022903442383,-5.943851947784424,10,1677.6666666666667
2021-11-09 08:53:25,34.34025955200195,-5.943657875061035,10,1683.5
2021-11-09 08:53:31,34.34028244018555,-5.943463802337647,11,1687.6666666666667
2021-11-09 08:53:37,34.34029769897461,-5.943265914916992,11,1694.3333333333337
2021-11-09 08:53:43,34.34031677246094,-5.943069934844971,10,1699.3333333333337
2021-11-09 08:53:49,34.34033203125,-5.942876815795898,10,1700.1666666666667
2021-11-09 08:53:55,34.3403434753418,-5.94268798828125,10,1708.5
2021-11-09 08:54:01,34.340354919433594,-5.942515850067139,7,1712.6666666666667
2021-11-09 08:54:07,34.340457916259766,-5.942468166351318,7,1720.1666666666667
2021-11-09 08:54:13,34.34055709838867,-5.942552089691162,9,1725.1666666666663
2021-11-09 08:54:19,34.34054183959961,-5.942728042602539,10,1729.3333333333337
2021-11-09 08:54:25,34.34052658081055,-5.942916870117188,10,1732.6666666666663
2021-11-09 08:54:31,34.340511322021484,-5.943108081817627,11,1736.8333333333337
2021-11-09 08:54:37,34.34049606323242,-5.943301200866699,11,1744.3333333333337
2021-11-09 08:54:43,34.34047317504883,-5.9434990882873535,10,1746.0
2021-11-09 08:54:49,34.3404541015625,-5.943696022033691,11,1755.1666666666667
2021-11-09 08:54:55,34.340423583984375,-5.943892002105713,10,1761.0
2021-11-09 08:55:01,34.34039306640625,-5.944087028503418,11,1767.6666666666667
2021-11-09 08:55:07,34.34035873413086,-5.944284915924072,10,1772.6666666666667
2021-11-09 08:55:13,34.34031295776367,-5.944468021392822,10,1776.0
2021-11-09 08:55:19,34.340274810791016,-5.944631099700928,8,1781.8333333333337
2021-11-09 08:55:25,34.34026336669922,-5.944809913635254,10,1785.1666666666667
2021-11-09 08:55:31,34.340240478515625,-5.945003986358643,10,1791.0
2021-11-09 08:55:37,34.340206146240234,-5.945195198059082,10,1796.0
2021-11-09 08:55:43,34.34017562866211,-5.945384979248047,10,1800.1666666666667
2021-11-09 08:55:49,34.340145111083984,-5.945569038391113,10,1806.8333333333333
2021-11-09 08:55:55,34.34010696411133,-5.945754051208496,10,1811.0
2021-11-09 08:56:01,34.3400764465332,-5.945939064025879,10,1816.0
2021-11-09 08:56:07,34.340049743652344,-5.946125984191895,10,1821.8333333333333
2021-11-09 08:56:13,34.34001922607422,-5.946310043334961,10,1825.1666666666667
2021-11-09 08:56:19,34.33999252319336,-5.946496963500977,10,1831.8333333333333
2021-11-09 08:56:25,34.339962005615234,-5.946688175201416,10,1837.6666666666667
2021-11-09 08:56:31,34.33993148803711,-5.946878910064697,10,1841.0
2021-11-09 08:56:37,34.339900970458984,-5.947065830230713,10,1845.166666666667
2021-11-09 08:56:43,34.33987808227539,-5.947256088256836,10,1850.166666666667
2021-11-09 08:56:49,34.339847564697266,-5.947443008422852,10,1856.8333333333333
2021-11-09 08:56:55,34.33981704711914,-5.947624206542969,10,1861.0
2021-11-09 08:57:01,34.339786529541016,-5.947809219360352,10,1866.0
2021-11-09 08:57:07,34.339778900146484,-5.947999954223633,10,1871.8333333333333
2021-11-09 08:57:13,34.33964157104492,-5.948058128356934,11,1875.166666666667
2021-11-09 08:57:19,34.339569091796875,-5.947897911071777,11,1878.5
2021-11-09 08:57:25,34.339595794677734,-5.947711944580078,11,1883.5
2021-11-09 08:57:31,34.339622497558594,-5.947522163391113,10,1889.3333333333333
2021-11-09 08:57:37,34.33964920043945,-5.947329998016357,10,1894.3333333333333
2021-11-09 08:57:43,34.33967971801758,-5.947135925292969,10,1897.6666666666667
2021-11-09 08:57:49,34.33970260620117,-5.946939945220947,10,1904.3333333333333
2021-11-09 08:57:55,34.33972930908203,-5.946751117706299,10,1909.3333333333333
2021-11-09 08:58:01,34.33975982666016,-5.946562767028809,10,1914.3333333333333
2021-11-09 08:58:07,34.33978271484375,-5.946370124816895,10,1917.666666666667
2021-11-09 08:58:13,34.33981704711914,-5.946185111999512,10,1923.5
2021-11-09 08:58:19,34.33984375,-5.945994853973389,10,1929.3333333333333
2021-11-09 08:58:25,34.33987045288086,-5.945796012878418,11,1933.5
2021-11-09 08:58:31,34.33990478515625,-5.945598125457764,11,1940.1666666666667
2021-11-09 08:58:37,34.33993911743164,-5.945396900177002,11,1946.8333333333333
2021-11-09 08:58:43,34.339969635009766,-5.945202827453613,11,1952.6666666666667
2021-11-09 08:58:49,34.34000015258789,-5.945006847381592,10,1958.5
2021-11-09 08:58:55,34.34003448486328,-5.944811820983887,10,1962.6666666666667
2021-11-09 08:59:01,34.340065002441406,-5.944616794586182,11,1968.5
2021-11-09 08:59:07,34.34009552001953,-5.944424152374268,10,1974.3333333333333
2021-11-09 08:59:13,34.340126037597656,-5.944230079650879,11,1981.8333333333333
2021-11-09 08:59:19,34.34016418457031,-5.944037914276123,10,1984.3333333333333
2021-11-09 08:59:25,34.34019470214844,-5.943844795227051,10,1991.0
2021-11-09 08:59:31,34.34022521972656,-5.943653106689453,10,1996.8333333333333
2021-11-09 08:59:37,34.34024810791016,-5.943457126617432,11,2003.5
2021-11-09 08:59:43,34.340267181396484,-5.943262100219727,10,2006.8333333333333
2021-11-09 08:59:49,34.34028244018555,-5.9430670738220215,10,2011.8333333333333
2021-11-09 08:59:55,34.340301513671875,-5.942872047424316,10,2018.5
2021-11-09 09:00:01,34.34031295776367,-5.942677021026611,10,2022.6666666666667
2021-11-09 09:00:07,34.34033203125,-5.9424920082092285,9,2026.8333333333333
2021-11-09 09:00:13,34.34048080444336,-5.942461013793945,10,2031.8333333333333
2021-11-09 09:00:19,34.34058380126953,-5.942604064941406,11,2036.0
2021-11-09 09:00:25,34.34056854248047,-5.942800045013428,10,2039.3333333333333
2021-11-09 09:00:31,34.34054946899414,-5.942989826202393,10,2045.1666666666667
2021-11-09 09:00:37,34.34053039550781,-5.943185806274414,10,2051.833333333333
2021-11-09 09:00:43,34.34051513671875,-5.943384170532227,11,2056.833333333333
2021-11-09 09:00:49,34.34049606323242,-5.9435858726501465,11,2062.666666666667
2021-11-09 09:00:55,34.3404655456543,-5.943781852722168,11,2068.5
2021-11-09 09:01:01,34.34042739868164,-5.943975925445557,10,2072.666666666667
2021-11-09 09:01:07,34.34038543701172,-5.9441680908203125,11,2078.5
2021-11-09 09:01:13,34.340362548828125,-5.944365978240967,10,2085.166666666667
2021-11-09 09:01:19,34.34033203125,-5.944558143615723,10,2090.166666666667
2021-11-09 09:01:25,34.340293884277344,-5.944746017456055,10,2093.5
2021-11-09 09:01:31,34.34026336669922,-5.944944858551025,10,2101.0
2021-11-09 09:01:37,34.340232849121094,-5.94514799118042,11,2105.166666666667
2021-11-09 09:01:43,34.340206146240234,-5.945350170135498,11,2111.833333333333
2021-11-09 09:01:49,34.34017562866211,-5.945547103881836,11,2118.5
2021-11-09 09:01:55,34.34014129638672,-5.94574499130249,10,2122.6666666666665
2021-11-09 09:02:01,34.34010696411133,-5.945939064025879,11,2126.0
2021-11-09 09:02:07,34.34008026123047,-5.9461350440979,11,2131.833333333333
2021-11-09 09:02:13,34.340049743652344,-5.946332931518555,11,2136.833333333333
2021-11-09 09:02:19,34.34001922607422,-5.946537017822266,11,2142.666666666667
2021-11-09 09:02:25,34.33998489379883,-5.946739196777344,11,2151.0000000000005
2021-11-09 09:02:31,34.3399543762207,-5.946937084197998,10,2154.333333333334
2021-11-09 09:02:37,34.33992385864258,-5.947134971618652,11,2161.0000000000005
2021-11-09 09:02:43,34.33989715576172,-5.947338104248047,11,2166.833333333334
2021-11-09 09:02:49,34.339866638183594,-5.947539806365967,11,2171.833333333334
2021-11-09 09:02:55,34.3398323059082,-5.947739124298096,11,2177.666666666667
2021-11-09 09:03:01,34.339805603027344,-5.947938919067383,11,2184.333333333333
2021-11-09 09:03:07,34.339786529541016,-5.948063850402832,0,2187.666666666667
2021-11-09 09:03:13,34.339786529541016,-5.948051929473877,0,2191.0
2021-11-09 09:03:19,34.339786529541016,-5.948050022125244,0,2197.666666666667
2021-11-09 09:03:25,34.339786529541016,-5.948050022125244,0,2203.5
2021-11-09 09:03:31,34.339786529541016,-5.948050022125244,0,2206.833333333333
2021-11-09 09:03:37,34.339786529541016,-5.948050022125244,0,2213.5
2021-11-09 09:03:43,34.339786529541016,-5.948050022125244,0,2217.666666666667
2021-11-09 09:03:49,34.339786529541016,-5.948050022125244,0,2224.333333333333
2021-11-09 09:03:55,34.339786529541016,-5.948050022125244,0,2228.5
2021-11-09 09:04:01,34.339786529541016,-5.948050022125244,0,2231.833333333333
2021-11-09 09:04:07,34.339786529541016,-5.948050022125244,0,2236.0
2021-11-09 09:04:13,34.339786529541016,-5.948050022125244,0,2242.666666666667
2021-11-09 09:04:19,34.339786529541016,-5.948050022125244,0,2246.0
2021-11-09 09:04:25,34.339786529541016,-5.948050022125244,0,2251.833333333333
2021-11-09 09:04:31,34.339786529541016,-5.948050022125244,0,2256.833333333333
2021-11-09 09:04:37,34.339786529541016,-5.948050022125244,0,2260.1666666666665
2021-11-09 09:04:43,34.339786529541016,-5.948050022125244,0,2265.1666666666665
2021-11-09 09:04:49,34.339786529541016,-5.948050022125244,0,2270.1666666666665
2021-11-09 09:04:55,34.339786529541016,-5.948050022125244,0,2275.1666666666665
2021-11-09 09:05:01,34.339786529541016,-5.948050022125244,0,2281.0
2021-11-09 09:05:07,34.33970642089844,-5.948063850402832,11,2286.0
2021-11-09 09:05:13,34.339542388916016,-5.9480061531066895,11,2291.0
2021-11-09 09:05:19,34.33942794799805,-5.947877883911133,11,2296.833333333333
2021-11-09 09:05:25,34.339439392089844,-5.947680950164795,11,2302.6666666666665
2021-11-09 09:05:31,34.33946990966797,-5.94749116897583,11,2306.0
2021-11-09 09:05:37,34.339500427246094,-5.947297096252441,11,2312.6666666666665
2021-11-09 09:05:43,34.33953094482422,-5.947099208831787,11,2316.833333333333
2021-11-09 09:05:49,34.339561462402344,-5.946897029876709,11,2322.6666666666665
2021-11-09 09:05:55,34.33959197998047,-5.946694850921631,11,2327.6666666666665
2021-11-09 09:06:01,34.33962631225586,-5.946496963500977,11,2333.5
2021-11-09 09:06:07,34.339656829833984,-5.9462971687316895,11,2339.333333333333
2021-11-09 09:06:13,34.33968734741211,-5.946094036102295,11,2343.5
2021-11-09 09:06:19,34.339717864990234,-5.94589376449585,11,2349.333333333333
2021-11-09 09:06:25,34.33974838256836,-5.9456939697265625,11,2356.833333333333
2021-11-09 09:06:31,34.339778900146484,-5.945491790771484,10,2362.6666666666665
2021-11-09 09:06:37,34.339813232421875,-5.945288181304932,11,2366.0
2021-11-09 09:06:43,34.33984375,-5.945083141326904,11,2371.833333333333
2021-11-09 09:06:49,34.339874267578125,-5.9448771476745605,11,2378.5
2021-11-09 09:06:55,34.339900970458984,-5.944674015045166,11,2385.1666666666665
2021-11-09 09:07:01,34.339927673339844,-5.944469928741455,11,2389.333333333333
2021-11-09 09:07:07,34.33995056152344,-5.944265842437744,11,2395.1666666666665
2021-11-09 09:07:13,34.33998107910156,-5.944064140319824,11,2402.6666666666665
2021-11-09 09:07:19,34.34000396728516,-5.943859100341797,11,2408.5
2021-11-09 09:07:25,34.34002685546875,-5.943653106689453,11,2414.333333333333
2021-11-09 09:07:31,34.340049743652344,-5.943446159362793,11,2418.5
2021-11-09 09:07:37,34.3400764465332,-5.943240165710449,11,2426.0
2021-11-09 09:07:43,34.34009552001953,-5.9430317878723145,11,2432.6666666666665
2021-11-09 09:07:49,34.340110778808594,-5.942825794219971,11,2436.833333333333
2021-11-09 09:07:55,34.340126037597656,-5.942623138427734,11,2441.833333333333
2021-11-09 09:08:01,34.340179443359375,-5.942439079284668,10,2449.333333333333
2021-11-09 09:08:07,34.340335845947266,-5.94244384765625,10,2453.5
2021-11-09 09:08:13,34.34049606323242,-5.942468166351318,10,2456.833333333333
2021-11-09 09:08:19,34.34061050415039,-5.9425859451293945,10,2462.666666666667
2021-11-09 09:08:25,34.340599060058594,-5.9427900314331055,11,2467.666666666667
2021-11-09 09:08:31,34.340572357177734,-5.942995071411133,11,2472.666666666667
2021-11-09 09:08:37,34.340553283691406,-5.94320011138916,11,2476.0
2021-11-09 09:08:43,34.34053421020508,-5.943405151367188,11,2483.5
2021-11-09 09:08:49,34.34050750732422,-5.943613052368164,11,2490.166666666667
2021-11-09 09:08:55,34.340476989746094,-5.943819999694824,11,2494.333333333333
2021-11-09 09:09:01,34.3404426574707,-5.944023132324219,11,2497.666666666667
2021-11-09 09:09:07,34.34041976928711,-5.944225788116455,11,2506.0
2021-11-09 09:09:13,34.34039688110352,-5.944430828094482,11,2510.166666666667
2021-11-09 09:09:19,34.340362548828125,-5.94463586807251,11,2516.833333333333
2021-11-09 09:09:25,34.34033203125,-5.944838047027588,11,2524.333333333333
2021-11-09 09:09:31,34.340301513671875,-5.945037841796875,11,2528.5
2021-11-09 09:09:37,34.340267181396484,-5.94523811340332,11,2535.166666666667
2021-11-09 09:09:43,34.340232849121094,-5.945435047149658,11,2541.0
2021-11-09 09:09:49,34.34020233154297,-5.94563102722168,11,2545.166666666667
2021-11-09 09:09:55,34.34016418457031,-5.945827007293701,11,2549.333333333333
2021-11-09 09:10:01,34.34013748168945,-5.946022033691406,11,2556.833333333333
2021-11-09 09:10:07,34.34010696411133,-5.9462199211120605,11,2560.166666666667
2021-11-09 09:10:13,34.34008026123047,-5.946421146392822,11,2566.833333333333
2021-11-09 09:10:19,34.34004592895508,-5.946615219116211,10,2573.5
2021-11-09 09:10:25,34.34001922607422,-5.946808815002441,10,2578.5
2021-11-09 09:10:31,34.33999252319336,-5.9470038414001465,10,2581.833333333333
2021-11-09 09:10:37,34.339962005615234,-5.947196006774902,10,2589.333333333333
2021-11-09 09:10:43,34.33993148803711,-5.94739294052124,11,2593.5
2021-11-09 09:10:49,34.33990478515625,-5.947591781616211,11,2597.6666666666665
2021-11-09 09:10:55,34.339866638183594,-5.947784900665283,11,2602.6666666666665
2021-11-09 09:11:01,34.33985137939453,-5.947978973388672,10,2608.5
2021-11-09 09:11:07,34.339744567871094,-5.948110103607178,11,2613.5
2021-11-09 09:11:13,34.33957290649414,-5.948052883148193,11,2617.666666666667
2021-11-09 09:11:19,34.33942413330078,-5.94796895980835,10,2622.666666666667
2021-11-09 09:11:25,34.33940124511719,-5.9477739334106445,10,2627.666666666667
2021-11-09 09:11:31,34.33942794799805,-5.947580814361572,10,2633.5
2021-11-09 09:11:37,34.33945083618164,-5.947388172149658,10,2636.833333333333
2021-11-09 09:11:43,34.3394775390625,-5.947195053100586,10,2641.0
2021-11-09 09:11:49,34.33950424194336,-5.947000026702881,10,2647.666666666667
2021-11-09 09:11:55,34.33953094482422,-5.946808815002441,10,2651.0
2021-11-09 09:12:01,34.33956527709961,-5.946619033813477,10,2656.833333333333
2021-11-09 09:12:07,34.339599609375,-5.946425914764404,10,2661.833333333333
2021-11-09 09:12:13,34.339630126953125,-5.946235179901123,10,2666.833333333333
2021-11-09 09:12:19,34.33966064453125,-5.946043014526367,10,2671.0
2021-11-09 09:12:25,34.33969497680664,-5.945851802825928,10,2676.833333333333
2021-11-09 09:12:31,34.339725494384766,-5.945662021636963,10,2681.0
2021-11-09 09:12:37,34.33975601196289,-5.9454731941223145,10,2687.666666666667
2021-11-09 09:12:43,34.339786529541016,-5.945280075073242,11,2692.666666666667
2021-11-09 09:12:49,34.33981704711914,-5.94508695602417,10,2696.833333333333
2021-11-09 09:12:55,34.33984375,-5.944894790649414,10,2702.666666666667
2021-11-09 09:13:01,34.33986282348633,-5.944705963134766,10,2707.666666666667
2021-11-09 09:13:07,34.33988571166992,-5.944516181945801,10,2713.5
2021-11-09 09:13:13,34.33991241455078,-5.944324970245361,10,2717.666666666667
2021-11-09 09:13:19,34.339935302734375,-5.944130897521973,10,2722.666666666667
2021-11-09 09:13:25,34.339962005615234,-5.943939208984375,10,2729.333333333333
2021-11-09 09:13:31,34.33998107910156,-5.943747043609619,10,2735.166666666667
2021-11-09 09:13:37,34.34000015258789,-5.94355583190918,10,2738.5
2021-11-09 09:13:43,34.340023040771484,-5.943367004394531,10,2744.333333333333
2021-11-09 09:13:49,34.340049743652344,-5.943177223205566,10,2748.5
2021-11-09 09:13:55,34.34006881713867,-5.94298791885376,10,2753.5
2021-11-09 09:14:01,34.340087890625,-5.942794799804688,10,2759.333333333333
2021-11-09 09:14:07,34.34010314941406,-5.94260311126709,10,2766.0
2021-11-09 09:14:13,34.34016418457031,-5.942422866821289,11,2769.333333333333
2021-11-09 09:14:19,34.340328216552734,-5.942444801330566,10,2774.333333333333
2021-11-09 09:14:25,34.34048080444336,-5.942463874816895,10,2778.5
2021-11-09 09:14:31,34.34062957763672,-5.942543983459473,11,2783.5
2021-11-09 09:14:37,34.34062957763672,-5.942745208740234,10,2786.833333333333
2021-11-09 09:14:43,34.340614318847656,-5.942944049835205,10,2791.0
2021-11-09 09:14:49,34.34059143066406,-5.943140983581543,10,2796.0
2021-11-09 09:14:55,34.340579986572266,-5.943337917327881,10,2801.833333333333
2021-11-09 09:15:01,34.34055709838867,-5.943532943725586,10,2807.6666666666665
2021-11-09 09:15:07,34.34053421020508,-5.943727970123291,10,2811.0
2021-11-09 09:15:13,34.340511322021484,-5.943921089172363,10,2816.0
2021-11-09 09:15:19,34.340484619140625,-5.944115161895752,10,2820.1666666666665
2021-11-09 09:15:25,34.3404541015625,-5.944305896759033,10,2825.1666666666665
2021-11-09 09:15:31,34.340423583984375,-5.944498062133789,10,2828.5
2021-11-09 09:15:37,34.34038543701172,-5.944687843322754,10,2834.333333333333
2021-11-09 09:15:43,34.34035873413086,-5.944880962371826,11,2837.6666666666665
2021-11-09 09:15:49,34.34033203125,-5.945075035095215,11,2844.333333333333
2021-11-09 09:15:55,34.340301513671875,-5.945263862609863,10,2847.6666666666665
2021-11-09 09:16:01,34.340267181396484,-5.945456981658936,10,2853.5
2021-11-09 09:16:07,34.34023666381836,-5.945643901824951,10,2859.333333333333
2021-11-09 09:16:13,34.34020233154297,-5.945830821990967,11,2864.333333333333
2021-11-09 09:16:19,34.34017562866211,-5.946022033691406,10,2869.333333333333
2021-11-09 09:16:25,34.34015274047852,-5.946212768554688,10,2874.333333333333
2021-11-09 09:16:31,34.340126037597656,-5.946402072906494,10,2878.5
2021-11-09 09:16:37,34.340087890625,-5.946587085723877,10,2882.6666666666665
2021-11-09 09:16:43,34.34006118774414,-5.946775913238525,10,2889.333333333333
2021-11-09 09:16:49,34.34003448486328,-5.946961879730225,10,2895.1666666666665
2021-11-09 09:16:55,34.34000778198242,-5.94715690612793,10,2901.0
2021-11-09 09:17:01,34.3399772644043,-5.947350978851318,11,2904.333333333333
2021-11-09 09:17:07,34.33995056152344,-5.947539806365967,10,2910.1666666666665
2021-11-09 09:17:13,34.33991241455078,-5.947728157043457,10,2915.1666666666665
2021-11-09 09:17:19,34.33988952636719,-5.947920799255371,10,2919.333333333333
2021-11-09 09:17:25,34.339839935302734,-5.948100090026856,11,2923.5
2021-11-09 09:17:31,34.33966827392578,-5.948083877563477,11,2929.333333333333
2021-11-09 09:17:37,34.339508056640625,-5.948009967803955,10,2931.833333333333
2021-11-09 09:17:43,34.339378356933594,-5.947896957397461,11,2937.6666666666665
2021-11-09 09:17:49,34.33938980102539,-5.94769811630249,10,2942.6666666666665
2021-11-09 09:17:55,34.33941650390625,-5.947506904602051,10,2946.0
2021-11-09 09:18:01,34.339439392089844,-5.947317123413086,10,2951.0
2021-11-09 09:18:07,34.33946228027344,-5.94713020324707,10,2957.6666666666665
2021-11-09 09:18:13,34.3394889831543,-5.946938991546631,10,2961.0
2021-11-09 09:18:19,34.33951950073242,-5.946751117706299,10,2966.0
2021-11-09 09:18:25,34.33955383300781,-5.946557998657227,10,2970.166666666667
2021-11-09 09:18:31,34.33958435058594,-5.946363925933838,10,2976.0
2021-11-09 09:18:37,34.33961868286133,-5.946174144744873,10,2980.166666666667
2021-11-09 09:18:43,34.33964538574219,-5.945988178253174,10,2984.333333333333
2021-11-09 09:18:49,34.33967208862305,-5.945796966552734,10,2987.666666666667
2021-11-09 09:18:55,34.33969497680664,-5.945608139038086,10,2995.166666666667
2021-11-09 09:19:01,34.339725494384766,-5.945417881011963,10,3001.0
2021-11-09 09:19:07,34.33975982666016,-5.945231914520264,10,3004.333333333333
2021-11-09 09:19:13,34.339786529541016,-5.945043087005615,10,3011.0
2021-11-09 09:19:19,34.33981704711914,-5.944853782653809,10,3015.1666666666665
2021-11-09 09:19:25,34.339839935302734,-5.944666862487793,10,3021.833333333333
2021-11-09 09:19:31,34.33986282348633,-5.944477081298828,10,3026.833333333333
2021-11-09 09:19:37,34.339881896972656,-5.944286823272705,10,3032.6666666666665
2021-11-09 09:19:43,34.33990859985352,-5.944097995758057,10,3036.0
2021-11-09 09:19:49,34.33993911743164,-5.943910121917725,10,3042.6666666666665
2021-11-09 09:19:55,34.33995819091797,-5.943719863891602,10,3048.5
2021-11-09 09:20:01,34.33998107910156,-5.94352912902832,10,3051.833333333333
2021-11-09 09:20:07,34.34000396728516,-5.943339824676514,10,3056.0
2021-11-09 09:20:13,34.340023040771484,-5.943152904510498,10,3061.833333333333
2021-11-09 09:20:19,34.34004211425781,-5.942962169647217,10,3067.6666666666665
2021-11-09 09:20:25,34.340057373046875,-5.942770004272461,10,3073.5
2021-11-09 09:20:31,34.34007263183594,-5.942577838897705,10,3077.6666666666665
2021-11-09 09:20:37,34.34012222290039,-5.942419052124023,9,3081.0
2021-11-09 09:20:43,34.34019088745117,-5.942498207092285,9,3087.666666666667
2021-11-09 09:20:49,34.34016418457031,-5.942681789398193,11,3091.0
2021-11-09 09:20:55,34.34015274047852,-5.942882061004639,11,3098.5
2021-11-09 09:21:01,34.34014129638672,-5.943076133728027,10,3105.166666666667
2021-11-09 09:21:07,34.34012222290039,-5.943270206451416,10,3109.333333333333
2021-11-09 09:21:13,34.3400993347168,-5.943465232849121,10,3115.166666666667
2021-11-09 09:21:19,34.34008026123047,-5.943662166595459,10,3121.833333333333
2021-11-09 09:21:25,34.340057373046875,-5.943854808807373,10,3124.333333333333
2021-11-09 09:21:31,34.34003448486328,-5.944048881530762,10,3130.166666666667
2021-11-09 09:21:37,34.34001159667969,-5.944244861602783,10,3136.0
2021-11-09 09:21:43,34.33998489379883,-5.944437980651856,10,3142.666666666667
2021-11-09 09:21:49,34.33995819091797,-5.944630146026611,10,3146.0
2021-11-09 09:21:55,34.33993148803711,-5.944822788238525,11,3151.833333333333
2021-11-09 09:22:01,34.33990478515625,-5.945015907287598,10,3157.666666666667
2021-11-09 09:22:07,34.33987808227539,-5.9452080726623535,10,3161.833333333333
2021-11-09 09:22:13,34.33984375,-5.945401191711426,10,3167.666666666667
2021-11-09 09:22:19,34.339820861816406,-5.945592880249023,10,3173.5
2021-11-09 09:22:25,34.33979034423828,-5.9457831382751465,10,3176.833333333333
2021-11-09 09:22:31,34.33976364135742,-5.945971012115479,10,3184.333333333333
2021-11-09 09:22:37,34.3397331237793,-5.946159839630127,10,3189.333333333333
2021-11-09 09:22:43,34.33969497680664,-5.946347236633301,10,3195.166666666667
2021-11-09 09:22:49,34.33966827392578,-5.946540832519531,10,3199.333333333333
2021-11-09 09:22:55,34.339637756347656,-5.946733951568604,10,3205.166666666667
2021-11-09 09:23:01,34.33960723876953,-5.946931838989258,10,3210.166666666667
2021-11-09 09:23:07,34.339576721191406,-5.94713020324707,10,3213.5
2021-11-09 09:23:13,34.33954620361328,-5.947323799133301,10,3219.333333333333
2021-11-09 09:23:19,34.33951568603516,-5.94751501083374,10,3225.166666666667
2021-11-09 09:23:25,34.33948516845703,-5.947707176208496,10,3227.666666666667
2021-11-09 09:23:31,34.3394660949707,-5.947902202606201,11,3233.5
2021-11-09 09:23:37,34.339351654052734,-5.9478440284729,11,3239.333333333333
2021-11-09 09:23:43,34.339378356933594,-5.9476518630981445,10,3243.5
2021-11-09 09:23:49,34.33940505981445,-5.947464942932129,10,3248.5
2021-11-09 09:23:55,34.33942794799805,-5.947278022766113,10,3251.833333333333
2021-11-09 09:24:01,34.33945083618164,-5.947084903717041,10,3257.6666666666665
2021-11-09 09:24:07,34.339473724365234,-5.946890830993652,10,3262.6666666666665
2021-11-09 09:24:13,34.33950424194336,-5.946698188781738,11,3266.0
2021-11-09 09:24:19,34.339534759521484,-5.946506023406982,10,3271.833333333333
2021-11-09 09:24:25,34.33956527709961,-5.946313858032227,10,3277.6666666666665
2021-11-09 09:24:31,34.339595794677734,-5.946122169494629,10,3281.0
2021-11-09 09:24:37,34.339622497558594,-5.945933818817139,10,3287.6666666666665
2021-11-09 09:24:43,34.33964538574219,-5.945742130279541,10,3291.833333333333
2021-11-09 09:24:49,34.33967208862305,-5.945550918579102,10,3295.1666666666665
2021-11-09 09:24:55,34.33970260620117,-5.9453630447387695,10,3301.0
2021-11-09 09:25:01,34.33972930908203,-5.945170879364014,10,3307.6666666666665
2021-11-09 09:25:07,34.33975982666016,-5.944981098175049,10,3312.6666666666665
2021-11-09 09:25:13,34.33979034423828,-5.944794178009033,10,3316.0
2021-11-09 09:25:19,34.339813232421875,-5.94460391998291,10,3322.6666666666665
2021-11-09 09:25:25,34.33983612060547,-5.944413185119629,10,3328.5
2021-11-09 09:25:31,34.33986282348633,-5.944223880767822,10,3332.6666666666665
2021-11-09 09:25:37,34.33988571166992,-5.94403600692749,10,3339.333333333333
2021-11-09 09:25:43,34.33990859985352,-5.943843841552734,10,3342.6666666666665
2021-11-09 09:25:49,34.33993148803711,-5.943653106689453,10,3348.5
2021-11-09 09:25:55,34.3399543762207,-5.943460941314697,10,3355.1666666666665
2021-11-09 09:26:01,34.3399772644043,-5.943268775939941,10,3358.5
2021-11-09 09:26:07,34.34000015258789,-5.94307804107666,10,3364.333333333333
2021-11-09 09:26:13,34.340023040771484,-5.942884922027588,10,3367.666666666667
2021-11-09 09:26:19,34.34003829956055,-5.94269609451294,10,3373.5
2021-11-09 09:26:25,34.340057373046875,-5.942500114440918,11,3377.666666666667
2021-11-09 09:26:31,34.340171813964844,-5.942398071289063,11,3383.5
2021-11-09 09:26:37,34.340206146240234,-5.942577838897705,10,3387.666666666667
2021-11-09 09:26:43,34.34019470214844,-5.942765235900879,10,3392.666666666667
2021-11-09 09:26:49,34.340179443359375,-5.942954063415527,10,3397.666666666667
2021-11-09 09:26:55,34.34016036987305,-5.943142890930176,10,3401.0
2021-11-09 09:27:01,34.34014129638672,-5.943334102630615,10,3407.6666666666665
2021-11-09 09:27:07,34.340118408203125,-5.943521976470947,10,3411.833333333333
2021-11-09 09:27:13,34.34009552001953,-5.94371223449707,10,3417.6666666666665
2021-11-09 09:27:19,34.3400764465332,-5.943902969360352,10,3424.333333333333
2021-11-09 09:27:25,34.340049743652344,-5.944091796875,10,3429.333333333333
2021-11-09 09:27:31,34.34002685546875,-5.944281101226807,10,3431.833333333333
2021-11-09 09:27:37,34.34000396728516,-5.944467067718506,10,3439.333333333333
2021-11-09 09:27:43,34.33998107910156,-5.944660186767578,10,3441.0
2021-11-09 09:27:49,34.33995819091797,-5.944849014282227,10,3446.0
2021-11-09 09:27:55,34.339927673339844,-5.945034027099609,10,3455.1666666666665
2021-11-09 09:28:01,34.339900970458984,-5.945221900939941,10,3459.333333333333
2021-11-09 09:28:07,34.339874267578125,-5.945413112640381,10,3465.1666666666665
2021-11-09 09:28:13,34.33985137939453,-5.945600986480713,10,3469.333333333333
2021-11-09 09:28:19,34.33982467651367,-5.945786952972412,10,3475.1666666666665
2021-11-09 09:28:25,34.33979415893555,-5.945971012115479,10,3481.0
2021-11-09 09:28:31,34.33976745605469,-5.946159839630127,10,3486.0
2021-11-09 09:28:37,34.33973693847656,-5.946352005004883,10,3491.833333333333
2021-11-09 09:28:43,34.33970642089844,-5.946546077728272,11,3496.0
2021-11-09 09:28:49,34.33967208862305,-5.946736812591553,10,3498.5
2021-11-09 09:28:55,34.339637756347656,-5.946929931640625,10,3503.5
2021-11-09 09:29:01,34.33960723876953,-5.947122097015381,10,3507.666666666667
2021-11-09 09:29:07,34.33958435058594,-5.947317123413086,10,3513.5
2021-11-09 09:29:13,34.33955383300781,-5.947507858276367,10,3517.666666666667
2021-11-09 09:29:19,34.33953094482422,-5.94770097732544,10,3521.0
2021-11-09 09:29:25,34.33951187133789,-5.947894096374512,11,3526.833333333333
2021-11-09 09:29:31,34.3393669128418,-5.947934150695801,11,3531.833333333333
2021-11-09 09:29:37,34.33935546875,-5.947737216949463,10,3534.333333333333
2021-11-09 09:29:43,34.339378356933594,-5.947547912597656,10,3539.333333333333
2021-11-09 09:29:49,34.33939743041992,-5.947359085083008,10,3542.666666666666
2021-11-09 09:29:55,34.33942031860352,-5.947172164916992,10,3549.333333333333
2021-11-09 09:30:01,34.339447021484375,-5.946977138519287,10,3553.5
2021-11-09 09:30:07,34.3394775390625,-5.946784019470215,10,3557.6666666666665
2021-11-09 09:30:13,34.339508056640625,-5.94659423828125,10,3561.0
2021-11-09 09:30:19,34.33953857421875,-5.9464030265808105,10,3565.1666666666665
2021-11-09 09:30:25,34.339569091796875,-5.946209907531738,11,3571.0
2021-11-09 09:30:31,34.339599609375,-5.94601583480835,10,3576.0
2021-11-09 09:30:37,34.339622497558594,-5.945824146270752,10,3579.333333333333
2021-11-09 09:30:43,34.33964920043945,-5.945637226104736,10,3586.833333333333
2021-11-09 09:30:49,34.33967971801758,-5.94544792175293,10,3591.833333333333
2021-11-09 09:30:55,34.339717864990234,-5.945261001586914,10,3596.0
2021-11-09 09:31:01,34.339744567871094,-5.945073127746582,10,3601.0
2021-11-09 09:31:07,34.33976745605469,-5.944886207580566,10,3606.833333333333
2021-11-09 09:31:13,34.33979034423828,-5.944695949554443,10,3612.6666666666665
2021-11-09 09:31:19,34.33980941772461,-5.944508075714111,10,3617.6666666666665
2021-11-09 09:31:25,34.33983612060547,-5.944317817687988,10,3622.6666666666665
2021-11-09 09:31:31,34.33986282348633,-5.944130897521973,10,3627.6666666666665
2021-11-09 09:31:37,34.33988571166992,-5.943943023681641,10,3633.5
2021-11-09 09:31:43,34.33990478515625,-5.943754196166992,10,3638.5
2021-11-09 09:31:49,34.339927673339844,-5.943569183349609,10,3644.333333333333
2021-11-09 09:31:55,34.33995056152344,-5.943379878997803,10,3647.6666666666665
2021-11-09 09:32:01,34.339969635009766,-5.943188190460205,10,3651.833333333333
2021-11-09 09:32:07,34.339988708496094,-5.942994117736816,10,3656.833333333333
2021-11-09 09:32:13,34.34000778198242,-5.942802906036377,10,3661.833333333333
2021-11-09 09:32:19,34.34001541137695,-5.942611217498779,11,3667.6666666666665
2021-11-09 09:32:25,34.34004592895508,-5.942419052124023,11,3671.0
2021-11-09 09:32:31,34.3401985168457,-5.942392826080322,10,3676.0
2021-11-09 09:32:37,34.340232849121094,-5.942574977874756,10,3680.1666666666665
2021-11-09 09:32:43,34.34022903442383,-5.942761898040772,10,3683.5
2021-11-09 09:32:49,34.340213775634766,-5.942954063415527,10,3690.1666666666665
2021-11-09 09:32:55,34.34019470214844,-5.943143844604492,10,3694.333333333333
2021-11-09 09:33:01,34.34017562866211,-5.943332195281982,10,3698.5
2021-11-09 09:33:07,34.34015274047852,-5.943521022796631,10,3703.5
2021-11-09 09:33:13,34.34012985229492,-5.943709850311279,10,3710.1666666666665
2021-11-09 09:33:19,34.340110778808594,-5.943899154663086,10,3713.5
2021-11-09 09:33:25,34.340087890625,-5.944085121154785,10,3720.166666666667
2021-11-09 09:33:31,34.34006881713867,-5.944275856018066,11,3725.166666666667
2021-11-09 09:33:37,34.34004592895508,-5.944467067718506,10,3728.5
2021-11-09 09:33:43,34.34001922607422,-5.944654941558838,10,3734.3333333333335
2021-11-09 09:33:49,34.33999252319336,-5.944843769073486,10,3738.5
2021-11-09 09:33:55,34.3399658203125,-5.945034027099609,10,3745.166666666667
2021-11-09 09:34:01,34.339935302734375,-5.945221900939941,10,3748.5
2021-11-09 09:34:07,34.33991241455078,-5.945407867431641,10,3753.5
2021-11-09 09:34:13,34.339881896972656,-5.945592880249023,10,3759.3333333333335
2021-11-09 09:34:19,34.3398551940918,-5.945779800415039,10,3765.166666666667
2021-11-09 09:34:25,34.33982849121094,-5.945968151092529,10,3768.5
2021-11-09 09:34:31,34.339805603027344,-5.9461588859558105,10,3775.166666666667
2021-11-09 09:34:37,34.33977127075195,-5.946352005004883,10,3781.0
2021-11-09 09:34:43,34.33973693847656,-5.946546077728272,10,3784.333333333334
2021-11-09 09:34:49,34.33970642089844,-5.946735858917236,10,3790.166666666667
2021-11-09 09:34:55,34.33967590332031,-5.946926116943359,10,3795.166666666667
2021-11-09 09:35:01,34.33964538574219,-5.9471211433410645,10,3801.0
2021-11-09 09:35:07,34.339622497558594,-5.947315216064453,11,3803.5
2021-11-09 09:35:13,34.33959197998047,-5.947508811950684,10,3807.6666666666665
2021-11-09 09:35:19,34.33956527709961,-5.947700023651123,10,3811.833333333333
2021-11-09 09:35:25,34.33955001831055,-5.947892189025879,11,3815.1666666666665
2021-11-09 09:35:31,34.33940505981445,-5.947955131530762,9,3821.0
2021-11-09 09:35:37,34.3392448425293,-5.94790506362915,10,3826.8333333333335
2021-11-09 09:35:43,34.33917617797852,-5.947729110717773,11,3830.166666666667
2021-11-09 09:35:49,34.339202880859375,-5.947542190551758,10,3834.3333333333335
2021-11-09 09:35:55,34.33922576904297,-5.947354793548584,9,3838.5
2021-11-09 09:36:01,34.33925247192383,-5.947168827056885,10,3844.3333333333335
2021-11-09 09:36:07,34.33928298950195,-5.946981906890869,10,3851.0
2021-11-09 09:36:13,34.339317321777344,-5.946792125701904,10,3855.1666666666665
2021-11-09 09:36:19,34.33934783935547,-5.946600914001465,10,3859.3333333333335
2021-11-09 09:36:25,34.339378356933594,-5.946413040161133,10,3864.3333333333335
2021-11-09 09:36:31,34.339412689208984,-5.946227073669434,10,3870.1666666666665
2021-11-09 09:36:37,34.339439392089844,-5.946036815643311,10,3875.166666666667
2021-11-09 09:36:43,34.33946990966797,-5.945847988128662,10,3877.666666666667
2021-11-09 09:36:49,34.33950424194336,-5.94566011428833,10,3884.3333333333335
2021-11-09 09:36:55,34.339534759521484,-5.945470809936523,10,3889.3333333333335
2021-11-09 09:37:01,34.33956527709961,-5.945281982421875,10,3895.166666666667
2021-11-09 09:37:07,34.3395881652832,-5.945089817047119,11,3899.3333333333335
2021-11-09 09:37:13,34.33961868286133,-5.94490385055542,10,3904.3333333333335
2021-11-09 09:37:19,34.33964538574219,-5.944716930389404,9,3910.166666666667
2021-11-09 09:37:25,34.33967590332031,-5.9445319175720215,10,3913.500000000001
2021-11-09 09:37:31,34.33970642089844,-5.94434118270874,10,3920.166666666667
2021-11-09 09:37:37,34.3397331237793,-5.94415283203125,10,3925.166666666667
2021-11-09 09:37:43,34.33976745605469,-5.943964958190918,10,3931.000000000001
2021-11-09 09:37:49,34.33979034423828,-5.9437761306762695,10,3936.000000000001
2021-11-09 09:37:55,34.339813232421875,-5.943583011627197,10,3939.333333333334
2021-11-09 09:38:01,34.33983612060547,-5.943389892578125,10,3943.500000000001
2021-11-09 09:38:07,34.33985900878906,-5.943199157714844,10,3948.500000000001
2021-11-09 09:38:13,34.339881896972656,-5.943009853363037,10,3955.1666666666665
2021-11-09 09:38:19,34.33990859985352,-5.942820072174072,10,3960.1666666666665
2021-11-09 09:38:25,34.33993148803711,-5.942626953125,10,3964.333333333333
2021-11-09 09:38:31,34.339962005615234,-5.942434787750244,10,3969.333333333333
2021-11-09 09:38:37,34.34011459350586,-5.942379951477051,10,3974.333333333333
2021-11-09 09:38:43,34.340267181396484,-5.942440986633301,11,3979.333333333333
2021-11-09 09:38:49,34.34026336669922,-5.942630767822266,10,3982.6666666666665
2021-11-09 09:38:55,34.34025192260742,-5.942821979522705,10,3988.5
2021-11-09 09:39:01,34.34023666381836,-5.943007946014404,10,3992.666666666667
2021-11-09 09:39:07,34.34021759033203,-5.943198204040527,10,3996.8333333333335
2021-11-09 09:39:13,34.340187072753906,-5.943381786346436,10,4001.8333333333335
2021-11-09 09:39:19,34.340171813964844,-5.943575859069824,10,4008.5
2021-11-09 09:39:25,34.34014892578125,-5.9437689781188965,11,4013.5
2021-11-09 09:39:31,34.340126037597656,-5.943957805633545,10,4017.6666666666665
2021-11-09 09:39:37,34.34010696411133,-5.944149971008301,10,4022.6666666666665
2021-11-09 09:39:43,34.34008026123047,-5.94434118270874,10,4028.5
2021-11-09 09:39:49,34.34005355834961,-5.944530010223389,10,4034.3333333333335
2021-11-09 09:39:55,34.340023040771484,-5.944718837738037,10,4037.666666666667
2021-11-09 09:40:01,34.339996337890625,-5.944904804229736,10,4044.3333333333335
2021-11-09 09:40:07,34.3399658203125,-5.945089817047119,10,4047.666666666667
2021-11-09 09:40:13,34.33993911743164,-5.945277214050293,10,4055.166666666667
2021-11-09 09:40:19,34.33990478515625,-5.945460796356201,10,4061.0
2021-11-09 09:40:25,34.33987045288086,-5.9456467628479,10,4064.3333333333335
2021-11-09 09:40:31,34.339847564697266,-5.945836067199707,10,4069.3333333333335
2021-11-09 09:40:37,34.339820861816406,-5.946028232574463,10,4075.1666666666665
2021-11-09 09:40:43,34.339786529541016,-5.946220874786377,11,4081.833333333333
2021-11-09 09:40:49,34.339752197265625,-5.946413993835449,10,4085.1666666666665
2021-11-09 09:40:55,34.339725494384766,-5.9466071128845215,10,4090.1666666666665
2021-11-09 09:41:01,34.33969497680664,-5.94679594039917,10,4096.0
2021-11-09 09:41:07,34.33966827392578,-5.946990013122559,10,4099.333333333334
2021-11-09 09:41:13,34.339637756347656,-5.947185039520264,10,4103.5
2021-11-09 09:41:19,34.3396110534668,-5.947375774383545,11,4108.5
2021-11-09 09:41:25,34.339576721191406,-5.947573184967041,11,4112.666666666667
2021-11-09 09:41:31,34.33955764770508,-5.947765827178955,10,4117.666666666667
2021-11-09 09:41:37,34.33950424194336,-5.947947978973389,11,4122.666666666667
2021-11-09 09:41:43,34.3393440246582,-5.947951793670654,10,4127.666666666667
2021-11-09 09:41:49,34.33918380737305,-5.947920799255371,11,4132.666666666667
2021-11-09 09:41:55,34.3391227722168,-5.947754859924316,11,4135.166666666667
2021-11-09 09:42:01,34.33914566040039,-5.947565078735352,10,4141.0
2021-11-09 09:42:07,34.33917236328125,-5.947373867034912,10,4146.0
2021-11-09 09:42:13,34.33919906616211,-5.94718599319458,10,4149.333333333334
2021-11-09 09:42:19,34.339237213134766,-5.946996212005615,10,4155.166666666667
2021-11-09 09:42:25,34.33927154541016,-5.946811199188232,10,4160.166666666667
2021-11-09 09:42:31,34.33930587768555,-5.94661808013916,10,4165.166666666667
2021-11-09 09:42:37,34.33933639526367,-5.946430206298828,10,4170.166666666667
2021-11-09 09:42:43,34.33937454223633,-5.946242809295654,10,4174.333333333334
2021-11-09 09:42:49,34.33939743041992,-5.946056842803955,10,4179.333333333334
2021-11-09 09:42:55,34.33943176269531,-5.945868968963623,10,4186.0
2021-11-09 09:43:01,34.3394660949707,-5.945683002471924,10,4191.833333333334
2021-11-09 09:43:07,34.33949279785156,-5.945488929748535,11,4196.833333333334
2021-11-09 09:43:13,34.33952713012695,-5.945300102233887,10,4201.833333333334
2021-11-09 09:43:19,34.33955383300781,-5.94511079788208,11,4205.166666666667
2021-11-09 09:43:25,34.339576721191406,-5.944920063018799,10,4212.666666666667
2021-11-09 09:43:31,34.33960723876953,-5.94472599029541,10,4216.0
2021-11-09 09:43:37,34.339637756347656,-5.944544792175293,10,4221.0
2021-11-09 09:43:43,34.339656829833984,-5.944356918334961,10,4226.833333333334
2021-11-09 09:43:49,34.339683532714844,-5.944169998168945,10,4232.666666666666
2021-11-09 09:43:55,34.33970642089844,-5.943978786468506,10,4236.0
2021-11-09 09:44:01,34.3397331237793,-5.943789958953857,10,4242.666666666666
2021-11-09 09:44:07,34.33976745605469,-5.943599224090576,10,4246.0
2021-11-09 09:44:13,34.33979415893555,-5.9434099197387695,10,4249.333333333334
2021-11-09 09:44:19,34.339820861816406,-5.9432220458984375,10,4255.166666666667
2021-11-09 09:44:25,34.33984375,-5.943035125732422,10,4261.833333333334
2021-11-09 09:44:31,34.339866638183594,-5.942841053009033,10,4266.833333333334
2021-11-09 09:44:37,34.33989334106445,-5.942654132843018,10,4270.166666666667
2021-11-09 09:44:43,34.33991241455078,-5.942461013793945,11,4275.166666666667
2021-11-09 09:44:49,34.34004211425781,-5.942348003387451,11,4281.0
2021-11-09 09:44:55,34.34020233154297,-5.942374229431152,10,4286.0
2021-11-09 09:45:01,34.340293884277344,-5.9425201416015625,11,4288.5
2021-11-09 09:45:07,34.34028244018555,-5.942708969116211,10,4293.5
2021-11-09 09:45:13,34.34026336669922,-5.942897796630859,10,4300.166666666667
2021-11-09 09:45:19,34.34024429321289,-5.943089008331299,10,4302.666666666667
2021-11-09 09:45:25,34.3402214050293,-5.943284034729004,10,4307.666666666666
2021-11-09 09:45:31,34.34020233154297,-5.943473815917969,10,4313.5
2021-11-09 09:45:37,34.340179443359375,-5.943665027618408,10,4319.333333333334
2021-11-09 09:45:43,34.34016418457031,-5.9438557624816895,10,4323.5
2021-11-09 09:45:49,34.34014129638672,-5.944049835205078,10,4329.333333333334
2021-11-09 09:45:55,34.34011459350586,-5.944242000579834,10,4334.333333333334
2021-11-09 09:46:01,34.340091705322266,-5.944429874420166,10,4337.666666666667
2021-11-09 09:46:07,34.340065002441406,-5.944614887237549,10,4343.5
2021-11-09 09:46:13,34.34003448486328,-5.944804191589356,10,4349.333333333333
2021-11-09 09:46:19,34.34000396728516,-5.944992065429688,9,4355.166666666666
2021-11-09 09:46:25,34.33997344970703,-5.94517707824707,10,4361.0
2021-11-09 09:46:31,34.339942932128906,-5.945365905761719,10,4364.333333333334
2021-11-09 09:46:37,34.33990859985352,-5.945549964904785,10,4370.166666666667
2021-11-09 09:46:43,34.339881896972656,-5.945742130279541,10,4375.166666666667
2021-11-09 09:46:49,34.3398551940918,-5.945933818817139,10,4379.333333333334
2021-11-09 09:46:55,34.33982467651367,-5.946125030517578,10,4385.166666666667
2021-11-09 09:47:01,34.33979415893555,-5.946315765380859,10,4391.0
2021-11-09 09:47:07,34.33976745605469,-5.946507930755615,10,4394.333333333334
2021-11-09 09:47:13,34.33974075317383,-5.946703910827637,10,4400.166666666667
2021-11-09 09:47:19,34.3397102355957,-5.946896076202393,10,4403.5
2021-11-09 09:47:25,34.33967590332031,-5.947083950042725,10,4406.0
2021-11-09 09:47:31,34.33965301513672,-5.9472761154174805,10,4411.0
2021-11-09 09:47:37,34.33962631225586,-5.947474956512451,11,4415.166666666667
2021-11-09 09:47:43,34.339595794677734,-5.947669982910156,10,4421.833333333334
2021-11-09 09:47:49,34.3395881652832,-5.947865009307861,10,4426.0
2021-11-09 09:47:55,34.339473724365234,-5.947976112365723,9,4431.833333333334
2021-11-09 09:48:01,34.339317321777344,-5.94796085357666,11,4436.0
2021-11-09 09:48:07,34.33915710449219,-5.947919845581055,9,4438.5
2021-11-09 09:48:13,34.339107513427734,-5.947747230529785,11,4444.333333333334
2021-11-09 09:48:19,34.339134216308594,-5.947564125061035,10,4448.5
2021-11-09 09:48:25,34.33915710449219,-5.947382926940918,10,4455.166666666667
2021-11-09 09:48:31,34.33918380737305,-5.9471940994262695,10,4460.166666666667
2021-11-09 09:48:37,34.33921813964844,-5.947000026702881,10,4463.5
2021-11-09 09:48:43,34.339256286621094,-5.946806907653809,10,4467.666666666667
2021-11-09 09:48:49,34.339290618896484,-5.946611881256104,10,4473.5
2021-11-09 09:48:55,34.33932113647461,-5.946426868438721,10,4477.666666666667
2021-11-09 09:49:01,34.339351654052734,-5.946238994598389,10,4484.333333333334
2021-11-09 09:49:07,34.33937454223633,-5.946053981781006,10,4487.666666666667
2021-11-09 09:49:13,34.33940887451172,-5.945868968963623,10,4494.333333333334
2021-11-09 09:49:19,34.33943176269531,-5.94568395614624,10,4500.166666666667
2021-11-09 09:49:25,34.339454650878906,-5.945504188537598,10,4503.5
2021-11-09 09:49:31,34.33948516845703,-5.945314884185791,10,4509.333333333333
2021-11-09 09:49:37,34.33951187133789,-5.945125102996826,10,4516.833333333333
2021-11-09 09:49:43,34.339542388916016,-5.944933891296387,10,4520.166666666666
2021-11-09 09:49:49,34.33957290649414,-5.944744110107422,10,4526.0
2021-11-09 09:49:55,34.339599609375,-5.944558143615723,10,4531.0
2021-11-09 09:50:01,34.33962631225586,-5.944363117218018,10,4535.166666666666
2021-11-09 09:50:07,34.33965301513672,-5.944174766540527,10,4541.0
2021-11-09 09:50:13,34.339683532714844,-5.943976879119873,10,4545.166666666666
2021-11-09 09:50:19,34.33970260620117,-5.943780899047852,10,4549.333333333333
2021-11-09 09:50:25,34.3397331237793,-5.943591117858887,10,4556.0
2021-11-09 09:50:31,34.33976364135742,-5.943404197692871,10,4561.833333333333
2021-11-09 09:50:37,34.339786529541016,-5.943212985992432,10,4565.166666666666
2021-11-09 09:50:43,34.33980941772461,-5.943023204803467,10,4571.0
2021-11-09 09:50:49,34.33983612060547,-5.942834854125977,9,4576.0
2021-11-09 09:50:55,34.3398551940918,-5.942646026611328,10,4580.166666666666
2021-11-09 09:51:01,34.339866638183594,-5.942453861236572,11,4586.833333333333
2021-11-09 09:51:07,34.34000778198242,-5.942358016967773,11,4590.166666666666
2021-11-09 09:51:13,34.34016799926758,-5.942378044128418,11,4594.333333333333
2021-11-09 09:51:19,34.34031295776367,-5.942458152770996,11,4600.166666666666
2021-11-09 09:51:25,34.34031295776367,-5.94265079498291,11,4603.5
2021-11-09 09:51:31,34.340301513671875,-5.9428391456604,10,4606.833333333333
2021-11-09 09:51:37,34.34028244018555,-5.943027973175049,10,4612.666666666666
2021-11-09 09:51:43,34.340267181396484,-5.943220138549805,10,4617.666666666666
2021-11-09 09:51:49,34.34024810791016,-5.943408966064453,10,4623.5
2021-11-09 09:51:55,34.3402214050293,-5.94359302520752,10,4627.666666666666
2021-11-09 09:52:01,34.3401985168457,-5.943781852722168,10,4632.666666666666
2021-11-09 09:52:07,34.34017562866211,-5.943974018096924,10,4637.666666666666
2021-11-09 09:52:13,34.34015655517578,-5.944170951843262,11,4642.666666666666
2021-11-09 09:52:19,34.34000778198242,-5.944182872772217,11,4648.5
2021-11-09 09:52:25,34.33989715576172,-5.944029808044434,10,4651.833333333333
2021-11-09 09:52:31,34.339839935302734,-5.943838119506836,11,4657.666666666666
2021-11-09 09:52:37,34.33979797363281,-5.943655014038086,11,4663.5
2021-11-09 09:52:43,34.33975601196289,-5.943471908569336,10,4669.333333333334
2021-11-09 09:52:49,34.339717864990234,-5.943286895751953,10,4671.833333333334
2021-11-09 09:52:55,34.33967971801758,-5.943115234375,10,4676.833333333334
2021-11-09 09:53:01,34.339683532714844,-5.942945957183838,8,4680.166666666666
2021-11-09 09:53:07,34.339691162109375,-5.9427809715271,9,4685.166666666666
2021-11-09 09:53:13,34.339725494384766,-5.942621231079102,8,4690.166666666666
2021-11-09 09:53:19,34.33977127075195,-5.942460060119629,9,4692.666666666666
2021-11-09 09:53:25,34.33985137939453,-5.942339897155762,9,4694.333333333334
2021-11-09 09:53:31,34.33995819091797,-5.9424238204956055,10,4700.166666666666
2021-11-09 09:53:37,34.339962005615234,-5.942621231079102,10,4703.5
2021-11-09 09:53:43,34.339942932128906,-5.94281816482544,10,4707.666666666666
2021-11-09 09:53:49,34.33991622924805,-5.943015098571777,10,4713.5
2021-11-09 09:53:55,34.33988571166992,-5.943202018737793,11,4717.666666666666
2021-11-09 09:54:01,34.33985900878906,-5.943400859832764,11,4725.166666666666
2021-11-09 09:54:07,34.3398323059082,-5.94359302520752,10,4728.5
2021-11-09 09:54:13,34.339805603027344,-5.943788051605225,10,4731.833333333333
2021-11-09 09:54:19,34.33975601196289,-5.944178104400635,11,4737.666666666666
2021-11-09 09:54:25,34.339698791503906,-5.944568157196045,10,4746.833333333333
2021-11-09 09:54:31,34.33967971801758,-5.94476318359375,10,4761.0
2021-11-09 09:54:37,34.33964920043945,-5.9449567794799805,10,4765.166666666666
2021-11-09 09:54:43,34.339622497558594,-5.9451518058776855,11,4771.0
2021-11-09 09:54:49,34.33959197998047,-5.945346832275391,10,4775.166666666666
2021-11-09 09:54:55,34.339561462402344,-5.945542812347412,10,4781.0
2021-11-09 09:55:01,34.33953094482422,-5.945737838745117,10,4787.666666666666
2021-11-09 09:55:07,34.33950424194336,-5.94593620300293,10,4791.833333333334
2021-11-09 09:55:13,34.33946990966797,-5.946134090423584,11,4800.166666666666
2021-11-09 09:55:19,34.339439392089844,-5.946331977844238,10,4804.333333333334
2021-11-09 09:55:25,34.33940887451172,-5.94652795791626,10,4808.5
2021-11-09 09:55:31,34.33938217163086,-5.946725845336914,10,4815.166666666666
2021-11-09 09:55:37,34.3393440246582,-5.946918964385986,11,4821.0
2021-11-09 09:55:43,34.33930969238281,-5.947113990783691,10,4826.833333333334
2021-11-09 09:55:49,34.33927154541016,-5.947301864624023,10,4830.166666666666
2021-11-09 09:55:55,34.3392448425293,-5.947494983673096,10,4836.833333333333
2021-11-09 09:56:01,34.33921432495117,-5.947687149047852,11,4841.0
2021-11-09 09:56:07,34.33920669555664,-5.947874069213867,12,4845.166666666667
2021-11-09 09:56:13,34.339080810546875,-5.947841167449951,10,4848.5
2021-11-09 09:56:19,34.3390998840332,-5.947653770446777,9,4852.666666666667
2021-11-09 09:56:25,34.3391227722168,-5.947460174560547,11,4858.5
2021-11-09 09:56:31,34.339149475097656,-5.947262763977051,10,4862.666666666667
2021-11-09 09:56:37,34.33917999267578,-5.947065830230713,10,4868.5
2021-11-09 09:56:43,34.33921432495117,-5.946870803833008,10,4872.666666666666
2021-11-09 09:56:49,34.3392448425293,-5.946674823760986,10,4877.666666666666
2021-11-09 09:56:55,34.33928298950195,-5.946484088897705,10,4883.5
2021-11-09 09:57:01,34.33932113647461,-5.946296215057373,9,4887.666666666666
2021-11-09 09:57:07,34.33934783935547,-5.946102142333984,10,4893.5
2021-11-09 09:57:13,34.339378356933594,-5.945910930633545,10,4899.333333333334
2021-11-09 09:57:19,34.33940887451172,-5.94572114944458,10,4904.333333333334
2021-11-09 09:57:25,34.339439392089844,-5.945529937744141,10,4908.5
2021-11-09 09:57:31,34.339473724365234,-5.945333003997803,10,4914.333333333333
2021-11-09 09:57:37,34.339500427246094,-5.945143222808838,10,4919.333333333333
2021-11-09 09:57:43,34.33953094482422,-5.944949150085449,10,4926.833333333333
2021-11-09 09:57:49,34.33955764770508,-5.944752216339111,10,4931.833333333333
2021-11-09 09:57:55,34.33958053588867,-5.944553852081299,11,4935.166666666666
2021-11-09 09:58:01,34.33960723876953,-5.94436502456665,10,4941.0
2021-11-09 09:58:07,34.33962631225586,-5.944174766540527,10,4946.0
2021-11-09 09:58:13,34.339656829833984,-5.943984031677246,10,4950.166666666666
2021-11-09 09:58:19,34.33967590332031,-5.943789958953857,10,4956.0
2021-11-09 09:58:25,34.33970260620117,-5.943597793579102,10,4961.833333333333
2021-11-09 09:58:31,34.339725494384766,-5.943408012390137,10,4966.0
2021-11-09 09:58:37,34.33974075317383,-5.943212985992432,10,4971.0
2021-11-09 09:58:43,34.33976364135742,-5.943021774291992,11,4976.0
2021-11-09 09:58:49,34.33979034423828,-5.942835807800293,10,4981.833333333333
2021-11-09 09:58:55,34.33980941772461,-5.942643165588379,9,4985.166666666666
2021-11-09 09:59:01,34.339820861816406,-5.942451000213623,10,4990.166666666666
2021-11-09 09:59:07,34.339942932128906,-5.942378044128418,10,4995.166666666666
2021-11-09 09:59:13,34.339988708496094,-5.942553997039795,10,4999.333333333333
2021-11-09 09:59:19,34.3399658203125,-5.94274377822876,10,5001.833333333333
2021-11-09 09:59:25,34.33993911743164,-5.9429240226745605,10,5008.5
2021-11-09 09:59:31,34.33992385864258,-5.943108081817627,10,5011.833333333333
2021-11-09 09:59:37,34.33989715576172,-5.943296909332275,10,5016.833333333333
2021-11-09 09:59:43,34.339874267578125,-5.943484783172607,10,5022.666666666666
2021-11-09 09:59:49,34.33985137939453,-5.94366979598999,10,5028.5
2021-11-09 09:59:55,34.33982849121094,-5.943857192993164,10,5031.833333333333
2021-11-09 10:00:01,34.33979797363281,-5.944037914276123,10,5036.833333333333
2021-11-09 10:00:07,34.33976745605469,-5.9442219734191895,10,5038.5
2021-11-09 10:00:13,34.33974075317383,-5.944407939910889,10,5045.166666666666
2021-11-09 10:00:19,34.33971405029297,-5.944598197937012,10,5051.0
2021-11-09 10:00:25,34.33968734741211,-5.944786071777344,10,5056.0
2021-11-09 10:00:31,34.33966064453125,-5.944976806640625,10,5060.166666666666
2021-11-09 10:00:37,34.339637756347656,-5.9451680183410645,10,5066.0
2021-11-09 10:00:43,34.33961486816406,-5.9453558921813965,10,5071.0
2021-11-09 10:00:49,34.33959197998047,-5.945547103881836,10,5076.0
2021-11-09 10:00:55,34.339561462402344,-5.945728778839111,10,5081.833333333333
2021-11-09 10:01:01,34.33953094482422,-5.945915222167969,10,5085.166666666667
2021-11-09 10:01:07,34.339508056640625,-5.946101188659668,10,5091.0
2021-11-09 10:01:13,34.339473724365234,-5.946281909942627,10,5097.666666666667
2021-11-09 10:01:19,34.33944320678711,-5.946467876434326,10,5101.0
2021-11-09 10:01:25,34.33940887451172,-5.946650981903076,10,5106.833333333333
2021-11-09 10:01:31,34.3393669128418,-5.946835994720459,10,5111.833333333333
2021-11-09 10:01:37,34.33933639526367,-5.947021007537842,10,5115.166666666666
2021-11-09 10:01:43,34.33930587768555,-5.947208881378174,10,5120.166666666666
2021-11-09 10:01:49,34.33927917480469,-5.9473958015441895,10,5125.166666666666
2021-11-09 10:01:55,34.33924865722656,-5.9475860595703125,11,5131.0
2021-11-09 10:02:01,34.3392219543457,-5.947772026062012,10,5133.5
2021-11-09 10:02:07,34.33910369873047,-5.947886943817139,13,5138.5
2021-11-09 10:02:13,34.33896255493164,-5.947824001312256,10,5142.666666666667
2021-11-09 10:02:19,34.33885955810547,-5.947690010070801,11,5148.5
2021-11-09 10:02:25,34.338890075683594,-5.947493076324463,10,5151.833333333334
2021-11-09 10:02:31,34.33891677856445,-5.947298049926758,10,5158.5
2021-11-09 10:02:37,34.33894729614258,-5.9471049308776855,10,5163.5
2021-11-09 10:02:43,34.338985443115234,-5.946914196014404,11,5169.333333333334
2021-11-09 10:02:49,34.33901596069336,-5.946718215942383,10,5172.666666666666
2021-11-09 10:02:55,34.339054107666016,-5.946527004241943,10,5176.833333333334
2021-11-09 10:03:01,34.33909225463867,-5.946334838867188,11,5182.666666666667
2021-11-09 10:03:07,34.33912658691406,-5.946140766143799,11,5188.5
2021-11-09 10:03:13,34.33916473388672,-5.945946216583252,10,5194.333333333334
2021-11-09 10:03:19,34.339202880859375,-5.945754051208496,10,5198.5
2021-11-09 10:03:25,34.33924102783203,-5.94556188583374,10,5204.333333333334
2021-11-09 10:03:31,34.33928680419922,-5.945370197296143,10,5209.333333333334
2021-11-09 10:03:37,34.3393440246582,-5.945193767547607,10,5216.0
2021-11-09 10:03:43,34.33938217163086,-5.945018768310547,10,5220.166666666667
2021-11-09 10:03:49,34.339393615722656,-5.944850921630859,9,5227.666666666666
2021-11-09 10:03:55,34.33942413330078,-5.944666862487793,10,5234.333333333333
2021-11-09 10:04:01,34.339454650878906,-5.944477081298828,10,5237.666666666666
2021-11-09 10:04:07,34.3394889831543,-5.944292068481445,10,5242.666666666666
2021-11-09 10:04:13,34.33952713012695,-5.9441118240356445,10,5247.666666666666
2021-11-09 10:04:19,34.33955764770508,-5.943930149078369,10,5254.333333333333
2021-11-09 10:04:25,34.3395881652832,-5.94374418258667,10,5258.5
2021-11-09 10:04:31,34.339622497558594,-5.943558216094971,10,5263.5
2021-11-09 10:04:37,34.339656829833984,-5.943375110626221,10,5267.666666666666
2021-11-09 10:04:43,34.339717864990234,-5.9432148933410645,9,5272.666666666666
2021-11-09 10:04:49,34.339725494384766,-5.943038940429688,10,5277.666666666666
2021-11-09 10:04:55,34.33978271484375,-5.942870140075684,9,5281.833333333333
2021-11-09 10:05:01,34.339813232421875,-5.942688941955566,10,5285.166666666666
2021-11-09 10:05:07,34.33982467651367,-5.942503929138184,10,5291.833333333333
2021-11-09 10:05:13,34.33987808227539,-5.942343235015869,11,5295.166666666666
2021-11-09 10:05:19,34.34001541137695,-5.942391872406006,10,5299.333333333333
2021-11-09 10:05:25,34.340023040771484,-5.942572116851807,9,5303.5
2021-11-09 10:05:31,34.34000396728516,-5.942759037017822,11,5306.833333333333
2021-11-09 10:05:37,34.33998489379883,-5.942947864532471,10,5310.166666666667
2021-11-09 10:05:43,34.339969635009766,-5.943137168884277,8,5314.333333333333
2021-11-09 10:05:49,34.339942932128906,-5.943324089050293,10,5321.0
2021-11-09 10:05:55,34.33991622924805,-5.943519115447998,10,5324.333333333333
2021-11-09 10:06:01,34.33989715576172,-5.943710803985596,10,5330.166666666667
2021-11-09 10:06:07,34.339874267578125,-5.943887233734131,10,5336.833333333333
2021-11-09 10:06:13,34.3398551940918,-5.944083213806152,10,5340.166666666667
2021-11-09 10:06:19,34.33981704711914,-5.944271087646484,10,5344.333333333333
2021-11-09 10:06:25,34.33979034423828,-5.9444580078125,10,5351.0
2021-11-09 10:06:31,34.33976364135742,-5.944645881652832,10,5356.0
2021-11-09 10:06:37,34.33972930908203,-5.944835186004639,10,5360.166666666667
2021-11-09 10:06:43,34.339698791503906,-5.945022106170654,10,5366.0
2021-11-09 10:06:49,34.33966827392578,-5.9452080726623535,10,5369.333333333333
2021-11-09 10:06:55,34.339637756347656,-5.945402145385742,11,5376.0
2021-11-09 10:07:01,34.339603424072266,-5.945590972900391,10,5381.0
2021-11-09 10:07:07,34.339576721191406,-5.945775985717773,10,5385.166666666667
2021-11-09 10:07:13,34.33954620361328,-5.945964813232422,10,5392.666666666667
2021-11-09 10:07:19,34.33951187133789,-5.9461541175842285,10,5397.666666666667
2021-11-09 10:07:25,34.33948516845703,-5.946349143981934,10,5401.0
2021-11-09 10:07:31,34.33945083618164,-5.946533203125,10,5407.666666666667
2021-11-09 10:07:37,34.33941650390625,-5.946722030639648,10,5412.666666666667
2021-11-09 10:07:43,34.33938980102539,-5.946916103363037,10,5417.666666666667
2021-11-09 10:07:49,34.33935546875,-5.947103977203369,10,5422.666666666667
2021-11-09 10:07:55,34.33932113647461,-5.947296142578125,10,5425.166666666667
2021-11-09 10:08:01,34.339290618896484,-5.94748592376709,10,5431.0
2021-11-09 10:08:07,34.33926010131836,-5.9476752281188965,9,5436.0
2021-11-09 10:08:13,34.33922576904297,-5.947856903076172,11,5441.0
2021-11-09 10:08:19,34.33906555175781,-5.947888851165772,10,5445.166666666667
2021-11-09 10:08:25,34.33891677856445,-5.947811126708984,10,5448.5
2021-11-09 10:08:31,34.33882522583008,-5.947673797607422,10,5453.5
2021-11-09 10:08:37,34.33885192871094,-5.947480201721191,10,5460.166666666667
2021-11-09 10:08:43,34.3388786315918,-5.947288990020752,10,5464.333333333334
2021-11-09 10:08:49,34.33891296386719,-5.947103023529053,10,5469.333333333334
2021-11-09 10:08:55,34.33894729614258,-5.9469170570373535,10,5475.166666666667
2021-11-09 10:09:01,34.33898162841797,-5.946730136871338,10,5476.833333333334
2021-11-09 10:09:07,34.33901596069336,-5.946545124053955,10,5481.833333333334
2021-11-09 10:09:13,34.33905029296875,-5.946360111236572,10,5486.833333333334
2021-11-09 10:09:19,34.33908462524414,-5.9461750984191895,10,5490.166666666667
2021-11-09 10:09:25,34.339115142822266,-5.945988178253174,10,5497.666666666667
2021-11-09 10:09:31,34.339149475097656,-5.94580078125,10,5501.0
2021-11-09 10:09:37,34.33918762207031,-5.945617198944092,10,5505.166666666667
2021-11-09 10:09:43,34.33922576904297,-5.945432186126709,10,5507.666666666667
2021-11-09 10:09:49,34.33919143676758,-5.945261001586914,10,5516.833333333334
2021-11-09 10:09:55,34.33916473388672,-5.9450788497924805,11,5522.666666666667
2021-11-09 10:10:01,34.3392448425293,-5.944919109344482,10,5526.833333333334
2021-11-09 10:10:07,34.339324951171875,-5.944767951965332,9,5530.166666666667
2021-11-09 10:10:13,34.33938980102539,-5.944596767425537,10,5536.833333333334
2021-11-09 10:10:19,34.33942413330078,-5.944416046142578,10,5541.833333333334
2021-11-09 10:10:25,34.33946990966797,-5.944240093231201,10,5545.166666666666
2021-11-09 10:10:31,34.33949661254883,-5.944056987762451,10,5551.0
2021-11-09 10:10:37,34.33951950073242,-5.943873882293701,10,5556.833333333334
2021-11-09 10:10:43,34.33955001831055,-5.943687915802002,10,5560.166666666666
2021-11-09 10:10:49,34.33958053588867,-5.943500995635986,10,5565.166666666666
2021-11-09 10:10:55,34.339622497558594,-5.943323135375977,9,5571.0
2021-11-09 10:11:01,34.33964538574219,-5.943137168884277,10,5576.0
2021-11-09 10:11:07,34.339698791503906,-5.942962169647217,10,5581.833333333334
2021-11-09 10:11:13,34.339752197265625,-5.942784786224365,10,5585.166666666666
2021-11-09 10:11:19,34.339778900146484,-5.942605972290039,10,5590.166666666666
2021-11-09 10:11:25,34.33980178833008,-5.942422866821289,11,5596.0
2021-11-09 10:11:31,34.339942932128906,-5.942346096038818,11,5599.333333333334
2021-11-09 10:11:37,34.340049743652344,-5.942479133605957,11,5603.5
2021-11-09 10:11:43,34.34003448486328,-5.9426679611206055,10,5608.5
2021-11-09 10:11:49,34.34001541137695,-5.9428558349609375,10,5611.833333333334
2021-11-09 10:11:55,34.339996337890625,-5.943044185638428,10,5616.0
2021-11-09 10:12:01,34.33997344970703,-5.9432291984558105,10,5621.0
2021-11-09 10:12:07,34.33994674682617,-5.94341516494751,10,5626.0
2021-11-09 10:12:13,34.33992004394531,-5.943599224090576,10,5631.0
2021-11-09 10:12:19,34.339900970458984,-5.943786144256592,10,5635.166666666666
2021-11-09 10:12:25,34.33987808227539,-5.943975925445557,10,5640.166666666666
2021-11-09 10:12:31,34.33985137939453,-5.944156169891357,10,5646.0
2021-11-09 10:12:37,34.339820861816406,-5.944334983825684,9,5648.5
2021-11-09 10:12:43,34.33980178833008,-5.944522857666016,10,5654.333333333334
2021-11-09 10:12:49,34.33977508544922,-5.944705009460449,10,5659.333333333334
2021-11-09 10:12:55,34.339752197265625,-5.944890022277832,10,5663.5
2021-11-09 10:13:01,34.339725494384766,-5.945074081420898,10,5668.5
2021-11-09 10:13:07,34.33970260620117,-5.945254802703857,9,5674.333333333334
2021-11-09 10:13:13,34.33967971801758,-5.945438861846924,10,5680.166666666666
2021-11-09 10:13:19,34.33964538574219,-5.945621967315674,9,5683.5
2021-11-09 10:13:25,34.33961868286133,-5.945802211761475,10,5686.0
2021-11-09 10:13:31,34.339595794677734,-5.945988178253174,10,5694.333333333333
2021-11-09 10:13:37,34.339569091796875,-5.946176052093506,10,5698.5
2021-11-09 10:13:43,34.33953094482422,-5.946359157562256,10,5704.333333333333
2021-11-09 10:13:49,34.339500427246094,-5.946547985076904,10,5707.666666666666
2021-11-09 10:13:55,34.33946228027344,-5.946733951568604,9,5711.833333333333
2021-11-09 10:14:01,34.33942794799805,-5.946918964385986,10,5716.833333333333
2021-11-09 10:14:07,34.33939743041992,-5.947107791900635,10,5720.166666666666
2021-11-09 10:14:13,34.33936309814453,-5.947296142578125,10,5723.5
2021-11-09 10:14:19,34.33933639526367,-5.947484016418457,11,5729.333333333334
2021-11-09 10:14:25,34.33930587768555,-5.947667121887207,10,5735.166666666666
2021-11-09 10:14:31,34.33928680419922,-5.947854042053223,10,5738.5
2021-11-09 10:14:37,34.33915710449219,-5.947940826416016,12,5743.5
2021-11-09 10:14:43,34.33905029296875,-5.947816848754883,11,5748.5
2021-11-09 10:14:49,34.339073181152344,-5.947628021240234,10,5751.833333333333
2021-11-09 10:14:55,34.3390998840332,-5.947435855865479,10,5756.0
2021-11-09 10:15:01,34.33912658691406,-5.947248935699463,10,5761.833333333333
2021-11-09 10:15:07,34.33916091918945,-5.947062015533447,10,5765.166666666666
2021-11-09 10:15:13,34.33919143676758,-5.946870803833008,10,5770.166666666666
2021-11-09 10:15:19,34.3392219543457,-5.946688175201416,10,5775.166666666666
2021-11-09 10:15:25,34.33925247192383,-5.946497917175293,10,5779.333333333333
2021-11-09 10:15:31,34.33928298950195,-5.94631290435791,10,5786.0
2021-11-09 10:15:37,34.33942031860352,-5.946237087249756,11,5790.166666666666
2021-11-09 10:15:43,34.33953094482422,-5.946360111236572,11,5793.5
2021-11-09 10:15:49,34.33949661254883,-5.946554183959961,10,5798.5
2021-11-09 10:15:55,34.33946990966797,-5.946743011474609,10,5802.666666666666
2021-11-09 10:16:01,34.339439392089844,-5.946928977966309,10,5807.666666666666
2021-11-09 10:16:07,34.339412689208984,-5.947116851806641,10,5814.333333333333
2021-11-09 10:16:13,34.339385986328125,-5.947303771972656,10,5817.666666666666
2021-11-09 10:16:19,34.33935546875,-5.947488784790039,10,5821.0
2021-11-09 10:16:25,34.339324951171875,-5.9476752281188965,10,5826.0
2021-11-09 10:16:31,34.33930587768555,-5.947861194610596,10,5831.0
2021-11-09 10:16:37,34.33915710449219,-5.9479289054870605,10,5834.333333333333
2021-11-09 10:16:43,34.33901596069336,-5.947847843170166,10,5838.5
2021-11-09 10:16:49,34.33903503417969,-5.947658061981201,10,5843.5
2021-11-09 10:16:55,34.33906173706055,-5.9474711418151855,10,5848.5
2021-11-09 10:17:01,34.339088439941406,-5.947277069091797,10,5851.0
2021-11-09 10:17:07,34.339115142822266,-5.947084903717041,10,5856.833333333333
2021-11-09 10:17:13,34.33914566040039,-5.946899890899658,10,5861.0
2021-11-09 10:17:19,34.339168548583984,-5.94671106338501,10,5866.0
2021-11-09 10:17:25,34.33919906616211,-5.94652795791626,10,5869.333333333334
2021-11-09 10:17:31,34.3392448425293,-5.946348190307617,10,5875.166666666666
2021-11-09 10:17:37,34.33928680419922,-5.946166038513184,10,5881.0
2021-11-09 10:17:43,34.339324951171875,-5.94598388671875,10,5883.5
2021-11-09 10:17:49,34.33934783935547,-5.945798873901367,10,5887.666666666666
2021-11-09 10:17:55,34.33938217163086,-5.945618152618408,10,5891.833333333334
2021-11-09 10:18:01,34.33941650390625,-5.94543981552124,10,5897.666666666666
2021-11-09 10:18:07,34.339447021484375,-5.945260047912598,10,5901.0
2021-11-09 10:18:13,34.3394775390625,-5.945075035095215,10,5906.833333333334
2021-11-09 10:18:19,34.33950424194336,-5.944892883300781,10,5911.833333333334
2021-11-09 10:18:25,34.33953094482422,-5.944708824157715,10,5916.0
2021-11-09 10:18:31,34.339561462402344,-5.944524765014648,10,5918.5
2021-11-09 10:18:37,34.33958053588867,-5.944340229034424,10,5924.333333333334
2021-11-09 10:18:43,34.33960723876953,-5.944155216217041,10,5929.333333333334
2021-11-09 10:18:49,34.339630126953125,-5.943968772888184,10,5933.5
2021-11-09 10:18:55,34.33965301513672,-5.943780899047852,10,5938.5
2021-11-09 10:19:01,34.33967971801758,-5.943597793579102,10,5941.833333333333
2021-11-09 10:19:07,34.33970642089844,-5.943416118621826,10,5948.5
2021-11-09 10:19:13,34.3397331237793,-5.943235874176025,10,5951.833333333333
2021-11-09 10:19:19,34.339752197265625,-5.94304895401001,10,5957.666666666666
2021-11-09 10:19:25,34.33975982666016,-5.942869186401367,9,5961.0
2021-11-09 10:19:31,34.339744567871094,-5.94269609451294,10,5966.833333333333
2021-11-09 10:19:37,34.33976364135742,-5.9425129890441895,10,5971.833333333333
2021-11-09 10:19:43,34.33979797363281,-5.942343235015869,10,5975.166666666666
2021-11-09 10:19:49,34.339881896972656,-5.942418098449707,10,5979.333333333334
2021-11-09 10:19:55,34.3398551940918,-5.942619800567627,10,5983.5
2021-11-09 10:20:01,34.33980941772461,-5.942809104919434,10,5988.5
2021-11-09 10:20:07,34.33977127075195,-5.9429931640625,10,5991.833333333334
2021-11-09 10:20:13,34.33974838256836,-5.943175792694092,10,5996.833333333334
2021-11-09 10:20:19,34.33970642089844,-5.943356037139893,10,6001.833333333334
2021-11-09 10:20:25,34.33966445922852,-5.943532943725586,8,6005.166666666666
2021-11-09 10:20:31,34.339637756347656,-5.943718910217285,9,6009.333333333334
2021-11-09 10:20:37,34.33960723876953,-5.943904876708984,10,6016.0
2021-11-09 10:20:43,34.339576721191406,-5.944094181060791,10,6021.0
2021-11-09 10:20:49,34.339542388916016,-5.944281101226807,10,6026.833333333333
2021-11-09 10:20:55,34.339508056640625,-5.944472789764404,11,6033.5
2021-11-09 10:21:01,34.339473724365234,-5.944665908813477,10,6034.333333333333
2021-11-09 10:21:07,34.339439392089844,-5.944857120513916,10,6041.833333333333
2021-11-09 10:21:13,34.33941650390625,-5.9450531005859375,10,6047.666666666666
2021-11-09 10:21:19,34.33937072753906,-5.945248126983643,10,6051.833333333333
2021-11-09 10:21:25,34.339317321777344,-5.945432186126709,10,6056.833333333333
2021-11-09 10:21:31,34.33927917480469,-5.945615768432617,10,6061.833333333333
2021-11-09 10:21:37,34.339237213134766,-5.945796966552734,10,6065.166666666666
2021-11-09 10:21:43,34.339202880859375,-5.945981979370117,10,6071.833333333333
2021-11-09 10:21:49,34.339168548583984,-5.946168899536133,11,6075.166666666666
2021-11-09 10:21:55,34.339134216308594,-5.946359157562256,10,6081.0
2021-11-09 10:22:01,34.3390998840332,-5.9465508460998535,10,6083.5
2021-11-09 10:22:07,34.33906173706055,-5.94674015045166,10,6090.166666666666
2021-11-09 10:22:13,34.33902740478516,-5.946928977966309,10,6094.333333333333
2021-11-09 10:22:19,34.33899688720703,-5.947117805480957,10,6099.333333333333
2021-11-09 10:22:25,34.338966369628906,-5.947303771972656,10,6105.166666666666
2021-11-09 10:22:31,34.33893203735352,-5.947490215301514,10,6108.5
2021-11-09 10:22:37,34.338905334472656,-5.947673797607422,10,6113.5
2021-11-09 10:22:43,34.33884811401367,-5.947824954986572,10,6116.0
2021-11-09 10:22:49,34.33880615234375,-5.947689056396484,10,6121.0
2021-11-09 10:22:55,34.338844299316406,-5.947504997253418,10,6126.833333333333
2021-11-09 10:23:01,34.33888244628906,-5.9473137855529785,10,6131.0
2021-11-09 10:23:07,34.33892059326172,-5.947124004364014,10,6136.833333333333
2021-11-09 10:23:13,34.338951110839844,-5.946938991546631,10,6141.0
2021-11-09 10:23:19,34.3389778137207,-5.94674015045166,10,6145.166666666666
2021-11-09 10:23:25,34.339012145996094,-5.946554183959961,10,6150.166666666666
2021-11-09 10:23:31,34.33904266357422,-5.946364879608154,10,6155.166666666666
2021-11-09 10:23:37,34.33906936645508,-5.9461750984191895,10,6161.833333333333
2021-11-09 10:23:43,34.33910369873047,-5.945981025695801,10,6165.166666666666
2021-11-09 10:23:49,34.33913803100586,-5.9457879066467285,10,6169.333333333334
2021-11-09 10:23:55,34.33917236328125,-5.945590019226074,10,6176.0
2021-11-09 10:24:01,34.33920669555664,-5.945405006408691,10,6180.166666666666
2021-11-09 10:24:07,34.339168548583984,-5.945226192474365,10,6185.166666666666
2021-11-09 10:24:13,34.33918762207031,-5.945046901702881,10,6191.0
2021-11-09 10:24:19,34.33924102783203,-5.944891929626465,10,6195.166666666666
2021-11-09 10:24:25,34.339324951171875,-5.944739818572998,9,6198.5
2021-11-09 10:24:31,34.33937072753906,-5.944558143615723,10,6203.5
2021-11-09 10:24:37,34.33940887451172,-5.94436502456665,10,6209.333333333334
2021-11-09 10:24:43,34.33946228027344,-5.944178104400635,10,6210.166666666666
2021-11-09 10:24:49,34.3394775390625,-5.943992137908936,10,6214.333333333334
2021-11-09 10:24:55,34.33950424194336,-5.943799018859863,10,6222.666666666666
2021-11-09 10:25:01,34.339534759521484,-5.943618774414063,9,6228.5
2021-11-09 10:25:07,34.339561462402344,-5.943440914154053,10,6231.833333333333
2021-11-09 10:25:13,34.339595794677734,-5.943267822265625,9,6236.833333333333
2021-11-09 10:25:19,34.33963394165039,-5.943095207214356,10,6241.833333333333
2021-11-09 10:25:25,34.33966445922852,-5.942920207977295,9,6242.666666666666
2021-11-09 10:25:31,34.33970260620117,-5.942741870880127,10,6250.166666666666
2021-11-09 10:25:37,34.33975601196289,-5.942570209503174,9,6254.333333333334
2021-11-09 10:25:43,34.33979415893555,-5.942389011383057,10,6256.0
2021-11-09 10:25:49,34.33991241455078,-5.942398071289063,11,6260.166666666667
2021-11-09 10:25:55,34.339874267578125,-5.942588806152344,10,6266.0
2021-11-09 10:26:01,34.33982467651367,-5.942771911621094,10,6271.833333333334
2021-11-09 10:26:07,34.339786529541016,-5.942962169647217,10,6273.5
2021-11-09 10:26:13,34.33975601196289,-5.943150997161865,10,6279.333333333333
2021-11-09 10:26:19,34.339717864990234,-5.943343162536621,10,6284.333333333333
2021-11-09 10:26:25,34.339683532714844,-5.943533897399902,10,6289.333333333333
2021-11-09 10:26:31,34.339656829833984,-5.943726062774658,10,6292.666666666666
2021-11-09 10:26:37,34.339622497558594,-5.943912029266357,10,6299.333333333333
2021-11-09 10:26:43,34.339599609375,-5.944098949432373,10,6305.166666666666
2021-11-09 10:26:49,34.33956527709961,-5.944285869598389,10,6307.666666666666
2021-11-09 10:26:55,34.339534759521484,-5.944474220275879,10,6312.666666666666
2021-11-09 10:27:01,34.33950424194336,-5.944657802581787,10,6316.833333333333
2021-11-09 10:27:07,34.339473724365234,-5.9448418617248535,10,6322.666666666666
2021-11-09 10:27:13,34.339447021484375,-5.945023059844971,10,6326.0
2021-11-09 10:27:19,34.339412689208984,-5.945205211639404,10,6332.666666666666
2021-11-09 10:27:25,34.33936309814453,-5.9453840255737305,10,6337.666666666666
2021-11-09 10:27:31,34.339324951171875,-5.945565223693848,10,6341.0
2021-11-09 10:27:37,34.33928680419922,-5.94574785232544,10,6346.0
2021-11-09 10:27:43,34.33925247192383,-5.945932865142822,10,6351.833333333333
2021-11-09 10:27:49,34.33921813964844,-5.946115016937256,9,6356.833333333334
2021-11-09 10:27:55,34.33918762207031,-5.946296215057373,10,6361.833333333334
2021-11-09 10:28:01,34.339149475097656,-5.946476936340332,10,6366.0
2021-11-09 10:28:07,34.339111328125,-5.946654796600342,10,6371.0
2021-11-09 10:28:13,34.33907699584961,-5.946837902069092,10,6376.0
2021-11-09 10:28:19,34.33904266357422,-5.947021007537842,10,6380.166666666667
2021-11-09 10:28:25,34.339012145996094,-5.947206974029541,10,6384.333333333334
2021-11-09 10:28:31,34.3389778137207,-5.947385787963867,9,6390.166666666667
2021-11-09 10:28:37,34.33894348144531,-5.947566986083984,10,6395.166666666667
2021-11-09 10:28:43,34.33893585205078,-5.947752952575684,10,6398.5
2021-11-09 10:28:49,34.33882141113281,-5.94783878326416,10,6403.5
2021-11-09 10:28:55,34.33879470825195,-5.947661876678467,10,6408.5
2021-11-09 10:29:01,34.33881759643555,-5.947484016418457,10,6412.666666666667
2021-11-09 10:29:07,34.33884048461914,-5.947292804718018,10,6417.666666666667
2021-11-09 10:29:13,34.3388671875,-5.947107791900635,10,6422.666666666667
2021-11-09 10:29:19,34.338890075683594,-5.9469170570373535,10,6427.666666666667
2021-11-09 10:29:25,34.338924407958984,-5.9467291831970215,10,6430.166666666667
2021-11-09 10:29:31,34.33894729614258,-5.946543216705322,10,6435.166666666667
2021-11-09 10:29:37,34.3389778137207,-5.946361064910889,10,6440.166666666667
2021-11-09 10:29:43,34.33900451660156,-5.946176052093506,10,6444.333333333334
2021-11-09 10:29:49,34.33904266357422,-5.945998191833496,9,6448.5
2021-11-09 10:29:55,34.339073181152344,-5.945816040039063,10,6453.5
2021-11-09 10:30:01,34.339111328125,-5.945633888244629,10,6459.333333333334
2021-11-09 10:30:07,34.33914566040039,-5.945456981658936,10,6463.5
2021-11-09 10:30:13,34.33913803100586,-5.945281982421875,9,6468.5
2021-11-09 10:30:19,34.33913040161133,-5.945117950439453,10,6472.666666666667
2021-11-09 10:30:25,34.33917999267578,-5.944940090179443,10,6474.333333333334
2021-11-09 10:30:31,34.3392448425293,-5.944786071777344,10,6479.333333333334
2021-11-09 10:30:37,34.33931350708008,-5.944618225097656,10,6485.166666666667
2021-11-09 10:30:43,34.33935546875,-5.94442892074585,10,6491.833333333334
2021-11-09 10:30:49,34.339393615722656,-5.9442458152771,9,6495.166666666667
2021-11-09 10:30:55,34.33942031860352,-5.9440741539001465,10,6501.0
2021-11-09 10:31:01,34.339454650878906,-5.943900108337402,10,6506.833333333333
2021-11-09 10:31:07,34.3394889831543,-5.94371509552002,9,6511.833333333333
2021-11-09 10:31:13,34.339508056640625,-5.943521022796631,10,6516.0
2021-11-09 10:31:19,34.33954620361328,-5.943346977233887,10,6521.833333333333
2021-11-09 10:31:25,34.3395881652832,-5.943175792694092,9,6525.166666666666
2021-11-09 10:31:31,34.33964538574219,-5.943008899688721,10,6526.833333333333
2021-11-09 10:31:37,34.33970260620117,-5.942832946777344,9,6528.5
2021-11-09 10:31:43,34.3397331237793,-5.942663192749023,10,6538.5
2021-11-09 10:31:49,34.33987045288086,-5.942333221435547,11,6549.333333333334
2021-11-09 10:31:55,34.339962005615234,-5.942403793334961,9,6554.333333333334
2021-11-09 10:32:01,34.33990478515625,-5.942584037780762,10,6561.0
2021-11-09 10:32:07,34.3398551940918,-5.942773818969727,11,6566.0
2021-11-09 10:32:13,34.33980941772461,-5.942959785461426,10,6571.0
2021-11-09 10:32:19,34.33977508544922,-5.943142890930176,10,6576.0
2021-11-09 10:32:25,34.33974075317383,-5.943330764770508,10,6579.333333333334
2021-11-09 10:32:31,34.33970642089844,-5.9435200691223145,10,6585.166666666667
2021-11-09 10:32:37,34.33967590332031,-5.943710803985596,11,6591.0
2021-11-09 10:32:43,34.33964157104492,-5.943903923034668,10,6596.833333333333
2021-11-09 10:32:49,34.33961486816406,-5.944101810455322,10,6600.166666666666
2021-11-09 10:32:55,34.33958435058594,-5.944295883178711,10,6605.166666666666
2021-11-09 10:33:01,34.33955383300781,-5.9444899559021,10,6611.0
2021-11-09 10:33:07,34.33951950073242,-5.944682121276856,11,6614.333333333333
2021-11-09 10:33:13,34.33949279785156,-5.944882869720459,11,6621.0
2021-11-09 10:33:19,34.33946228027344,-5.945071220397949,10,6626.0
2021-11-09 10:33:25,34.33941650390625,-5.945254802703857,10,6631.833333333333
2021-11-09 10:33:31,34.3393669128418,-5.945438861846924,10,6636.833333333333
2021-11-09 10:33:37,34.339324951171875,-5.945621967315674,10,6640.166666666666
2021-11-09 10:33:43,34.339290618896484,-5.945809841156006,10,6645.166666666666
2021-11-09 10:33:49,34.33925247192383,-5.945994853973389,10,6652.666666666666
2021-11-09 10:33:55,34.33921432495117,-5.946177005767822,10,6656.0
2021-11-09 10:34:01,34.33917617797852,-5.946359157562256,10,6659.333333333333
2021-11-09 10:34:07,34.33913803100586,-5.946544170379639,10,6666.833333333333
2021-11-09 10:34:13,34.33910369873047,-5.946724891662598,10,6670.166666666666
2021-11-09 10:34:19,34.33906936645508,-5.946910858154297,10,6676.0
2021-11-09 10:34:25,34.33903503417969,-5.94709587097168,10,6681.0
2021-11-09 10:34:31,34.33900451660156,-5.947280883789063,10,6686.833333333333
2021-11-09 10:34:37,34.33897018432617,-5.947466850280762,10,6690.166666666666
2021-11-09 10:34:43,34.33893966674805,-5.947658061981201,11,6696.0
2021-11-09 10:34:49,34.33879470825195,-5.947678089141846,9,6699.333333333333
2021-11-09 10:34:55,34.33877182006836,-5.947487831115723,10,6703.5
2021-11-09 10:35:01,34.338802337646484,-5.9473090171813965,10,6708.5
2021-11-09 10:35:07,34.33883285522461,-5.947128772735596,10,6713.5
2021-11-09 10:35:13,34.3388557434082,-5.94694185256958,10,6718.5
2021-11-09 10:35:19,34.338890075683594,-5.946757793426514,10,6721.833333333334
2021-11-09 10:35:25,34.33892822265625,-5.946570873260498,10,6726.833333333334
2021-11-09 10:35:31,34.338958740234375,-5.946385860443115,10,6731.0
2021-11-09 10:35:37,34.338993072509766,-5.946201801300049,10,6734.333333333334
2021-11-09 10:35:43,34.33902359008789,-5.946019172668457,9,6740.166666666667
2021-11-09 10:35:49,34.339054107666016,-5.945833206176758,10,6745.166666666667
2021-11-09 10:35:55,34.339080810546875,-5.945645809173584,10,6746.833333333334
2021-11-09 10:36:01,34.3391227722168,-5.945466041564941,9,6754.333333333334
2021-11-09 10:36:07,34.339115142822266,-5.9452948570251465,9,6757.666666666667
2021-11-09 10:36:13,34.33913803100586,-5.945135116577148,9,6761.833333333334
2021-11-09 10:36:19,34.33918762207031,-5.944969177246094,8,6767.666666666667
2021-11-09 10:36:25,34.3392219543457,-5.9447832107543945,10,6771.0
2021-11-09 10:36:31,34.33926773071289,-5.944598197937012,10,6776.0
2021-11-09 10:36:37,34.339317321777344,-5.944421768188477,9,6778.5
2021-11-09 10:36:43,34.339359283447266,-5.944242000579834,10,6784.333333333334
2021-11-09 10:36:49,34.33940505981445,-5.94407320022583,10,6788.5
2021-11-09 10:36:55,34.339447021484375,-5.943896770477295,9,6793.5
2021-11-09 10:37:01,34.33949661254883,-5.943729877471924,9,6797.666666666667
2021-11-09 10:37:07,34.33955001831055,-5.943559169769287,9,6801.0
2021-11-09 10:37:13,34.33959197998047,-5.943380832672119,10,6806.833333333334
2021-11-09 10:37:19,34.33963394165039,-5.943203926086426,10,6810.166666666667
2021-11-09 10:37:25,34.33966064453125,-5.943029880523682,9,6815.166666666666
2021-11-09 10:37:31,34.33974838256836,-5.943061828613281,9,6821.833333333334
2021-11-09 10:37:37,34.33966064453125,-5.943195819854736,8,6826.833333333334
2021-11-09 10:37:43,34.33961868286133,-5.943321228027344,10,6828.5
2021-11-09 10:37:49,34.33958435058594,-5.943497180938721,10,6835.166666666666
2021-11-09 10:37:55,34.33953094482422,-5.94366979598999,10,6839.333333333334
2021-11-09 10:38:01,34.33949279785156,-5.943851947784424,10,6844.333333333334
2021-11-09 10:38:07,34.339454650878906,-5.944034099578857,10,6848.5
2021-11-09 10:38:13,34.33940887451172,-5.944211006164551,10,6853.5
2021-11-09 10:38:19,34.33935546875,-5.944393157958984,10,6859.333333333334
2021-11-09 10:38:25,34.33930969238281,-5.944571971893311,10,6862.666666666666
2021-11-09 10:38:31,34.33926773071289,-5.944756984710693,10,6868.5
2021-11-09 10:38:37,34.3392219543457,-5.9449381828308105,10,6874.333333333334
2021-11-09 10:38:43,34.33919143676758,-5.945119857788086,8,6877.666666666666
2021-11-09 10:38:49,34.33924102783203,-5.945261001586914,9,6881.0
2021-11-09 10:38:55,34.33928298950195,-5.945433139801025,10,6889.333333333333
2021-11-09 10:39:01,34.33933639526367,-5.945609092712402,11,6895.166666666667
2021-11-09 10:39:07,34.33930969238281,-5.945806980133057,10,6897.666666666667
2021-11-09 10:39:13,34.33927154541016,-5.945993900299072,10,6903.5
2021-11-09 10:39:19,34.339237213134766,-5.946180820465088,10,6908.5
2021-11-09 10:39:25,34.33920669555664,-5.946372985839844,10,6914.333333333334
2021-11-09 10:39:31,34.33917617797852,-5.9465651512146,10,6918.5
2021-11-09 10:39:37,34.33914566040039,-5.946755886077881,10,6923.5
2021-11-09 10:39:43,34.339115142822266,-5.946945190429688,10,6927.666666666667
2021-11-09 10:39:49,34.33907699584961,-5.947132110595703,10,6932.666666666667
2021-11-09 10:39:55,34.339046478271484,-5.947319984436035,10,6936.0
2021-11-09 10:40:01,34.33900451660156,-5.947501182556152,10,6942.666666666667
2021-11-09 10:40:07,34.338966369628906,-5.947682857513428,11,6947.666666666667
2021-11-09 10:40:13,34.33882522583008,-5.947729110717773,9,6952.666666666667
2021-11-09 10:40:19,34.338748931884766,-5.9475860595703125,10,6956.833333333334
2021-11-09 10:40:25,34.33877182006836,-5.947412967681885,9,6961.0
2021-11-09 10:40:31,34.33879852294922,-5.947234153747559,10,6967.666666666667
2021-11-09 10:40:37,34.33882141113281,-5.947043895721436,10,6972.666666666666
2021-11-09 10:40:43,34.33885192871094,-5.946857929229736,10,6976.833333333333
2021-11-09 10:40:49,34.33888626098633,-5.946670055389404,9,6981.833333333333
2021-11-09 10:40:55,34.33891677856445,-5.946485996246338,10,6986.833333333333
2021-11-09 10:41:01,34.338958740234375,-5.946300983428955,11,6991.833333333333
2021-11-09 10:41:07,34.338993072509766,-5.946109771728516,9,6994.333333333333
2021-11-09 10:41:13,34.33902359008789,-5.945940017700195,9,6999.333333333333
2021-11-09 10:41:19,34.33906173706055,-5.945765972137451,9,7004.333333333333
2021-11-09 10:41:25,34.339107513427734,-5.945587158203125,10,7009.333333333333
2021-11-09 10:41:31,34.33913040161133,-5.945417881011963,8,7013.5
2021-11-09 10:41:37,34.339141845703125,-5.94527006149292,9,7015.166666666666
2021-11-09 10:41:43,34.33921432495117,-5.945098876953125,10,7022.666666666666
2021-11-09 10:41:49,34.339256286621094,-5.944907188415527,10,7024.333333333333
2021-11-09 10:41:55,34.339298248291016,-5.944723129272461,10,7034.333333333333
2021-11-09 10:42:01,34.3393440246582,-5.944540977478027,10,7037.666666666666
2021-11-09 10:42:07,34.3393669128418,-5.944355010986328,10,7041.833333333333
2021-11-09 10:42:13,34.33946990966797,-5.944252014160156,10,7047.666666666666
2021-11-09 10:42:19,34.33951950073242,-5.944400787353516,10,7051.833333333333
2021-11-09 10:42:25,34.339454650878906,-5.944571018218994,10,7056.0
2021-11-09 10:42:31,34.33940887451172,-5.944746017456055,10,7061.0
2021-11-09 10:42:37,34.33940124511719,-5.944925785064697,10,7063.5
2021-11-09 10:42:43,34.339439392089844,-5.945089817047119,10,7070.166666666666
2021-11-09 10:42:49,34.339454650878906,-5.945280075073242,10,7073.5
2021-11-09 10:42:55,34.33940887451172,-5.945456981658936,10,7079.333333333333
2021-11-09 10:43:01,34.339385986328125,-5.94563102722168,10,7082.666666666666
2021-11-09 10:43:07,34.339359283447266,-5.945815086364746,10,7089.333333333333
2021-11-09 10:43:13,34.339324951171875,-5.945990085601807,10,7093.5
2021-11-09 10:43:19,34.33928680419922,-5.946162223815918,9,7096.833333333333
2021-11-09 10:43:25,34.33925247192383,-5.946343898773193,10,7102.666666666666
2021-11-09 10:43:31,34.33921432495117,-5.946520805358887,10,7108.5
2021-11-09 10:43:37,34.33918380737305,-5.9467058181762695,10,7113.5
2021-11-09 10:43:43,34.33914566040039,-5.946887969970703,10,7116.833333333333
2021-11-09 10:43:49,34.339115142822266,-5.947071075439453,10,7123.5
2021-11-09 10:43:55,34.33908462524414,-5.947251796722412,10,7126.833333333333
2021-11-09 10:44:01,34.33905792236328,-5.947436809539795,10,7131.833333333333
2021-11-09 10:44:07,34.33903503417969,-5.947626113891602,10,7135.166666666666
2021-11-09 10:44:13,34.33894729614258,-5.947761058807373,11,7140.166666666666
2021-11-09 10:44:19,34.338802337646484,-5.94770097732544,10,7146.0
2021-11-09 10:44:25,34.33872985839844,-5.947563171386719,9,7149.333333333333
2021-11-09 10:44:31,34.33875274658203,-5.947405815124512,8,7154.333333333333
2021-11-09 10:44:37,34.33876419067383,-5.947244167327881,9,7161.833333333334
2021-11-09 10:44:43,34.33879470825195,-5.947073936462402,9,7164.333333333334
2021-11-09 10:44:49,34.33881759643555,-5.946899890899658,9,7171.0
2021-11-09 10:44:55,34.338836669921875,-5.946732997894287,9,7175.166666666666
2021-11-09 10:45:01,34.33884811401367,-5.946660041809082,2,7181.833333333334
2021-11-09 10:45:07,34.338844299316406,-5.946658134460449,6,7191.0
2021-11-09 10:45:13,34.338905334472656,-5.946488857269287,9,7193.5
2021-11-09 10:45:19,34.33897018432617,-5.946315765380859,10,7200.166666666667
2021-11-09 10:45:25,34.33897399902344,-5.94612979888916,10,7201.833333333333
2021-11-09 10:45:31,34.33896255493164,-5.945958137512207,10,7205.166666666666
2021-11-09 10:45:37,34.338993072509766,-5.945773124694824,9,7212.666666666666
2021-11-09 10:45:43,34.33903503417969,-5.9456048011779785,9,7216.833333333333
2021-11-09 10:45:49,34.33908462524414,-5.945444107055664,8,7221.0
2021-11-09 10:45:55,34.33913040161133,-5.945285797119141,8,7222.666666666666
2021-11-09 10:46:01,34.33919906616211,-5.945351123809815,10,7225.166666666666
2021-11-09 10:46:07,34.33905029296875,-5.945659160614014,10,7235.166666666666
2021-11-09 10:46:13,34.33900833129883,-5.945847988128662,11,7248.5
2021-11-09 10:46:19,34.33903884887695,-5.946035861968994,11,7255.166666666667
2021-11-09 10:46:25,34.33894348144531,-5.946059226989746,9,7261.0
2021-11-09 10:46:31,34.338966369628906,-5.945888042449951,11,7265.166666666667
2021-11-09 10:46:37,34.339012145996094,-5.945720195770264,9,7268.5
2021-11-09 10:46:43,34.339054107666016,-5.945547103881836,9,7274.333333333334
2021-11-09 10:46:49,34.339115142822266,-5.945377826690674,9,7280.166666666667
2021-11-09 10:46:55,34.33921813964844,-5.945365905761719,9,7285.166666666667
2021-11-09 10:47:01,34.3391227722168,-5.945516109466553,11,7289.333333333333
2021-11-09 10:47:07,34.33906173706055,-5.945693016052246,10,7296.0
2021-11-09 10:47:13,34.33901596069336,-5.9458842277526855,12,7301.833333333333
2021-11-09 10:47:19,34.338993072509766,-5.94607400894165,11,7305.166666666666
2021-11-09 10:47:25,34.33893585205078,-5.946331024169922,10,7313.5
2021-11-09 10:47:31,34.33891296386719,-5.946505069732666,9,7318.5
2021-11-09 10:47:37,34.33882522583008,-5.946653842926025,10,7322.666666666666
2021-11-09 10:47:43,34.33878326416016,-5.946840763092041,10,7327.666666666666
2021-11-09 10:47:49,34.338748931884766,-5.947030067443848,10,7332.666666666666
2021-11-09 10:47:55,34.33873748779297,-5.947214126586914,10,7337.666666666666
2021-11-09 10:48:01,34.338802337646484,-5.94736385345459,10,7342.666666666666
2021-11-09 10:48:07,34.33869934082031,-5.947387218475342,9,7345.166666666666
2021-11-09 10:48:13,34.33869552612305,-5.947205066680908,9,7351.0
2021-11-09 10:48:19,34.338722229003906,-5.947038173675537,9,7356.0
2021-11-09 10:48:25,34.33876419067383,-5.946866989135742,10,7360.166666666666
2021-11-09 10:48:31,34.33880615234375,-5.946688175201416,9,7362.666666666666
2021-11-09 10:48:37,34.338863372802734,-5.946543216705322,7,7371.833333333333
2021-11-09 10:48:43,34.33895492553711,-5.946584224700928,8,7378.5
2021-11-09 10:48:49,34.3388557434082,-5.946694850921631,10,7382.666666666666
2021-11-09 10:48:55,34.33881378173828,-5.946876049041748,10,7388.5
2021-11-09 10:49:01,34.33878326416016,-5.9470648765563965,11,7394.333333333333
2021-11-09 10:49:07,34.33879470825195,-5.947245121002197,9,7400.166666666666
2021-11-09 10:49:13,34.3388671875,-5.947415828704834,10,7403.5
2021-11-09 10:49:19,34.33896255493164,-5.947564125061035,10,7407.666666666666
2021-11-09 10:49:25,34.33887481689453,-5.947678089141846,10,7412.666666666666
2021-11-09 10:49:31,34.33888244628906,-5.947556018829346,9,7415.166666666666
2021-11-09 10:49:37,34.33902740478516,-5.947615146636963,10,7421.0
2021-11-09 10:49:43,34.33918380737305,-5.947677135467529,10,7426.0
2021-11-09 10:49:49,34.33934783935547,-5.947743892669678,10,7431.833333333333
2021-11-09 10:49:55,34.339508056640625,-5.947804927825928,11,7437.666666666666
2021-11-09 10:50:01,34.33967590332031,-5.947854995727539,11,7442.666666666666
2021-11-09 10:50:07,34.33983612060547,-5.947919845581055,11,7446.0
2021-11-09 10:50:13,34.34000396728516,-5.947978973388672,11,7451.833333333334
2021-11-09 10:50:19,34.34017562866211,-5.948037147521973,11,7456.833333333334
2021-11-09 10:50:25,34.34033966064453,-5.948093891143799,11,7463.5
2021-11-09 10:50:31,34.34050369262695,-5.948151111602783,11,7466.833333333334
2021-11-09 10:50:37,34.340667724609375,-5.948215961456299,11,7471.833333333334
2021-11-09 10:50:43,34.3408317565918,-5.948266983032227,11,7477.666666666667
2021-11-09 10:50:49,34.34099578857422,-5.948322772979736,11,7483.5
2021-11-09 10:50:55,34.34115982055664,-5.948363780975342,10,7486.833333333334
2021-11-09 10:51:01,34.34132766723633,-5.948412895202637,11,7493.5
2021-11-09 10:51:07,34.34148025512695,-5.9483962059021,10,7498.5
2021-11-09 10:51:13,34.34141159057617,-5.948484897613525,10,7501.833333333334
2021-11-09 10:51:19,34.341243743896484,-5.948421001434326,11,7506.0
2021-11-09 10:51:25,34.3410758972168,-5.948373794555664,11,7512.666666666667
2021-11-09 10:51:31,34.34092712402344,-5.948340892791748,10,7516.0
2021-11-09 10:51:37,34.340763092041016,-5.948296070098877,11,7521.0
2021-11-09 10:51:43,34.34059524536133,-5.948248863220215,10,7525.166666666667
2021-11-09 10:51:49,34.3404426574707,-5.948204040527344,10,7531.833333333334
2021-11-09 10:51:55,34.34014129638672,-5.948101997375488,10,7536.0
2021-11-09 10:52:01,34.33998107910156,-5.948049068450928,10,7541.833333333334
2021-11-09 10:52:07,34.33982467651367,-5.947998046875,9,7546.833333333334
2021-11-09 10:52:13,34.33966827392578,-5.947946071624756,10,7551.833333333334
2021-11-09 10:52:19,34.33951187133789,-5.947898864746094,10,7557.666666666667
2021-11-09 10:52:25,34.339351654052734,-5.947841167449951,10,7561.0
2021-11-09 10:52:31,34.339195251464844,-5.9477858543396,10,7566.0
2021-11-09 10:52:37,34.339046478271484,-5.947731018066406,10,7571.0
2021-11-09 10:52:43,34.338890075683594,-5.947671890258789,11,7576.0
2021-11-09 10:52:49,34.3387336730957,-5.947610855102539,10,7579.333333333334
2021-11-09 10:52:55,34.33866882324219,-5.947470188140869,10,7585.166666666666
2021-11-09 10:53:01,34.33879470825195,-5.94752311706543,10,7591.0
2021-11-09 10:53:07,34.33894729614258,-5.947574138641357,10,7596.0
2021-11-09 10:53:13,34.33910369873047,-5.947628974914551,10,7599.333333333334
2021-11-09 10:53:19,34.33925247192383,-5.947679996490479,10,7604.333333333334
2021-11-09 10:53:25,34.33940505981445,-5.947733879089356,10,7609.333333333334
2021-11-09 10:53:31,34.33955001831055,-5.947780132293701,9,7613.5
2021-11-09 10:53:37,34.33970260620117,-5.947832107543945,9,7616.833333333334
2021-11-09 10:53:43,34.33984375,-5.947879791259766,8,7621.833333333334
2021-11-09 10:53:49,34.33987808227539,-5.947892189025879,0,7626.0
2021-11-09 10:53:55,34.33987808227539,-5.947895050048828,0,7628.5
2021-11-09 10:54:01,34.33987808227539,-5.947896957397461,0,7631.0
2021-11-09 10:54:07,34.339881896972656,-5.947902202606201,0,7636.0
2021-11-09 10:54:13,34.339881896972656,-5.947902202606201,0,7641.833333333333
2021-11-09 10:54:19,34.339881896972656,-5.947902202606201,0,7644.333333333333
2021-11-09 10:54:25,34.339881896972656,-5.947902202606201,0,7650.166666666667
2021-11-09 10:54:31,34.339881896972656,-5.947902202606201,0,7655.166666666667
2021-11-09 10:54:37,34.339881896972656,-5.947902202606201,0,7660.166666666667
2021-11-09 10:54:43,34.339881896972656,-5.947902202606201,0,7665.166666666667
2021-11-09 10:54:49,34.339881896972656,-5.947902202606201,0,7666.833333333333
2021-11-09 10:54:55,34.339881896972656,-5.947902202606201,0,7675.166666666667
2021-11-09 10:55:01,34.339881896972656,-5.947902202606201,0,7680.166666666667
2021-11-09 10:55:07,34.339881896972656,-5.947902202606201,0,7685.166666666667
2021-11-09 10:55:13,34.339881896972656,-5.947902202606201,0,7687.666666666667
2021-11-09 10:55:19,34.339881896972656,-5.947902202606201,0,7694.333333333334
2021-11-09 10:55:25,34.339881896972656,-5.947902202606201,0,7699.333333333334
2021-11-09 10:55:31,34.339881896972656,-5.947902202606201,0,7703.5
2021-11-09 10:55:37,34.339881896972656,-5.947902202606201,0,7707.666666666667
2021-11-09 10:55:43,34.33998489379883,-5.947967052459717,9,7711.0
2021-11-09 10:55:49,34.34012222290039,-5.948019981384277,9,7716.833333333334
2021-11-09 10:55:55,34.34025955200195,-5.948070049285889,9,7719.333333333334
2021-11-09 10:56:01,34.34040451049805,-5.948122978210449,10,7722.666666666666
2021-11-09 10:56:07,34.34053039550781,-5.948160171508789,10,7727.666666666666
2021-11-09 10:56:13,34.34067916870117,-5.948215007781982,10,7732.666666666666
2021-11-09 10:56:19,34.34082794189453,-5.94826078414917,10,7736.0
2021-11-09 10:56:25,34.34096908569336,-5.94829797744751,10,7741.0
2021-11-09 10:56:31,34.34111404418945,-5.94833517074585,9,7745.166666666666
2021-11-09 10:56:37,34.34128189086914,-5.94838809967041,10,7748.5
2021-11-09 10:56:43,34.34143829345703,-5.948380947113037,11,7753.5
2021-11-09 10:56:49,34.3414421081543,-5.948507785797119,10,7758.5
2021-11-09 10:56:55,34.34128189086914,-5.948480129241943,10,7761.0
2021-11-09 10:57:01,34.34111785888672,-5.9484381675720215,10,7766.0
2021-11-09 10:57:07,34.340972900390625,-5.948400974273682,10,7769.333333333334
2021-11-09 10:57:13,34.340816497802734,-5.94835901260376,10,7773.5
2021-11-09 10:57:19,34.34065246582031,-5.948313236236572,10,7777.666666666667
2021-11-09 10:57:25,34.34049606323242,-5.94826078414917,10,7783.5
2021-11-09 10:57:31,34.3403434753418,-5.948207855224609,10,7787.666666666667
2021-11-09 10:57:37,34.34019088745117,-5.948156833648682,10,7791.0
2021-11-09 10:57:43,34.34003448486328,-5.948090076446533,10,7796.0
2021-11-09 10:57:49,34.339874267578125,-5.948040008544922,11,7801.0
2021-11-09 10:57:55,34.339717864990234,-5.947984218597412,10,7804.333333333334
2021-11-09 10:58:01,34.339561462402344,-5.947929859161377,10,7810.166666666667
2021-11-09 10:58:07,34.33940887451172,-5.947883129119873,10,7813.5
2021-11-09 10:58:13,34.33924865722656,-5.947824001312256,10,7818.5
2021-11-09 10:58:19,34.33909225463867,-5.9477620124816895,10,7823.5
2021-11-09 10:58:25,34.338951110839844,-5.947711944580078,9,7826.833333333334
2021-11-09 10:58:31,34.338802337646484,-5.947648048400879,10,7831.0
2021-11-09 10:58:37,34.33872985839844,-5.947525978088379,9,7833.5
2021-11-09 10:58:43,34.3388786315918,-5.947526931762695,10,7839.333333333334
2021-11-09 10:58:49,34.33903503417969,-5.947577953338623,10,7844.333333333334
2021-11-09 10:58:55,34.33918380737305,-5.947627067565918,10,7850.166666666668
2021-11-09 10:59:01,34.33934020996094,-5.947669982910156,10,7853.5
2021-11-09 10:59:07,34.33949661254883,-5.94772481918335,10,7859.333333333334
2021-11-09 10:59:13,34.33965301513672,-5.94778299331665,10,7863.5
2021-11-09 10:59:19,34.33980941772461,-5.947840213775635,10,7869.333333333334
2021-11-09 10:59:25,34.339962005615234,-5.947896957397461,10,7872.666666666668
2021-11-09 10:59:31,34.34011459350586,-5.947946071624756,11,7876.833333333334
2021-11-09 10:59:37,34.34027099609375,-5.948001861572266,10,7882.666666666668
2021-11-09 10:59:43,34.34042739868164,-5.94805383682251,10,7886.0
2021-11-09 10:59:49,34.340579986572266,-5.948118209838867,10,7892.666666666667
2021-11-09 10:59:55,34.34073638916016,-5.948173999786377,10,7897.666666666667
2021-11-09 11:00:01,34.34089660644531,-5.948227882385254,11,7902.666666666667
2021-11-09 11:00:07,34.3410530090332,-5.948278903961182,10,7906.0
2021-11-09 11:00:13,34.34120178222656,-5.948318004608154,10,7911.0
2021-11-09 11:00:19,34.34135818481445,-5.948355197906494,10,7916.0
2021-11-09 11:00:25,34.341461181640625,-5.948441982269287,10,7921.0
2021-11-09 11:00:31,34.34132385253906,-5.948516845703125,10,7925.166666666667
2021-11-09 11:00:37,34.34115982055664,-5.948479175567627,10,7927.666666666667
2021-11-09 11:00:43,34.340999603271484,-5.948441028594971,9,7932.666666666667
2021-11-09 11:00:49,34.34083938598633,-5.948397159576416,10,7936.0
2021-11-09 11:00:55,34.34067916870117,-5.948352813720703,11,7941.833333333334
2021-11-09 11:01:01,34.34051513671875,-5.948305130004883,11,7947.666666666667
2021-11-09 11:01:07,34.340354919433594,-5.948254108428955,11,7951.0
2021-11-09 11:01:13,34.34019088745117,-5.948196887969971,10,7956.833333333334
2021-11-09 11:01:19,34.340030670166016,-5.948132991790772,11,7962.666666666667
2021-11-09 11:01:25,34.33986282348633,-5.948079109191895,10,7965.166666666667
2021-11-09 11:01:31,34.33970260620117,-5.948022842407227,11,7971.833333333334
2021-11-09 11:01:37,34.33953857421875,-5.947965145111084,11,7976.833333333334
2021-11-09 11:01:43,34.33937454223633,-5.947916030883789,11,7981.0
2021-11-09 11:01:49,34.33920669555664,-5.9478631019592285,11,7987.666666666667
2021-11-09 11:01:55,34.33904266357422,-5.947800159454346,10,7992.666666666667
2021-11-09 11:02:01,34.3388786315918,-5.947735786437988,11,7995.166666666667
2021-11-09 11:02:07,34.3387336730957,-5.947653770446777,10,8001.833333333334
2021-11-09 11:02:13,34.3387451171875,-5.947503089904785,10,8005.166666666667
2021-11-09 11:02:19,34.33890151977539,-5.94751501083374,10,8011.0
2021-11-09 11:02:25,34.33905029296875,-5.947564125061035,10,8015.166666666667
2021-11-09 11:02:31,34.339202880859375,-5.947611808776856,10,8020.166666666667
2021-11-09 11:02:37,34.33936309814453,-5.947666168212891,10,8026.0
2021-11-09 11:02:43,34.33951950073242,-5.9477219581604,11,8029.333333333334
2021-11-09 11:02:49,34.33967971801758,-5.947775840759277,11,8034.333333333334
2021-11-09 11:02:55,34.33983612060547,-5.947826862335205,11,8040.166666666667
2021-11-09 11:03:01,34.33999252319336,-5.947892189025879,11,8046.0
2021-11-09 11:03:07,34.340145111083984,-5.947951793670654,10,8050.166666666666
2021-11-09 11:03:13,34.34030532836914,-5.948008060455322,11,8056.0
2021-11-09 11:03:19,34.340457916259766,-5.948066234588623,10,8060.166666666666
2021-11-09 11:03:25,34.340614318847656,-5.9481120109558105,10,8065.166666666666
2021-11-09 11:03:31,34.34077072143555,-5.948169231414795,10,8070.166666666666
2021-11-09 11:03:37,34.34092712402344,-5.948218822479248,10,8074.333333333334
2021-11-09 11:03:43,34.34107208251953,-5.948264122009277,9,8079.333333333334
2021-11-09 11:03:49,34.34122467041016,-5.948314189910889,10,8082.666666666666
2021-11-09 11:03:55,34.34138107299805,-5.948336124420166,10,8087.666666666666
2021-11-09 11:04:01,34.34145736694336,-5.948452949523926,11,8093.5
2021-11-09 11:04:07,34.341312408447266,-5.948519229888916,10,8096.0
2021-11-09 11:04:13,34.341156005859375,-5.948522090911865,11,8101.833333333334
2021-11-09 11:04:19,34.34099197387695,-5.94847297668457,10,8106.0
2021-11-09 11:04:25,34.3408317565918,-5.948422908782959,10,8110.166666666666
2021-11-09 11:04:31,34.340667724609375,-5.948379993438721,10,8114.333333333334
2021-11-09 11:04:37,34.34050750732422,-5.94833517074585,11,8120.166666666666
2021-11-09 11:04:43,34.34034729003906,-5.948285102844238,10,8126.0
2021-11-09 11:04:49,34.34018325805664,-5.948221206665039,10,8128.5
2021-11-09 11:04:55,34.340023040771484,-5.948163986206055,10,8134.333333333334
2021-11-09 11:05:01,34.33985900878906,-5.948111057281494,10,8140.166666666666
2021-11-09 11:05:07,34.339698791503906,-5.948058128356934,11,8145.166666666666
2021-11-09 11:05:13,34.339534759521484,-5.948001861572266,11,8151.0
2021-11-09 11:05:19,34.33937072753906,-5.9479498863220215,11,8154.333333333334
2021-11-09 11:05:25,34.33920669555664,-5.947886943817139,10,8160.166666666666
2021-11-09 11:05:31,34.339046478271484,-5.94782304763794,10,8161.833333333332
2021-11-09 11:05:37,34.33888626098633,-5.947758197784424,11,8169.333333333332
2021-11-09 11:05:43,34.338768005371094,-5.9476318359375,10,8175.166666666666
2021-11-09 11:05:49,34.33882522583008,-5.9474711418151855,11,8179.333333333332
2021-11-09 11:05:55,34.338985443115234,-5.947509765625,10,8186.0
2021-11-09 11:06:01,34.33914566040039,-5.947566032409668,10,8190.166666666666
2021-11-09 11:06:07,34.33930587768555,-5.947624206542969,11,8195.166666666666
2021-11-09 11:06:13,34.33946228027344,-5.947678089141846,10,8201.0
2021-11-09 11:06:19,34.33961868286133,-5.947733879089356,10,8204.333333333334
2021-11-09 11:06:25,34.33977508544922,-5.94779109954834,10,8210.166666666668
2021-11-09 11:06:31,34.339927673339844,-5.947850227355957,10,8215.166666666668
2021-11-09 11:06:37,34.340084075927734,-5.947885990142822,8,8218.5
2021-11-09 11:06:43,34.34022521972656,-5.94793701171875,9,8224.333333333332
2021-11-09 11:06:49,34.340370178222656,-5.947989940643311,10,8226.833333333332
2021-11-09 11:06:55,34.340518951416016,-5.948038101196289,10,8232.666666666668
2021-11-09 11:07:01,34.34067153930664,-5.94809103012085,10,8236.0
2021-11-09 11:07:07,34.34082794189453,-5.948145866394043,10,8241.0
2021-11-09 11:07:13,34.34098052978516,-5.9481940269470215,10,8246.0
2021-11-09 11:07:19,34.34113311767578,-5.948237895965576,10,8248.5
2021-11-09 11:07:25,34.34127426147461,-5.948286056518555,10,8254.333333333332
2021-11-09 11:07:31,34.34142303466797,-5.948299884796143,10,8259.333333333332
2021-11-09 11:07:37,34.34146499633789,-5.948444843292236,10,8261.833333333332
2021-11-09 11:07:43,34.341346740722656,-5.948517799377441,9,8266.0
2021-11-09 11:07:49,34.341251373291016,-5.948558807373047,9,8271.0
2021-11-09 11:07:55,34.34101867675781,-5.948507785797119,11,8274.333333333334
2021-11-09 11:08:01,34.340850830078125,-5.948458194732666,10,8279.333333333334
2021-11-09 11:08:07,34.3406867980957,-5.948410034179688,11,8285.166666666668
2021-11-09 11:08:13,34.34052276611328,-5.948362827301025,11,8290.166666666668
2021-11-09 11:08:19,34.34035873413086,-5.948311805725098,11,8294.333333333334
2021-11-09 11:08:25,34.34019470214844,-5.948256015777588,11,8300.166666666668
2021-11-09 11:08:31,34.340030670166016,-5.948194980621338,11,8306.0
2021-11-09 11:08:37,34.33986282348633,-5.948141098022461,11,8310.166666666668
2021-11-09 11:08:43,34.33970260620117,-5.948087215423584,11,8315.166666666668
2021-11-09 11:08:49,34.33953857421875,-5.948031902313232,11,8321.0
2021-11-09 11:08:55,34.339378356933594,-5.947979927062988,10,8324.333333333334
2021-11-09 11:09:01,34.33921813964844,-5.947922229766846,10,8329.333333333334
2021-11-09 11:09:07,34.33906173706055,-5.9478678703308105,9,8336.0
2021-11-09 11:09:13,34.338905334472656,-5.947805881500244,10,8339.333333333334
2021-11-09 11:09:19,34.33879852294922,-5.947662830352783,9,8346.833333333334
2021-11-09 11:09:25,34.33879852294922,-5.947474956512451,11,8353.5
2021-11-09 11:09:31,34.338958740234375,-5.9474639892578125,9,8358.5
2021-11-09 11:09:37,34.339107513427734,-5.94751501083374,10,8361.833333333334
2021-11-09 11:09:43,34.339263916015625,-5.947566032409668,11,8366.833333333334
2021-11-09 11:09:49,34.33942413330078,-5.947625160217285,11,8371.833333333334
2021-11-09 11:09:55,34.33958053588867,-5.947670936584473,10,8376.833333333334
2021-11-09 11:10:01,34.33973693847656,-5.947721004486084,11,8380.166666666668
2021-11-09 11:10:07,34.33989334106445,-5.947770118713379,10,8385.166666666668
2021-11-09 11:10:13,34.34004592895508,-5.947813987731934,9,8390.166666666668
2021-11-09 11:10:19,34.3401985168457,-5.947854995727539,10,8394.333333333334
2021-11-09 11:10:25,34.34034729003906,-5.947916030883789,10,8397.666666666668
2021-11-09 11:10:31,34.34049987792969,-5.947972774505615,10,8403.5
2021-11-09 11:10:37,34.34064102172852,-5.948022842407227,9,8408.5
2021-11-09 11:10:43,34.34079360961914,-5.948075771331787,10,8412.666666666668
2021-11-09 11:10:49,34.34092330932617,-5.94811487197876,10,8416.0
2021-11-09 11:10:55,34.341094970703125,-5.948172092437744,9,8421.833333333334
2021-11-09 11:11:01,34.34123992919922,-5.948225021362305,9,8425.166666666666
2021-11-09 11:11:07,34.341365814208984,-5.948248863220215,10,8429.333333333332
2021-11-09 11:11:13,34.341495513916016,-5.948338985443115,11,8433.5
2021-11-09 11:11:19,34.3414192199707,-5.948476791381836,11,8437.666666666666
2021-11-09 11:11:25,34.341278076171875,-5.948537826538086,9,8441.0
2021-11-09 11:11:31,34.34114074707031,-5.94856595993042,10,8445.166666666666
2021-11-09 11:11:37,34.34097671508789,-5.948513984680176,11,8450.166666666666
2021-11-09 11:11:43,34.340816497802734,-5.948466777801514,10,8452.666666666666
2021-11-09 11:11:49,34.34064865112305,-5.948418140411377,11,8456.0
2021-11-09 11:11:55,34.340431213378906,-5.948337078094482,11,8465.166666666666
2021-11-09 11:12:01,34.340267181396484,-5.948276996612549,10,8468.5
2021-11-09 11:12:07,34.34013748168945,-5.948234081268311,9,8472.666666666666
2021-11-09 11:12:13,34.33995819091797,-5.948163032531738,10,8478.5
2021-11-09 11:12:19,34.33979797363281,-5.948103904724121,10,8482.666666666666
2021-11-09 11:12:25,34.339637756347656,-5.948040962219238,11,8488.5
2021-11-09 11:12:31,34.339473724365234,-5.947981834411621,11,8491.0
2021-11-09 11:12:37,34.33930969238281,-5.947930812835693,11,8497.666666666668
2021-11-09 11:12:43,34.339141845703125,-5.947877883911133,11,8502.666666666668
2021-11-09 11:12:49,34.3389892578125,-5.947816848754883,10,8506.0
2021-11-09 11:12:55,34.33888626098633,-5.94770622253418,10,8515.166666666668
2021-11-09 11:13:01,34.33877944946289,-5.9475178718566895,10,8520.166666666668
2021-11-09 11:13:07,34.338722229003906,-5.947348117828369,10,8524.333333333332
2021-11-09 11:13:13,34.33880615234375,-5.947239875793457,8,8528.5
2021-11-09 11:13:19,34.33892822265625,-5.947274208068848,10,8533.5
2021-11-09 11:13:25,34.33907699584961,-5.947322845458984,9,8537.666666666668
2021-11-09 11:13:31,34.339229583740234,-5.947371959686279,10,8543.5
2021-11-09 11:13:37,34.33938217163086,-5.947420120239258,10,8547.666666666668
2021-11-09 11:13:43,34.339534759521484,-5.9474711418151855,10,8550.166666666668
2021-11-09 11:13:49,34.339691162109375,-5.947524070739746,10,8555.166666666668
2021-11-09 11:13:55,34.339839935302734,-5.94757890701294,9,8560.166666666668
2021-11-09 11:14:01,34.33999252319336,-5.947630882263184,10,8566.0
2021-11-09 11:14:07,34.34014129638672,-5.947682857513428,10,8568.5
2021-11-09 11:14:13,34.34028244018555,-5.947733879089356,9,8572.666666666666
2021-11-09 11:14:19,34.340431213378906,-5.94778299331665,9,8578.5
2021-11-09 11:14:25,34.3405647277832,-5.947832107543945,10,8581.833333333332
2021-11-09 11:14:31,34.34086227416992,-5.947917938232422,10,8590.166666666666
2021-11-09 11:14:37,34.341007232666016,-5.94796085357666,10,8594.333333333332
2021-11-09 11:14:43,34.34115219116211,-5.948017120361328,10,8597.666666666666
2021-11-09 11:14:49,34.34129333496094,-5.948068141937256,9,8603.5
2021-11-09 11:14:55,34.3414306640625,-5.948112964630127,9,8606.833333333332
2021-11-09 11:15:01,34.34153366088867,-5.948217868804932,11,8611.0
2021-11-09 11:15:07,34.34148406982422,-5.948380947113037,7,8614.333333333332
2021-11-09 11:15:13,34.34135437011719,-5.948483943939209,9,8618.5
2021-11-09 11:15:19,34.34123611450195,-5.948598861694336,10,8621.833333333332
2021-11-09 11:15:25,34.34107971191406,-5.948600769042969,11,8627.666666666666
2021-11-09 11:15:31,34.340911865234375,-5.948548793792725,11,8632.666666666666
2021-11-09 11:15:37,34.34074783325195,-5.948494911193848,11,8636.0
2021-11-09 11:15:43,34.34058380126953,-5.9484381675720215,11,8641.0
2021-11-09 11:15:49,34.340423583984375,-5.9483819007873535,11,8644.333333333332
2021-11-09 11:15:55,34.340267181396484,-5.948311805725098,11,8649.333333333332
2021-11-09 11:16:01,34.34012985229492,-5.948246955871582,8,8654.333333333332
2021-11-09 11:16:07,34.339962005615234,-5.948215007781982,11,8657.666666666668
2021-11-09 11:16:13,34.33980178833008,-5.948159217834473,10,8662.666666666668
2021-11-09 11:16:19,34.33964157104492,-5.948092937469482,11,8667.666666666668
2021-11-09 11:16:25,34.33948516845703,-5.948013782501221,10,8671.0
2021-11-09 11:16:31,34.339332580566406,-5.947988033294678,9,8674.333333333332
2021-11-09 11:16:37,34.339168548583984,-5.94794511795044,11,8681.833333333332
2021-11-09 11:16:43,34.33900833129883,-5.9478912353515625,11,8684.333333333332
2021-11-09 11:16:49,34.33889389038086,-5.947760105133057,11,8688.5
2021-11-09 11:16:55,34.33879470825195,-5.947596073150635,11,8694.333333333332
2021-11-09 11:17:01,34.33871078491211,-5.947442054748535,9,8701.0
2021-11-09 11:17:07,34.3387336730957,-5.947268962860107,10,8708.5
2021-11-09 11:17:13,34.3388557434082,-5.94724178314209,9,8712.666666666668
2021-11-09 11:17:19,34.339012145996094,-5.947288990020752,10,8716.833333333332
2021-11-09 11:17:25,34.33919143676758,-5.947350978851318,11,8722.666666666666
2021-11-09 11:17:31,34.33931350708008,-5.947391986846924,8,8727.666666666666
2021-11-09 11:17:37,34.33946228027344,-5.947449207305908,10,8730.166666666666
2021-11-09 11:17:43,34.33959197998047,-5.94748592376709,10,8736.0
2021-11-09 11:17:49,34.33979034423828,-5.947562217712402,10,8740.166666666666
2021-11-09 11:17:55,34.33990859985352,-5.947603225708008,9,8743.5
2021-11-09 11:18:01,34.340057373046875,-5.947650909423828,9,8747.666666666666
2021-11-09 11:18:07,34.34019470214844,-5.947702884674072,9,8751.833333333332
2021-11-09 11:18:13,34.34035110473633,-5.947755813598633,9,8756.833333333332
2021-11-09 11:18:19,34.34046936035156,-5.947789192199707,9,8761.0
2021-11-09 11:18:25,34.340614318847656,-5.947832107543945,9,8765.166666666666
2021-11-09 11:18:31,34.34075927734375,-5.947883129119873,10,8768.5
2021-11-09 11:18:37,34.34090805053711,-5.94793176651001,10,8772.666666666666
2021-11-09 11:18:43,34.34104537963867,-5.947988986968994,8,8775.166666666666
2021-11-09 11:18:49,34.341182708740234,-5.948037147521973,8,8781.833333333332
2021-11-09 11:18:55,34.34131622314453,-5.94808292388916,9,8786.0
2021-11-09 11:19:01,34.34144973754883,-5.948110103607178,8,8791.0
2021-11-09 11:19:07,34.34156799316406,-5.948147773742676,9,8793.5
2021-11-09 11:19:13,34.341487884521484,-5.948198795318604,6,8802.666666666666
2021-11-09 11:19:19,34.34147262573242,-5.948174953460693,0,8808.5
2021-11-09 11:19:25,34.341461181640625,-5.948170185089111,0,8811.833333333332
2021-11-09 11:19:31,34.341461181640625,-5.948170185089111,0,8816.0
2021-11-09 11:19:37,34.341461181640625,-5.948170185089111,0,8819.333333333332
2021-11-09 11:19:43,34.341461181640625,-5.948170185089111,0,8822.666666666666
2021-11-09 11:19:49,34.341461181640625,-5.948170185089111,0,8827.666666666666
2021-11-09 11:19:55,34.341461181640625,-5.948170185089111,0,8832.666666666666
2021-11-09 11:20:01,34.341461181640625,-5.948170185089111,0,8839.333333333332
2021-11-09 11:20:07,34.341461181640625,-5.948170185089111,0,8844.333333333332
2021-11-09 11:20:13,34.341461181640625,-5.948170185089111,0,8849.333333333332
2021-11-09 11:20:19,34.341461181640625,-5.948170185089111,0,8853.5
2021-11-09 11:20:25,34.341461181640625,-5.948170185089111,0,8860.166666666666
2021-11-09 11:20:31,34.341461181640625,-5.948170185089111,0,8864.333333333332
2021-11-09 11:20:37,34.341461181640625,-5.948170185089111,0,8867.666666666666
2021-11-09 11:20:43,34.341461181640625,-5.948170185089111,0,8875.166666666666
2021-11-09 11:20:49,34.341461181640625,-5.948170185089111,0,8879.333333333334
2021-11-09 11:20:55,34.341461181640625,-5.948170185089111,0,8883.5
2021-11-09 11:21:01,34.341461181640625,-5.948170185089111,0,8891.0
2021-11-09 11:21:07,34.341461181640625,-5.948170185089111,0,8893.5
2021-11-09 11:21:13,34.341461181640625,-5.948170185089111,0,8898.5
2021-11-09 11:21:19,34.341461181640625,-5.948170185089111,0,8904.333333333334
2021-11-09 11:21:25,34.341461181640625,-5.948170185089111,0,8910.166666666666
2021-11-09 11:21:31,34.341461181640625,-5.948170185089111,0,8913.5
2021-11-09 11:21:37,34.341461181640625,-5.948170185089111,0,8918.5
2021-11-09 11:21:43,34.341461181640625,-5.948170185089111,0,8923.5
2021-11-09 11:21:49,34.341461181640625,-5.948170185089111,0,8927.666666666666
2021-11-09 11:21:55,34.341461181640625,-5.948170185089111,0,8932.666666666666
2021-11-09 11:22:01,34.341461181640625,-5.948170185089111,0,8940.166666666666
2021-11-09 11:22:07,34.341461181640625,-5.948170185089111,0,8943.5
2021-11-09 11:22:13,34.341461181640625,-5.948170185089111,0,8949.333333333334
2021-11-09 11:22:19,34.341461181640625,-5.948170185089111,0,8955.166666666666
2021-11-09 11:22:25,34.341461181640625,-5.948170185089111,0,8958.5
2021-11-09 11:22:31,34.341461181640625,-5.948170185089111,0,8962.666666666666
2021-11-09 11:22:37,34.341461181640625,-5.948170185089111,0,8969.333333333334
2021-11-09 11:22:43,34.341461181640625,-5.948170185089111,0,8972.666666666666
2021-11-09 11:22:49,34.341461181640625,-5.948170185089111,0,8978.5
2021-11-09 11:22:55,34.341461181640625,-5.948170185089111,0,8981.833333333334
2021-11-09 11:23:01,34.341304779052734,-5.948145866394043,9,8986.833333333334
2021-11-09 11:23:07,34.34115982055664,-5.948090076446533,9,8991.0
2021-11-09 11:23:13,34.34101486206055,-5.948038101196289,10,8993.5
2021-11-09 11:23:19,34.340858459472656,-5.947989940643311,10,8998.5
2021-11-09 11:23:25,34.34071350097656,-5.94794511795044,9,9002.666666666666
2021-11-09 11:23:31,34.340576171875,-5.947902202606201,10,9007.666666666666
2021-11-09 11:23:37,34.34043502807617,-5.947858810424805,9,9011.833333333334
2021-11-09 11:23:43,34.34030532836914,-5.947815895080566,7,9016.833333333334
2021-11-09 11:23:49,34.34016799926758,-5.947771072387695,9,9020.166666666666
2021-11-09 11:23:55,34.34003829956055,-5.94773006439209,9,9022.666666666666
2021-11-09 11:24:01,34.339900970458984,-5.947680950164795,9,9026.833333333332
2021-11-09 11:24:07,34.33976364135742,-5.947634220123291,8,9027.666666666666
2021-11-09 11:24:13,34.339622497558594,-5.947583198547363,10,9031.0
2021-11-09 11:24:19,34.3394660949707,-5.947545051574707,9,9038.5
2021-11-09 11:24:25,34.33931350708008,-5.947497844696045,10,9043.5
2021-11-09 11:24:31,34.33917236328125,-5.947449207305908,10,9048.5
2021-11-09 11:24:37,34.33903503417969,-5.947405815124512,9,9051.0
2021-11-09 11:24:43,34.338890075683594,-5.947360992431641,9,9054.333333333332
2021-11-09 11:24:49,34.33875274658203,-5.947332859039307,10,9058.5
2021-11-09 11:24:55,34.33869171142578,-5.9472198486328125,9,9063.5
2021-11-09 11:25:01,34.338809967041016,-5.947208881378174,9,9065.166666666666
2021-11-09 11:25:07,34.33896255493164,-5.94724178314209,10,9071.833333333332
2021-11-09 11:25:13,34.339115142822266,-5.947294235229492,10,9075.166666666666
2021-11-09 11:25:19,34.339263916015625,-5.947348117828369,9,9079.333333333332
2021-11-09 11:25:25,34.33940887451172,-5.947402000427246,10,9083.5
2021-11-09 11:25:31,34.339561462402344,-5.94745397567749,10,9089.333333333332
2021-11-09 11:25:37,34.33970642089844,-5.947508811950684,10,9091.0
2021-11-09 11:25:43,34.33985137939453,-5.947566986083984,9,9096.833333333332
2021-11-09 11:25:49,34.33999252319336,-5.947612762451172,10,9101.0
2021-11-09 11:25:55,34.34013366699219,-5.947659015655518,10,9106.0
2021-11-09 11:26:01,34.340274810791016,-5.947701930999756,10,9109.333333333332
2021-11-09 11:26:07,34.340423583984375,-5.94775390625,9,9113.5
2021-11-09 11:26:13,34.3405647277832,-5.947809219360352,8,9119.333333333332
2021-11-09 11:26:19,34.340702056884766,-5.947847843170166,10,9122.666666666668
2021-11-09 11:26:25,34.34084701538086,-5.947889804840088,9,9126.833333333332
2021-11-09 11:26:31,34.34099197387695,-5.947934150695801,10,9130.166666666668
2021-11-09 11:26:37,34.34113693237305,-5.947977066040039,9,9134.333333333332
2021-11-09 11:26:43,34.341278076171875,-5.948028087615967,9,9136.0
2021-11-09 11:26:49,34.34141159057617,-5.948064804077148,9,9143.5
2021-11-09 11:26:55,34.34154510498047,-5.948077201843262,9,9146.0
2021-11-09 11:27:01,34.341552734375,-5.948205947875977,3,9151.0
2021-11-09 11:27:07,34.341552734375,-5.948208808898926,0,9152.666666666668
2021-11-09 11:27:13,34.341552734375,-5.94820499420166,0,9154.333333333334
2021-11-09 11:27:19,34.341552734375,-5.94820499420166,0,9156.833333333334
2021-11-09 11:27:25,34.341552734375,-5.94820499420166,0,9169.333333333334
2021-11-09 11:27:31,34.341552734375,-5.94820499420166,0,9172.666666666668
2021-11-09 11:27:37,34.341552734375,-5.94820499420166,0,9181.0
2021-11-09 11:27:43,34.341552734375,-5.94820499420166,0,9184.333333333334
2021-11-09 11:27:49,34.341552734375,-5.94820499420166,0,9190.166666666668
2021-11-09 11:27:55,34.341552734375,-5.94820499420166,0,9192.666666666668
2021-11-09 11:28:01,34.341552734375,-5.94820499420166,0,9199.333333333334
2021-11-09 11:28:07,34.341552734375,-5.94820499420166,0,9205.166666666668
2021-11-09 11:28:13,34.341514587402344,-5.948245048522949,8,9207.666666666668
2021-11-09 11:28:19,34.34147262573242,-5.948428153991699,11,9211.0
2021-11-09 11:28:25,34.34143829345703,-5.948624134063721,9,9213.5
2021-11-09 11:28:31,34.3414421081543,-5.948787212371826,7,9215.166666666668
2021-11-09 11:28:37,34.341407775878906,-5.948886871337891,7,9218.5
2021-11-09 11:28:43,34.34123611450195,-5.948852062225342,13,9222.666666666668
2021-11-09 11:28:49,34.341026306152344,-5.948793888092041,16,9223.5
2021-11-09 11:28:55,34.34078598022461,-5.94871187210083,16,9226.833333333334
2021-11-09 11:29:01,34.34053039550781,-5.948627948760986,16,9228.5
2021-11-09 11:29:07,34.34022903442383,-5.948535919189453,24,9233.5
2021-11-09 11:29:13,34.33992385864258,-5.948424816131592,19,9235.166666666668
2021-11-09 11:29:19,34.33970642089844,-5.948387145996094,8,9237.666666666668
2021-11-09 11:29:25,34.339656829833984,-5.9485039710998535,9,9242.666666666668
2021-11-09 11:29:31,34.3395881652832,-5.948710918426514,12,9243.5
2021-11-09 11:29:37,34.33951950073242,-5.948914051055908,12,9246.833333333334
2021-11-09 11:29:43,34.33945846557617,-5.94911003112793,10,9249.333333333334
2021-11-09 11:29:49,34.33939743041992,-5.949307918548584,12,9251.833333333334
2021-11-09 11:29:55,34.339332580566406,-5.949427127838135,6,9256.833333333334
2021-11-09 11:30:01,34.339317321777344,-5.94961404800415,11,9259.333333333334
2021-11-09 11:30:07,34.33930206298828,-5.949729919433594,3,9261.0
2021-11-09 11:30:13,34.33930587768555,-5.949717998504639,2,9266.0
2021-11-09 11:30:19,34.33930206298828,-5.949695110321045,0,9270.166666666668
2021-11-09 11:30:25,34.33929443359375,-5.949682235717773,0,9275.166666666668
2021-11-09 11:30:31,34.33929443359375,-5.949680805206299,0,9279.333333333334
2021-11-09 11:30:37,34.339290618896484,-5.949680805206299,0,9281.833333333334
2021-11-09 11:30:43,34.339290618896484,-5.949680805206299,0,9286.0
2021-11-09 11:30:49,34.339290618896484,-5.949680805206299,0,9287.666666666668
2021-11-09 11:30:55,34.339351654052734,-5.949847221374512,9,9291.833333333334
2021-11-09 11:31:01,34.33949279785156,-5.949929237365723,12,9295.166666666668
2021-11-09 11:31:07,34.3398323059082,-5.950047969818115,11,9300.166666666668
2021-11-09 11:31:13,34.339988708496094,-5.950125217437744,10,9301.833333333334
2021-11-09 11:31:19,34.340118408203125,-5.950210094451904,11,9304.333333333334
2021-11-09 11:31:25,34.34027099609375,-5.950281143188477,10,9306.833333333334
2021-11-09 11:31:31,34.340415954589844,-5.9503679275512695,11,9308.5
2021-11-09 11:31:37,34.34056854248047,-5.950413227081299,9,9311.833333333334
2021-11-09 11:31:43,34.34070587158203,-5.950459957122803,10,9314.333333333334
2021-11-09 11:31:49,34.34086227416992,-5.950518131256104,10,9316.0
2021-11-09 11:31:55,34.34100341796875,-5.950527191162109,10,9316.833333333332
2021-11-09 11:32:01,34.34114456176758,-5.950469970703125,10,9323.5
2021-11-09 11:32:07,34.3412971496582,-5.950476169586182,10,9328.5
2021-11-09 11:32:13,34.34144592285156,-5.95043420791626,10,9336.0
2021-11-09 11:32:19,34.34159851074219,-5.950382232666016,10,9340.166666666668
2021-11-09 11:32:25,34.34178924560547,-5.9504008293151855,13,9342.666666666668
2021-11-09 11:32:31,34.34198760986328,-5.950467109680176,13,9344.333333333332
2021-11-09 11:32:37,34.342185974121094,-5.950535774230957,13,9346.0
2021-11-09 11:32:43,34.342376708984375,-5.95063591003418,13,9347.666666666668
2021-11-09 11:32:49,34.34256362915039,-5.950733184814453,13,9349.333333333332
2021-11-09 11:32:55,34.34274673461914,-5.950806140899658,12,9351.833333333332
2021-11-09 11:33:01,34.3429069519043,-5.95088005065918,10,9352.666666666668
2021-11-09 11:33:07,34.34306335449219,-5.950841903686523,12,9355.166666666668
2021-11-09 11:33:13,34.34323501586914,-5.95069694519043,14,9357.666666666668
2021-11-09 11:33:19,34.343406677246094,-5.950551986694336,13,9360.166666666668
2021-11-09 11:33:25,34.34357833862305,-5.95039701461792,13,9361.833333333332
2021-11-09 11:33:31,34.3437385559082,-5.950247764587402,14,9363.5
2021-11-09 11:33:37,34.34391021728516,-5.95009708404541,13,9366.0
2021-11-09 11:33:43,34.34405899047852,-5.949956893920898,11,9367.666666666666
2021-11-09 11:33:49,34.3442497253418,-5.94996976852417,13,9369.333333333332
2021-11-09 11:33:55,34.34444046020508,-5.950047016143799,13,9371.0
2021-11-09 11:34:01,34.344627380371094,-5.950119018554688,12,9372.666666666666
2021-11-09 11:34:07,34.344818115234375,-5.950174808502197,13,9375.166666666666
2021-11-09 11:34:13,34.34500503540039,-5.950234889984131,12,9376.833333333332
2021-11-09 11:34:19,34.34516906738281,-5.950296878814697,10,9377.666666666666
2021-11-09 11:34:25,34.345333099365234,-5.950379848480225,11,9379.333333333332
2021-11-09 11:34:31,34.34550094604492,-5.950409889221191,12,9381.0
2021-11-09 11:34:37,34.34569549560547,-5.950444221496582,13,9385.166666666666
2021-11-09 11:34:43,34.34592819213867,-5.950405120849609,17,9388.5
2021-11-09 11:34:49,34.34618377685547,-5.950376033782959,17,9390.166666666666
2021-11-09 11:34:55,34.34642791748047,-5.95033597946167,15,9392.666666666666
2021-11-09 11:35:01,34.3466682434082,-5.950308799743652,16,9395.166666666666
2021-11-09 11:35:07,34.3469123840332,-5.950287818908691,16,9396.0
2021-11-09 11:35:13,34.34714126586914,-5.950259208679199,15,9397.666666666666
2021-11-09 11:35:19,34.34757614135742,-5.95018196105957,13,9401.0
2021-11-09 11:35:25,34.347782135009766,-5.950150012969971,13,9404.333333333332
2021-11-09 11:35:31,34.34798049926758,-5.950128078460693,13,9406.0
2021-11-09 11:35:37,34.34817886352539,-5.950088977813721,13,9407.666666666666
2021-11-09 11:35:43,34.34838104248047,-5.950060844421387,13,9411.0
2021-11-09 11:35:49,34.348575592041016,-5.950051784515381,13,9414.333333333332
2021-11-09 11:35:55,34.34877014160156,-5.950018882751465,13,9421.0
2021-11-09 11:36:01,34.34916305541992,-5.9499711990356445,13,9426.833333333332
2021-11-09 11:36:07,34.349361419677734,-5.94993782043457,13,9431.0
2021-11-09 11:36:13,34.34955978393555,-5.949903964996338,12,9433.5
2021-11-09 11:36:19,34.349754333496094,-5.949872016906738,12,9442.666666666666
2021-11-09 11:36:25,34.349945068359375,-5.949838161468506,13,9448.5
2021-11-09 11:36:31,34.35014724731445,-5.949803829193115,13,9456.0
2021-11-09 11:36:37,34.35029983520508,-5.949781894683838,10,9459.333333333332
2021-11-09 11:36:43,34.350399017333984,-5.949769020080566,7,9462.666666666666
2021-11-09 11:36:49,34.35054397583008,-5.949750900268555,10,9467.666666666666
2021-11-09 11:36:55,34.350704193115234,-5.9497151374816895,10,9476.833333333332
2021-11-09 11:37:01,34.350833892822266,-5.94964599609375,8,9481.833333333332
2021-11-09 11:37:07,34.3509407043457,-5.949689865112305,8,9484.333333333332
2021-11-09 11:37:13,34.35097122192383,-5.949806213378906,4,9490.166666666666
2021-11-09 11:37:19,34.35096740722656,-5.949868202209473,1,9495.166666666666
2021-11-09 11:37:25,34.350975036621094,-5.949841022491455,0,9506.0
2021-11-09 11:37:31,34.350982666015625,-5.949824810028076,0,9511.0
2021-11-09 11:37:37,34.35097885131836,-5.949832916259766,0,9517.666666666666
2021-11-09 11:37:43,34.35098648071289,-5.949793815612793,2,9521.833333333334
2021-11-09 11:37:49,34.35099029541016,-5.949808120727539,2,9528.5
2021-11-09 11:37:55,34.35099029541016,-5.949804782867432,0,9531.833333333334
2021-11-09 11:38:01,34.35099411010742,-5.949769020080566,1,9537.666666666666
2021-11-09 11:38:07,34.35099792480469,-5.949754238128662,0,9543.5
2021-11-09 11:38:13,34.35099792480469,-5.949754238128662,0,9551.833333333334
2021-11-09 11:38:19,34.35099792480469,-5.949754238128662,0,9555.166666666668
2021-11-09 11:38:25,34.35099792480469,-5.949754238128662,0,9559.333333333334
2021-11-09 11:38:31,34.35099792480469,-5.949754238128662,0,9563.5
2021-11-09 11:38:37,34.35099792480469,-5.949754238128662,0,9570.166666666668
2021-11-09 11:38:43,34.35099792480469,-5.949754238128662,0,9574.333333333334
2021-11-09 11:38:49,34.35099792480469,-5.949754238128662,0,9576.833333333334
2021-11-09 11:38:55,34.35099792480469,-5.949754238128662,0,9582.666666666668
2021-11-09 11:39:01,34.35099792480469,-5.949754238128662,0,9587.666666666668
2021-11-09 11:39:07,34.35099792480469,-5.949754238128662,0,9590.166666666668
2021-11-09 11:39:13,34.35099792480469,-5.949754238128662,0,9596.0
2021-11-09 11:39:19,34.35099792480469,-5.949754238128662,0,9602.666666666668
2021-11-09 11:39:25,34.35099792480469,-5.949754238128662,0,9605.166666666668
2021-11-09 11:39:31,34.35099792480469,-5.949754238128662,0,9611.833333333334
2021-11-09 11:39:37,34.35099792480469,-5.949754238128662,0,9616.833333333334
2021-11-09 11:39:43,34.35099792480469,-5.949754238128662,0,9620.166666666668
2021-11-09 11:39:49,34.35099792480469,-5.949754238128662,0,9626.0
2021-11-09 11:39:55,34.35099792480469,-5.949754238128662,0,9632.666666666666
2021-11-09 11:40:01,34.35099792480469,-5.949754238128662,0,9634.333333333332
2021-11-09 11:40:07,34.35099792480469,-5.949754238128662,0,9640.166666666666
2021-11-09 11:40:13,34.35099792480469,-5.949754238128662,0,9644.333333333332
2021-11-09 11:40:19,34.35099792480469,-5.949754238128662,0,9649.333333333332
2021-11-09 11:40:25,34.35099792480469,-5.949754238128662,0,9653.5
2021-11-09 11:40:31,34.35099792480469,-5.949754238128662,0,9661.0
2021-11-09 11:40:37,34.35099792480469,-5.949754238128662,0,9663.5
2021-11-09 11:40:43,34.35099792480469,-5.949754238128662,0,9670.166666666666
2021-11-09 11:40:49,34.35099792480469,-5.949754238128662,0,9672.666666666666
2021-11-09 11:40:55,34.35099792480469,-5.949754238128662,0,9678.5
2021-11-09 11:41:01,34.35099792480469,-5.949754238128662,0,9684.333333333332
2021-11-09 11:41:07,34.3509407043457,-5.949831008911133,8,9689.333333333332
2021-11-09 11:41:13,34.35079574584961,-5.949809074401856,10,9691.0
2021-11-09 11:41:19,34.35062026977539,-5.949830055236816,12,9694.333333333332
2021-11-09 11:41:25,34.350433349609375,-5.949868202209473,11,9696.0
2021-11-09 11:41:31,34.35023880004883,-5.949892044067383,13,9697.666666666666
2021-11-09 11:41:37,34.350032806396484,-5.949897766113281,13,9701.0
2021-11-09 11:41:43,34.349849700927734,-5.949934005737305,10,9702.666666666666
2021-11-09 11:41:49,34.349693298339844,-5.949943065643311,11,9704.333333333332
2021-11-09 11:41:55,34.34939956665039,-5.949988842010498,11,9709.333333333332
2021-11-09 11:42:01,34.34918594360352,-5.950026988983154,14,9712.666666666666
2021-11-09 11:42:07,34.34898376464844,-5.95005989074707,12,9715.166666666666
2021-11-09 11:42:13,34.34882736206055,-5.950078010559082,8,9716.833333333332
2021-11-09 11:42:19,34.34873580932617,-5.949985980987549,6,9718.5
2021-11-09 11:42:25,34.34861373901367,-5.950003147125244,12,9725.166666666666
2021-11-09 11:42:31,34.348426818847656,-5.950027942657471,13,9727.666666666666
2021-11-09 11:42:37,34.34821701049805,-5.950066089630127,13,9730.166666666666
2021-11-09 11:42:43,34.34800720214844,-5.950100898742676,13,9732.666666666666
2021-11-09 11:42:49,34.34781265258789,-5.950129985809326,13,9734.333333333332
2021-11-09 11:42:55,34.347618103027344,-5.950160026550293,13,9736.833333333332
2021-11-09 11:43:01,34.347415924072266,-5.95018482208252,12,9738.5
2021-11-09 11:43:07,34.34722900390625,-5.950212001800537,12,9740.166666666668
2021-11-09 11:43:13,34.34703826904297,-5.950246810913086,12,9741.833333333334
2021-11-09 11:43:19,34.34684371948242,-5.950281143188477,12,9744.333333333334
2021-11-09 11:43:25,34.34666061401367,-5.950310230255127,12,9746.833333333334
2021-11-09 11:43:31,34.34647750854492,-5.950343132019043,11,9747.666666666668
2021-11-09 11:43:37,34.34629821777344,-5.95037317276001,12,9749.333333333334
2021-11-09 11:43:43,34.34610366821289,-5.950387001037598,13,9751.833333333334
2021-11-09 11:43:49,34.345909118652344,-5.950407981872559,12,9752.666666666668
2021-11-09 11:43:55,34.34572219848633,-5.950432777404785,12,9754.333333333334
2021-11-09 11:44:01,34.34554672241211,-5.950404167175293,11,9756.0
2021-11-09 11:44:07,34.34538650512695,-5.950394153594971,8,9757.666666666668
2021-11-09 11:44:13,34.345298767089844,-5.950528144836426,10,9763.5
2021-11-09 11:44:19,34.345298767089844,-5.950706005096436,10,9769.333333333334
2021-11-09 11:44:25,34.34527969360352,-5.9508891105651855,8,9771.0
2021-11-09 11:44:31,34.34525680541992,-5.950973987579346,2,9774.333333333334
2021-11-09 11:44:37,34.34525680541992,-5.950973987579346,0,9781.833333333332
2021-11-09 11:44:43,34.34525680541992,-5.9509758949279785,0,9784.333333333332
2021-11-09 11:44:49,34.34525680541992,-5.9509758949279785,0,9787.666666666666
