Temps,Latitude,Longitude,Vitesse,Consommation (ml)
2021-11-10 15:58:18,34.364715576171875,-5.911255836486816,11,10.0
2021-11-10 15:58:24,34.3648567199707,-5.911155223846436,11,15.833333333333332
2021-11-10 15:58:30,34.36499786376953,-5.911049842834473,10,21.666666666666664
2021-11-10 15:58:36,34.36513900756836,-5.910940170288086,10,29.166666666666664
2021-11-10 15:58:42,34.36527633666992,-5.910834789276123,10,33.33333333333333
2021-11-10 15:58:48,34.365413665771484,-5.9107279777526855,10,39.99999999999999
2021-11-10 15:58:54,34.36555480957031,-5.910618782043457,11,46.66666666666666
2021-11-10 15:59:00,34.36569595336914,-5.91050910949707,11,52.5
2021-11-10 15:59:06,34.36583709716797,-5.910400867462158,10,56.66666666666666
2021-11-10 15:59:12,34.365970611572266,-5.910295009613037,10,62.5
2021-11-10 15:59:18,34.36610794067383,-5.9101881980896,10,69.16666666666667
2021-11-10 15:59:24,34.366241455078125,-5.91008186340332,10,75.83333333333334
2021-11-10 15:59:30,34.36637878417969,-5.909976005554199,10,80.00000000000001
2021-11-10 15:59:36,34.36651611328125,-5.909866809844971,10,88.33333333333334
2021-11-10 15:59:42,34.36665344238281,-5.909761905670166,10,92.5
2021-11-10 15:59:48,34.36679458618164,-5.909657001495361,10,96.66666666666669
2021-11-10 15:59:54,34.36692810058594,-5.90955114364624,10,102.5
2021-11-10 16:00:00,34.3670654296875,-5.909450054168701,10,109.16666666666669
2021-11-10 16:00:06,34.36720275878906,-5.909347057342529,11,115.0
2021-11-10 16:00:12,34.36733627319336,-5.909239768981934,10,120.83333333333331
2021-11-10 16:00:18,34.36747360229492,-5.909139156341553,10,124.16666666666666
2021-11-10 16:00:24,34.367610931396484,-5.909038066864014,10,130.83333333333331
2021-11-10 16:00:30,34.36774826049805,-5.908937931060791,10,136.66666666666666
2021-11-10 16:00:36,34.36788558959961,-5.908837795257568,10,140.0
2021-11-10 16:00:42,34.368019104003906,-5.908740043640137,10,147.5
2021-11-10 16:00:48,34.3681526184082,-5.908640861511231,10,153.33333333333334
2021-11-10 16:00:54,34.368289947509766,-5.908538818359375,10,157.5
2021-11-10 16:01:00,34.36842346191406,-5.90843391418457,10,164.16666666666666
2021-11-10 16:01:06,34.368560791015625,-5.908330917358398,10,170.83333333333331
2021-11-10 16:01:12,34.36869812011719,-5.908247947692871,10,174.16666666666666
2021-11-10 16:01:18,34.36874008178711,-5.908382892608643,9,180.0
2021-11-10 16:01:24,34.36860275268555,-5.908318996429443,10,184.16666666666663
2021-11-10 16:01:30,34.368614196777344,-5.90817403793335,11,188.3333333333333
2021-11-10 16:01:36,34.36870574951172,-5.908295154571533,11,191.66666666666663
2021-11-10 16:01:42,34.368587493896484,-5.908414840698242,10,197.5
2021-11-10 16:01:48,34.36845397949219,-5.908524036407471,11,202.5
2021-11-10 16:01:54,34.36831283569336,-5.908628940582275,10,210.0
2021-11-10 16:02:00,34.36817169189453,-5.90873384475708,11,213.33333333333331
2021-11-10 16:02:06,34.3680305480957,-5.908843040466309,11,220.8333333333333
2021-11-10 16:02:12,34.36789321899414,-5.908947944641113,10,227.5
2021-11-10 16:02:18,34.36775207519531,-5.909055233001709,10,231.66666666666663
2021-11-10 16:02:24,34.367610931396484,-5.909160137176514,10,238.3333333333333
2021-11-10 16:02:30,34.367469787597656,-5.909267902374268,10,244.16666666666663
2021-11-10 16:02:36,34.367332458496094,-5.909372806549072,10,247.5
2021-11-10 16:02:42,34.36719512939453,-5.909481048583984,10,254.16666666666663
2021-11-10 16:02:48,34.36705780029297,-5.909587860107422,10,259.99999999999994
2021-11-10 16:02:54,34.366920471191406,-5.90969181060791,10,265.0
2021-11-10 16:03:00,34.36677932739258,-5.909799098968506,10,271.6666666666667
2021-11-10 16:03:06,34.36664962768555,-5.909904956817627,10,275.0
2021-11-10 16:03:12,34.36638641357422,-5.910098075866699,10,279.1666666666667
2021-11-10 16:03:18,34.36626434326172,-5.910194873809815,10,293.33333333333337
2021-11-10 16:03:24,34.36612701416016,-5.910305976867676,10,296.6666666666667
2021-11-10 16:03:30,34.365989685058594,-5.910411834716797,10,303.33333333333337
2021-11-10 16:03:36,34.3658561706543,-5.910514831542969,10,310.83333333333337
2021-11-10 16:03:42,34.365718841552734,-5.910620212554932,10,314.16666666666663
2021-11-10 16:03:48,34.36558532714844,-5.910727024078369,10,317.49999999999994
2021-11-10 16:03:54,34.36545181274414,-5.910829067230225,10,323.33333333333326
2021-11-10 16:04:00,34.365318298339844,-5.91093111038208,10,328.33333333333326
2021-11-10 16:04:06,34.36518478393555,-5.911029815673828,10,334.99999999999994
2021-11-10 16:04:12,34.36505126953125,-5.911128044128418,10,341.66666666666663
2021-11-10 16:04:18,34.36491775512695,-5.911228179931641,10,343.3333333333333
2021-11-10 16:04:24,34.36478042602539,-5.9113287925720215,10,354.16666666666663
2021-11-10 16:04:30,34.364646911621094,-5.911430835723877,10,356.6666666666667
2021-11-10 16:04:36,34.3645133972168,-5.91153621673584,10,363.33333333333337
2021-11-10 16:04:42,34.36437225341797,-5.911630153656006,10,365.83333333333337
2021-11-10 16:04:48,34.364234924316406,-5.911716938018799,10,369.1666666666667
2021-11-10 16:04:54,34.36408996582031,-5.911808013916016,10,373.33333333333337
2021-11-10 16:05:00,34.36394500732422,-5.911891937255859,11,382.50000000000006
2021-11-10 16:05:06,34.36381149291992,-5.911987781524658,10,387.50000000000006
2021-11-10 16:05:12,34.36375427246094,-5.912158966064453,10,390.00000000000006
2021-11-10 16:05:18,34.36363220214844,-5.912168979644775,9,394.1666666666666
2021-11-10 16:05:24,34.363704681396484,-5.912016868591309,11,398.3333333333333
2021-11-10 16:05:30,34.36383438110352,-5.91188907623291,11,402.5
2021-11-10 16:05:36,34.363975524902344,-5.911778926849365,10,406.6666666666667
2021-11-10 16:05:42,34.36412048339844,-5.911681175231934,11,412.5
2021-11-10 16:05:48,34.36426544189453,-5.911585807800293,11,416.6666666666667
2021-11-10 16:05:54,34.364402770996094,-5.911503791809082,10,424.1666666666667
2021-11-10 16:06:00,34.36453628540039,-5.91140604019165,10,428.33333333333337
2021-11-10 16:06:06,34.36466598510742,-5.911290168762207,10,434.1666666666666
2021-11-10 16:06:12,34.36479949951172,-5.911190032958984,10,437.5
2021-11-10 16:06:18,34.36493682861328,-5.911088943481445,10,442.5
2021-11-10 16:06:24,34.36507034301758,-5.91098690032959,10,447.5
2021-11-10 16:06:30,34.36520767211914,-5.9108757972717285,10,454.1666666666666
2021-11-10 16:06:36,34.3653450012207,-5.910770893096924,10,459.1666666666666
2021-11-10 16:06:42,34.365482330322266,-5.910664081573486,11,462.5
2021-11-10 16:06:48,34.36561584472656,-5.910556793212891,10,469.1666666666666
2021-11-10 16:06:54,34.365753173828125,-5.91045618057251,10,476.6666666666666
2021-11-10 16:07:00,34.36588668823242,-5.910353183746338,10,480.8333333333333
2021-11-10 16:07:06,34.366024017333984,-5.910246849060059,10,487.5
2021-11-10 16:07:12,34.36615753173828,-5.9101409912109375,10,492.5
2021-11-10 16:07:18,34.366294860839844,-5.910037994384766,10,497.5
2021-11-10 16:07:24,34.36642837524414,-5.909933090209961,10,502.5
2021-11-10 16:07:30,34.3665657043457,-5.909824848175049,10,508.3333333333333
2021-11-10 16:07:36,34.36669921875,-5.909722805023193,10,514.1666666666666
2021-11-10 16:07:42,34.36684036254883,-5.909618854522705,10,517.5
2021-11-10 16:07:48,34.366973876953125,-5.909512996673584,10,525.0
2021-11-10 16:07:54,34.36711120605469,-5.909411907196045,10,530.8333333333334
2021-11-10 16:08:00,34.36724853515625,-5.909307956695557,10,533.3333333333334
2021-11-10 16:08:06,34.36738586425781,-5.90920877456665,10,541.6666666666667
2021-11-10 16:08:12,34.36751937866211,-5.909101963043213,10,548.3333333333334
2021-11-10 16:08:18,34.36765670776367,-5.909005165100098,10,551.6666666666667
2021-11-10 16:08:24,34.36779022216797,-5.908899784088135,10,560.0000000000001
2021-11-10 16:08:30,34.36792755126953,-5.908796787261963,10,563.3333333333333
2021-11-10 16:08:36,34.368064880371094,-5.908696174621582,10,569.1666666666666
2021-11-10 16:08:42,34.368202209472656,-5.908597946166992,10,574.1666666666666
2021-11-10 16:08:48,34.36833572387695,-5.908493995666504,10,581.6666666666666
2021-11-10 16:08:54,34.36846923828125,-5.908389091491699,10,585.0
2021-11-10 16:09:00,34.36860275268555,-5.908279895782471,10,591.6666666666666
2021-11-10 16:09:06,34.36873245239258,-5.908307075500488,11,596.6666666666666
2021-11-10 16:09:12,34.36862564086914,-5.908442974090576,11,603.3333333333333
2021-11-10 16:09:18,34.36849594116211,-5.9085469245910645,10,606.6666666666666
2021-11-10 16:09:24,34.36836242675781,-5.908648014068604,10,612.5
2021-11-10 16:09:30,34.36822509765625,-5.908743858337402,10,617.5
2021-11-10 16:09:36,34.36809158325195,-5.908842086791992,10,622.5
2021-11-10 16:09:42,34.36795425415039,-5.90894079208374,10,626.6666666666666
2021-11-10 16:09:48,34.36781692504883,-5.909043788909912,10,633.3333333333333
2021-11-10 16:09:54,34.36768341064453,-5.909142017364502,10,639.1666666666666
2021-11-10 16:10:00,34.36754608154297,-5.909245014190674,10,644.1666666666666
2021-11-10 16:10:06,34.36740493774414,-5.909346103668213,10,647.5
2021-11-10 16:10:12,34.36726379394531,-5.909461975097656,11,655.0
2021-11-10 16:10:18,34.36712646484375,-5.909570217132568,11,660.8333333333334
2021-11-10 16:10:24,34.366981506347656,-5.909677028656006,11,666.6666666666667
2021-11-10 16:10:30,34.36684036254883,-5.909788131713867,10,675.0000000000001
2021-11-10 16:10:36,34.36669921875,-5.909897804260254,11,680.8333333333335
2021-11-10 16:10:42,34.366554260253906,-5.910009860992432,11,685.0000000000001
2021-11-10 16:10:48,34.36640930175781,-5.91011381149292,11,691.6666666666667
2021-11-10 16:10:54,34.36612701416016,-5.910346984863281,11,704.1666666666666
2021-11-10 16:11:00,34.36598587036133,-5.910457134246826,11,708.3333333333334
2021-11-10 16:11:06,34.36570739746094,-5.910673141479492,11,722.5
2021-11-10 16:11:12,34.365570068359375,-5.910778999328613,11,727.5
2021-11-10 16:11:18,34.36542892456055,-5.910889148712158,11,733.3333333333334
2021-11-10 16:11:24,34.36528778076172,-5.911001205444336,11,740.8333333333334
2021-11-10 16:11:30,34.36514663696289,-5.911108016967773,11,743.3333333333334
2021-11-10 16:11:36,34.3650016784668,-5.9112091064453125,11,752.5
2021-11-10 16:11:42,34.364715576171875,-5.911423206329346,11,755.0
2021-11-10 16:11:48,34.36456680297852,-5.91152811050415,11,769.1666666666667
2021-11-10 16:11:54,34.36441802978516,-5.911631107330322,11,774.1666666666667
2021-11-10 16:12:00,34.364261627197266,-5.911725044250488,11,780.8333333333334
2021-11-10 16:12:06,34.36408996582031,-5.911810874938965,11,785.0
2021-11-10 16:12:12,34.36395263671875,-5.911807060241699,8,789.1666666666667
2021-11-10 16:12:18,34.364013671875,-5.911703109741211,8,798.3333333333335
2021-11-10 16:12:24,34.36402130126953,-5.9116950035095215,0,802.5000000000001
2021-11-10 16:12:30,34.364017486572266,-5.9116950035095215,0,810.8333333333333
2021-11-10 16:12:36,34.364013671875,-5.911697864532471,0,815.8333333333333
2021-11-10 16:12:42,34.364013671875,-5.911697864532471,0,820.0
2021-11-10 16:12:48,34.364013671875,-5.911697864532471,0,825.8333333333333
2021-11-10 16:12:54,34.364013671875,-5.911697864532471,0,831.6666666666665
2021-11-10 16:13:00,34.364013671875,-5.911697864532471,0,834.9999999999999
2021-11-10 16:13:06,34.364166259765625,-5.911606788635254,11,839.9999999999999
2021-11-10 16:13:12,34.364315032958984,-5.911518096923828,11,848.3333333333333
2021-11-10 16:13:18,34.36442947387695,-5.911377906799316,10,854.1666666666666
2021-11-10 16:13:24,34.36457824707031,-5.911313056945801,10,857.5
2021-11-10 16:13:30,34.364715576171875,-5.911204814910889,11,863.3333333333333
2021-11-10 16:13:36,34.3648567199707,-5.911105155944824,10,870.0
2021-11-10 16:13:42,34.36499786376953,-5.910994052886963,10,873.3333333333333
2021-11-10 16:13:48,34.36513900756836,-5.910888195037842,11,881.6666666666665
2021-11-10 16:13:54,34.36528015136719,-5.9107818603515625,11,888.3333333333333
2021-11-10 16:14:00,34.365421295166016,-5.910676956176758,10,892.5
2021-11-10 16:14:06,34.36555862426758,-5.91056489944458,11,900.8333333333331
2021-11-10 16:14:12,34.365699768066406,-5.91045618057251,11,909.1666666666664
2021-11-10 16:14:18,34.365840911865234,-5.910346984863281,11,914.1666666666664
2021-11-10 16:14:24,34.36598205566406,-5.910234928131104,11,920.0
2021-11-10 16:14:30,34.36612701416016,-5.910126209259033,11,926.6666666666664
2021-11-10 16:14:36,34.36626434326172,-5.910017013549805,11,934.1666666666664
2021-11-10 16:14:42,34.36640167236328,-5.909904003143311,10,940.0
2021-11-10 16:14:48,34.36654281616211,-5.909797191619873,11,946.6666666666664
2021-11-10 16:14:54,34.36668014526367,-5.909688949584961,10,950.0
2021-11-10 16:15:00,34.366817474365234,-5.909581184387207,10,958.3333333333331
2021-11-10 16:15:06,34.3669548034668,-5.909475803375244,10,965.0
2021-11-10 16:15:12,34.367095947265625,-5.909368991851807,10,969.1666666666664
2021-11-10 16:15:18,34.36723709106445,-5.9092698097229,10,975.8333333333331
2021-11-10 16:15:24,34.36737823486328,-5.9091668128967285,10,981.6666666666664
2021-11-10 16:15:30,34.36751937866211,-5.909067153930664,10,989.1666666666664
2021-11-10 16:15:36,34.36766052246094,-5.908965110778809,10,995.8333333333331
2021-11-10 16:15:42,34.36780548095703,-5.908866882324219,10,1000.0
2021-11-10 16:15:48,34.367942810058594,-5.9087629318237305,10,1007.5
2021-11-10 16:15:54,34.36808013916016,-5.908658027648926,10,1015.0
2021-11-10 16:16:00,34.36821746826172,-5.9085540771484375,10,1019.1666666666666
2021-11-10 16:16:06,34.36835479736328,-5.908445835113525,10,1025.8333333333333
2021-11-10 16:16:12,34.368492126464844,-5.908336162567139,11,1033.3333333333333
2021-11-10 16:16:18,34.36862564086914,-5.908226013183594,11,1037.5
2021-11-10 16:16:24,34.36876678466797,-5.908326148986816,12,1044.1666666666663
2021-11-10 16:16:30,34.36867141723633,-5.908463954925537,11,1050.0
2021-11-10 16:16:36,34.36853790283203,-5.908570766448975,10,1055.8333333333333
2021-11-10 16:16:42,34.36840057373047,-5.908679962158203,10,1060.0
2021-11-10 16:16:48,34.368263244628906,-5.908782958984375,10,1066.6666666666663
2021-11-10 16:16:54,34.368125915527344,-5.908876895904541,10,1070.833333333333
2021-11-10 16:17:00,34.36798477172852,-5.908973217010498,10,1078.333333333333
2021-11-10 16:17:06,34.36771774291992,-5.909172058105469,10,1082.4999999999998
2021-11-10 16:17:12,34.367576599121094,-5.909273147583008,10,1095.833333333333
2021-11-10 16:17:18,34.3674430847168,-5.909371852874756,10,1101.6666666666663
2021-11-10 16:17:24,34.367305755615234,-5.909481048583984,11,1105.8333333333333
2021-11-10 16:17:30,34.36716842651367,-5.909584999084473,10,1114.1666666666663
2021-11-10 16:17:36,34.36703109741211,-5.909688949584961,10,1119.1666666666663
2021-11-10 16:17:42,34.36689376831055,-5.909794807434082,10,1125.8333333333333
2021-11-10 16:17:48,34.366756439208984,-5.909904956817627,11,1130.8333333333333
2021-11-10 16:17:54,34.36661529541016,-5.910008907318115,10,1135.8333333333333
2021-11-10 16:18:00,34.36634063720703,-5.910223960876465,10,1140.8333333333333
2021-11-10 16:18:06,34.36620330810547,-5.910337924957275,10,1155.8333333333333
2021-11-10 16:18:12,34.36606979370117,-5.910446166992188,10,1160.0
2021-11-10 16:18:18,34.36593246459961,-5.910551071166992,11,1168.3333333333333
2021-11-10 16:18:24,34.36579895019531,-5.910658836364746,10,1172.5
2021-11-10 16:18:30,34.36566162109375,-5.910765171051025,10,1178.3333333333333
2021-11-10 16:18:36,34.36552429199219,-5.910873889923096,10,1182.5
2021-11-10 16:18:42,34.365386962890625,-5.9109787940979,10,1189.1666666666663
2021-11-10 16:18:48,34.36525344848633,-5.911078929901123,10,1196.6666666666663
2021-11-10 16:18:54,34.3651237487793,-5.911180019378662,10,1200.0
2021-11-10 16:19:00,34.364990234375,-5.911275863647461,10,1206.6666666666663
2021-11-10 16:19:06,34.36485290527344,-5.911375999450684,10,1211.6666666666663
2021-11-10 16:19:12,34.364707946777344,-5.911464214324951,10,1218.3333333333333
2021-11-10 16:19:18,34.36457061767578,-5.911581993103027,11,1220.0
2021-11-10 16:19:24,34.36441421508789,-5.911661148071289,11,1228.3333333333333
2021-11-10 16:19:30,34.364253997802734,-5.911736965179443,11,1234.1666666666663
2021-11-10 16:19:36,34.364097595214844,-5.911808967590332,10,1238.3333333333333
2021-11-10 16:19:42,34.363948822021484,-5.911886215209961,10,1245.0
2021-11-10 16:19:48,34.36382293701172,-5.912001132965088,10,1248.3333333333337
2021-11-10 16:19:54,34.36375045776367,-5.9121527671813965,10,1252.5
2021-11-10 16:20:00,34.36365509033203,-5.912075042724609,10,1255.8333333333337
2021-11-10 16:20:06,34.3637809753418,-5.911946773529053,11,1260.8333333333337
2021-11-10 16:20:12,34.36392593383789,-5.91185188293457,11,1266.6666666666667
2021-11-10 16:20:18,34.36406707763672,-5.911753177642822,11,1272.5
2021-11-10 16:20:24,34.36420440673828,-5.911651134490967,11,1277.5
2021-11-10 16:20:30,34.36433792114258,-5.911523818969727,10,1284.1666666666663
2021-11-10 16:20:36,34.36445236206055,-5.911374092102051,11,1290.0
2021-11-10 16:20:42,34.364601135253906,-5.911276817321777,10,1294.1666666666663
2021-11-10 16:20:48,34.36473846435547,-5.91117000579834,10,1300.0
2021-11-10 16:20:54,34.3648796081543,-5.91107177734375,11,1307.5
2021-11-10 16:21:00,34.365020751953125,-5.910962104797363,11,1311.6666666666663
2021-11-10 16:21:06,34.36516189575195,-5.910852909088135,10,1319.1666666666663
2021-11-10 16:21:12,34.36529922485352,-5.910747051239014,10,1325.0
2021-11-10 16:21:18,34.36543655395508,-5.910633087158203,11,1331.6666666666663
2021-11-10 16:21:24,34.36557388305664,-5.910521030426025,11,1338.3333333333333
2021-11-10 16:21:30,34.3657112121582,-5.910408973693848,11,1345.8333333333333
2021-11-10 16:21:36,34.365848541259766,-5.910297870635986,10,1350.0
2021-11-10 16:21:42,34.36598587036133,-5.910190105438232,10,1355.8333333333333
2021-11-10 16:21:48,34.36612319946289,-5.910085201263428,10,1361.6666666666663
2021-11-10 16:21:54,34.36626052856445,-5.909976959228516,10,1367.5
2021-11-10 16:22:00,34.36639404296875,-5.909865856170654,11,1375.0
2021-11-10 16:22:06,34.36653518676758,-5.90976095199585,10,1381.6666666666663
2021-11-10 16:22:12,34.36667251586914,-5.909657001495361,10,1388.3333333333333
2021-11-10 16:22:18,34.3668098449707,-5.9095458984375,10,1395.8333333333333
2021-11-10 16:22:24,34.366947174072266,-5.909444808959961,10,1399.1666666666663
2021-11-10 16:22:30,34.367088317871094,-5.909340858459473,11,1405.8333333333333
2021-11-10 16:22:36,34.367225646972656,-5.909232139587402,10,1412.5
2021-11-10 16:22:42,34.36736297607422,-5.90913200378418,10,1416.6666666666663
2021-11-10 16:22:48,34.36750411987305,-5.909029006958008,10,1425.0
2021-11-10 16:22:54,34.36764144897461,-5.908924102783203,11,1431.6666666666663
2021-11-10 16:23:00,34.36777877807617,-5.908819198608398,10,1435.0
2021-11-10 16:23:06,34.367916107177734,-5.90871000289917,10,1441.6666666666663
2021-11-10 16:23:12,34.3680534362793,-5.908607006072998,10,1448.3333333333333
2021-11-10 16:23:18,34.36819076538086,-5.908504009246826,10,1455.8333333333333
2021-11-10 16:23:24,34.36832809448242,-5.908401012420654,10,1460.0
2021-11-10 16:23:30,34.36846923828125,-5.908294200897217,10,1468.3333333333333
2021-11-10 16:23:36,34.36860275268555,-5.908174991607666,11,1472.5
2021-11-10 16:23:42,34.368743896484375,-5.908276081085205,11,1478.3333333333337
2021-11-10 16:23:48,34.368751525878906,-5.908451080322266,11,1481.6666666666663
2021-11-10 16:23:54,34.368621826171875,-5.9085540771484375,10,1488.3333333333333
2021-11-10 16:24:00,34.36849594116211,-5.908644199371338,10,1492.5
2021-11-10 16:24:06,34.36836242675781,-5.9087347984313965,10,1501.6666666666663
2021-11-10 16:24:12,34.368221282958984,-5.908833980560303,10,1507.5
2021-11-10 16:24:18,34.36808395385742,-5.908935070037842,10,1510.8333333333333
2021-11-10 16:24:24,34.36794662475586,-5.909039974212647,10,1519.1666666666663
2021-11-10 16:24:30,34.36780548095703,-5.909144878387451,10,1523.3333333333333
2021-11-10 16:24:36,34.36766815185547,-5.909249782562256,10,1531.6666666666663
2021-11-10 16:24:42,34.36752700805664,-5.909347057342529,10,1535.0
2021-11-10 16:24:48,34.36738967895508,-5.909451007843018,10,1540.833333333333
2021-11-10 16:24:54,34.36725234985352,-5.909555912017822,10,1542.5
2021-11-10 16:25:00,34.36711883544922,-5.909656047821045,10,1554.1666666666663
2021-11-10 16:25:06,34.36698532104492,-5.909759998321533,10,1560.8333333333333
2021-11-10 16:25:12,34.366851806640625,-5.909864902496338,10,1565.0
2021-11-10 16:25:18,34.36671447753906,-5.909969806671143,10,1573.3333333333337
2021-11-10 16:25:24,34.3665771484375,-5.910068035125732,10,1577.5
2021-11-10 16:25:30,34.36643981933594,-5.910171985626221,10,1581.6666666666667
2021-11-10 16:25:36,34.366310119628906,-5.910286903381348,10,1584.1666666666667
2021-11-10 16:25:42,34.36617660522461,-5.910393238067627,10,1596.6666666666667
2021-11-10 16:25:48,34.36604309082031,-5.910499095916748,10,1603.3333333333337
2021-11-10 16:25:54,34.365909576416016,-5.910606861114502,10,1608.3333333333337
2021-11-10 16:26:00,34.36577224731445,-5.910708904266357,10,1613.3333333333337
2021-11-10 16:26:06,34.36563873291016,-5.910819053649902,10,1618.3333333333333
2021-11-10 16:26:12,34.365501403808594,-5.910921096801758,10,1625.8333333333333
2021-11-10 16:26:18,34.3653678894043,-5.911023139953613,10,1630.0
2021-11-10 16:26:24,34.365230560302734,-5.911121845245361,10,1637.5
2021-11-10 16:26:30,34.365089416503906,-5.911228179931641,11,1644.1666666666667
2021-11-10 16:26:36,34.364952087402344,-5.911332130432129,11,1647.5
2021-11-10 16:26:42,34.36479568481445,-5.911407947540283,11,1654.1666666666667
2021-11-10 16:26:48,34.36464309692383,-5.911474227905273,10,1660.0
2021-11-10 16:26:54,34.3644905090332,-5.9115519523620605,10,1664.1666666666663
2021-11-10 16:27:00,34.36433029174805,-5.91162109375,10,1668.3333333333333
2021-11-10 16:27:06,34.36418533325195,-5.911693096160889,10,1674.1666666666663
2021-11-10 16:27:12,34.36406326293945,-5.911810874938965,10,1680.8333333333333
2021-11-10 16:27:18,34.363948822021484,-5.9117751121521,8,1684.1666666666663
2021-11-10 16:27:24,34.36406326293945,-5.911684989929199,10,1688.3333333333333
2021-11-10 16:27:30,34.364200592041016,-5.911579132080078,11,1695.8333333333333
2021-11-10 16:27:36,34.36431884765625,-5.911444187164307,11,1701.6666666666663
2021-11-10 16:27:42,34.364437103271484,-5.911314964294434,11,1705.8333333333333
2021-11-10 16:27:48,34.36458206176758,-5.91120195388794,10,1713.3333333333333
2021-11-10 16:27:54,34.364723205566406,-5.911098003387451,10,1718.3333333333333
2021-11-10 16:28:00,34.36486053466797,-5.910995006561279,10,1723.3333333333333
2021-11-10 16:28:06,34.36499786376953,-5.910886764526367,11,1730.0
2021-11-10 16:28:12,34.36513900756836,-5.910780906677246,10,1736.6666666666663
2021-11-10 16:28:18,34.36527633666992,-5.910678863525391,10,1740.0
2021-11-10 16:28:24,34.36540985107422,-5.910571098327637,10,1747.5
2021-11-10 16:28:30,34.36554336547852,-5.910468101501465,10,1754.1666666666663
2021-11-10 16:28:36,34.36568069458008,-5.910360813140869,10,1760.0
2021-11-10 16:28:42,34.36581802368164,-5.910254001617432,10,1765.8333333333333
2021-11-10 16:28:48,34.36595153808594,-5.910143852233887,10,1772.5
2021-11-10 16:28:54,34.366085052490234,-5.910041809082031,10,1779.1666666666663
2021-11-10 16:29:00,34.366214752197266,-5.9099440574646,9,1785.8333333333337
2021-11-10 16:29:06,34.3663444519043,-5.909838199615479,10,1791.6666666666663
2021-11-10 16:29:12,34.36648178100586,-5.909733772277832,10,1798.3333333333333
2021-11-10 16:29:18,34.36661529541016,-5.909626007080078,10,1804.1666666666663
2021-11-10 16:29:24,34.36675262451172,-5.909523010253906,10,1811.6666666666663
2021-11-10 16:29:30,34.366886138916016,-5.909414768218994,10,1815.8333333333333
2021-11-10 16:29:36,34.36702346801758,-5.909307956695557,10,1823.3333333333333
2021-11-10 16:29:42,34.367156982421875,-5.909203052520752,10,1827.5
2021-11-10 16:29:48,34.36729049682617,-5.909099102020264,10,1833.3333333333333
2021-11-10 16:29:54,34.367427825927734,-5.908996105194092,10,1840.8333333333333
2021-11-10 16:30:00,34.3675651550293,-5.90889310836792,10,1846.6666666666663
2021-11-10 16:30:06,34.367698669433594,-5.908783912658691,10,1851.6666666666663
2021-11-10 16:30:12,34.36783599853516,-5.908679008483887,10,1856.6666666666663
2021-11-10 16:30:18,34.36796951293945,-5.908575057983398,10,1864.1666666666663
2021-11-10 16:30:24,34.36810302734375,-5.908474922180176,10,1870.0
2021-11-10 16:30:30,34.36824035644531,-5.908373832702637,10,1876.6666666666663
2021-11-10 16:30:36,34.368377685546875,-5.908277988433838,10,1880.0
2021-11-10 16:30:42,34.36851119995117,-5.908173084259033,11,1887.5
2021-11-10 16:30:48,34.3686637878418,-5.908132076263428,12,1893.3333333333333
2021-11-10 16:30:54,34.368778228759766,-5.908304214477539,10,1896.6666666666663
2021-11-10 16:31:00,34.36876678466797,-5.908483028411865,11,1901.6666666666663
2021-11-10 16:31:06,34.36863327026367,-5.90858793258667,10,1908.3333333333333
2021-11-10 16:31:12,34.368499755859375,-5.908683776855469,10,1914.1666666666663
2021-11-10 16:31:18,34.36836624145508,-5.908782005310059,10,1918.3333333333333
2021-11-10 16:31:24,34.36822891235352,-5.908882141113281,10,1925.8333333333333
2021-11-10 16:31:30,34.36809158325195,-5.908981800079346,10,1930.8333333333333
2021-11-10 16:31:36,34.367958068847656,-5.909087181091309,10,1936.6666666666667
2021-11-10 16:31:42,34.36782455444336,-5.90918493270874,10,1941.6666666666663
2021-11-10 16:31:48,34.36769104003906,-5.909290790557861,10,1949.1666666666663
2021-11-10 16:31:54,34.3675537109375,-5.909389019012451,10,1954.1666666666663
2021-11-10 16:32:00,34.3674201965332,-5.909492015838623,10,1960.833333333333
2021-11-10 16:32:06,34.36729049682617,-5.909597873687744,10,1963.333333333333
2021-11-10 16:32:12,34.367156982421875,-5.909700870513916,10,1965.0
2021-11-10 16:32:18,34.36702346801758,-5.909803867340088,10,1977.5
2021-11-10 16:32:24,34.36689376831055,-5.909904003143311,10,1982.5
2021-11-10 16:32:30,34.366600036621094,-5.910121917724609,11,1985.8333333333333
2021-11-10 16:32:36,34.366455078125,-5.91023588180542,11,2004.1666666666663
2021-11-10 16:32:42,34.366310119628906,-5.910353183746338,11,2006.6666666666663
2021-11-10 16:32:48,34.36616516113281,-5.910466194152832,11,2014.1666666666663
2021-11-10 16:32:54,34.36587142944336,-5.91069221496582,11,2018.3333333333333
2021-11-10 16:33:00,34.36572265625,-5.9108052253723145,11,2035.8333333333333
2021-11-10 16:33:06,34.365577697753906,-5.910916805267334,11,2037.5
2021-11-10 16:33:12,34.36528778076172,-5.911137104034424,11,2058.333333333333
2021-11-10 16:33:18,34.36513900756836,-5.911252975463867,11,2064.166666666667
2021-11-10 16:33:24,34.364990234375,-5.911363124847412,12,2071.666666666667
2021-11-10 16:33:30,34.36481094360352,-5.911420822143555,12,2079.166666666667
2021-11-10 16:33:36,34.364654541015625,-5.9114990234375,11,2083.333333333333
2021-11-10 16:33:42,34.364505767822266,-5.911610126495361,12,2090.0
2021-11-10 16:33:48,34.36434555053711,-5.911699771881104,11,2095.833333333333
2021-11-10 16:33:54,34.36418151855469,-5.911774158477783,11,2101.666666666667
2021-11-10 16:34:00,34.36403274536133,-5.911818981170654,9,2106.666666666667
2021-11-10 16:34:06,34.36406707763672,-5.911684989929199,11,2113.333333333333
2021-11-10 16:34:12,34.364200592041016,-5.911571979522705,11,2120.0
2021-11-10 16:34:18,34.36432266235352,-5.911448001861572,10,2122.5
2021-11-10 16:34:24,34.36443328857422,-5.911324977874756,9,2128.333333333333
2021-11-10 16:34:30,34.36455154418945,-5.911202907562256,11,2135.0
2021-11-10 16:34:36,34.36470031738281,-5.911084175109863,11,2141.6666666666665
2021-11-10 16:34:42,34.364845275878906,-5.910968780517578,11,2145.833333333333
2021-11-10 16:34:48,34.364986419677734,-5.910855770111084,10,2151.6666666666665
2021-11-10 16:34:54,34.36512756347656,-5.910745143890381,11,2159.166666666667
2021-11-10 16:35:00,34.365264892578125,-5.91063404083252,11,2164.166666666667
2021-11-10 16:35:06,34.36539840698242,-5.910520076751709,10,2170.0
2021-11-10 16:35:12,34.36553955078125,-5.910408020019531,11,2178.333333333333
2021-11-10 16:35:18,34.36567687988281,-5.9102959632873535,10,2184.166666666667
2021-11-10 16:35:24,34.365814208984375,-5.910191059112549,11,2188.333333333333
2021-11-10 16:35:30,34.36595153808594,-5.91008186340332,10,2196.666666666667
2021-11-10 16:35:36,34.3660888671875,-5.909977912902832,10,2203.333333333333
2021-11-10 16:35:42,34.36623001098633,-5.909869194030762,11,2210.0
2021-11-10 16:35:48,34.36636734008789,-5.90976095199585,10,2215.0
2021-11-10 16:35:54,34.36650848388672,-5.9096550941467285,10,2222.5
2021-11-10 16:36:00,34.36664581298828,-5.909547805786133,10,2229.1666666666665
2021-11-10 16:36:06,34.366783142089844,-5.909440994262695,10,2234.1666666666665
2021-11-10 16:36:12,34.366920471191406,-5.909334182739258,11,2240.833333333333
2021-11-10 16:36:18,34.3670654296875,-5.909228801727295,11,2248.333333333333
2021-11-10 16:36:24,34.36720657348633,-5.909124851226807,10,2254.1666666666665
2021-11-10 16:36:30,34.36734771728516,-5.909022808074951,10,2258.333333333333
2021-11-10 16:36:36,34.367488861083984,-5.908919811248779,11,2264.1666666666665
2021-11-10 16:36:42,34.36763000488281,-5.908815860748291,11,2271.6666666666665
2021-11-10 16:36:48,34.36777114868164,-5.908711910247803,10,2277.5
2021-11-10 16:36:54,34.36791229248047,-5.9086079597473145,10,2281.6666666666665
2021-11-10 16:37:00,34.368045806884766,-5.908508777618408,10,2289.1666666666665
2021-11-10 16:37:06,34.36818313598633,-5.908409118652344,10,2295.833333333333
2021-11-10 16:37:12,34.36832046508789,-5.908307075500488,11,2302.5
2021-11-10 16:37:18,34.36846160888672,-5.90819787979126,10,2306.6666666666665
2021-11-10 16:37:24,34.368595123291016,-5.908102035522461,11,2314.1666666666665
2021-11-10 16:37:30,34.368736267089844,-5.908238887786865,11,2317.5
2021-11-10 16:37:36,34.36880874633789,-5.908420085906982,11,2321.6666666666665
2021-11-10 16:37:42,34.368873596191406,-5.908606052398682,12,2330.0
2021-11-10 16:37:48,34.36876678466797,-5.9087419509887695,10,2336.6666666666665
2021-11-10 16:37:54,34.36863327026367,-5.908848762512207,10,2340.833333333333
2021-11-10 16:38:00,34.36849594116211,-5.90895414352417,10,2347.5
2021-11-10 16:38:06,34.36835861206055,-5.909060001373291,10,2352.5
2021-11-10 16:38:12,34.36821746826172,-5.909162998199463,10,2360.0
2021-11-10 16:38:18,34.36808013916016,-5.909274101257324,11,2365.833333333333
2021-11-10 16:38:24,34.36794662475586,-5.909380912780762,10,2370.0
2021-11-10 16:38:30,34.3678092956543,-5.909485816955566,10,2377.5
2021-11-10 16:38:36,34.36767578125,-5.909591197967529,10,2381.6666666666665
2021-11-10 16:38:42,34.36753463745117,-5.909695148468018,10,2388.333333333333
2021-11-10 16:38:48,34.36739730834961,-5.909800052642822,10,2395.833333333333
2021-11-10 16:38:54,34.36725997924805,-5.909904956817627,10,2400.0
2021-11-10 16:39:00,34.367122650146484,-5.910009860992432,10,2406.6666666666665
2021-11-10 16:39:06,34.36698913574219,-5.910117149353027,11,2414.1666666666665
2021-11-10 16:39:12,34.366851806640625,-5.910223960876465,10,2418.333333333333
2021-11-10 16:39:18,34.36671447753906,-5.910330772399902,10,2424.1666666666665
2021-11-10 16:39:24,34.366580963134766,-5.910438060760498,10,2430.833333333333
2021-11-10 16:39:30,34.3664436340332,-5.910545825958252,11,2433.333333333333
2021-11-10 16:39:36,34.366310119628906,-5.9106550216674805,11,2443.333333333333
2021-11-10 16:39:42,34.366172790527344,-5.910768032073975,10,2449.1666666666665
2021-11-10 16:39:48,34.36603927612305,-5.9108757972717285,10,2453.333333333333
2021-11-10 16:39:54,34.36590576171875,-5.910984992980957,10,2460.0
2021-11-10 16:40:00,34.36576843261719,-5.911097049713135,10,2464.1666666666665
2021-11-10 16:40:06,34.36563491821289,-5.911205768585205,11,2471.6666666666665
2021-11-10 16:40:12,34.36546325683594,-5.911248207092285,11,2477.5
2021-11-10 16:40:18,34.365291595458984,-5.911269187927246,10,2483.333333333333
2021-11-10 16:40:24,34.36513137817383,-5.911310195922852,10,2489.1666666666665
2021-11-10 16:40:30,34.364967346191406,-5.911384105682373,11,2493.333333333333
2021-11-10 16:40:36,34.36481094360352,-5.91143798828125,11,2499.166666666667
2021-11-10 16:40:42,34.36465072631836,-5.911472797393799,11,2500.833333333333
2021-11-10 16:40:48,34.36450958251953,-5.911359786987305,10,2510.833333333333
2021-11-10 16:40:54,34.364471435546875,-5.911211967468262,11,2514.166666666667
2021-11-10 16:41:00,34.36460876464844,-5.911099910736084,11,2518.333333333333
2021-11-10 16:41:06,34.364749908447266,-5.910994052886963,10,2525.0
2021-11-10 16:41:12,34.364891052246094,-5.910886764526367,10,2530.833333333333
2021-11-10 16:41:18,34.36502456665039,-5.910775184631348,11,2537.5
2021-11-10 16:41:24,34.36516189575195,-5.910665988922119,11,2541.6666666666665
2021-11-10 16:41:30,34.36529922485352,-5.910552978515625,11,2548.333333333333
2021-11-10 16:41:36,34.36543655395508,-5.910441875457764,11,2556.6666666666665
2021-11-10 16:41:42,34.36557388305664,-5.910333156585693,11,2561.6666666666665
2021-11-10 16:41:48,34.3657112121582,-5.910222053527832,11,2569.1666666666665
2021-11-10 16:41:54,34.36585235595703,-5.910117149353027,11,2575.0
2021-11-10 16:42:00,34.36599349975586,-5.910015106201172,10,2582.5
2021-11-10 16:42:06,34.36612701416016,-5.909911155700684,10,2586.6666666666665
2021-11-10 16:42:12,34.36626052856445,-5.909803867340088,10,2594.1666666666665
2021-11-10 16:42:18,34.366397857666016,-5.909698963165283,10,2601.6666666666665
2021-11-10 16:42:24,34.36653518676758,-5.909594058990479,10,2605.833333333333
2021-11-10 16:42:30,34.366676330566406,-5.90948486328125,11,2612.5
2021-11-10 16:42:36,34.36681365966797,-5.909372806549072,11,2617.5
2021-11-10 16:42:42,34.3669548034668,-5.909264087677002,10,2625.833333333333
2021-11-10 16:42:48,34.36709213256836,-5.909159183502197,11,2632.5
2021-11-10 16:42:54,34.36723327636719,-5.909051895141602,10,2635.833333333333
2021-11-10 16:43:00,34.36737060546875,-5.908949851989746,10,2643.333333333333
2021-11-10 16:43:06,34.36751174926758,-5.908846855163574,10,2650.0
2021-11-10 16:43:12,34.367645263671875,-5.9087419509887695,10,2654.1666666666665
2021-11-10 16:43:18,34.36777114868164,-5.908618927001953,10,2661.6666666666665
2021-11-10 16:43:24,34.36791229248047,-5.908514976501465,10,2668.333333333333
2021-11-10 16:43:30,34.36805725097656,-5.908417224884033,10,2672.4999999999995
2021-11-10 16:43:36,34.36820602416992,-5.908318996429443,10,2679.166666666666
2021-11-10 16:43:42,34.368350982666016,-5.908218860626221,11,2685.0
2021-11-10 16:43:48,34.36849594116211,-5.908123016357422,10,2690.0
2021-11-10 16:43:54,34.36863327026367,-5.908074855804443,8,2694.1666666666665
2021-11-10 16:44:00,34.36860656738281,-5.90817403793335,11,2700.0
2021-11-10 16:44:06,34.36844253540039,-5.908209800720215,10,2705.0
2021-11-10 16:44:12,34.368289947509766,-5.908300876617432,11,2711.6666666666665
2021-11-10 16:44:18,34.36814498901367,-5.90841007232666,11,2716.6666666666665
2021-11-10 16:44:24,34.36799621582031,-5.908515930175781,11,2724.1666666666665
2021-11-10 16:44:30,34.36785125732422,-5.908623218536377,11,2730.833333333333
2021-11-10 16:44:36,34.367698669433594,-5.908717155456543,11,2737.5
2021-11-10 16:44:42,34.36753845214844,-5.908812999725342,11,2742.5
2021-11-10 16:44:48,34.367393493652344,-5.908915996551514,11,2751.6666666666665
2021-11-10 16:44:54,34.36724090576172,-5.909016132354736,11,2755.833333333333
2021-11-10 16:45:00,34.36709213256836,-5.909121036529541,11,2762.4999999999995
2021-11-10 16:45:06,34.366947174072266,-5.909224987030029,11,2769.9999999999995
2021-11-10 16:45:12,34.36680221557617,-5.909327983856201,11,2774.166666666666
2021-11-10 16:45:18,34.366661071777344,-5.909434795379639,11,2781.6666666666665
2021-11-10 16:45:24,34.36651992797852,-5.909540176391602,11,2788.333333333333
2021-11-10 16:45:30,34.36637878417969,-5.909642219543457,11,2794.1666666666665
2021-11-10 16:45:36,34.36623764038086,-5.909745216369629,10,2800.0
2021-11-10 16:45:42,34.366092681884766,-5.909852027893066,10,2804.1666666666665
2021-11-10 16:45:48,34.36595153808594,-5.909955024719238,11,2814.1666666666665
2021-11-10 16:45:54,34.36581039428711,-5.91005802154541,11,2820.833333333333
2021-11-10 16:46:00,34.365665435791016,-5.910159111022949,11,2825.0
2021-11-10 16:46:06,34.36552810668945,-5.910264015197754,10,2829.166666666667
2021-11-10 16:46:12,34.365386962890625,-5.910371780395508,11,2838.333333333333
2021-11-10 16:46:18,34.3652458190918,-5.91047477722168,10,2844.166666666667
2021-11-10 16:46:24,34.3651008605957,-5.910577774047852,10,2848.333333333333
2021-11-10 16:46:30,34.364959716796875,-5.910683155059815,10,2855.833333333333
2021-11-10 16:46:36,34.36481857299805,-5.910782814025879,11,2859.166666666667
2021-11-10 16:46:42,34.36467361450195,-5.910883903503418,11,2865.0
2021-11-10 16:46:48,34.364532470703125,-5.910988807678223,11,2869.166666666667
2021-11-10 16:46:54,34.36438751220703,-5.911093235015869,11,2876.6666666666665
2021-11-10 16:47:00,34.36424255371094,-5.91119909286499,11,2881.6666666666665
2021-11-10 16:47:06,34.364097595214844,-5.911303043365479,10,2885.0
2021-11-10 16:47:12,34.36396026611328,-5.911405086517334,10,2893.333333333333
2021-11-10 16:47:18,34.36382293701172,-5.911509990692139,11,2900.833333333333
2021-11-10 16:47:24,34.36368179321289,-5.911612987518311,10,2904.1666666666665
2021-11-10 16:47:30,34.36354446411133,-5.911715030670166,10,2910.833333333333
2021-11-10 16:47:36,34.363407135009766,-5.911815166473389,10,2918.333333333333
2021-11-10 16:47:42,34.3632698059082,-5.9119157791137695,10,2922.5
2021-11-10 16:47:48,34.36313247680664,-5.912018775939941,10,2929.1666666666665
2021-11-10 16:47:54,34.36299514770508,-5.912125110626221,10,2933.333333333333
2021-11-10 16:48:00,34.36286544799805,-5.912231922149658,10,2939.1666666666665
2021-11-10 16:48:06,34.36274337768555,-5.912322998046875,6,2946.6666666666665
2021-11-10 16:48:12,34.362735748291016,-5.912326812744141,0,2952.5
2021-11-10 16:48:18,34.36273956298828,-5.912324905395508,0,2959.1666666666665
2021-11-10 16:48:24,34.36273956298828,-5.912324905395508,0,2960.833333333333
2021-11-10 16:48:30,34.36273956298828,-5.912324905395508,0,2966.6666666666665
2021-11-10 16:48:36,34.36273956298828,-5.912324905395508,0,2970.833333333333
2021-11-10 16:48:42,34.36273956298828,-5.912324905395508,0,2975.0
2021-11-10 16:48:48,34.36263656616211,-5.912339210510254,2,2981.6666666666665
2021-11-10 16:48:54,34.36263656616211,-5.91234016418457,0,2984.1666666666665
2021-11-10 16:49:00,34.36263656616211,-5.912339210510254,0,2988.333333333333
2021-11-10 16:49:06,34.36263656616211,-5.912339210510254,0,2993.333333333333
2021-11-10 16:49:12,34.36259841918945,-5.91221284866333,12,3000.833333333333
2021-11-10 16:49:18,34.36274337768555,-5.912248134613037,11,3005.0
2021-11-10 16:49:24,34.362728118896484,-5.912424087524414,12,3010.833333333333
2021-11-10 16:49:30,34.3626594543457,-5.912301063537598,10,3016.666666666667
2021-11-10 16:49:36,34.36280822753906,-5.912193775177002,11,3021.666666666667
2021-11-10 16:49:42,34.36294937133789,-5.912077903747559,11,3028.333333333333
2021-11-10 16:49:48,34.36309814453125,-5.911960124969482,11,3035.833333333333
2021-11-10 16:49:54,34.36324691772461,-5.911853790283203,11,3045.0
2021-11-10 16:50:00,34.3633918762207,-5.911739826202393,11,3052.5
2021-11-10 16:50:06,34.36354446411133,-5.911635875701904,11,3060.0
2021-11-10 16:50:12,34.36368942260742,-5.911530017852783,11,3065.0
2021-11-10 16:50:18,34.36383819580078,-5.911418914794922,11,3073.333333333333
2021-11-10 16:50:24,34.363990783691406,-5.9113078117370605,11,3080.833333333333
2021-11-10 16:50:30,34.36414337158203,-5.911194801330566,11,3089.166666666667
2021-11-10 16:50:36,34.36429214477539,-5.911086082458496,11,3095.833333333333
2021-11-10 16:50:42,34.364444732666016,-5.910971164703369,11,3100.0
2021-11-10 16:50:48,34.36459732055664,-5.910862922668457,11,3108.333333333333
2021-11-10 16:50:54,34.364749908447266,-5.910747051239014,11,3115.0
2021-11-10 16:51:00,34.364898681640625,-5.910635948181152,11,3121.6666666666665
2021-11-10 16:51:06,34.365047454833984,-5.910528182983398,11,3126.6666666666665
2021-11-10 16:51:12,34.36520004272461,-5.91042423248291,11,3135.0
2021-11-10 16:51:18,34.36533737182617,-5.910319805145264,10,3140.833333333333
2021-11-10 16:51:24,34.3654670715332,-5.910219192504883,11,3145.0
2021-11-10 16:51:30,34.3656120300293,-5.910116195678711,11,3152.5
2021-11-10 16:51:36,34.365760803222656,-5.910016059875488,11,3157.5
2021-11-10 16:51:42,34.36590576171875,-5.909910202026367,11,3165.0
2021-11-10 16:51:48,34.366050720214844,-5.909808158874512,11,3171.6666666666665
2021-11-10 16:51:54,34.36619567871094,-5.909698009490967,11,3175.833333333333
2021-11-10 16:52:00,34.3663444519043,-5.9095869064331055,11,3184.1666666666665
2021-11-10 16:52:06,34.366493225097656,-5.909480094909668,11,3190.833333333333
2021-11-10 16:52:12,34.36666488647461,-5.909354209899902,11,3197.5
2021-11-10 16:52:18,34.366817474365234,-5.909253120422363,11,3205.833333333333
2021-11-10 16:52:24,34.36697006225586,-5.909151077270508,11,3211.6666666666665
2021-11-10 16:52:30,34.367122650146484,-5.909052848815918,11,3219.166666666667
2021-11-10 16:52:36,34.367271423339844,-5.9089531898498535,11,3225.833333333333
2021-11-10 16:52:42,34.3674201965332,-5.908851146697998,11,3230.0
2021-11-10 16:52:48,34.36757278442383,-5.908748149871826,11,3235.833333333333
2021-11-10 16:52:54,34.36772155761719,-5.908648014068604,11,3244.166666666667
2021-11-10 16:53:00,34.367881774902344,-5.908629894256592,11,3250.833333333333
2021-11-10 16:53:06,34.36779022216797,-5.908751964569092,11,3255.0
2021-11-10 16:53:12,34.36762619018555,-5.908811092376709,11,3260.833333333333
2021-11-10 16:53:18,34.367469787597656,-5.90889310836792,11,3266.666666666667
2021-11-10 16:53:24,34.36731719970703,-5.908981800079346,11,3274.166666666667
2021-11-10 16:53:30,34.367191314697266,-5.9090681076049805,11,3278.333333333333
2021-11-10 16:53:36,34.367042541503906,-5.909175872802734,11,3285.0
2021-11-10 16:53:42,34.36689376831055,-5.90928316116333,11,3289.166666666667
2021-11-10 16:53:48,34.36674880981445,-5.909389972686768,11,3297.5
2021-11-10 16:53:54,34.36660385131836,-5.90949821472168,11,3301.666666666667
2021-11-10 16:54:00,34.366458892822266,-5.909605979919434,11,3310.833333333333
2021-11-10 16:54:06,34.36631393432617,-5.909709930419922,10,3318.333333333333
2021-11-10 16:54:12,34.36616897583008,-5.90981912612915,11,3321.6666666666665
2021-11-10 16:54:18,34.366024017333984,-5.909924030303955,11,3327.5
2021-11-10 16:54:24,34.36587905883789,-5.91002893447876,11,3332.5
2021-11-10 16:54:30,34.36573791503906,-5.910134792327881,11,3340.0
2021-11-10 16:54:36,34.36559295654297,-5.91024112701416,11,3346.6666666666665
2021-11-10 16:54:42,34.365455627441406,-5.910346984863281,11,3353.333333333333
2021-11-10 16:54:48,34.36531066894531,-5.910449028015137,10,3356.6666666666665
2021-11-10 16:54:54,34.36517333984375,-5.910552024841309,10,3365.0
2021-11-10 16:55:00,34.365028381347656,-5.91064977645874,11,3370.0
2021-11-10 16:55:06,34.36488723754883,-5.910754203796387,10,3377.5
2021-11-10 16:55:12,34.36474609375,-5.910858154296875,11,3381.6666666666665
2021-11-10 16:55:18,34.36460494995117,-5.910964012145996,11,3390.0
2021-11-10 16:55:24,34.364463806152344,-5.911067008972168,11,3395.833333333333
2021-11-10 16:55:30,34.36431884765625,-5.911171913146973,11,3399.1666666666665
2021-11-10 16:55:36,34.36417770385742,-5.911279201507568,11,3405.833333333333
2021-11-10 16:55:42,34.36403274536133,-5.911384105682373,11,3412.5
2021-11-10 16:55:48,34.3638916015625,-5.911489009857178,10,3416.6666666666665
2021-11-10 16:55:54,34.36375045776367,-5.911593914031982,11,3421.6666666666665
2021-11-10 16:56:00,34.363609313964844,-5.911698818206787,10,3423.333333333333
2021-11-10 16:56:06,34.363468170166016,-5.91179895401001,10,3435.0
2021-11-10 16:56:12,34.363189697265625,-5.912003040313721,10,3440.0
2021-11-10 16:56:18,34.3630485534668,-5.912110805511475,11,3453.333333333333
2021-11-10 16:56:24,34.3629150390625,-5.912219047546387,10,3459.1666666666665
2021-11-10 16:56:30,34.36277770996094,-5.912323951721191,10,3466.6666666666665
2021-11-10 16:56:36,34.362632751464844,-5.912354946136475,11,3470.833333333333
2021-11-10 16:56:42,34.36271286010742,-5.912221908569336,11,3478.333333333333
2021-11-10 16:56:48,34.362850189208984,-5.912106990814209,10,3485.0
2021-11-10 16:56:54,34.36298370361328,-5.912000179290772,10,3489.1666666666665
2021-11-10 16:57:00,34.363121032714844,-5.911892890930176,10,3496.6666666666665
2021-11-10 16:57:06,34.36326217651367,-5.91179084777832,10,3503.333333333333
2021-11-10 16:57:12,34.363399505615234,-5.911685943603516,10,3507.4999999999995
2021-11-10 16:57:18,34.36354446411133,-5.911588191986084,10,3515.0
2021-11-10 16:57:24,34.36368560791016,-5.911482810974121,10,3521.6666666666665
2021-11-10 16:57:30,34.36382293701172,-5.91138219833374,10,3527.5
2021-11-10 16:57:36,34.36396789550781,-5.911273002624512,11,3533.333333333333
2021-11-10 16:57:42,34.364112854003906,-5.911167144775391,10,3537.5
2021-11-10 16:57:48,34.364253997802734,-5.911060810089111,10,3544.1666666666665
2021-11-10 16:57:54,34.36439514160156,-5.910952091217041,11,3550.0
2021-11-10 16:58:00,34.364532470703125,-5.910847187042236,10,3554.1666666666665
2021-11-10 16:58:06,34.36467361450195,-5.910745143890381,11,3560.0
2021-11-10 16:58:12,34.36481857299805,-5.910644054412842,10,3568.333333333333
2021-11-10 16:58:18,34.364959716796875,-5.910534858703613,10,3572.5
2021-11-10 16:58:24,34.3651008605957,-5.910432815551758,10,3578.333333333333
2021-11-10 16:58:30,34.36524200439453,-5.9103288650512695,11,3585.0
2021-11-10 16:58:36,34.36538314819336,-5.910223007202148,10,3590.833333333333
2021-11-10 16:58:42,34.36540222167969,-5.910208225250244,0,3594.166666666667
2021-11-10 16:58:48,34.36540222167969,-5.910204887390137,0,3595.0
2021-11-10 16:58:54,34.36540222167969,-5.910205841064453,0,3595.833333333333
2021-11-10 16:59:00,34.36540222167969,-5.910205841064453,0,3597.5
2021-11-10 16:59:06,34.36540222167969,-5.910205841064453,0,3605.0
2021-11-10 16:59:12,34.36540222167969,-5.910205841064453,0,3605.833333333333
2021-11-10 16:59:18,34.36540222167969,-5.910205841064453,0,3610.0
2021-11-10 16:59:24,34.36540222167969,-5.910205841064453,0,3615.0
2021-11-10 16:59:30,34.365501403808594,-5.910137176513672,10,3623.333333333333
2021-11-10 16:59:36,34.36563873291016,-5.910037994384766,11,3630.0
2021-11-10 16:59:42,34.36578369140625,-5.909934043884277,11,3634.1666666666665
2021-11-10 16:59:48,34.365936279296875,-5.909835815429688,11,3640.833333333333
2021-11-10 16:59:54,34.366085052490234,-5.909735202789307,11,3645.0
2021-11-10 17:00:00,34.366233825683594,-5.9096360206604,11,3654.1666666666665
2021-11-10 17:00:06,34.36637878417969,-5.909532070159912,11,3658.333333333333
2021-11-10 17:00:12,34.36653137207031,-5.909430027008057,11,3665.0
2021-11-10 17:00:18,34.36665725708008,-5.90946102142334,11,3673.333333333333
2021-11-10 17:00:24,34.36653518676758,-5.909584999084473,11,3676.6666666666665
2021-11-10 17:00:30,34.36638259887695,-5.909681797027588,11,3683.333333333333
2021-11-10 17:00:36,34.366241455078125,-5.909792900085449,11,3690.0
2021-11-10 17:00:42,34.36609649658203,-5.909904956817627,11,3694.1666666666665
2021-11-10 17:00:48,34.36595153808594,-5.910013198852539,11,3700.0
2021-11-10 17:00:54,34.365806579589844,-5.910120010375977,11,3706.6666666666665
2021-11-10 17:01:00,34.36566162109375,-5.910226821899414,11,3715.0
2021-11-10 17:01:06,34.365516662597656,-5.910336971282959,10,3720.0
2021-11-10 17:01:12,34.36537551879883,-5.910436153411865,11,3726.6666666666665
2021-11-10 17:01:18,34.365234375,-5.910543918609619,11,3732.5
2021-11-10 17:01:24,34.36509323120117,-5.910644054412842,11,3740.0
2021-11-10 17:01:30,34.364952087402344,-5.910747051239014,11,3745.0
2021-11-10 17:01:36,34.36481094360352,-5.910844802856445,10,3753.333333333333
2021-11-10 17:01:42,34.36466598510742,-5.910947799682617,11,3756.6666666666665
2021-11-10 17:01:48,34.364524841308594,-5.911052227020264,10,3762.5
2021-11-10 17:01:54,34.364383697509766,-5.911159992218018,11,3770.833333333333
2021-11-10 17:02:00,34.36423873901367,-5.911269187927246,11,3776.6666666666665
2021-11-10 17:02:06,34.364097595214844,-5.911368846893311,10,3780.0
2021-11-10 17:02:12,34.36396026611328,-5.911471843719482,10,3783.333333333333
2021-11-10 17:02:18,34.36381912231445,-5.911573886871338,11,3793.333333333333
2021-11-10 17:02:24,34.363677978515625,-5.91167688369751,11,3799.166666666666
2021-11-10 17:02:30,34.3635368347168,-5.9117841720581055,10,3805.833333333333
2021-11-10 17:02:36,34.36339569091797,-5.911884784698486,10,3810.0
2021-11-10 17:02:42,34.363258361816406,-5.911987781524658,11,3815.833333333333
2021-11-10 17:02:48,34.36311721801758,-5.912095069885254,11,3819.166666666666
2021-11-10 17:02:54,34.362979888916016,-5.912205219268799,10,3826.6666666666665
2021-11-10 17:03:00,34.36284255981445,-5.912319183349609,10,3834.166666666666
2021-11-10 17:03:06,34.36271667480469,-5.9124298095703125,10,3837.5
2021-11-10 17:03:12,34.36259841918945,-5.912321090698242,10,3844.166666666666
2021-11-10 17:03:18,34.36267852783203,-5.91218900680542,11,3850.0
2021-11-10 17:03:24,34.36281967163086,-5.912075996398926,10,3855.833333333333
2021-11-10 17:03:30,34.36295700073242,-5.911961078643799,10,3859.1666666666665
2021-11-10 17:03:36,34.363094329833984,-5.911856174468994,11,3866.6666666666665
2021-11-10 17:03:42,34.36323928833008,-5.911756038665772,11,3872.5
2021-11-10 17:03:48,34.363380432128906,-5.911653995513916,10,3878.333333333333
2021-11-10 17:03:54,34.363521575927734,-5.911553859710693,10,3884.1666666666665
2021-11-10 17:04:00,34.36366653442383,-5.911447048187256,10,3892.5
2021-11-10 17:04:06,34.363807678222656,-5.911341190338135,11,3898.333333333333
2021-11-10 17:04:12,34.363948822021484,-5.911233901977539,11,3903.3333333333335
2021-11-10 17:04:18,34.36409378051758,-5.911125183105469,11,3910.8333333333335
2021-11-10 17:04:24,34.36423873901367,-5.91101598739624,11,3917.5
2021-11-10 17:04:30,34.364383697509766,-5.910904884338379,11,3924.166666666666
2021-11-10 17:04:36,34.364532470703125,-5.910799026489258,10,3927.5
2021-11-10 17:04:42,34.36467742919922,-5.910696983337402,11,3934.166666666666
2021-11-10 17:04:48,34.36482620239258,-5.910593986511231,11,3940.0
2021-11-10 17:04:54,34.36497497558594,-5.910494804382324,11,3946.6666666666665
2021-11-10 17:05:00,34.36512756347656,-5.910402774810791,11,3950.833333333333
2021-11-10 17:05:06,34.36526870727539,-5.910484790802002,12,3957.5
2021-11-10 17:05:12,34.365169525146484,-5.91063404083252,11,3960.833333333333
2021-11-10 17:05:18,34.36503219604492,-5.910729885101318,10,3967.5
2021-11-10 17:05:24,34.36489486694336,-5.910833835601807,10,3974.1666666666665
2021-11-10 17:05:30,34.3647575378418,-5.910943031311035,10,3979.1666666666665
2021-11-10 17:05:36,34.36461639404297,-5.911040782928467,10,3985.0
2021-11-10 17:05:42,34.36447525024414,-5.911141872406006,11,3992.5
2021-11-10 17:05:48,34.36431884765625,-5.91123104095459,11,3998.3333333333335
2021-11-10 17:05:54,34.36418151855469,-5.911344051361084,11,4001.6666666666665
2021-11-10 17:06:00,34.364044189453125,-5.911457061767578,10,4007.5
2021-11-10 17:06:06,34.36391067504883,-5.911559104919434,10,4013.3333333333335
2021-11-10 17:06:12,34.363773345947266,-5.911657810211182,10,4020.8333333333335
2021-11-10 17:06:18,34.3636474609375,-5.911787033081055,11,4024.1666666666665
2021-11-10 17:06:24,34.36351013183594,-5.911911010742188,11,4030.0
2021-11-10 17:06:30,34.363372802734375,-5.912031173706055,11,4036.6666666666665
2021-11-10 17:06:36,34.36323928833008,-5.912145137786865,10,4040.0
2021-11-10 17:06:42,34.36310577392578,-5.912262916564941,11,4046.6666666666665
2021-11-10 17:06:48,34.36296844482422,-5.912375926971436,10,4052.5
2021-11-10 17:06:54,34.36283493041992,-5.91249418258667,10,4058.3333333333335
2021-11-10 17:07:00,34.3626823425293,-5.912477016448975,10,4063.3333333333335
2021-11-10 17:07:06,34.36259460449219,-5.9123148918151855,10,4067.500000000001
2021-11-10 17:07:12,34.36263656616211,-5.91216516494751,11,4074.166666666667
2021-11-10 17:07:18,34.36278533935547,-5.912047863006592,10,4080.000000000001
2021-11-10 17:07:24,34.3629150390625,-5.911945819854736,10,4085.000000000001
2021-11-10 17:07:30,34.36305618286133,-5.911847114562988,10,4090.8333333333335
2021-11-10 17:07:36,34.36319351196289,-5.911747932434082,10,4097.5
2021-11-10 17:07:42,34.36332702636719,-5.911645889282227,10,4101.666666666666
2021-11-10 17:07:48,34.363468170166016,-5.911548137664795,11,4107.5
2021-11-10 17:07:54,34.363609313964844,-5.91144323348999,10,4114.166666666666
2021-11-10 17:08:00,34.363746643066406,-5.911343097686768,10,4120.0
2021-11-10 17:08:06,34.363887786865234,-5.911239147186279,10,4124.166666666666
2021-11-10 17:08:12,34.36402893066406,-5.911139965057373,11,4130.0
2021-11-10 17:08:18,34.36417388916016,-5.911045074462891,10,4137.5
2021-11-10 17:08:24,34.3642692565918,-5.911170959472656,12,4140.833333333334
2021-11-10 17:08:30,34.36418914794922,-5.911351203918457,11,4147.5
2021-11-10 17:08:36,34.36405944824219,-5.911466121673584,10,4152.5
2021-11-10 17:08:42,34.36392593383789,-5.911581993103027,10,4156.666666666667
2021-11-10 17:08:48,34.363800048828125,-5.911697864532471,10,4163.333333333333
2021-11-10 17:08:54,34.36367416381836,-5.911825180053711,10,4170.0
2021-11-10 17:09:00,34.36354064941406,-5.911943912506104,10,4173.333333333333
2021-11-10 17:09:06,34.36341094970703,-5.912059783935547,10,4180.833333333333
2021-11-10 17:09:12,34.36328125,-5.912174224853516,10,4184.166666666667
2021-11-10 17:09:18,34.36315155029297,-5.912288188934326,10,4191.666666666667
2021-11-10 17:09:24,34.36301803588867,-5.912399768829346,10,4197.5
2021-11-10 17:09:30,34.36288833618164,-5.912511825561523,10,4200.833333333334
2021-11-10 17:09:36,34.36274337768555,-5.912569999694824,11,4207.5
2021-11-10 17:09:42,34.36264419555664,-5.912415027618408,10,4212.5
2021-11-10 17:09:48,34.36256790161133,-5.912243843078613,10,4219.166666666667
2021-11-10 17:09:54,34.36266326904297,-5.912100791931152,10,4222.5
2021-11-10 17:10:00,34.362796783447266,-5.911987781524658,10,4229.166666666667
2021-11-10 17:10:06,34.3629264831543,-5.911880016326904,10,4235.0
2021-11-10 17:10:12,34.363067626953125,-5.911774158477783,10,4241.666666666666
2021-11-10 17:10:18,34.36320495605469,-5.911675930023193,10,4245.0
2021-11-10 17:10:24,34.36333084106445,-5.91158390045166,9,4250.0
2021-11-10 17:10:30,34.36346435546875,-5.9114909172058105,10,4255.833333333334
2021-11-10 17:10:36,34.36361312866211,-5.911424160003662,11,4259.166666666666
2021-11-10 17:10:42,34.36372375488281,-5.911561012268066,10,4265.833333333334
2021-11-10 17:10:48,34.3636589050293,-5.911728858947754,11,4271.666666666666
2021-11-10 17:10:54,34.363521575927734,-5.911849021911621,11,4277.5
2021-11-10 17:11:00,34.363380432128906,-5.911953926086426,11,4280.833333333334
2021-11-10 17:11:06,34.36323928833008,-5.912062168121338,11,4284.166666666666
2021-11-10 17:11:12,34.36310195922852,-5.912172794342041,11,4292.5
2021-11-10 17:11:18,34.36296081542969,-5.912290096282959,11,4298.333333333334
2021-11-10 17:11:24,34.362831115722656,-5.912414073944092,11,4303.333333333334
2021-11-10 17:11:30,34.36267852783203,-5.912423133850098,11,4310.0
2021-11-10 17:11:36,34.362579345703125,-5.912261009216309,11,4316.666666666666
2021-11-10 17:11:42,34.36261749267578,-5.9120941162109375,11,4323.333333333334
2021-11-10 17:11:48,34.36275863647461,-5.91197681427002,11,4329.166666666667
2021-11-10 17:11:54,34.36289596557617,-5.912063121795654,11,4333.333333333334
2021-11-10 17:12:00,34.362972259521484,-5.912239074707031,11,4340.0
2021-11-10 17:12:06,34.36298751831055,-5.912428855895996,11,4345.833333333334
2021-11-10 17:12:12,34.36286544799805,-5.91257905960083,11,4353.333333333334
2021-11-10 17:12:18,34.36272048950195,-5.912582874298096,12,4356.666666666667
2021-11-10 17:12:24,34.36281967163086,-5.912444114685059,11,4361.666666666667
2021-11-10 17:12:30,34.36296463012695,-5.912315845489502,11,4369.166666666667
2021-11-10 17:12:36,34.36311340332031,-5.912199020385742,11,4378.333333333334
2021-11-10 17:12:42,34.363258361816406,-5.912082195281982,11,4382.5
2021-11-10 17:12:48,34.363407135009766,-5.911965847015381,11,4390.833333333334
2021-11-10 17:12:54,34.36353302001953,-5.911828994750977,11,4396.666666666667
2021-11-10 17:13:00,34.36365509033203,-5.911739826202393,11,4402.5
2021-11-10 17:13:06,34.36359786987305,-5.911908149719238,11,4407.5
2021-11-10 17:13:12,34.36346435546875,-5.912038803100586,11,4415.833333333334
2021-11-10 17:13:18,34.363338470458984,-5.91216516494751,11,4419.166666666667
2021-11-10 17:13:24,34.36320114135742,-5.912292957305908,10,4426.666666666667
2021-11-10 17:13:30,34.363059997558594,-5.912413120269775,11,4434.166666666667
2021-11-10 17:13:36,34.362945556640625,-5.912548065185547,11,4440.0
2021-11-10 17:13:42,34.36281967163086,-5.912683963775635,11,4445.0
2021-11-10 17:13:48,34.362728118896484,-5.91257905960083,9,4450.0
2021-11-10 17:13:54,34.36282730102539,-5.912426948547363,11,4455.833333333334
2021-11-10 17:14:00,34.36295700073242,-5.912290096282959,11,4461.666666666667
2021-11-10 17:14:06,34.36310195922852,-5.912186145782471,11,4465.0
2021-11-10 17:14:12,34.363162994384766,-5.912327766418457,12,4471.666666666666
2021-11-10 17:14:18,34.36302947998047,-5.912457942962647,11,4477.5
2021-11-10 17:14:24,34.36289978027344,-5.912596225738525,11,4483.333333333333
2021-11-10 17:14:30,34.36274337768555,-5.91264009475708,10,4488.333333333333
2021-11-10 17:14:36,34.36265182495117,-5.912468910217285,11,4493.333333333333
2021-11-10 17:14:42,34.36257553100586,-5.912295818328857,10,4499.166666666666
2021-11-10 17:14:48,34.362525939941406,-5.9121270179748535,9,4505.0
2021-11-10 17:14:54,34.362667083740234,-5.91203498840332,11,4509.166666666666
2021-11-10 17:15:00,34.36281204223633,-5.911933898925781,10,4514.166666666666
2021-11-10 17:15:06,34.36295700073242,-5.911832809448242,11,4519.166666666666
2021-11-10 17:15:12,34.36310195922852,-5.9117279052734375,10,4526.666666666666
2021-11-10 17:15:18,34.363224029541016,-5.911643981933594,9,4530.0
2021-11-10 17:15:24,34.36334609985352,-5.911564826965332,9,4535.0
2021-11-10 17:15:30,34.36347198486328,-5.911481857299805,9,4543.333333333333
2021-11-10 17:15:36,34.36359786987305,-5.911395072937012,9,4547.5
2021-11-10 17:15:42,34.36372756958008,-5.911313056945801,9,4553.333333333333
2021-11-10 17:15:48,34.363853454589844,-5.911230087280273,9,4555.833333333333
2021-11-10 17:15:54,34.36398696899414,-5.911142826080322,9,4561.666666666666
2021-11-10 17:16:00,34.36411666870117,-5.911056041717529,10,4565.833333333333
2021-11-10 17:16:06,34.36425018310547,-5.910966873168945,10,4570.0
2021-11-10 17:16:12,34.3643798828125,-5.910882949829102,9,4572.5
2021-11-10 17:16:18,34.3645133972168,-5.910791873931885,9,4578.333333333333
2021-11-10 17:16:24,34.36465072631836,-5.910700798034668,10,4583.333333333333
2021-11-10 17:16:30,34.364776611328125,-5.910616874694824,9,4588.333333333334
2021-11-10 17:16:36,34.36489486694336,-5.910531997680664,8,4591.666666666666
2021-11-10 17:16:42,34.365013122558594,-5.910453796386719,8,4597.5
2021-11-10 17:16:48,34.3651237487793,-5.91038179397583,7,4604.166666666666
2021-11-10 17:16:54,34.36520767211914,-5.910317897796631,1,4612.5
2021-11-10 17:17:00,34.36520767211914,-5.910314083099365,0,4615.0
2021-11-10 17:17:06,34.36520767211914,-5.910312175750732,0,4615.833333333334
2021-11-10 17:17:12,34.36520767211914,-5.910312175750732,0,4617.5
2021-11-10 17:17:18,34.36520767211914,-5.910312175750732,0,4623.333333333334
2021-11-10 17:17:24,34.36520767211914,-5.910312175750732,0,4632.5
2021-11-10 17:17:30,34.36520767211914,-5.910312175750732,0,4641.666666666666
2021-11-10 17:17:36,34.36520767211914,-5.910312175750732,0,4649.166666666666
2021-11-10 17:17:42,34.36520767211914,-5.910312175750732,0,4653.333333333333
2021-11-10 17:17:48,34.36520767211914,-5.910312175750732,0,4655.0
2021-11-10 17:17:54,34.36520767211914,-5.910312175750732,0,4655.833333333333
2021-11-10 17:18:00,34.36520767211914,-5.910312175750732,0,4656.666666666666
2021-11-10 17:18:06,34.36520767211914,-5.910312175750732,0,4661.666666666667
2021-11-10 17:18:12,34.36520767211914,-5.910312175750732,0,4669.166666666667
2021-11-10 17:18:18,34.36520767211914,-5.910312175750732,0,4670.833333333334
2021-11-10 17:18:24,34.36520767211914,-5.910312175750732,0,4675.0
2021-11-10 17:18:30,34.36520767211914,-5.910312175750732,0,4680.833333333334
2021-11-10 17:18:36,34.36520767211914,-5.910312175750732,0,4686.666666666667
2021-11-10 17:18:42,34.36520767211914,-5.910312175750732,0,4693.333333333334
2021-11-10 17:18:48,34.36520767211914,-5.910312175750732,0,4694.166666666667
2021-11-10 17:18:54,34.36520767211914,-5.910312175750732,0,4700.833333333334
2021-11-10 17:19:00,34.36520767211914,-5.910312175750732,0,4703.333333333334
2021-11-10 17:19:06,34.36520767211914,-5.910312175750732,0,4708.333333333334
2021-11-10 17:19:12,34.36520767211914,-5.910312175750732,0,4711.666666666667
2021-11-10 17:19:18,34.36520767211914,-5.910312175750732,0,4715.0
2021-11-10 17:19:24,34.36520767211914,-5.910312175750732,0,4719.166666666667
2021-11-10 17:19:30,34.36520767211914,-5.910312175750732,0,4723.333333333334
2021-11-10 17:19:36,34.36520767211914,-5.910312175750732,0,4728.333333333334
2021-11-10 17:19:42,34.36520767211914,-5.910312175750732,0,4733.333333333333
2021-11-10 17:19:48,34.36520767211914,-5.910312175750732,0,4737.5
2021-11-10 17:19:54,34.36520767211914,-5.910312175750732,0,4741.666666666667
2021-11-10 17:20:00,34.36520767211914,-5.910312175750732,0,4745.833333333333
2021-11-10 17:20:06,34.36520767211914,-5.910312175750732,0,4751.666666666667
2021-11-10 17:20:12,34.36520767211914,-5.910312175750732,0,4756.666666666667
2021-11-10 17:20:18,34.36520767211914,-5.910312175750732,0,4760.833333333333
2021-11-10 17:20:24,34.36520767211914,-5.910312175750732,0,4767.5
2021-11-10 17:20:30,34.36520767211914,-5.910312175750732,0,4772.5
2021-11-10 17:20:36,34.36520767211914,-5.910312175750732,0,4774.166666666666
2021-11-10 17:20:42,34.36520767211914,-5.910312175750732,0,4778.333333333333
2021-11-10 17:20:48,34.36520767211914,-5.910312175750732,0,4785.0
2021-11-10 17:20:54,34.36520767211914,-5.910312175750732,0,4790.833333333333
2021-11-10 17:21:00,34.36520767211914,-5.910312175750732,0,4795.833333333333
2021-11-10 17:21:06,34.36520767211914,-5.910312175750732,0,4800.833333333333
2021-11-10 17:21:12,34.36520767211914,-5.910312175750732,0,4806.666666666666
2021-11-10 17:21:18,34.36520767211914,-5.910312175750732,0,4810.833333333333
2021-11-10 17:21:24,34.36520767211914,-5.910312175750732,0,4814.166666666666
2021-11-10 17:21:30,34.36520767211914,-5.910312175750732,0,4820.0
2021-11-10 17:21:36,34.36520767211914,-5.910312175750732,0,4823.333333333333
2021-11-10 17:21:42,34.36520767211914,-5.910312175750732,0,4831.666666666666
2021-11-10 17:21:48,34.36520767211914,-5.910312175750732,0,4835.0
2021-11-10 17:21:54,34.36520767211914,-5.910312175750732,0,4840.833333333334
2021-11-10 17:22:00,34.36520767211914,-5.910312175750732,0,4845.833333333334
2021-11-10 17:22:06,34.36520767211914,-5.910312175750732,0,4850.833333333333
2021-11-10 17:22:12,34.36520767211914,-5.910312175750732,0,4854.166666666666
2021-11-10 17:22:18,34.36520767211914,-5.910312175750732,0,4862.5
2021-11-10 17:22:24,34.36520767211914,-5.910312175750732,0,4868.333333333333
2021-11-10 17:22:30,34.36520767211914,-5.910312175750732,0,4870.833333333333
2021-11-10 17:22:36,34.36520767211914,-5.910312175750732,0,4876.666666666666
2021-11-10 17:22:42,34.36520767211914,-5.910312175750732,0,4880.833333333333
2021-11-10 17:22:48,34.36520767211914,-5.910312175750732,0,4886.666666666666
2021-11-10 17:22:54,34.36520767211914,-5.910312175750732,0,4893.333333333334
2021-11-10 17:23:00,34.36520767211914,-5.910312175750732,0,4896.666666666666
2021-11-10 17:23:06,34.36520767211914,-5.910312175750732,0,4902.5
2021-11-10 17:23:12,34.36520767211914,-5.910312175750732,0,4907.5
2021-11-10 17:23:18,34.36520767211914,-5.910312175750732,0,4909.166666666666
2021-11-10 17:23:24,34.36520767211914,-5.910312175750732,0,4915.0
2021-11-10 17:23:30,34.36520767211914,-5.910312175750732,0,4920.0
2021-11-10 17:23:36,34.36520767211914,-5.910312175750732,0,4924.166666666666
2021-11-10 17:23:42,34.36520767211914,-5.910312175750732,0,4930.833333333334
2021-11-10 17:23:48,34.36520767211914,-5.910312175750732,0,4935.833333333334
2021-11-10 17:23:54,34.36520767211914,-5.910312175750732,0,4940.0
2021-11-10 17:24:00,34.36520767211914,-5.910312175750732,0,4945.833333333334
2021-11-10 17:24:06,34.36520767211914,-5.910312175750732,0,4950.833333333334
2021-11-10 17:24:12,34.36520767211914,-5.910312175750732,0,4955.833333333334
2021-11-10 17:24:18,34.36520767211914,-5.910312175750732,0,4960.0
2021-11-10 17:24:24,34.36520767211914,-5.910312175750732,0,4965.833333333334
2021-11-10 17:24:30,34.36520767211914,-5.910312175750732,0,4972.5
2021-11-10 17:24:36,34.36520767211914,-5.910312175750732,0,4976.666666666666
2021-11-10 17:24:42,34.36520767211914,-5.910312175750732,0,4980.833333333333
2021-11-10 17:24:48,34.36520767211914,-5.910312175750732,0,4986.666666666666
2021-11-10 17:24:54,34.36520767211914,-5.910312175750732,0,4994.166666666666
2021-11-10 17:25:00,34.36520767211914,-5.910312175750732,0,4998.333333333333
2021-11-10 17:25:06,34.36520767211914,-5.910312175750732,0,5004.166666666666
2021-11-10 17:25:12,34.36520767211914,-5.910312175750732,0,5009.166666666666
2021-11-10 17:25:18,34.36520767211914,-5.910312175750732,0,5014.166666666666
2021-11-10 17:25:24,34.36520767211914,-5.910312175750732,0,5019.166666666666
2021-11-10 17:25:30,34.36520767211914,-5.910312175750732,0,5024.166666666666
2021-11-10 17:25:36,34.36520767211914,-5.910312175750732,0,5030.833333333333
2021-11-10 17:25:42,34.36520767211914,-5.910312175750732,0,5035.0
2021-11-10 17:25:48,34.36520767211914,-5.910312175750732,0,5040.0
2021-11-10 17:25:54,34.36520767211914,-5.910312175750732,0,5045.0
2021-11-10 17:26:00,34.36520767211914,-5.910312175750732,0,5051.666666666666
2021-11-10 17:26:06,34.36520767211914,-5.910312175750732,0,5057.5
2021-11-10 17:26:12,34.36520767211914,-5.910312175750732,0,5062.5
2021-11-10 17:26:18,34.36520767211914,-5.910312175750732,0,5066.666666666666
2021-11-10 17:26:24,34.36520767211914,-5.910312175750732,0,5074.166666666666
2021-11-10 17:26:30,34.36520767211914,-5.910312175750732,0,5077.5
2021-11-10 17:26:36,34.36520767211914,-5.910312175750732,0,5082.5
2021-11-10 17:26:42,34.36520767211914,-5.910312175750732,0,5085.833333333334
2021-11-10 17:26:48,34.36520767211914,-5.910312175750732,0,5094.166666666666
2021-11-10 17:26:54,34.36520767211914,-5.910312175750732,0,5097.5
2021-11-10 17:27:00,34.36520767211914,-5.910312175750732,0,5103.333333333333
2021-11-10 17:27:06,34.36520767211914,-5.910312175750732,0,5110.0
2021-11-10 17:27:12,34.36520767211914,-5.910312175750732,0,5115.833333333333
2021-11-10 17:27:18,34.36520767211914,-5.910312175750732,0,5120.833333333333
2021-11-10 17:27:24,34.36520767211914,-5.910312175750732,0,5125.833333333333
2021-11-10 17:27:30,34.36520767211914,-5.910312175750732,0,5134.166666666666
2021-11-10 17:27:36,34.36520767211914,-5.910312175750732,0,5138.333333333333
2021-11-10 17:27:42,34.36520767211914,-5.910312175750732,0,5145.0
2021-11-10 17:27:48,34.36520767211914,-5.910312175750732,0,5149.166666666666
2021-11-10 17:27:54,34.36520767211914,-5.910312175750732,0,5152.5
2021-11-10 17:28:00,34.36520767211914,-5.910312175750732,0,5158.333333333333
2021-11-10 17:28:06,34.36520767211914,-5.910312175750732,0,5160.833333333333
2021-11-10 17:28:12,34.36520767211914,-5.910312175750732,0,5166.666666666666
2021-11-10 17:28:18,34.36520767211914,-5.910312175750732,0,5172.5
2021-11-10 17:28:24,34.36520767211914,-5.910312175750732,0,5177.5
2021-11-10 17:28:30,34.36520767211914,-5.910312175750732,0,5182.5
2021-11-10 17:28:36,34.36520767211914,-5.910312175750732,0,5189.166666666666
2021-11-10 17:28:42,34.36520767211914,-5.910312175750732,0,5192.5
2021-11-10 17:28:48,34.36520767211914,-5.910312175750732,0,5199.166666666666
2021-11-10 17:28:54,34.36520767211914,-5.910312175750732,0,5204.166666666666
2021-11-10 17:29:00,34.36520767211914,-5.910312175750732,0,5208.333333333332
2021-11-10 17:29:06,34.36520767211914,-5.910312175750732,0,5213.333333333332
2021-11-10 17:29:12,34.36520767211914,-5.910312175750732,0,5220.833333333332
2021-11-10 17:29:18,34.36520767211914,-5.910312175750732,0,5224.166666666667
2021-11-10 17:29:24,34.36520767211914,-5.910312175750732,0,5232.5
2021-11-10 17:29:30,34.36520767211914,-5.910312175750732,0,5235.0
2021-11-10 17:29:36,34.36520767211914,-5.910312175750732,0,5240.0
2021-11-10 17:29:42,34.36520767211914,-5.910312175750732,0,5241.666666666667
2021-11-10 17:29:48,34.36520767211914,-5.910312175750732,0,5248.333333333333
2021-11-10 17:29:54,34.36520767211914,-5.910312175750732,0,5254.166666666667
2021-11-10 17:30:00,34.36520767211914,-5.910312175750732,0,5260.0
2021-11-10 17:30:06,34.36520767211914,-5.910312175750732,0,5263.333333333333
2021-11-10 17:30:12,34.36520767211914,-5.910312175750732,0,5270.0
2021-11-10 17:30:18,34.36520767211914,-5.910312175750732,0,5275.833333333333
2021-11-10 17:30:24,34.36520767211914,-5.910312175750732,0,5278.333333333333
2021-11-10 17:30:30,34.36520767211914,-5.910312175750732,0,5285.0
2021-11-10 17:30:36,34.36520767211914,-5.910312175750732,0,5289.166666666667
2021-11-10 17:30:42,34.36520767211914,-5.910312175750732,0,5292.5
2021-11-10 17:30:48,34.36520767211914,-5.910312175750732,0,5298.333333333333
2021-11-10 17:30:54,34.36520767211914,-5.910312175750732,0,5305.0
2021-11-10 17:31:00,34.36520767211914,-5.910312175750732,0,5309.166666666666
2021-11-10 17:31:06,34.36520767211914,-5.910312175750732,0,5314.166666666666
2021-11-10 17:31:12,34.36520767211914,-5.910312175750732,0,5319.166666666666
2021-11-10 17:31:18,34.36520767211914,-5.910312175750732,0,5324.166666666666
2021-11-10 17:31:24,34.36520767211914,-5.910312175750732,0,5328.333333333333
2021-11-10 17:31:30,34.36520767211914,-5.910312175750732,0,5334.166666666666
2021-11-10 17:31:36,34.36520767211914,-5.910312175750732,0,5338.333333333333
2021-11-10 17:31:42,34.36520767211914,-5.910312175750732,0,5344.166666666666
2021-11-10 17:31:48,34.36520767211914,-5.910312175750732,0,5348.333333333333
2021-11-10 17:31:54,34.36520767211914,-5.910312175750732,0,5354.166666666666
2021-11-10 17:32:00,34.36520767211914,-5.910312175750732,0,5357.5
2021-11-10 17:32:06,34.36520767211914,-5.910312175750732,0,5363.333333333334
2021-11-10 17:32:12,34.36520767211914,-5.910312175750732,0,5366.666666666667
2021-11-10 17:32:18,34.36520767211914,-5.910312175750732,0,5372.5
2021-11-10 17:32:24,34.36520767211914,-5.910312175750732,0,5378.333333333334
2021-11-10 17:32:30,34.36520767211914,-5.910312175750732,0,5383.333333333334
2021-11-10 17:32:36,34.36520767211914,-5.910312175750732,0,5389.166666666666
2021-11-10 17:32:42,34.36520767211914,-5.910312175750732,0,5392.5
2021-11-10 17:32:48,34.36520767211914,-5.910312175750732,0,5398.333333333334
2021-11-10 17:32:54,34.36520767211914,-5.910312175750732,0,5403.333333333334
2021-11-10 17:33:00,34.36520767211914,-5.910312175750732,0,5410.0
2021-11-10 17:33:06,34.36520767211914,-5.910312175750732,0,5412.5
2021-11-10 17:33:12,34.36520767211914,-5.910312175750732,0,5418.333333333334
2021-11-10 17:33:18,34.36520767211914,-5.910312175750732,0,5423.333333333334
2021-11-10 17:33:24,34.36520767211914,-5.910312175750732,0,5425.833333333334
2021-11-10 17:33:30,34.36520767211914,-5.910312175750732,0,5430.833333333334
2021-11-10 17:33:36,34.36520767211914,-5.910312175750732,0,5436.666666666666
2021-11-10 17:33:42,34.36520767211914,-5.910312175750732,0,5440.0
2021-11-10 17:33:48,34.36520767211914,-5.910312175750732,0,5446.666666666666
2021-11-10 17:33:54,34.36520767211914,-5.910312175750732,0,5455.0
2021-11-10 17:34:00,34.36520767211914,-5.910312175750732,0,5460.0
2021-11-10 17:34:06,34.36520767211914,-5.910312175750732,0,5463.333333333334
2021-11-10 17:34:12,34.36520767211914,-5.910312175750732,0,5469.166666666667
2021-11-10 17:34:18,34.36520767211914,-5.910312175750732,0,5475.833333333334
2021-11-10 17:34:24,34.36520767211914,-5.910312175750732,0,5478.333333333334
2021-11-10 17:34:30,34.36520767211914,-5.910312175750732,0,5481.666666666667
2021-11-10 17:34:36,34.36557388305664,-5.910067081451416,8,5490.833333333334
2021-11-10 17:34:42,34.36568832397461,-5.909988880157471,8,5495.0
2021-11-10 17:34:48,34.36580276489258,-5.909915924072266,8,5501.666666666667
2021-11-10 17:34:54,34.36591720581055,-5.909840106964111,8,5506.666666666667
2021-11-10 17:35:00,34.36603546142578,-5.90976095199585,8,5510.0
2021-11-10 17:35:06,34.36614990234375,-5.909732818603516,7,5515.833333333334
2021-11-10 17:35:12,34.36618423461914,-5.90985107421875,8,5519.166666666667
2021-11-10 17:35:18,34.3660774230957,-5.9099531173706055,9,5525.833333333334
2021-11-10 17:35:24,34.36595916748047,-5.910050868988037,9,5529.166666666667
2021-11-10 17:35:30,34.3658332824707,-5.910139083862305,9,5535.833333333334
2021-11-10 17:35:36,34.36570739746094,-5.910229206085205,9,5543.333333333334
2021-11-10 17:35:42,34.36558532714844,-5.910319805145264,9,5549.166666666666
2021-11-10 17:35:48,34.36546325683594,-5.910408973693848,9,5559.166666666666
2021-11-10 17:35:54,34.36534118652344,-5.91050386428833,9,5566.666666666666
2021-11-10 17:36:00,34.365230560302734,-5.910614013671875,9,5571.666666666666
2021-11-10 17:36:06,34.36510467529297,-5.910717010498047,9,5578.333333333334
2021-11-10 17:36:12,34.3649787902832,-5.910812854766846,9,5584.166666666666
2021-11-10 17:36:18,34.36484909057617,-5.910912036895752,9,5586.666666666666
2021-11-10 17:36:24,34.364723205566406,-5.911005020141602,9,5590.0
2021-11-10 17:36:30,34.36459732055664,-5.911098957061768,10,5600.833333333334
2021-11-10 17:36:36,34.364471435546875,-5.911200046539307,9,5605.833333333334
2021-11-10 17:36:42,34.36433792114258,-5.911231994628906,8,5611.666666666666
2021-11-10 17:36:48,34.36421585083008,-5.911311149597168,9,5616.666666666666
2021-11-10 17:36:54,34.364105224609375,-5.911424160003662,9,5623.333333333334
2021-11-10 17:37:00,34.363983154296875,-5.911532878875732,10,5627.5
2021-11-10 17:37:06,34.363868713378906,-5.911636829376221,9,5632.5
2021-11-10 17:37:12,34.36375427246094,-5.911745071411133,9,5636.666666666666
2021-11-10 17:37:18,34.3636360168457,-5.911843776702881,10,5643.333333333333
2021-11-10 17:37:24,34.36359786987305,-5.911715984344482,10,5650.0
2021-11-10 17:37:30,34.36374282836914,-5.911633014678955,10,5653.333333333333
2021-11-10 17:37:36,34.36387634277344,-5.911543846130371,10,5659.166666666667
2021-11-10 17:37:42,34.3640022277832,-5.911428928375244,10,5662.5
2021-11-10 17:37:48,34.3641242980957,-5.911314964294434,11,5667.5
2021-11-10 17:37:54,34.3642578125,-5.911205768585205,10,5673.333333333333
2021-11-10 17:38:00,34.36440658569336,-5.911177158355713,10,5675.833333333333
2021-11-10 17:38:06,34.36442947387695,-5.9113450050354,8,5681.666666666667
2021-11-10 17:38:12,34.36442565917969,-5.911517143249512,9,5685.0
2021-11-10 17:38:18,34.3643684387207,-5.911670207977295,9,5690.0
2021-11-10 17:38:24,34.36427307128906,-5.911601066589356,9,5694.166666666667
2021-11-10 17:38:30,34.36440658569336,-5.911503791809082,11,5697.5
2021-11-10 17:38:36,34.36457061767578,-5.911458969116211,11,5705.0
2021-11-10 17:38:42,34.3647346496582,-5.911396026611328,11,5710.0
2021-11-10 17:38:48,34.36490249633789,-5.911336898803711,11,5713.333333333333
2021-11-10 17:38:54,34.36506652832031,-5.911283016204834,11,5721.666666666666
2021-11-10 17:39:00,34.365234375,-5.911241054534912,11,5725.833333333333
2021-11-10 17:39:06,34.36540603637695,-5.911212921142578,11,5734.166666666666
2021-11-10 17:39:12,34.36557388305664,-5.911179065704346,11,5738.333333333333
2021-11-10 17:39:18,34.36571502685547,-5.911078929901123,10,5746.666666666666
2021-11-10 17:39:24,34.365848541259766,-5.910968780517578,10,5750.833333333333
2021-11-10 17:39:30,34.36598205566406,-5.910859107971191,10,5755.833333333333
2021-11-10 17:39:36,34.366119384765625,-5.910745143890381,11,5763.333333333333
2021-11-10 17:39:42,34.36626052856445,-5.91062593460083,11,5770.833333333334
2021-11-10 17:39:48,34.36640548706055,-5.910514831542969,11,5775.0
2021-11-10 17:39:54,34.366546630859375,-5.910400867462158,11,5782.5
2021-11-10 17:40:00,34.36668395996094,-5.910295009613037,10,5790.0
2021-11-10 17:40:06,34.36681365966797,-5.910192966461182,10,5794.166666666666
2021-11-10 17:40:12,34.366947174072266,-5.910091876983643,10,5800.0
2021-11-10 17:40:18,34.36708068847656,-5.909985065460205,10,5808.333333333334
2021-11-10 17:40:24,34.36721420288086,-5.90988302230835,10,5812.5
2021-11-10 17:40:30,34.36735153198242,-5.9097771644592285,10,5819.166666666666
2021-11-10 17:40:36,34.367488861083984,-5.909674167633057,10,5824.166666666666
2021-11-10 17:40:42,34.36762619018555,-5.909564018249512,10,5831.666666666666
2021-11-10 17:40:48,34.36776351928711,-5.909459114074707,10,5837.5
2021-11-10 17:40:54,34.36789321899414,-5.909355163574219,10,5845.833333333333
2021-11-10 17:41:00,34.36803436279297,-5.909245014190674,11,5851.666666666666
2021-11-10 17:41:06,34.368167877197266,-5.909139156341553,10,5856.666666666666
2021-11-10 17:41:12,34.3682975769043,-5.909030914306641,11,5863.333333333333
2021-11-10 17:41:18,34.368438720703125,-5.9089179039001465,11,5870.0
2021-11-10 17:41:24,34.36857986450195,-5.90880823135376,11,5875.833333333333
2021-11-10 17:41:30,34.36872482299805,-5.908689022064209,11,5883.333333333333
2021-11-10 17:41:36,34.368831634521484,-5.908566951751709,10,5890.833333333333
2021-11-10 17:41:42,34.3688850402832,-5.908679962158203,11,5894.166666666666
2021-11-10 17:41:48,34.368743896484375,-5.908786773681641,10,5897.5
2021-11-10 17:41:54,34.36860275268555,-5.908903121948242,11,5905.0
2021-11-10 17:42:00,34.368465423583984,-5.9090118408203125,10,5910.0
2021-11-10 17:42:06,34.36832809448242,-5.909122943878174,10,5917.5
2021-11-10 17:42:12,34.36818313598633,-5.909243106842041,12,5925.0
2021-11-10 17:42:18,34.368038177490234,-5.909358978271484,11,5933.333333333333
2021-11-10 17:42:24,34.367889404296875,-5.909473896026611,11,5937.5
2021-11-10 17:42:30,34.36774063110352,-5.909588813781738,11,5945.833333333333
2021-11-10 17:42:36,34.36759567260742,-5.909701824188232,11,5948.333333333333
2021-11-10 17:42:42,34.36745071411133,-5.909820079803467,11,5954.166666666667
2021-11-10 17:42:48,34.367305755615234,-5.909934043884277,11,5968.333333333333
2021-11-10 17:42:54,34.367156982421875,-5.910048961639404,11,5975.0
2021-11-10 17:43:00,34.36700439453125,-5.910168170928955,11,5979.166666666666
2021-11-10 17:43:06,34.36685562133789,-5.910289764404297,11,5988.333333333333
2021-11-10 17:43:12,34.366703033447266,-5.910408020019531,11,5995.0
2021-11-10 17:43:18,34.36655807495117,-5.910525798797607,11,6000.0
2021-11-10 17:43:24,34.36640930175781,-5.910646915435791,11,6002.5
2021-11-10 17:43:30,34.36626434326172,-5.910766124725342,11,6015.0
2021-11-10 17:43:36,34.366119384765625,-5.910882949829102,11,6022.5
2021-11-10 17:43:42,34.365970611572266,-5.9109978675842285,11,6028.333333333333
2021-11-10 17:43:48,34.36582565307617,-5.911112785339356,11,6035.833333333333
2021-11-10 17:43:54,34.365684509277344,-5.91123104095459,11,6041.666666666666
2021-11-10 17:44:00,34.36552047729492,-5.911305904388428,12,6050.0
2021-11-10 17:44:06,34.36534118652344,-5.911322116851807,11,6055.833333333333
2021-11-10 17:44:12,34.36516571044922,-5.911345958709717,11,6063.333333333333
2021-11-10 17:44:18,34.364986419677734,-5.911363124847412,11,6068.333333333333
2021-11-10 17:44:24,34.36481857299805,-5.911402225494385,11,6075.0
2021-11-10 17:44:30,34.36466598510742,-5.9114670753479,10,6077.5
2021-11-10 17:44:36,34.36452865600586,-5.911466121673584,10,6085.833333333333
2021-11-10 17:44:42,34.3646354675293,-5.911377906799316,10,6090.0
2021-11-10 17:44:48,34.36479568481445,-5.911326885223389,11,6098.333333333333
2021-11-10 17:44:54,34.36495590209961,-5.91126823425293,11,6103.333333333333
2021-11-10 17:45:00,34.365116119384766,-5.911219120025635,11,6107.5
2021-11-10 17:45:06,34.36528015136719,-5.911189079284668,10,6114.166666666666
2021-11-10 17:45:12,34.36544418334961,-5.91116189956665,11,6120.833333333333
2021-11-10 17:45:18,34.3656005859375,-5.91110897064209,11,6126.666666666666
2021-11-10 17:45:24,34.365745544433594,-5.910998821258545,11,6130.833333333333
2021-11-10 17:45:30,34.36588668823242,-5.910883903503418,11,6138.333333333333
2021-11-10 17:45:36,34.36603164672852,-5.910769939422607,11,6144.166666666666
2021-11-10 17:45:42,34.36616897583008,-5.91065788269043,10,6150.833333333333
2021-11-10 17:45:48,34.366310119628906,-5.910549163818359,11,6156.666666666666
2021-11-10 17:45:54,34.366451263427734,-5.910439968109131,11,6163.333333333333
2021-11-10 17:46:00,34.36659240722656,-5.9103288650512695,11,6170.833333333333
2021-11-10 17:46:06,34.36673355102539,-5.910219192504883,11,6175.0
2021-11-10 17:46:12,34.36687469482422,-5.910107135772705,11,6183.333333333333
2021-11-10 17:46:18,34.36701583862305,-5.909993171691895,11,6190.833333333333
2021-11-10 17:46:24,34.367156982421875,-5.909883975982666,11,6195.833333333333
2021-11-10 17:46:30,34.3672981262207,-5.909773826599121,11,6199.166666666667
2021-11-10 17:46:36,34.367435455322266,-5.909663200378418,11,6208.333333333333
2021-11-10 17:46:42,34.367576599121094,-5.9095540046691895,11,6215.833333333333
2021-11-10 17:46:48,34.367713928222656,-5.909444808959961,11,6221.666666666667
2021-11-10 17:46:54,34.36785125732422,-5.909335136413574,11,6228.333333333334
2021-11-10 17:47:00,34.36799240112305,-5.909226894378662,10,6235.0
2021-11-10 17:47:06,34.368133544921875,-5.909120082855225,10,6239.166666666667
2021-11-10 17:47:12,34.36827087402344,-5.909010887145996,11,6246.666666666667
2021-11-10 17:47:18,34.36841583251953,-5.908897876739502,11,6250.833333333334
2021-11-10 17:47:24,34.36855697631836,-5.908785820007324,11,6259.166666666667
2021-11-10 17:47:30,34.36869812011719,-5.908683776855469,11,6263.333333333334
2021-11-10 17:47:36,34.36882781982422,-5.9085612297058105,11,6270.833333333334
2021-11-10 17:47:42,34.368927001953125,-5.908679962158203,12,6276.666666666667
2021-11-10 17:47:48,34.368797302246094,-5.908817768096924,11,6283.333333333334
2021-11-10 17:47:54,34.36865997314453,-5.908927917480469,10,6288.333333333334
2021-11-10 17:48:00,34.3685188293457,-5.909030914306641,10,6294.166666666667
2021-11-10 17:48:06,34.368377685546875,-5.909134864807129,11,6301.666666666667
2021-11-10 17:48:12,34.36824035644531,-5.909242153167725,11,6305.833333333334
2021-11-10 17:48:18,34.368099212646484,-5.909351825714111,11,6311.666666666667
2021-11-10 17:48:24,34.367958068847656,-5.909460067749023,10,6317.5
2021-11-10 17:48:30,34.367820739746094,-5.909566879272461,10,6325.0
2021-11-10 17:48:36,34.36768341064453,-5.909674167633057,10,6333.333333333334
2021-11-10 17:48:42,34.36754608154297,-5.909782886505127,11,6338.333333333334
2021-11-10 17:48:48,34.36740493774414,-5.909891128540039,11,6344.166666666667
2021-11-10 17:48:54,34.36726379394531,-5.909998893737793,11,6350.833333333334
2021-11-10 17:49:00,34.367122650146484,-5.910112857818604,11,6357.5
2021-11-10 17:49:06,34.36698532104492,-5.910223960876465,11,6360.833333333334
2021-11-10 17:49:12,34.36684799194336,-5.910333156585693,10,6366.666666666667
2021-11-10 17:49:18,34.3667106628418,-5.910435199737549,10,6368.333333333334
2021-11-10 17:49:24,34.366573333740234,-5.910543918609619,10,6371.666666666667
2021-11-10 17:49:30,34.36643981933594,-5.910653114318848,10,6387.5
2021-11-10 17:49:36,34.366302490234375,-5.910759925842285,11,6395.0
2021-11-10 17:49:42,34.36616134643555,-5.910871982574463,10,6399.166666666667
2021-11-10 17:49:48,34.36602783203125,-5.910981178283691,11,6405.833333333334
2021-11-10 17:49:54,34.36589050292969,-5.911087989807129,10,6412.5
2021-11-10 17:50:00,34.36574935913086,-5.911198139190674,11,6416.666666666667
2021-11-10 17:50:06,34.3656005859375,-5.9112868309021,11,6424.166666666666
2021-11-10 17:50:12,34.36542510986328,-5.911303997039795,11,6429.166666666666
2021-11-10 17:50:18,34.365257263183594,-5.911318778991699,11,6436.666666666666
2021-11-10 17:50:24,34.365089416503906,-5.911341190338135,11,6440.833333333333
2021-11-10 17:50:30,34.36492919921875,-5.911380767822266,11,6445.833333333333
2021-11-10 17:50:36,34.36476516723633,-5.91143798828125,11,6452.5
2021-11-10 17:50:42,34.36460494995117,-5.911500930786133,11,6455.833333333333
2021-11-10 17:50:48,34.364532470703125,-5.911377906799316,10,6462.5
2021-11-10 17:50:54,34.36468505859375,-5.911313056945801,11,6466.666666666666
2021-11-10 17:51:00,34.36484909057617,-5.911252021789551,11,6471.666666666666
2021-11-10 17:51:06,34.36501693725586,-5.911194801330566,11,6479.166666666666
2021-11-10 17:51:12,34.36518478393555,-5.911159038543701,11,6483.333333333333
2021-11-10 17:51:18,34.365352630615234,-5.9111328125,11,6490.0
2021-11-10 17:51:24,34.36552047729492,-5.911101818084717,11,6497.5
2021-11-10 17:51:30,34.365665435791016,-5.911003112792969,11,6501.666666666666
2021-11-10 17:51:36,34.365814208984375,-5.910890102386475,11,6509.166666666666
2021-11-10 17:51:42,34.3659782409668,-5.910758018493652,11,6517.5
2021-11-10 17:51:48,34.366119384765625,-5.910644054412842,11,6524.166666666667
2021-11-10 17:51:54,34.36626052856445,-5.910530090332031,11,6529.166666666667
2021-11-10 17:52:00,34.36640548706055,-5.910422801971436,11,6537.5
2021-11-10 17:52:06,34.366546630859375,-5.910311222076416,11,6541.666666666667
2021-11-10 17:52:12,34.36668395996094,-5.910201072692871,11,6551.666666666667
2021-11-10 17:52:18,34.366825103759766,-5.910090923309326,11,6558.333333333334
2021-11-10 17:52:24,34.366966247558594,-5.909976005554199,11,6565.833333333334
2021-11-10 17:52:30,34.36711120605469,-5.909869194030762,11,6572.5
2021-11-10 17:52:36,34.36724853515625,-5.909756183624268,11,6577.5
2021-11-10 17:52:42,34.36738967895508,-5.909645080566406,11,6585.0
2021-11-10 17:52:48,34.367530822753906,-5.909536838531494,11,6591.666666666666
2021-11-10 17:52:54,34.36767578125,-5.909430980682373,11,6596.666666666666
2021-11-10 17:53:00,34.36781311035156,-5.909319877624512,11,6604.166666666666
2021-11-10 17:53:06,34.36795425415039,-5.909207820892334,10,6610.833333333333
2021-11-10 17:53:12,34.368072509765625,-5.909118175506592,10,6615.0
2021-11-10 17:53:18,34.36821365356445,-5.909008979797363,11,6623.333333333333
2021-11-10 17:53:24,34.36835479736328,-5.908899784088135,11,6630.0
2021-11-10 17:53:30,34.36849594116211,-5.9087910652160645,11,6633.333333333333
2021-11-10 17:53:36,34.36863708496094,-5.908682823181152,11,6641.666666666666
2021-11-10 17:53:42,34.368770599365234,-5.9085612297058105,11,6645.833333333333
2021-11-10 17:53:48,34.368927001953125,-5.908600807189941,11,6654.166666666666
2021-11-10 17:53:54,34.36888885498047,-5.908784866333008,12,6657.5
2021-11-10 17:54:00,34.36874771118164,-5.908905982971191,11,6665.0
2021-11-10 17:54:06,34.36861038208008,-5.9090189933776855,11,6671.666666666666
2021-11-10 17:54:12,34.36846923828125,-5.909128189086914,11,6676.666666666666
2021-11-10 17:54:18,34.36832427978516,-5.909232139587402,11,6685.0
2021-11-10 17:54:24,34.36818313598633,-5.909341812133789,11,6689.166666666666
2021-11-10 17:54:30,34.368045806884766,-5.909454822540283,11,6694.166666666666
2021-11-10 17:54:36,34.36776351928711,-5.909686088562012,11,6695.833333333333
2021-11-10 17:54:42,34.36748123168945,-5.909904956817627,11,6708.333333333333
2021-11-10 17:54:48,34.36734771728516,-5.910013198852539,10,6725.833333333333
2021-11-10 17:54:54,34.3669319152832,-5.910337924957275,11,6732.5
2021-11-10 17:55:00,34.36679458618164,-5.910449981689453,10,6745.0
2021-11-10 17:55:06,34.36665344238281,-5.910559177398682,11,6759.166666666666
2021-11-10 17:55:12,34.36651611328125,-5.910665035247803,11,6762.5
2021-11-10 17:55:18,34.36637878417969,-5.910772800445557,10,6765.0
2021-11-10 17:55:24,34.36623764038086,-5.910881996154785,10,6777.5
2021-11-10 17:55:30,34.3661003112793,-5.910994052886963,11,6781.666666666666
2021-11-10 17:55:36,34.365962982177734,-5.911105155944824,11,6787.5
2021-11-10 17:55:42,34.36582565307617,-5.911213874816895,10,6791.666666666666
2021-11-10 17:55:48,34.36567687988281,-5.911301136016846,11,6796.666666666666
2021-11-10 17:55:54,34.365501403808594,-5.911313056945801,11,6809.166666666666
2021-11-10 17:56:00,34.36533737182617,-5.911266803741455,11,6812.5
2021-11-10 17:56:06,34.36539840698242,-5.9111151695251465,11,6818.333333333334
2021-11-10 17:56:12,34.36568832397461,-5.910955905914307,10,6821.666666666666
2021-11-10 17:56:18,34.36582946777344,-5.910847187042236,11,6836.666666666666
2021-11-10 17:56:24,34.365966796875,-5.910737991333008,10,6842.5
2021-11-10 17:56:30,34.36610412597656,-5.91063117980957,10,6850.0
2021-11-10 17:56:36,34.366241455078125,-5.910514831542969,11,6855.833333333334
2021-11-10 17:56:42,34.36637496948242,-5.910409927368164,11,6861.666666666667
2021-11-10 17:56:48,34.36651611328125,-5.910301208496094,10,6870.833333333334
2021-11-10 17:56:54,34.36665725708008,-5.910192012786865,10,6873.333333333334
2021-11-10 17:57:00,34.36679458618164,-5.910079956054688,10,6882.5
2021-11-10 17:57:06,34.3669319152832,-5.90996789932251,11,6890.833333333334
2021-11-10 17:57:12,34.36707305908203,-5.909861087799072,10,6894.166666666667
2021-11-10 17:57:18,34.367210388183594,-5.909751892089844,10,6900.833333333333
2021-11-10 17:57:24,34.367488861083984,-5.909541130065918,10,6914.166666666667
2021-11-10 17:57:30,34.36762619018555,-5.9094319343566895,11,6919.166666666667
2021-11-10 17:57:36,34.36776351928711,-5.9093217849731445,10,6926.666666666667
2021-11-10 17:57:42,34.36790084838867,-5.909214019775391,11,6932.5
2021-11-10 17:57:48,34.3680419921875,-5.909107208251953,10,6940.0
2021-11-10 17:57:54,34.36832046508789,-5.908897876739502,10,6954.166666666667
2021-11-10 17:58:00,34.36845779418945,-5.908790111541748,11,6958.333333333333
2021-11-10 17:58:06,34.36859893798828,-5.908682823181152,11,6965.833333333334
2021-11-10 17:58:12,34.368736267089844,-5.908568859100342,10,6969.166666666667
2021-11-10 17:58:18,34.36888885498047,-5.908533096313477,11,6977.5
2021-11-10 17:58:24,34.36897659301758,-5.908710956573486,11,6980.833333333334
2021-11-10 17:58:30,34.3690299987793,-5.908895969390869,11,6989.166666666667
2021-11-10 17:58:36,34.368900299072266,-5.909025192260742,10,6990.833333333334
2021-11-10 17:58:42,34.36862564086914,-5.909247875213623,10,6993.333333333334
2021-11-10 17:58:48,34.36848831176758,-5.90936279296875,10,7007.5
2021-11-10 17:58:54,34.36835479736328,-5.909475803375244,10,7020.0
2021-11-10 17:59:00,34.368221282958984,-5.909591197967529,11,7024.166666666666
2021-11-10 17:59:06,34.36808395385742,-5.90970516204834,11,7034.166666666666
2021-11-10 17:59:12,34.36794662475586,-5.909812927246094,10,7035.833333333333
2021-11-10 17:59:18,34.3678092956543,-5.909924983978272,11,7038.333333333333
2021-11-10 17:59:24,34.36766815185547,-5.910033226013184,11,7050.0
2021-11-10 17:59:30,34.36753463745117,-5.910146236419678,11,7054.166666666666
2021-11-10 17:59:36,34.36739730834961,-5.9102559089660645,10,7060.0
2021-11-10 17:59:42,34.36725997924805,-5.910366058349609,10,7070.833333333333
2021-11-10 17:59:48,34.36712646484375,-5.91048002243042,11,7075.0
2021-11-10 17:59:54,34.36699295043945,-5.910595893859863,11,7080.0
2021-11-10 18:00:00,34.36685943603516,-5.910706996917725,11,7087.5
2021-11-10 18:00:06,34.36671829223633,-5.910810947418213,10,7093.333333333333
2021-11-10 18:00:12,34.366580963134766,-5.91092586517334,11,7100.833333333333
2021-11-10 18:00:18,34.3664436340332,-5.911046981811523,10,7105.0
2021-11-10 18:00:24,34.36631393432617,-5.911171913146973,11,7112.5
2021-11-10 18:00:30,34.36614990234375,-5.9112229347229,11,7115.833333333333
2021-11-10 18:00:36,34.36597442626953,-5.911234855651856,11,7122.5
2021-11-10 18:00:42,34.365814208984375,-5.911266803741455,11,7130.0
2021-11-10 18:00:48,34.36563873291016,-5.911281108856201,11,7135.833333333333
2021-11-10 18:00:54,34.36547088623047,-5.911287784576416,11,7139.166666666666
2021-11-10 18:01:00,34.36532974243164,-5.911210060119629,11,7145.833333333333
2021-11-10 18:01:06,34.365440368652344,-5.911058902740479,11,7150.0
2021-11-10 18:01:12,34.3655891418457,-5.910971164703369,10,7158.333333333333
2021-11-10 18:01:18,34.36573028564453,-5.910861968994141,11,7162.5
2021-11-10 18:01:24,34.36587142944336,-5.910757064819336,10,7168.333333333334
2021-11-10 18:01:30,34.36601257324219,-5.9106550216674805,10,7176.666666666666
2021-11-10 18:01:36,34.366146087646484,-5.910534858703613,10,7180.833333333334
2021-11-10 18:01:42,34.36628341674805,-5.910425186157227,10,7188.333333333334
2021-11-10 18:01:48,34.366416931152344,-5.910315036773682,10,7193.333333333334
2021-11-10 18:01:54,34.36655044555664,-5.91020393371582,11,7200.833333333334
2021-11-10 18:02:00,34.3666877746582,-5.910097122192383,10,7208.333333333334
2021-11-10 18:02:06,34.3668212890625,-5.909990787506104,10,7212.5
2021-11-10 18:02:12,34.3669548034668,-5.909873962402344,11,7220.0
2021-11-10 18:02:18,34.367095947265625,-5.909768104553223,10,7226.666666666666
2021-11-10 18:02:24,34.36723709106445,-5.909663200378418,10,7230.833333333332
2021-11-10 18:02:30,34.36737823486328,-5.9095540046691895,10,7238.333333333332
2021-11-10 18:02:36,34.367515563964844,-5.909448146820068,10,7245.0
2021-11-10 18:02:42,34.367652893066406,-5.9093427658081055,10,7250.833333333332
2021-11-10 18:02:48,34.367794036865234,-5.909239768981934,10,7255.833333333332
2021-11-10 18:02:54,34.3679313659668,-5.90913200378418,10,7262.5
2021-11-10 18:03:00,34.368072509765625,-5.909025192260742,10,7270.0
2021-11-10 18:03:06,34.36820983886719,-5.9089179039001465,10,7276.666666666666
2021-11-10 18:03:12,34.368350982666016,-5.908810138702393,11,7280.833333333333
2021-11-10 18:03:18,34.368492126464844,-5.908700942993164,11,7288.333333333333
2021-11-10 18:03:24,34.36863708496094,-5.908595085144043,11,7294.166666666666
2021-11-10 18:03:30,34.3687629699707,-5.908473014831543,10,7300.0
2021-11-10 18:03:36,34.368892669677734,-5.908491134643555,10,7303.333333333333
2021-11-10 18:03:42,34.36897277832031,-5.908666133880615,10,7306.666666666666
2021-11-10 18:03:48,34.36905288696289,-5.908835887908936,10,7312.5
2021-11-10 18:03:54,34.36899185180664,-5.908990859985352,10,7319.166666666666
2021-11-10 18:04:00,34.368865966796875,-5.909103870391846,10,7324.166666666666
2021-11-10 18:04:06,34.36873245239258,-5.909213066101074,10,7330.0
2021-11-10 18:04:12,34.368595123291016,-5.9093217849731445,10,7335.833333333333
2021-11-10 18:04:18,34.36845779418945,-5.909438133239746,10,7342.5
2021-11-10 18:04:24,34.36832046508789,-5.90955114364624,10,7345.833333333333
2021-11-10 18:04:30,34.368186950683594,-5.909661769866943,10,7355.0
2021-11-10 18:04:36,34.36804962158203,-5.909773826599121,11,7359.166666666667
2021-11-10 18:04:42,34.367916107177734,-5.909882068634033,10,7363.333333333334
2021-11-10 18:04:48,34.36777877807617,-5.909989833831787,11,7371.666666666667
2021-11-10 18:04:54,34.367645263671875,-5.910099983215332,10,7377.5
2021-11-10 18:05:00,34.36750793457031,-5.910211086273193,10,7382.5
2021-11-10 18:05:06,34.367374420166016,-5.910322189331055,10,7389.166666666667
2021-11-10 18:05:12,34.367244720458984,-5.910436153411865,10,7393.333333333334
2021-11-10 18:05:18,34.36711120605469,-5.910550117492676,10,7400.0
2021-11-10 18:05:24,34.366981506347656,-5.910666942596436,10,7403.333333333333
2021-11-10 18:05:30,34.36684799194336,-5.91077995300293,11,7409.166666666666
2021-11-10 18:05:36,34.36671447753906,-5.91089391708374,10,7413.333333333333
2021-11-10 18:05:42,34.366580963134766,-5.911006927490234,10,7423.333333333333
2021-11-10 18:05:48,34.366451263427734,-5.911122798919678,10,7430.833333333333
2021-11-10 18:05:54,34.3663215637207,-5.911239147186279,10,7435.0
2021-11-10 18:06:00,34.36615753173828,-5.911277770996094,10,7440.0
2021-11-10 18:06:06,34.36599349975586,-5.911283016204834,11,7446.666666666666
2021-11-10 18:06:12,34.3658332824707,-5.911308765411377,10,7452.5
2021-11-10 18:06:18,34.365665435791016,-5.911324977874756,11,7457.5
2021-11-10 18:06:24,34.36550521850586,-5.911324977874756,11,7463.333333333333
2021-11-10 18:06:30,34.365360260009766,-5.911230087280273,11,7466.666666666666
2021-11-10 18:06:36,34.36540603637695,-5.911060810089111,11,7474.166666666666
2021-11-10 18:06:42,34.36554718017578,-5.910974979400635,10,7476.666666666666
2021-11-10 18:06:48,34.36568069458008,-5.91086483001709,10,7483.333333333333
2021-11-10 18:06:54,34.365814208984375,-5.91075611114502,10,7488.333333333333
2021-11-10 18:07:00,34.36594772338867,-5.910648822784424,10,7495.833333333333
2021-11-10 18:07:06,34.36608123779297,-5.910542011260986,10,7500.0
2021-11-10 18:07:12,34.366214752197266,-5.910435199737549,10,7508.333333333333
2021-11-10 18:07:18,34.36634826660156,-5.91032600402832,10,7511.666666666666
2021-11-10 18:07:24,34.366485595703125,-5.910217761993408,10,7518.333333333333
2021-11-10 18:07:30,34.36661911010742,-5.910109043121338,10,7524.166666666666
2021-11-10 18:07:36,34.36676406860352,-5.9100871086120605,11,7528.333333333333
2021-11-10 18:07:42,34.366756439208984,-5.910292148590088,11,7536.666666666666
2021-11-10 18:07:48,34.366703033447266,-5.910478115081787,10,7540.833333333334
2021-11-10 18:07:54,34.3665885925293,-5.910621166229248,10,7547.5
2021-11-10 18:08:00,34.36646270751953,-5.910738945007324,10,7550.833333333334
2021-11-10 18:08:06,34.3663330078125,-5.910855770111084,10,7555.833333333334
2021-11-10 18:08:12,34.3661994934082,-5.910971164703369,10,7563.333333333334
2021-11-10 18:08:18,34.366065979003906,-5.911084175109863,10,7570.0
2021-11-10 18:08:24,34.365928649902344,-5.911186218261719,10,7574.166666666666
2021-11-10 18:08:30,34.36580276489258,-5.911291122436523,10,7580.833333333333
2021-11-10 18:08:36,34.36578750610352,-5.911158084869385,10,7584.166666666666
2021-11-10 18:08:42,34.365901947021484,-5.911163806915283,0,7588.333333333333
2021-11-10 18:08:48,34.365901947021484,-5.911159992218018,0,7595.833333333333
2021-11-10 18:08:54,34.365901947021484,-5.911160945892334,0,7598.333333333333
2021-11-10 18:09:00,34.365901947021484,-5.911160945892334,0,7600.0
2021-11-10 18:09:06,34.365901947021484,-5.911160945892334,0,7600.833333333333
2021-11-10 18:09:12,34.365901947021484,-5.911160945892334,0,7605.833333333333
2021-11-10 18:09:18,34.365901947021484,-5.911160945892334,0,7612.5
2021-11-10 18:09:24,34.365901947021484,-5.911160945892334,0,7620.833333333334
2021-11-10 18:09:30,34.365901947021484,-5.911160945892334,0,7625.0
2021-11-10 18:09:36,34.365901947021484,-5.911160945892334,0,7627.5
2021-11-10 18:09:42,34.365901947021484,-5.911160945892334,0,7635.833333333334
2021-11-10 18:09:48,34.365901947021484,-5.911160945892334,0,7640.833333333334
2021-11-10 18:09:54,34.365901947021484,-5.911160945892334,0,7643.333333333334
2021-11-10 18:10:00,34.365901947021484,-5.911160945892334,0,7654.166666666667
2021-11-10 18:10:06,34.365901947021484,-5.911160945892334,0,7655.833333333334
2021-11-10 18:10:12,34.365901947021484,-5.911160945892334,0,7658.333333333334
2021-11-10 18:10:18,34.365901947021484,-5.911160945892334,0,7666.666666666667
2021-11-10 18:10:24,34.365901947021484,-5.911160945892334,0,7669.166666666667
2021-11-10 18:10:30,34.365901947021484,-5.911160945892334,0,7675.0
2021-11-10 18:10:36,34.36603546142578,-5.911159038543701,10,7680.833333333334
2021-11-10 18:10:42,34.36620330810547,-5.911143779754639,10,7687.5
2021-11-10 18:10:48,34.3663444519043,-5.911043167114258,10,7691.666666666667
2021-11-10 18:10:54,34.36648178100586,-5.910929203033447,11,7697.5
2021-11-10 18:11:00,34.36662292480469,-5.91080904006958,11,7704.166666666666
2021-11-10 18:11:06,34.36676025390625,-5.910696983337402,11,7710.0
2021-11-10 18:11:12,34.36690139770508,-5.910584926605225,10,7717.5
2021-11-10 18:11:18,34.36703872680664,-5.910472869873047,11,7725.0
2021-11-10 18:11:24,34.3671760559082,-5.910359859466553,11,7730.0
2021-11-10 18:11:30,34.367313385009766,-5.910243988037109,11,7737.5
2021-11-10 18:11:36,34.36745071411133,-5.910130023956299,11,7744.166666666666
2021-11-10 18:11:42,34.36758804321289,-5.910015106201172,11,7748.333333333332
2021-11-10 18:11:48,34.36772537231445,-5.909902095794678,11,7755.833333333332
2021-11-10 18:11:54,34.367862701416016,-5.909788131713867,11,7762.499999999999
2021-11-10 18:12:00,34.36799621582031,-5.909677028656006,11,7767.499999999999
2021-11-10 18:12:06,34.368133544921875,-5.909564971923828,10,7773.333333333332
2021-11-10 18:12:12,34.36827087402344,-5.909460067749023,10,7779.999999999999
2021-11-10 18:12:18,34.368404388427734,-5.909346103668213,11,7787.499999999999
2021-11-10 18:12:24,34.36853790283203,-5.909234046936035,11,7794.166666666666
2021-11-10 18:12:30,34.368675231933594,-5.909121990203857,10,7800.0
2021-11-10 18:12:36,34.36880874633789,-5.909008979797363,10,7805.833333333334
2021-11-10 18:12:42,34.36894226074219,-5.908894062042236,10,7811.666666666666
2021-11-10 18:12:48,34.36906433105469,-5.90888786315918,10,7817.5
2021-11-10 18:12:54,34.36898422241211,-5.909029006958008,11,7821.666666666666
2021-11-10 18:13:00,34.36885070800781,-5.909143924713135,11,7828.333333333333
2021-11-10 18:13:06,34.36871337890625,-5.909261226654053,11,7832.5
2021-11-10 18:13:12,34.36857604980469,-5.909372806549072,10,7840.833333333333
2021-11-10 18:13:18,34.36844253540039,-5.909485816955566,11,7846.666666666666
2021-11-10 18:13:24,34.36830139160156,-5.909603118896484,11,7850.833333333334
2021-11-10 18:13:30,34.368160247802734,-5.909721851348877,11,7858.333333333334
2021-11-10 18:13:36,34.36802673339844,-5.909834861755371,10,7864.166666666666
2021-11-10 18:13:42,34.367889404296875,-5.909946918487549,10,7868.333333333333
2021-11-10 18:13:48,34.36775207519531,-5.9100542068481445,10,7876.666666666666
2021-11-10 18:13:54,34.367618560791016,-5.910155773162842,10,7880.833333333333
2021-11-10 18:14:00,34.36748504638672,-5.91026496887207,10,7886.666666666666
2021-11-10 18:14:06,34.36734771728516,-5.9103779792785645,10,7895.0
2021-11-10 18:14:12,34.367210388183594,-5.910488128662109,10,7901.666666666666
2021-11-10 18:14:18,34.3670768737793,-5.910604000091553,10,7905.833333333334
2021-11-10 18:14:24,34.366943359375,-5.910713195800781,10,7911.666666666666
2021-11-10 18:14:30,34.36680603027344,-5.910823822021484,11,7917.5
2021-11-10 18:14:36,34.366676330566406,-5.910933971405029,10,7922.5
2021-11-10 18:14:42,34.36654281616211,-5.911046981811523,11,7929.166666666666
2021-11-10 18:14:48,34.36640930175781,-5.911159038543701,10,7935.0
2021-11-10 18:14:54,34.36627197265625,-5.911263942718506,10,7940.833333333334
2021-11-10 18:15:00,34.36609649658203,-5.911289215087891,10,7945.833333333334
2021-11-10 18:15:06,34.365943908691406,-5.911250114440918,11,7950.833333333334
2021-11-10 18:15:12,34.36604309082031,-5.911125183105469,11,7957.5
2021-11-10 18:15:18,34.36620330810547,-5.911093235015869,10,7962.5
2021-11-10 18:15:24,34.36634063720703,-5.910991191864014,10,7970.0
2021-11-10 18:15:30,34.36647415161133,-5.910879135131836,10,7973.333333333334
2021-11-10 18:15:36,34.36660385131836,-5.910765171051025,11,7980.833333333334
2021-11-10 18:15:42,34.36673355102539,-5.910654067993164,11,7985.0
2021-11-10 18:15:48,34.36687088012695,-5.910546779632568,10,7992.5
2021-11-10 18:15:54,34.36700439453125,-5.910435199737549,10,7998.333333333334
2021-11-10 18:16:00,34.36713790893555,-5.910324096679688,10,8002.5
2021-11-10 18:16:06,34.367271423339844,-5.910214900970459,10,8010.0
2021-11-10 18:16:12,34.36740493774414,-5.910105228424072,10,8015.0
2021-11-10 18:16:18,34.36753845214844,-5.909996032714844,10,8021.666666666666
2021-11-10 18:16:24,34.367671966552734,-5.909892082214356,10,8028.333333333334
2021-11-10 18:16:30,34.367801666259766,-5.90978479385376,10,8032.5
2021-11-10 18:16:36,34.36793518066406,-5.909675121307373,10,8040.0
2021-11-10 18:16:42,34.368064880371094,-5.909566879272461,10,8045.833333333334
2021-11-10 18:16:48,34.36819839477539,-5.909457206726074,10,8051.666666666668
2021-11-10 18:16:54,34.36832809448242,-5.909348011016846,10,8055.833333333334
2021-11-10 18:17:00,34.36845779418945,-5.909239768981934,10,8063.333333333334
2021-11-10 18:17:06,34.36859130859375,-5.909127235412598,10,8070.0
2021-11-10 18:17:12,34.36872482299805,-5.909017086029053,10,8075.833333333334
2021-11-10 18:17:18,34.36885452270508,-5.908906936645508,10,8080.0
2021-11-10 18:17:24,34.368995666503906,-5.908824920654297,11,8085.833333333333
2021-11-10 18:17:30,34.369049072265625,-5.909004211425781,10,8092.5
2021-11-10 18:17:36,34.36892318725586,-5.909132957458496,10,8095.833333333333
2021-11-10 18:17:42,34.36879348754883,-5.9092512130737305,10,8102.5
2021-11-10 18:17:48,34.368656158447266,-5.909360885620117,10,8105.0
2021-11-10 18:17:54,34.36852264404297,-5.909470081329346,10,8112.5
2021-11-10 18:18:00,34.36839294433594,-5.90957498550415,10,8120.833333333333
2021-11-10 18:18:06,34.368263244628906,-5.909679889678955,10,8123.333333333332
2021-11-10 18:18:12,34.36800003051758,-5.9098968505859375,10,8129.999999999999
2021-11-10 18:18:18,34.367862701416016,-5.910006999969482,10,8139.166666666666
2021-11-10 18:18:24,34.36772918701172,-5.910116195678711,10,8143.333333333332
2021-11-10 18:18:30,34.36759948730469,-5.910226821899414,10,8149.999999999999
2021-11-10 18:18:36,34.367462158203125,-5.910338878631592,10,8159.166666666665
2021-11-10 18:18:42,34.367332458496094,-5.910445213317871,10,8166.666666666665
2021-11-10 18:18:48,34.36720275878906,-5.910552024841309,10,8174.166666666665
2021-11-10 18:18:54,34.36707305908203,-5.910665988922119,10,8177.5
2021-11-10 18:19:00,34.366939544677734,-5.9107770919799805,10,8185.0
2021-11-10 18:19:06,34.36667251586914,-5.910995006561279,10,8187.5
2021-11-10 18:19:12,34.366539001464844,-5.911104202270508,10,8202.5
2021-11-10 18:19:18,34.36641311645508,-5.911219120025635,10,8208.333333333334
2021-11-10 18:19:24,34.36626052856445,-5.911312103271484,11,8211.666666666666
2021-11-10 18:19:30,34.3660888671875,-5.911305904388428,10,8218.333333333334
2021-11-10 18:19:36,34.36592483520508,-5.9112958908081055,11,8223.333333333334
2021-11-10 18:19:42,34.365760803222656,-5.911291122436523,10,8230.0
2021-11-10 18:19:48,34.365596771240234,-5.911296844482422,11,8233.333333333334
2021-11-10 18:19:54,34.36543655395508,-5.911302089691162,10,8240.0
2021-11-10 18:20:00,34.365272521972656,-5.911313056945801,10,8245.0
2021-11-10 18:20:06,34.365108489990234,-5.911332130432129,10,8250.0
2021-11-10 18:20:12,34.36494827270508,-5.911365032196045,10,8255.833333333334
2021-11-10 18:20:18,34.36479568481445,-5.911417007446289,11,8260.0
2021-11-10 18:20:24,34.36465072631836,-5.9114861488342285,10,8265.833333333334
2021-11-10 18:20:30,34.364540100097656,-5.911590099334717,10,8270.833333333334
2021-11-10 18:20:36,34.36448287963867,-5.911482810974121,9,8274.166666666668
2021-11-10 18:20:42,34.364593505859375,-5.911561012268066,10,8279.166666666668
2021-11-10 18:20:48,34.36463928222656,-5.911736011505127,10,8280.833333333334
2021-11-10 18:20:54,34.364681243896484,-5.911910057067871,10,8285.833333333334
2021-11-10 18:21:00,34.364723205566406,-5.912086009979248,9,8290.0
2021-11-10 18:21:06,34.364768981933594,-5.912260055541992,10,8296.666666666668
2021-11-10 18:21:12,34.36481475830078,-5.912436008453369,10,8300.0
2021-11-10 18:21:18,34.3648567199707,-5.912618160247803,10,8308.333333333334
2021-11-10 18:21:24,34.36490631103516,-5.91279411315918,10,8310.833333333334
2021-11-10 18:21:30,34.36495590209961,-5.912971019744873,10,8311.666666666668
2021-11-10 18:21:36,34.3650016784668,-5.913147926330566,10,8321.666666666668
2021-11-10 18:21:42,34.36503982543945,-5.913327217102051,10,8326.666666666668
2021-11-10 18:21:48,34.365089416503906,-5.91350793838501,10,8332.5
2021-11-10 18:21:54,34.36513137817383,-5.91368579864502,10,8336.666666666668
2021-11-10 18:22:00,34.365169525146484,-5.913858890533447,9,8340.833333333334
2021-11-10 18:22:06,34.36521530151367,-5.914030075073242,10,8347.5
2021-11-10 18:22:12,34.365264892578125,-5.914200782775879,10,8352.5
2021-11-10 18:22:18,34.36531448364258,-5.91438102722168,10,8356.666666666668
2021-11-10 18:22:24,34.3653678894043,-5.914556980133057,10,8362.5
2021-11-10 18:22:30,34.365421295166016,-5.91473388671875,9,8368.333333333334
2021-11-10 18:22:36,34.365474700927734,-5.914907932281494,10,8374.166666666668
2021-11-10 18:22:42,34.36552047729492,-5.915081977844238,9,8380.833333333334
2021-11-10 18:22:48,34.36555862426758,-5.915247917175293,9,8384.166666666668
2021-11-10 18:22:54,34.3656005859375,-5.915421009063721,10,8390.0
2021-11-10 18:23:00,34.36565017700195,-5.915599822998047,10,8395.833333333332
2021-11-10 18:23:06,34.365692138671875,-5.915769100189209,9,8400.0
2021-11-10 18:23:12,34.36573791503906,-5.915928840637207,9,8405.833333333332
2021-11-10 18:23:18,34.36577606201172,-5.9160919189453125,8,8409.166666666666
2021-11-10 18:23:24,34.36579513549805,-5.916182041168213,0,8415.833333333332
2021-11-10 18:23:30,34.36579513549805,-5.9161810874938965,0,8422.5
2021-11-10 18:23:36,34.36579513549805,-5.91618013381958,0,8423.333333333332
2021-11-10 18:23:42,34.36579513549805,-5.91618013381958,0,8424.166666666666
2021-11-10 18:23:48,34.36579513549805,-5.91618013381958,0,8429.166666666666
2021-11-10 18:23:54,34.36579513549805,-5.91618013381958,0,8435.833333333332
2021-11-10 18:24:00,34.36579513549805,-5.91618013381958,0,8440.833333333332
2021-11-10 18:24:06,34.36579513549805,-5.91618013381958,0,8444.166666666666
2021-11-10 18:24:12,34.36579513549805,-5.91618013381958,0,8450.0
2021-11-10 18:24:18,34.36579513549805,-5.91618013381958,0,8453.333333333332
2021-11-10 18:24:24,34.36579513549805,-5.91618013381958,0,8458.333333333332
2021-11-10 18:24:30,34.36579513549805,-5.91618013381958,0,8463.333333333334
2021-11-10 18:24:36,34.36579513549805,-5.91618013381958,0,8468.333333333334
2021-11-10 18:24:42,34.36579513549805,-5.91618013381958,0,8473.333333333334
2021-11-10 18:24:48,34.36579513549805,-5.91618013381958,0,8479.166666666668
2021-11-10 18:24:54,34.36579513549805,-5.91618013381958,0,8484.166666666668
2021-11-10 18:25:00,34.36579513549805,-5.91618013381958,0,8490.0
2021-11-10 18:25:06,34.36579513549805,-5.91618013381958,0,8493.333333333334
2021-11-10 18:25:12,34.36579513549805,-5.91618013381958,0,8496.666666666668
2021-11-10 18:25:18,34.36572265625,-5.916224956512451,9,8503.333333333334
2021-11-10 18:25:24,34.36561584472656,-5.916090965270996,12,8507.5
2021-11-10 18:25:30,34.365478515625,-5.915938854217529,12,8509.166666666668
2021-11-10 18:25:36,34.365333557128906,-5.915760040283203,15,8514.166666666668
2021-11-10 18:25:42,34.365177154541016,-5.915562152862549,14,8517.5
2021-11-10 18:25:48,34.36501693725586,-5.915367126464844,14,8520.0
2021-11-10 18:25:54,34.364845275878906,-5.9151530265808105,16,8522.5
2021-11-10 18:26:00,34.36466217041016,-5.914930820465088,17,8525.833333333334
2021-11-10 18:26:06,34.364479064941406,-5.914700984954834,17,8528.333333333334
2021-11-10 18:26:12,34.364288330078125,-5.914462089538574,19,8531.666666666668
2021-11-10 18:26:18,34.36409378051758,-5.914218902587891,18,8534.166666666668
2021-11-10 18:26:24,34.36390686035156,-5.91398286819458,17,8535.833333333334
2021-11-10 18:26:30,34.36371612548828,-5.913747787475586,18,8539.166666666668
2021-11-10 18:26:36,34.36351013183594,-5.9135050773620605,18,8542.5
2021-11-10 18:26:42,34.363319396972656,-5.91327714920044,16,8544.166666666668
2021-11-10 18:26:48,34.36315155029297,-5.913076877593994,15,8550.0
2021-11-10 18:26:54,34.36300277709961,-5.912959098815918,9,8555.833333333334
2021-11-10 18:27:00,34.36289978027344,-5.913139820098877,16,8562.5
2021-11-10 18:27:06,34.362693786621094,-5.9133501052856445,18,8570.0
2021-11-10 18:27:12,34.36248016357422,-5.913572788238525,19,8572.5
2021-11-10 18:27:18,34.36225891113281,-5.913794994354248,19,8575.833333333334
2021-11-10 18:27:24,34.36204528808594,-5.914019107818604,19,8578.333333333334
2021-11-10 18:27:30,34.3618278503418,-5.914240837097168,19,8579.166666666668
2021-11-10 18:27:36,34.36159133911133,-5.914474964141846,22,8583.333333333334
2021-11-10 18:27:42,34.36130905151367,-5.914769172668457,25,8587.5
2021-11-10 18:27:48,34.36102294921875,-5.9150590896606445,24,8589.166666666668
2021-11-10 18:27:54,34.360740661621094,-5.915346145629883,24,8592.5
2021-11-10 18:28:00,34.3604736328125,-5.915633201599121,22,8595.0
2021-11-10 18:28:06,34.36042404174805,-5.916006088256836,23,8595.833333333332
2021-11-10 18:28:12,34.36046600341797,-5.91645622253418,25,8599.166666666668
2021-11-10 18:28:18,34.360504150390625,-5.9168701171875,21,8605.833333333332
2021-11-10 18:28:24,34.36053466796875,-5.91722583770752,18,8607.5
2021-11-10 18:28:30,34.36056900024414,-5.917500019073486,11,8613.333333333334
2021-11-10 18:28:36,34.36050033569336,-5.917603015899658,6,8619.166666666668
2021-11-10 18:28:42,34.36045455932617,-5.91770601272583,6,8624.166666666668
2021-11-10 18:28:48,34.36045837402344,-5.917830944061279,6,8625.833333333334
2021-11-10 18:28:54,34.36040115356445,-5.917935848236084,7,8629.166666666668
2021-11-10 18:29:00,34.36030197143555,-5.917895793914795,7,8640.0
2021-11-10 18:29:06,34.36021041870117,-5.917821884155273,8,8646.666666666668
2021-11-10 18:29:12,34.360107421875,-5.917730808258057,8,8652.5
2021-11-10 18:29:18,34.359981536865234,-5.9176201820373535,12,8657.5
2021-11-10 18:29:24,34.35982894897461,-5.917490005493164,12,8658.333333333334
2021-11-10 18:29:30,34.35966491699219,-5.917346000671387,14,8661.666666666668
2021-11-10 18:29:36,34.35948944091797,-5.917197227478027,14,8663.333333333334
2021-11-10 18:29:42,34.359310150146484,-5.9170660972595215,13,8665.833333333334
2021-11-10 18:29:48,34.35911560058594,-5.916977882385254,14,8667.5
2021-11-10 18:29:54,34.358924865722656,-5.91689395904541,11,8669.166666666668
2021-11-10 18:30:00,34.35880661010742,-5.916916847229004,8,8673.333333333334
2021-11-10 18:30:06,34.3587760925293,-5.9170331954956055,6,8678.333333333334
2021-11-10 18:30:12,34.3587646484375,-5.917147159576416,7,8683.333333333334
2021-11-10 18:30:18,34.358787536621094,-5.917256832122803,7,8686.666666666668
2021-11-10 18:30:24,34.358863830566406,-5.917334079742432,6,8690.0
2021-11-10 18:30:30,34.35895156860352,-5.917372226715088,7,8691.666666666668
2021-11-10 18:30:36,34.35904693603516,-5.917387008666992,6,8693.333333333334
2021-11-10 18:30:42,34.35913848876953,-5.91740083694458,6,8695.833333333334
2021-11-10 18:30:48,34.35917663574219,-5.917508125305176,5,8698.333333333334
2021-11-10 18:30:54,34.359161376953125,-5.917540073394775,1,8705.0
2021-11-10 18:31:00,34.35916519165039,-5.917541027069092,0,8712.5
2021-11-10 18:31:06,34.35916519165039,-5.917541027069092,0,8716.666666666668
2021-11-10 18:31:12,34.35916519165039,-5.917541027069092,0,8724.166666666668
2021-11-10 18:31:18,34.35916519165039,-5.917541027069092,0,8730.0
2021-11-10 18:31:24,34.35916519165039,-5.917541027069092,0,8731.666666666668
2021-11-10 18:31:30,34.35916519165039,-5.917541027069092,0,8742.5
2021-11-10 18:31:36,34.35916519165039,-5.917541027069092,0,8747.5
2021-11-10 18:31:42,34.35916519165039,-5.917541027069092,0,8754.166666666666
2021-11-10 18:31:48,34.35916519165039,-5.917541027069092,0,8757.5
2021-11-10 18:31:54,34.35916519165039,-5.917541027069092,0,8765.0
2021-11-10 18:32:00,34.35916519165039,-5.917541027069092,0,8772.5
2021-11-10 18:32:06,34.35916519165039,-5.917541027069092,0,8777.5
2021-11-10 18:32:12,34.35916519165039,-5.917541027069092,0,8781.666666666666
2021-11-10 18:32:18,34.35916519165039,-5.917541027069092,0,8787.5
2021-11-10 18:32:24,34.35916519165039,-5.917541027069092,0,8788.333333333332
2021-11-10 18:32:30,34.35889434814453,-5.917407035827637,0,8791.666666666666
2021-11-10 18:32:36,34.35889434814453,-5.917407035827637,0,8796.666666666666
2021-11-10 18:32:42,34.35889434814453,-5.917407035827637,0,8799.166666666666
2021-11-10 18:32:48,34.35889434814453,-5.917407035827637,0,8803.333333333332
2021-11-10 18:32:54,34.35889434814453,-5.917407035827637,0,8807.5
2021-11-10 18:33:00,34.35889434814453,-5.917407035827637,0,8810.0
2021-11-10 18:33:06,34.35889434814453,-5.917407035827637,0,8813.333333333332
2021-11-10 18:33:12,34.35889434814453,-5.917407035827637,0,8817.5
2021-11-10 18:33:18,34.35889434814453,-5.917407035827637,0,8821.666666666668
2021-11-10 18:33:24,34.35889434814453,-5.917407035827637,0,8824.166666666668
2021-11-10 18:33:30,34.35889434814453,-5.917407035827637,0,8827.5
2021-11-10 18:33:36,34.35889434814453,-5.917407035827637,0,8833.333333333332
2021-11-10 18:33:42,34.35889434814453,-5.917407035827637,0,8837.5
2021-11-10 18:33:48,34.35889434814453,-5.917407035827637,0,8840.0
2021-11-10 18:33:54,34.35889434814453,-5.917407035827637,0,8843.333333333332
2021-11-10 18:34:00,34.35889434814453,-5.917407035827637,0,8850.833333333332
2021-11-10 18:34:06,34.35889434814453,-5.917407035827637,0,8855.0
2021-11-10 18:34:12,34.35889434814453,-5.917407035827637,0,8857.5
2021-11-10 18:34:18,34.35889434814453,-5.917407035827637,0,8862.5
2021-11-10 18:34:24,34.35889434814453,-5.917407035827637,0,8866.666666666668
2021-11-10 18:34:30,34.35889434814453,-5.917407035827637,0,8872.5
2021-11-10 18:34:36,34.35889434814453,-5.917407035827637,0,8877.5
2021-11-10 18:34:42,34.35889434814453,-5.917407035827637,0,8882.5
2021-11-10 18:34:48,34.35889434814453,-5.917407035827637,0,8885.0
2021-11-10 18:34:54,34.35889434814453,-5.917407035827637,0,8890.833333333334
2021-11-10 18:35:00,34.35889434814453,-5.917407035827637,0,8895.0
2021-11-10 18:35:06,34.35889434814453,-5.917407035827637,0,8898.333333333334
2021-11-10 18:35:12,34.35889434814453,-5.917407035827637,0,8903.333333333334
2021-11-10 18:35:18,34.35889434814453,-5.917407035827637,0,8908.333333333334
2021-11-10 18:35:24,34.35889434814453,-5.917407035827637,0,8910.0
2021-11-10 18:35:30,34.35889434814453,-5.917407035827637,0,8915.0
2021-11-10 18:35:36,34.35889434814453,-5.917407035827637,0,8920.0
2021-11-10 18:35:42,34.35889434814453,-5.917407035827637,0,8925.0
2021-11-10 18:35:48,34.35889434814453,-5.917407035827637,0,8930.833333333334
2021-11-10 18:35:54,34.35889434814453,-5.917407035827637,0,8934.166666666668
2021-11-10 18:36:00,34.35889434814453,-5.917407035827637,0,8939.166666666668
2021-11-10 18:36:06,34.35889434814453,-5.917407035827637,0,8945.833333333334
2021-11-10 18:36:12,34.35889434814453,-5.917407035827637,0,8948.333333333334
2021-11-10 18:36:18,34.35889434814453,-5.917407035827637,0,8955.0
2021-11-10 18:36:24,34.35889434814453,-5.917407035827637,0,8955.833333333334
2021-11-10 18:36:30,34.35889434814453,-5.917407035827637,0,8964.166666666668
2021-11-10 18:36:36,34.35889434814453,-5.917407035827637,0,8967.5
2021-11-10 18:36:42,34.35889434814453,-5.917407035827637,0,8973.333333333334
2021-11-10 18:36:48,34.35889434814453,-5.917407035827637,0,8976.666666666668
2021-11-10 18:36:54,34.35889434814453,-5.917407035827637,0,8982.5
2021-11-10 18:37:00,34.35889434814453,-5.917407035827637,0,8988.333333333334
2021-11-10 18:37:06,34.35889434814453,-5.917407035827637,0,8991.666666666668
2021-11-10 18:37:12,34.35889434814453,-5.917407035827637,0,8995.0
2021-11-10 18:37:18,34.35889434814453,-5.917407035827637,0,9000.833333333334
2021-11-10 18:37:24,34.35889434814453,-5.917407035827637,0,9005.833333333334
2021-11-10 18:37:30,34.35889434814453,-5.917407035827637,0,9010.0
2021-11-10 18:37:36,34.35889434814453,-5.917407035827637,0,9015.833333333334
2021-11-10 18:37:42,34.35889434814453,-5.917407035827637,0,9019.166666666668
2021-11-10 18:37:48,34.35889434814453,-5.917407035827637,0,9024.166666666668
2021-11-10 18:37:54,34.35889434814453,-5.917407035827637,0,9028.333333333334
2021-11-10 18:38:00,34.35889434814453,-5.917407035827637,0,9032.5
2021-11-10 18:38:06,34.35889434814453,-5.917407035827637,0,9038.333333333332
2021-11-10 18:38:12,34.35889434814453,-5.917407035827637,0,9042.5
2021-11-10 18:38:18,34.35889434814453,-5.917407035827637,0,9046.666666666668
2021-11-10 18:38:24,34.35889434814453,-5.917407035827637,0,9051.666666666668
2021-11-10 18:38:30,34.35889434814453,-5.917407035827637,0,9055.0
2021-11-10 18:38:36,34.35889434814453,-5.917407035827637,0,9061.666666666668
2021-11-10 18:38:42,34.35889434814453,-5.917407035827637,0,9066.666666666668
2021-11-10 18:38:48,34.35889434814453,-5.917407035827637,0,9069.166666666668
2021-11-10 18:38:54,34.35889434814453,-5.917407035827637,0,9075.0
2021-11-10 18:39:00,34.35889434814453,-5.917407035827637,0,9081.666666666668
2021-11-10 18:39:06,34.35889434814453,-5.917407035827637,0,9086.666666666668
2021-11-10 18:39:12,34.35889434814453,-5.917407035827637,0,9090.0
2021-11-10 18:39:18,34.35889434814453,-5.917407035827637,0,9095.833333333332
2021-11-10 18:39:24,34.35889434814453,-5.917407035827637,0,9101.666666666668
2021-11-10 18:39:30,34.35889434814453,-5.917407035827637,0,9107.5
2021-11-10 18:39:36,34.35889434814453,-5.917407035827637,0,9111.666666666668
2021-11-10 18:39:42,34.35889434814453,-5.917407035827637,0,9116.666666666668
2021-11-10 18:39:48,34.35889434814453,-5.917407035827637,0,9124.166666666668
2021-11-10 18:39:54,34.35889434814453,-5.917407035827637,0,9126.666666666668
2021-11-10 18:40:00,34.35889434814453,-5.917407035827637,0,9133.333333333334
2021-11-10 18:40:06,34.35889434814453,-5.917407035827637,0,9137.5
2021-11-10 18:40:12,34.35889434814453,-5.917407035827637,0,9144.166666666668
2021-11-10 18:40:18,34.35889434814453,-5.917407035827637,0,9146.666666666668
2021-11-10 18:40:24,34.35889434814453,-5.917407035827637,0,9151.666666666668
2021-11-10 18:40:30,34.35889434814453,-5.917407035827637,0,9159.166666666668
2021-11-10 18:40:36,34.35889434814453,-5.917407035827637,0,9165.833333333334
2021-11-10 18:40:42,34.35889434814453,-5.917407035827637,0,9169.166666666668
2021-11-10 18:40:48,34.35889434814453,-5.917407035827637,0,9171.666666666668
2021-11-10 18:40:54,34.35889434814453,-5.917407035827637,0,9175.833333333334
2021-11-10 18:41:00,34.35889434814453,-5.917407035827637,0,9181.666666666668
2021-11-10 18:41:06,34.35889434814453,-5.917407035827637,0,9186.666666666668
2021-11-10 18:41:12,34.35889434814453,-5.917407035827637,0,9196.666666666668
2021-11-10 18:41:18,34.35889434814453,-5.917407035827637,0,9204.166666666666
2021-11-10 18:41:24,34.35889434814453,-5.917407035827637,0,9210.0
2021-11-10 18:41:30,34.35889434814453,-5.917407035827637,0,9213.333333333332
2021-11-10 18:41:36,34.35889434814453,-5.917407035827637,0,9216.666666666666
2021-11-10 18:41:42,34.35889434814453,-5.917407035827637,0,9220.833333333332
2021-11-10 18:41:48,34.35889434814453,-5.917407035827637,0,9225.0
2021-11-10 18:41:54,34.35889434814453,-5.917407035827637,0,9230.0
2021-11-10 18:42:00,34.35889434814453,-5.917407035827637,0,9238.333333333332
2021-11-10 18:42:06,34.35889434814453,-5.917407035827637,0,9242.5
2021-11-10 18:42:12,34.35889434814453,-5.917407035827637,0,9245.833333333332
2021-11-10 18:42:18,34.35889434814453,-5.917407035827637,0,9250.0
2021-11-10 18:42:24,34.35889434814453,-5.917407035827637,0,9257.5
2021-11-10 18:42:30,34.35889434814453,-5.917407035827637,0,9262.5
2021-11-10 18:42:36,34.35889434814453,-5.917407035827637,0,9265.833333333332
2021-11-10 18:42:42,34.35889434814453,-5.917407035827637,0,9273.333333333332
2021-11-10 18:42:48,34.35889434814453,-5.917407035827637,0,9276.666666666668
2021-11-10 18:42:54,34.35889434814453,-5.917407035827637,0,9280.0
2021-11-10 18:43:00,34.35889434814453,-5.917407035827637,0,9288.333333333332
2021-11-10 18:43:06,34.35871505737305,-5.9172468185424805,8,9291.666666666666
2021-11-10 18:43:12,34.35873031616211,-5.917102813720703,7,9295.0
2021-11-10 18:43:18,34.358760833740234,-5.916941165924072,7,9298.333333333332
2021-11-10 18:43:24,34.35884094238281,-5.916850090026856,8,9304.166666666666
2021-11-10 18:43:30,34.35896301269531,-5.916868209838867,9,9310.0
2021-11-10 18:43:36,34.35910415649414,-5.916921138763428,10,9314.166666666666
2021-11-10 18:43:42,34.359249114990234,-5.916977882385254,9,9317.5
2021-11-10 18:43:48,34.359397888183594,-5.917055130004883,10,9320.833333333332
2021-11-10 18:43:54,34.359519958496094,-5.917150974273682,9,9330.0
2021-11-10 18:44:00,34.35964584350586,-5.9172539710998535,10,9333.333333333332
2021-11-10 18:44:06,34.35978317260742,-5.917365074157715,10,9340.833333333332
2021-11-10 18:44:12,34.35990524291992,-5.917463779449463,10,9343.333333333332
2021-11-10 18:44:18,34.36003112792969,-5.917569160461426,10,9349.166666666666
2021-11-10 18:44:24,34.36015319824219,-5.91767692565918,10,9353.333333333332
2021-11-10 18:44:30,34.360252380371094,-5.917788028717041,8,9356.666666666666
2021-11-10 18:44:36,34.360328674316406,-5.9178900718688965,6,9364.166666666666
2021-11-10 18:44:42,34.360408782958984,-5.917919158935547,5,9368.333333333332
2021-11-10 18:44:48,34.36043167114258,-5.9178338050842285,6,9370.833333333332
2021-11-10 18:44:54,34.36042785644531,-5.917716026306152,7,9374.166666666666
2021-11-10 18:45:00,34.360496520996094,-5.917604923248291,7,9379.166666666666
2021-11-10 18:45:06,34.36054611206055,-5.917487144470215,8,9385.833333333332
2021-11-10 18:45:12,34.360530853271484,-5.917308807373047,10,9390.0
2021-11-10 18:45:18,34.36051559448242,-5.917088031768799,12,9394.166666666666
2021-11-10 18:45:24,34.36048889160156,-5.916874885559082,11,9399.166666666666
2021-11-10 18:45:30,34.360469818115234,-5.916658878326416,11,9406.666666666666
2021-11-10 18:45:36,34.36044692993164,-5.91645097732544,11,9410.833333333332
2021-11-10 18:45:42,34.36042404174805,-5.916251182556152,11,9418.333333333332
2021-11-10 18:45:48,34.36041259765625,-5.916049957275391,12,9425.0
2021-11-10 18:45:54,34.36040115356445,-5.915830135345459,12,9435.0
2021-11-10 18:46:00,34.3604850769043,-5.915614128112793,12,9438.333333333332
2021-11-10 18:46:06,34.36062240600586,-5.9154558181762695,12,9443.333333333332
2021-11-10 18:46:12,34.36076736450195,-5.915307998657227,12,9449.166666666666
2021-11-10 18:46:18,34.36091232299805,-5.915154933929443,12,9453.333333333332
2021-11-10 18:46:24,34.361053466796875,-5.915009021759033,12,9459.166666666666
2021-11-10 18:46:30,34.3611946105957,-5.914863109588623,12,9463.333333333332
2021-11-10 18:46:36,34.36133575439453,-5.914714813232422,12,9471.666666666666
2021-11-10 18:46:42,34.36147689819336,-5.9145708084106445,12,9476.666666666666
2021-11-10 18:46:48,34.36161422729492,-5.914422988891602,12,9480.833333333332
2021-11-10 18:46:54,34.36175537109375,-5.914280891418457,11,9487.5
2021-11-10 18:47:00,34.36189651489258,-5.914134979248047,12,9492.5
2021-11-10 18:47:06,34.362037658691406,-5.913984775543213,12,9498.333333333332
2021-11-10 18:47:12,34.362178802490234,-5.913844108581543,12,9500.0
2021-11-10 18:47:18,34.3623161315918,-5.913696765899658,12,9505.0
2021-11-10 18:47:24,34.362457275390625,-5.913547039031982,12,9509.166666666668
2021-11-10 18:47:30,34.36259460449219,-5.913406848907471,11,9514.166666666668
2021-11-10 18:47:36,34.36273193359375,-5.913274765014648,11,9520.833333333332
2021-11-10 18:47:42,34.36286926269531,-5.913137912750244,11,9527.5
2021-11-10 18:47:48,34.36292266845703,-5.912974834442139,9,9531.666666666668
2021-11-10 18:47:54,34.36304473876953,-5.912926197052002,9,9537.5
2021-11-10 18:48:00,34.36315155029297,-5.913049221038818,10,9542.5
2021-11-10 18:48:06,34.363258361816406,-5.9131760597229,9,9547.5
2021-11-10 18:48:12,34.363365173339844,-5.91330623626709,10,9550.833333333334
2021-11-10 18:48:18,34.36347579956055,-5.913433074951172,9,9556.666666666668
2021-11-10 18:48:24,34.363582611083984,-5.913565158843994,9,9565.0
2021-11-10 18:48:30,34.36368942260742,-5.913696765899658,10,9570.833333333334
2021-11-10 18:48:36,34.36379623413086,-5.913825035095215,9,9579.166666666668
2021-11-10 18:48:42,34.36389923095703,-5.913957118988037,10,9582.5
2021-11-10 18:48:48,34.364009857177734,-5.914085865020752,9,9588.333333333334
2021-11-10 18:48:54,34.364112854003906,-5.914216995239258,10,9597.5
2021-11-10 18:49:00,34.364219665527344,-5.9143500328063965,10,9601.666666666668
2021-11-10 18:49:06,34.36432266235352,-5.914480209350586,10,9605.833333333334
2021-11-10 18:49:12,34.36442947387695,-5.914608001708984,9,9612.5
2021-11-10 18:49:18,34.364540100097656,-5.914734840393066,10,9617.5
2021-11-10 18:49:24,34.36464309692383,-5.914869785308838,9,9625.833333333334
2021-11-10 18:49:30,34.364749908447266,-5.914999961853027,9,9630.833333333334
2021-11-10 18:49:36,34.36486053466797,-5.91513204574585,10,9637.5
2021-11-10 18:49:42,34.364967346191406,-5.915262222290039,10,9645.0
2021-11-10 18:49:48,34.365074157714844,-5.915392875671387,9,9652.5
2021-11-10 18:49:54,34.36518096923828,-5.915521144866943,10,9657.5
2021-11-10 18:50:00,34.36528778076172,-5.915655136108398,9,9661.666666666668
2021-11-10 18:50:06,34.36539077758789,-5.915788173675537,10,9667.5
2021-11-10 18:50:12,34.36549758911133,-5.915915012359619,9,9674.166666666668
2021-11-10 18:50:18,34.36560821533203,-5.916031837463379,9,9678.333333333334
2021-11-10 18:50:24,34.36570739746094,-5.916133880615234,7,9685.833333333334
2021-11-10 18:50:30,34.36581039428711,-5.916193962097168,8,9689.166666666668
2021-11-10 18:50:36,34.36582565307617,-5.916259765625,0,9695.833333333334
2021-11-10 18:50:42,34.36582946777344,-5.9162211418151855,3,9699.166666666668
2021-11-10 18:50:48,34.36582565307617,-5.916159152984619,0,9704.166666666668
2021-11-10 18:50:54,34.36582946777344,-5.9161458015441895,0,9708.333333333334
2021-11-10 18:51:00,34.36582946777344,-5.916149139404297,0,9710.0
2021-11-10 18:51:06,34.3658332824707,-5.91615104675293,0,9715.0
2021-11-10 18:51:12,34.3658332824707,-5.91615104675293,0,9718.333333333334
2021-11-10 18:51:18,34.3658332824707,-5.91615104675293,0,9724.166666666668
2021-11-10 18:51:24,34.3658332824707,-5.91615104675293,0,9727.5
2021-11-10 18:51:30,34.3658332824707,-5.91615104675293,0,9732.5
2021-11-10 18:51:36,34.3658332824707,-5.91615104675293,0,9735.833333333334
2021-11-10 18:51:42,34.3658332824707,-5.91615104675293,0,9740.833333333334
2021-11-10 18:51:48,34.3658332824707,-5.91615104675293,0,9744.166666666668
2021-11-10 18:51:54,34.3658332824707,-5.91615104675293,0,9749.166666666668
2021-11-10 18:52:00,34.3658332824707,-5.91615104675293,0,9755.0
2021-11-10 18:52:06,34.3658332824707,-5.91615104675293,0,9759.166666666668
2021-11-10 18:52:12,34.3658332824707,-5.91615104675293,0,9761.666666666668
2021-11-10 18:52:18,34.3658332824707,-5.91615104675293,0,9765.833333333334
2021-11-10 18:52:24,34.3658332824707,-5.91615104675293,0,9770.0
2021-11-10 18:52:30,34.3658332824707,-5.91615104675293,0,9775.0
2021-11-10 18:52:36,34.3658332824707,-5.91615104675293,0,9780.0
2021-11-10 18:52:42,34.3658332824707,-5.91615104675293,0,9783.333333333332
2021-11-10 18:52:48,34.3658332824707,-5.91615104675293,0,9787.5
2021-11-10 18:52:54,34.3658332824707,-5.91615104675293,0,9793.333333333332
2021-11-10 18:53:00,34.3658332824707,-5.91615104675293,0,9799.166666666666
2021-11-10 18:53:06,34.3658332824707,-5.91615104675293,0,9801.666666666666
2021-11-10 18:53:12,34.3658332824707,-5.91615104675293,0,9807.5
2021-11-10 18:53:18,34.3658332824707,-5.91615104675293,0,9813.333333333332
2021-11-10 18:53:24,34.3658332824707,-5.91615104675293,0,9818.333333333332
2021-11-10 18:53:30,34.3658332824707,-5.91615104675293,0,9820.833333333332
2021-11-10 18:53:36,34.3658332824707,-5.91615104675293,0,9825.833333333332
2021-11-10 18:53:42,34.3658332824707,-5.91615104675293,0,9830.0
2021-11-10 18:53:48,34.3658332824707,-5.91615104675293,0,9834.166666666666
2021-11-10 18:53:54,34.3658332824707,-5.91615104675293,0,9838.333333333332
2021-11-10 18:54:00,34.3658332824707,-5.91615104675293,0,9840.0
