Temps,Latitude,Longitude,Vitesse,Consommation (ml)
2021-11-12 13:34:08,34.358680725097656,-5.917195796966553,0,7.5
2021-11-12 13:34:14,34.358680725097656,-5.917195796966553,0,10.0
2021-11-12 13:34:20,34.358680725097656,-5.917195796966553,0,14.166666666666668
2021-11-12 13:34:26,34.358680725097656,-5.917195796966553,0,18.333333333333336
2021-11-12 13:34:32,34.358680725097656,-5.917195796966553,0,24.166666666666668
2021-11-12 13:34:38,34.358680725097656,-5.917195796966553,0,29.166666666666668
2021-11-12 13:34:44,34.358943939208984,-5.916791915893555,6,31.666666666666668
2021-11-12 13:34:50,34.35905838012695,-5.916851043701172,10,36.66666666666667
2021-11-12 13:34:56,34.35921859741211,-5.916934967041016,11,42.50000000000001
2021-11-12 13:35:02,34.35938262939453,-5.917041778564453,11,49.16666666666667
2021-11-12 13:35:08,34.35953521728516,-5.917169094085693,11,55.833333333333336
2021-11-12 13:35:14,34.35968399047852,-5.917297840118408,11,63.333333333333336
2021-11-12 13:35:20,34.35982894897461,-5.917419910430908,11,68.33333333333334
2021-11-12 13:35:26,34.35997009277344,-5.917542934417725,11,75.00000000000001
2021-11-12 13:35:32,34.360111236572266,-5.917666912078857,11,79.16666666666667
2021-11-12 13:35:38,34.360233306884766,-5.917791843414307,9,86.66666666666667
2021-11-12 13:35:44,34.360328674316406,-5.917912006378174,8,90.83333333333334
2021-11-12 13:35:50,34.36039352416992,-5.917920112609863,5,95.0
2021-11-12 13:35:56,34.36042404174805,-5.9178547859191895,4,100.0
2021-11-12 13:36:02,34.36041641235352,-5.917737007141113,7,103.33333333333334
2021-11-12 13:36:08,34.36045455932617,-5.91761589050293,7,108.33333333333334
2021-11-12 13:36:14,34.36054992675781,-5.917558193206787,7,110.0
2021-11-12 13:36:20,34.36064529418945,-5.917595863342285,7,112.5
2021-11-12 13:36:26,34.360740661621094,-5.917687892913818,7,118.33333333333331
2021-11-12 13:36:32,34.360836029052734,-5.917774200439453,7,124.16666666666666
2021-11-12 13:36:38,34.36092758178711,-5.917858123779297,7,127.5
2021-11-12 13:36:44,34.36102294921875,-5.917918205261231,6,134.16666666666666
2021-11-12 13:36:50,34.361053466796875,-5.917846202850342,5,141.66666666666666
2021-11-12 13:36:56,34.36104965209961,-5.917846202850342,2,145.0
2021-11-12 13:37:02,34.3610725402832,-5.917901039123535,3,150.0
2021-11-12 13:37:08,34.3610954284668,-5.917952060699463,2,157.5
2021-11-12 13:37:14,34.361122131347656,-5.91798210144043,0,161.66666666666666
2021-11-12 13:37:20,34.36112594604492,-5.917985916137695,0,165.83333333333331
2021-11-12 13:37:26,34.361122131347656,-5.917984008789063,0,170.83333333333331
2021-11-12 13:37:32,34.361122131347656,-5.917983055114746,0,175.83333333333331
2021-11-12 13:37:38,34.361122131347656,-5.917983055114746,0,179.99999999999997
2021-11-12 13:37:44,34.361122131347656,-5.917983055114746,0,183.3333333333333
2021-11-12 13:37:50,34.361122131347656,-5.917983055114746,0,188.3333333333333
2021-11-12 13:37:56,34.361122131347656,-5.917983055114746,0,193.3333333333333
2021-11-12 13:38:02,34.361122131347656,-5.917983055114746,0,195.8333333333333
2021-11-12 13:38:08,34.361122131347656,-5.917983055114746,0,200.0
2021-11-12 13:38:14,34.361122131347656,-5.917983055114746,0,206.66666666666663
2021-11-12 13:38:20,34.361122131347656,-5.917983055114746,0,212.5
2021-11-12 13:38:26,34.361122131347656,-5.917983055114746,0,214.16666666666663
2021-11-12 13:38:32,34.361122131347656,-5.917983055114746,0,219.16666666666663
2021-11-12 13:38:38,34.361122131347656,-5.917983055114746,0,225.0
2021-11-12 13:38:44,34.361122131347656,-5.917983055114746,0,230.0
2021-11-12 13:38:50,34.361122131347656,-5.917983055114746,0,233.33333333333331
2021-11-12 13:38:56,34.361122131347656,-5.917983055114746,0,238.33333333333331
2021-11-12 13:39:02,34.361122131347656,-5.917983055114746,0,243.33333333333331
2021-11-12 13:39:08,34.361122131347656,-5.917983055114746,0,247.5
2021-11-12 13:39:14,34.361122131347656,-5.917983055114746,0,253.33333333333331
2021-11-12 13:39:20,34.361122131347656,-5.917983055114746,0,255.0
2021-11-12 13:39:26,34.361122131347656,-5.917983055114746,0,260.8333333333333
2021-11-12 13:39:32,34.361122131347656,-5.917983055114746,0,266.6666666666667
2021-11-12 13:39:38,34.361122131347656,-5.917983055114746,0,271.6666666666667
2021-11-12 13:39:44,34.361122131347656,-5.917983055114746,0,274.1666666666667
2021-11-12 13:39:50,34.361122131347656,-5.917983055114746,0,279.1666666666667
2021-11-12 13:39:56,34.361122131347656,-5.917983055114746,0,281.6666666666667
2021-11-12 13:40:02,34.361122131347656,-5.917983055114746,0,288.33333333333337
2021-11-12 13:40:08,34.361122131347656,-5.917983055114746,0,294.1666666666667
2021-11-12 13:40:14,34.361122131347656,-5.917983055114746,0,298.33333333333337
2021-11-12 13:40:20,34.361122131347656,-5.917983055114746,0,302.5
2021-11-12 13:40:26,34.361122131347656,-5.917983055114746,0,308.3333333333333
2021-11-12 13:40:32,34.361122131347656,-5.917983055114746,0,314.16666666666663
2021-11-12 13:40:38,34.361122131347656,-5.917983055114746,0,319.99999999999994
2021-11-12 13:40:44,34.361122131347656,-5.917983055114746,0,322.49999999999994
2021-11-12 13:40:50,34.361122131347656,-5.917983055114746,0,326.66666666666663
2021-11-12 13:40:56,34.361122131347656,-5.917983055114746,0,332.49999999999994
2021-11-12 13:41:02,34.361122131347656,-5.917983055114746,0,334.99999999999994
2021-11-12 13:41:08,34.361122131347656,-5.917983055114746,0,340.83333333333337
2021-11-12 13:41:14,34.361122131347656,-5.917983055114746,0,346.6666666666667
2021-11-12 13:41:20,34.361122131347656,-5.917983055114746,0,350.0
2021-11-12 13:41:26,34.361122131347656,-5.917983055114746,0,356.6666666666667
2021-11-12 13:41:32,34.361122131347656,-5.917983055114746,0,360.83333333333337
2021-11-12 13:41:38,34.361122131347656,-5.917983055114746,0,364.1666666666667
2021-11-12 13:41:44,34.361122131347656,-5.917983055114746,0,370.83333333333337
2021-11-12 13:41:50,34.361122131347656,-5.917983055114746,0,375.83333333333337
2021-11-12 13:41:56,34.361122131347656,-5.917983055114746,0,380.0
2021-11-12 13:42:02,34.361122131347656,-5.917983055114746,0,383.3333333333333
2021-11-12 13:42:08,34.361122131347656,-5.917983055114746,0,390.0
2021-11-12 13:42:14,34.361122131347656,-5.917983055114746,0,396.6666666666667
2021-11-12 13:42:20,34.361122131347656,-5.917983055114746,0,400.0
2021-11-12 13:42:26,34.361122131347656,-5.917983055114746,0,405.0
2021-11-12 13:42:32,34.361122131347656,-5.917983055114746,0,410.8333333333333
2021-11-12 13:42:38,34.361122131347656,-5.917983055114746,0,415.0
2021-11-12 13:42:44,34.361122131347656,-5.917983055114746,0,420.83333333333337
2021-11-12 13:42:50,34.361122131347656,-5.917983055114746,0,425.00000000000006
2021-11-12 13:42:56,34.361122131347656,-5.917983055114746,0,430.83333333333337
2021-11-12 13:43:02,34.361122131347656,-5.917983055114746,0,436.6666666666667
2021-11-12 13:43:08,34.361122131347656,-5.917983055114746,0,438.33333333333337
2021-11-12 13:43:14,34.361122131347656,-5.917983055114746,0,444.1666666666667
2021-11-12 13:43:20,34.361122131347656,-5.917983055114746,0,449.1666666666667
2021-11-12 13:43:26,34.361122131347656,-5.917983055114746,0,452.5
2021-11-12 13:43:32,34.361122131347656,-5.917983055114746,0,458.33333333333337
2021-11-12 13:43:38,34.361122131347656,-5.917983055114746,0,463.33333333333337
2021-11-12 13:43:44,34.361122131347656,-5.917983055114746,0,470.00000000000006
2021-11-12 13:43:50,34.361122131347656,-5.917983055114746,0,473.33333333333337
2021-11-12 13:43:56,34.361122131347656,-5.917983055114746,0,479.1666666666667
2021-11-12 13:44:02,34.361122131347656,-5.917909145355225,8,487.5
2021-11-12 13:44:08,34.36109161376953,-5.91776180267334,9,495.0
2021-11-12 13:44:14,34.36105728149414,-5.917572021484375,10,500.0
2021-11-12 13:44:20,34.36103057861328,-5.917396068572998,9,506.6666666666667
2021-11-12 13:44:26,34.36100387573242,-5.917241096496582,9,514.1666666666667
2021-11-12 13:44:32,34.36097717285156,-5.917063236236572,9,519.1666666666667
2021-11-12 13:44:38,34.3609504699707,-5.916895866394043,7,525.8333333333334
2021-11-12 13:44:44,34.360923767089844,-5.916728973388672,10,530.0
2021-11-12 13:44:50,34.360897064208984,-5.916553020477295,9,533.3333333333334
2021-11-12 13:44:56,34.360862731933594,-5.916371822357178,10,542.5
2021-11-12 13:45:02,34.3608283996582,-5.916193962097168,9,548.3333333333334
2021-11-12 13:45:08,34.36079788208008,-5.91602897644043,9,551.6666666666666
2021-11-12 13:45:14,34.36076354980469,-5.915861129760742,9,558.3333333333333
2021-11-12 13:45:20,34.3607177734375,-5.915694236755371,9,564.9999999999999
2021-11-12 13:45:26,34.360694885253906,-5.91552209854126,11,568.3333333333333
2021-11-12 13:45:32,34.36079025268555,-5.915559768676758,10,574.1666666666666
2021-11-12 13:45:38,34.36082458496094,-5.915737152099609,10,579.1666666666666
2021-11-12 13:45:44,34.36085891723633,-5.915913105010986,10,585.0
2021-11-12 13:45:50,34.36089324951172,-5.916089057922363,10,588.3333333333334
2021-11-12 13:45:56,34.36092758178711,-5.916268825531006,10,595.0
2021-11-12 13:46:02,34.360958099365234,-5.91644811630249,9,600.8333333333334
2021-11-12 13:46:08,34.360992431640625,-5.916623115539551,10,605.0
2021-11-12 13:46:14,34.361026763916016,-5.916799068450928,9,610.8333333333334
2021-11-12 13:46:20,34.361045837402344,-5.916955947875977,9,616.6666666666667
2021-11-12 13:46:26,34.361080169677734,-5.917129039764404,9,623.3333333333334
2021-11-12 13:46:32,34.36110305786133,-5.917282104492188,9,626.6666666666667
2021-11-12 13:46:38,34.36113357543945,-5.917448997497559,9,632.5000000000001
2021-11-12 13:46:44,34.36116027832031,-5.917622089385986,9,635.8333333333334
2021-11-12 13:46:50,34.361183166503906,-5.917792797088623,9,640.8333333333333
2021-11-12 13:46:56,34.361122131347656,-5.917928218841553,10,647.5
2021-11-12 13:47:02,34.36104965209961,-5.917795181274414,10,653.3333333333333
2021-11-12 13:47:08,34.36101531982422,-5.917633056640625,9,656.6666666666666
2021-11-12 13:47:14,34.36098861694336,-5.9174628257751465,8,661.6666666666666
2021-11-12 13:47:20,34.360965728759766,-5.917317867279053,8,669.1666666666666
2021-11-12 13:47:26,34.360939025878906,-5.9171462059021,9,672.5
2021-11-12 13:47:32,34.36090850830078,-5.916975021362305,9,678.3333333333334
2021-11-12 13:47:38,34.36088562011719,-5.916831970214844,9,685.8333333333334
2021-11-12 13:47:44,34.36085510253906,-5.916664123535156,10,694.1666666666667
2021-11-12 13:47:50,34.3608283996582,-5.916491985321045,9,698.3333333333334
2021-11-12 13:47:56,34.36079025268555,-5.91632080078125,9,704.1666666666667
2021-11-12 13:48:02,34.36075592041016,-5.916152000427246,9,709.1666666666667
2021-11-12 13:48:08,34.36072540283203,-5.915985107421875,8,715.0
2021-11-12 13:48:14,34.36069107055664,-5.915812969207764,10,720.0
2021-11-12 13:48:20,34.36064147949219,-5.91563892364502,10,724.1666666666667
2021-11-12 13:48:26,34.3607177734375,-5.915481090545654,10,730.0
2021-11-12 13:48:32,34.36082077026367,-5.915585041046143,10,733.3333333333334
2021-11-12 13:48:38,34.36085510253906,-5.91575813293457,10,739.1666666666667
2021-11-12 13:48:44,34.36089324951172,-5.915928840637207,10,745.8333333333334
2021-11-12 13:48:50,34.360931396484375,-5.916109085083008,10,750.8333333333334
2021-11-12 13:48:56,34.360958099365234,-5.916291236877441,10,755.0
2021-11-12 13:49:02,34.36098861694336,-5.916463851928711,9,761.6666666666667
2021-11-12 13:49:08,34.361026763916016,-5.9166412353515625,10,767.5
2021-11-12 13:49:14,34.361053466796875,-5.916812896728516,8,772.5
2021-11-12 13:49:20,34.361087799072266,-5.916985034942627,10,777.5
2021-11-12 13:49:26,34.361122131347656,-5.917153835296631,8,782.5
2021-11-12 13:49:32,34.36114883422852,-5.91732120513916,9,788.3333333333334
2021-11-12 13:49:38,34.36117935180664,-5.917492866516113,9,791.6666666666667
2021-11-12 13:49:44,34.3612060546875,-5.917669773101807,9,797.5
2021-11-12 13:49:50,34.361236572265625,-5.917847156524658,10,803.3333333333333
2021-11-12 13:49:56,34.361141204833984,-5.917956829071045,10,807.5
2021-11-12 13:50:02,34.361026763916016,-5.917840003967285,9,811.6666666666667
2021-11-12 13:50:08,34.360897064208984,-5.917737007141113,10,816.6666666666667
2021-11-12 13:50:14,34.36083984375,-5.917575836181641,9,820.8333333333334
2021-11-12 13:50:20,34.360809326171875,-5.917409896850586,9,826.6666666666667
2021-11-12 13:50:26,34.360774993896484,-5.917234897613525,10,831.6666666666667
2021-11-12 13:50:32,34.36074447631836,-5.917068958282471,10,835.8333333333334
2021-11-12 13:50:38,34.3607177734375,-5.9168901443481445,10,842.5
2021-11-12 13:50:44,34.360694885253906,-5.916697978973389,10,846.6666666666667
2021-11-12 13:50:50,34.36066436767578,-5.9165120124816895,10,850.8333333333334
2021-11-12 13:50:56,34.360626220703125,-5.916322231292725,10,858.3333333333334
2021-11-12 13:51:02,34.360591888427734,-5.916137218475342,10,865.0
2021-11-12 13:51:08,34.36054992675781,-5.915955066680908,10,872.5
2021-11-12 13:51:14,34.36057662963867,-5.915763854980469,11,875.8333333333334
2021-11-12 13:51:20,34.360626220703125,-5.915587902069092,10,880.8333333333334
2021-11-12 13:51:26,34.360740661621094,-5.915453910827637,10,886.6666666666667
2021-11-12 13:51:32,34.3608512878418,-5.915548801422119,10,891.6666666666667
2021-11-12 13:51:38,34.36088943481445,-5.915725231170654,10,896.6666666666667
2021-11-12 13:51:44,34.36092758178711,-5.9159040451049805,10,902.5
2021-11-12 13:51:50,34.3609619140625,-5.916086196899414,10,907.5
2021-11-12 13:51:56,34.360992431640625,-5.91626501083374,10,914.1666666666669
2021-11-12 13:52:02,34.361026763916016,-5.916446208953857,9,917.5
2021-11-12 13:52:08,34.36105728149414,-5.9166259765625,10,924.1666666666669
2021-11-12 13:52:14,34.361087799072266,-5.916772842407227,7,930.0
2021-11-12 13:52:20,34.36111068725586,-5.916914939880371,8,938.3333333333334
2021-11-12 13:52:26,34.36114501953125,-5.917088031768799,9,941.6666666666669
2021-11-12 13:52:32,34.36117172241211,-5.917255878448486,9,945.8333333333334
2021-11-12 13:52:38,34.361202239990234,-5.917424201965332,9,950.8333333333334
2021-11-12 13:52:44,34.361228942871094,-5.917594909667969,10,955.0
2021-11-12 13:52:50,34.36125564575195,-5.917778015136719,9,960.8333333333334
2021-11-12 13:52:56,34.36124420166016,-5.9179558753967285,9,965.8333333333334
2021-11-12 13:53:02,34.361106872558594,-5.917941093444824,10,971.6666666666669
2021-11-12 13:53:08,34.36098098754883,-5.917835235595703,10,975.0
2021-11-12 13:53:14,34.36085891723633,-5.917720794677734,10,980.0
2021-11-12 13:53:20,34.360816955566406,-5.917551040649414,10,985.0
2021-11-12 13:53:26,34.36078643798828,-5.917366981506348,10,989.1666666666666
2021-11-12 13:53:32,34.36075973510742,-5.917179107666016,10,994.1666666666666
2021-11-12 13:53:38,34.3607292175293,-5.916994094848633,10,1000.0
2021-11-12 13:53:44,34.36070251464844,-5.916807174682617,10,1005.8333333333334
2021-11-12 13:53:50,34.36067199707031,-5.916619777679443,10,1010.8333333333334
2021-11-12 13:53:56,34.36064147949219,-5.916432857513428,10,1016.6666666666669
2021-11-12 13:54:02,34.36060333251953,-5.916244983673096,10,1022.5
2021-11-12 13:54:08,34.36056137084961,-5.916057109832764,10,1026.6666666666667
2021-11-12 13:54:14,34.36052703857422,-5.915873050689697,10,1034.1666666666667
2021-11-12 13:54:20,34.3605842590332,-5.915688991546631,11,1040.0
2021-11-12 13:54:26,34.360679626464844,-5.915524959564209,11,1043.3333333333337
2021-11-12 13:54:32,34.36080551147461,-5.915403842926025,10,1048.3333333333337
2021-11-12 13:54:38,34.36088943481445,-5.91555118560791,10,1055.0
2021-11-12 13:54:44,34.36092758178711,-5.915726184844971,10,1059.1666666666667
2021-11-12 13:54:50,34.36096954345703,-5.9159088134765625,10,1064.1666666666667
2021-11-12 13:54:56,34.36099624633789,-5.916098117828369,10,1070.8333333333333
2021-11-12 13:55:02,34.36103057861328,-5.916286945343018,10,1076.6666666666667
2021-11-12 13:55:08,34.361053466796875,-5.916473865509033,10,1082.5
2021-11-12 13:55:14,34.361083984375,-5.916662216186523,10,1086.6666666666667
2021-11-12 13:55:20,34.36111068725586,-5.916843891143799,10,1093.3333333333333
2021-11-12 13:55:26,34.36113357543945,-5.9170098304748535,9,1099.1666666666667
2021-11-12 13:55:32,34.361167907714844,-5.917180061340332,9,1105.0
2021-11-12 13:55:38,34.36119842529297,-5.91734790802002,8,1107.5
2021-11-12 13:55:44,34.36122512817383,-5.917518138885498,10,1112.5
2021-11-12 13:55:50,34.36125183105469,-5.917699813842773,10,1120.0
2021-11-12 13:55:56,34.361289978027344,-5.91788387298584,10,1124.1666666666663
2021-11-12 13:56:02,34.361202239990234,-5.918003082275391,10,1130.8333333333333
2021-11-12 13:56:08,34.361080169677734,-5.91788911819458,10,1135.8333333333333
2021-11-12 13:56:14,34.36100769042969,-5.917723178863525,11,1140.8333333333333
2021-11-12 13:56:20,34.36097717285156,-5.917541980743408,10,1145.0
2021-11-12 13:56:26,34.3609504699707,-5.917386054992676,9,1150.0
2021-11-12 13:56:32,34.36091995239258,-5.917229175567627,9,1160.0
2021-11-12 13:56:38,34.36088943481445,-5.917057037353516,9,1165.8333333333337
2021-11-12 13:56:44,34.36086654663086,-5.916894912719727,8,1169.1666666666667
2021-11-12 13:56:50,34.360836029052734,-5.916744232177734,8,1174.1666666666667
2021-11-12 13:56:56,34.360801696777344,-5.916578769683838,9,1180.0
2021-11-12 13:57:02,34.36076736450195,-5.9164137840271,9,1183.3333333333337
2021-11-12 13:57:08,34.36073684692383,-5.91624116897583,9,1189.1666666666663
2021-11-12 13:57:14,34.36069869995117,-5.916062831878662,9,1195.8333333333333
2021-11-12 13:57:20,34.36066055297852,-5.915886878967285,10,1201.6666666666663
2021-11-12 13:57:26,34.36062240600586,-5.915713787078857,10,1205.8333333333333
2021-11-12 13:57:32,34.360694885253906,-5.915550231933594,10,1211.6666666666663
2021-11-12 13:57:38,34.36081314086914,-5.915419101715088,11,1216.6666666666663
2021-11-12 13:57:44,34.36090850830078,-5.915538787841797,10,1222.5
2021-11-12 13:57:50,34.36095428466797,-5.915713787078857,10,1225.8333333333337
2021-11-12 13:57:56,34.36098861694336,-5.915894985198975,10,1231.6666666666663
2021-11-12 13:58:02,34.36101150512695,-5.916080951690674,10,1238.3333333333333
2021-11-12 13:58:08,34.36103820800781,-5.916266918182373,10,1242.5
2021-11-12 13:58:14,34.361061096191406,-5.916450023651123,10,1246.6666666666663
2021-11-12 13:58:20,34.3610954284668,-5.916633129119873,10,1251.6666666666663
2021-11-12 13:58:26,34.36112976074219,-5.916821002960205,10,1259.1666666666663
2021-11-12 13:58:32,34.36116027832031,-5.917004108428955,10,1264.1666666666663
2021-11-12 13:58:38,34.3611946105957,-5.917191028594971,10,1270.0
2021-11-12 13:58:44,34.36123275756836,-5.917357921600342,9,1273.3333333333333
2021-11-12 13:58:50,34.361263275146484,-5.917535781860352,10,1279.1666666666663
2021-11-12 13:58:56,34.36128616333008,-5.917723178863525,10,1284.1666666666663
2021-11-12 13:59:02,34.361324310302734,-5.917907238006592,10,1289.1666666666663
2021-11-12 13:59:08,34.36124801635742,-5.918039798736572,10,1295.8333333333333
2021-11-12 13:59:14,34.361106872558594,-5.917961120605469,10,1300.8333333333333
2021-11-12 13:59:20,34.3609733581543,-5.91786003112793,10,1304.1666666666663
2021-11-12 13:59:26,34.360843658447266,-5.917745113372803,10,1309.1666666666663
2021-11-12 13:59:32,34.360782623291016,-5.917575836181641,10,1314.1666666666663
2021-11-12 13:59:38,34.360748291015625,-5.917398929595947,10,1320.0
2021-11-12 13:59:44,34.3607177734375,-5.917215824127197,10,1324.1666666666667
2021-11-12 13:59:50,34.36068344116211,-5.917028903961182,10,1330.0
2021-11-12 13:59:56,34.36064910888672,-5.916847229003906,10,1334.1666666666667
2021-11-12 14:00:02,34.36061477661133,-5.916660785675049,10,1340.0
2021-11-12 14:00:08,34.36058044433594,-5.916473865509033,10,1344.1666666666667
2021-11-12 14:00:14,34.36054229736328,-5.916289806365967,10,1350.0
2021-11-12 14:00:20,34.360504150390625,-5.916107177734375,10,1355.8333333333337
2021-11-12 14:00:26,34.3604850769043,-5.915919780731201,10,1362.5
2021-11-12 14:00:32,34.36052703857422,-5.915728092193604,10,1367.5
2021-11-12 14:00:38,34.36062240600586,-5.915728092193604,11,1370.0
2021-11-12 14:00:44,34.3605842590332,-5.915904998779297,9,1375.8333333333337
2021-11-12 14:00:50,34.36061096191406,-5.916083812713623,10,1381.6666666666667
2021-11-12 14:00:56,34.36064529418945,-5.9162678718566895,10,1387.5
2021-11-12 14:01:02,34.36067581176758,-5.916457176208496,10,1393.3333333333337
2021-11-12 14:01:08,34.36070251464844,-5.9166460037231445,11,1400.0
2021-11-12 14:01:14,34.36073684692383,-5.916835784912109,10,1403.3333333333337
2021-11-12 14:01:20,34.36076736450195,-5.917026996612549,10,1410.8333333333337
2021-11-12 14:01:26,34.36079406738281,-5.917181968688965,9,1415.8333333333337
2021-11-12 14:01:32,34.36082458496094,-5.917356967926025,9,1422.5
2021-11-12 14:01:38,34.3608512878418,-5.917527198791504,9,1426.666666666667
2021-11-12 14:01:44,34.360862731933594,-5.917704105377197,10,1432.5
2021-11-12 14:01:50,34.360748291015625,-5.917634010314941,10,1436.666666666667
2021-11-12 14:01:56,34.3607177734375,-5.917457103729248,10,1440.0
2021-11-12 14:02:02,34.36068344116211,-5.917271137237549,10,1445.0
2021-11-12 14:02:08,34.36064910888672,-5.91708517074585,10,1450.0
2021-11-12 14:02:14,34.360618591308594,-5.91689920425415,10,1455.0
2021-11-12 14:02:20,34.36058807373047,-5.916715145111084,10,1458.3333333333337
2021-11-12 14:02:26,34.36055374145508,-5.916532039642334,9,1464.1666666666667
2021-11-12 14:02:32,34.36051559448242,-5.916348934173584,10,1468.3333333333337
2021-11-12 14:02:38,34.36048126220703,-5.916162014007568,10,1475.0
2021-11-12 14:02:44,34.3604621887207,-5.915979862213135,10,1480.0
2021-11-12 14:02:50,34.360450744628906,-5.915805816650391,9,1483.3333333333337
2021-11-12 14:02:56,34.36054229736328,-5.915741920471191,7,1489.1666666666667
2021-11-12 14:03:02,34.36058807373047,-5.9158711433410645,8,1494.1666666666667
2021-11-12 14:03:08,34.36061477661133,-5.916035175323486,9,1499.1666666666667
2021-11-12 14:03:14,34.36064910888672,-5.916202068328857,9,1502.5
2021-11-12 14:03:20,34.360679626464844,-5.916370868682861,9,1506.6666666666667
2021-11-12 14:03:26,34.36071014404297,-5.916543960571289,9,1512.5
2021-11-12 14:03:32,34.36073684692383,-5.9167160987854,9,1515.8333333333337
2021-11-12 14:03:38,34.36077117919922,-5.9168901443481445,10,1521.6666666666667
2021-11-12 14:03:44,34.360801696777344,-5.917050838470459,9,1528.3333333333337
2021-11-12 14:03:50,34.36082458496094,-5.917204856872559,9,1533.3333333333337
2021-11-12 14:03:56,34.36085510253906,-5.917369842529297,9,1540.8333333333337
2021-11-12 14:04:02,34.36088943481445,-5.917527198791504,9,1548.3333333333337
2021-11-12 14:04:08,34.36090469360352,-5.917688846588135,9,1555.8333333333337
2021-11-12 14:04:14,34.36077880859375,-5.917703151702881,9,1560.8333333333337
2021-11-12 14:04:20,34.36070251464844,-5.917582035064697,5,1567.5
2021-11-12 14:04:26,34.36070251464844,-5.917574882507324,0,1571.6666666666667
2021-11-12 14:04:32,34.36070251464844,-5.917582988739014,0,1573.3333333333337
2021-11-12 14:04:38,34.36070251464844,-5.917582988739014,0,1576.6666666666667
2021-11-12 14:04:44,34.36070251464844,-5.917582988739014,0,1582.5
2021-11-12 14:04:50,34.36070251464844,-5.917582988739014,0,1585.8333333333333
2021-11-12 14:04:56,34.36066436767578,-5.917468070983887,10,1589.1666666666663
2021-11-12 14:05:02,34.36063766479492,-5.917281150817871,10,1597.5
2021-11-12 14:05:08,34.36060333251953,-5.917088985443115,10,1602.5
2021-11-12 14:05:14,34.36056900024414,-5.916903972625732,10,1605.0
2021-11-12 14:05:20,34.36053466796875,-5.916718006134033,10,1611.6666666666667
2021-11-12 14:05:26,34.360504150390625,-5.916524887084961,10,1616.6666666666667
2021-11-12 14:05:32,34.36048126220703,-5.916331768035889,10,1621.6666666666667
2021-11-12 14:05:38,34.3604621887207,-5.91614294052124,10,1626.6666666666667
2021-11-12 14:05:44,34.36043930053711,-5.915953159332275,10,1630.8333333333337
2021-11-12 14:05:50,34.36050796508789,-5.915799140930176,10,1636.6666666666667
2021-11-12 14:05:56,34.36061096191406,-5.9159040451049805,10,1640.8333333333337
2021-11-12 14:06:02,34.36063766479492,-5.916065216064453,7,1645.8333333333337
2021-11-12 14:06:08,34.36063766479492,-5.916073799133301,0,1650.8333333333337
2021-11-12 14:06:14,34.360633850097656,-5.916072845458984,0,1655.0
2021-11-12 14:06:20,34.360633850097656,-5.916072845458984,0,1658.3333333333337
2021-11-12 14:06:26,34.360633850097656,-5.916072845458984,0,1663.3333333333337
2021-11-12 14:06:32,34.360633850097656,-5.916072845458984,0,1669.1666666666667
2021-11-12 14:06:38,34.360633850097656,-5.916072845458984,0,1670.8333333333337
2021-11-12 14:06:44,34.360633850097656,-5.916072845458984,0,1677.5
2021-11-12 14:06:50,34.360633850097656,-5.916072845458984,0,1680.8333333333337
2021-11-12 14:06:56,34.360633850097656,-5.916072845458984,0,1685.0
2021-11-12 14:07:02,34.360633850097656,-5.916072845458984,0,1693.3333333333337
2021-11-12 14:07:08,34.360633850097656,-5.916072845458984,0,1696.6666666666667
2021-11-12 14:07:14,34.360633850097656,-5.916072845458984,0,1702.5
2021-11-12 14:07:20,34.360633850097656,-5.916072845458984,0,1706.6666666666667
2021-11-12 14:07:26,34.360633850097656,-5.916072845458984,0,1710.0
2021-11-12 14:07:32,34.360633850097656,-5.916072845458984,0,1714.1666666666667
2021-11-12 14:07:38,34.360633850097656,-5.916072845458984,0,1717.5
2021-11-12 14:07:44,34.360633850097656,-5.916072845458984,0,1721.6666666666667
2021-11-12 14:07:50,34.360633850097656,-5.916072845458984,0,1725.8333333333337
2021-11-12 14:07:56,34.360633850097656,-5.916072845458984,0,1730.8333333333337
2021-11-12 14:08:02,34.360633850097656,-5.916072845458984,0,1735.8333333333337
2021-11-12 14:08:08,34.3607063293457,-5.916310787200928,11,1745.0000000000002
2021-11-12 14:08:14,34.360740661621094,-5.916506767272949,10,1751.666666666667
2021-11-12 14:08:20,34.360774993896484,-5.916705131530762,11,1757.5
2021-11-12 14:08:26,34.360809326171875,-5.91689920425415,11,1763.3333333333337
2021-11-12 14:08:32,34.360843658447266,-5.917080879211426,9,1768.3333333333337
2021-11-12 14:08:38,34.36087417602539,-5.917253017425537,9,1775.8333333333337
2021-11-12 14:08:44,34.36090469360352,-5.917426109313965,9,1778.3333333333337
2021-11-12 14:08:50,34.360939025878906,-5.917575836181641,8,1781.6666666666667
2021-11-12 14:08:56,34.360931396484375,-5.91774320602417,10,1791.6666666666667
2021-11-12 14:09:02,34.360816955566406,-5.917733192443848,7,1795.0
2021-11-12 14:09:08,34.360801696777344,-5.917724132537842,0,1803.3333333333333
2021-11-12 14:09:14,34.36080551147461,-5.917727947235107,0,1805.8333333333333
2021-11-12 14:09:20,34.360809326171875,-5.917726993560791,0,1812.5
2021-11-12 14:09:26,34.360809326171875,-5.917726993560791,0,1815.0
2021-11-12 14:09:32,34.360809326171875,-5.917726993560791,0,1820.0
2021-11-12 14:09:38,34.360809326171875,-5.917726993560791,0,1825.0
2021-11-12 14:09:44,34.360809326171875,-5.917726993560791,0,1830.8333333333333
2021-11-12 14:09:50,34.360809326171875,-5.917726993560791,0,1832.5
2021-11-12 14:09:56,34.36065673828125,-5.917623043060303,13,1840.0
2021-11-12 14:10:02,34.360504150390625,-5.917642116546631,9,1843.3333333333333
2021-11-12 14:10:08,34.3604621887207,-5.917753219604492,6,1849.1666666666667
2021-11-12 14:10:14,34.36044692993164,-5.917901039123535,9,1856.6666666666667
2021-11-12 14:10:20,34.36030960083008,-5.917884826660156,11,1861.6666666666667
2021-11-12 14:10:26,34.360145568847656,-5.917744159698486,15,1868.3333333333333
2021-11-12 14:10:32,34.35995864868164,-5.917578220367432,15,1872.5
2021-11-12 14:10:38,34.359764099121094,-5.917410850524902,15,1875.0
2021-11-12 14:10:44,34.35957336425781,-5.917250156402588,15,1877.5
2021-11-12 14:10:50,34.359371185302734,-5.917101860046387,15,1880.0
2021-11-12 14:10:56,34.359169006347656,-5.916977882385254,15,1881.6666666666667
2021-11-12 14:11:02,34.358970642089844,-5.916886806488037,12,1884.1666666666667
2021-11-12 14:11:08,34.35883712768555,-5.91686487197876,7,1885.8333333333333
2021-11-12 14:11:14,34.35879898071289,-5.917008876800537,8,1894.1666666666667
2021-11-12 14:11:20,34.35878372192383,-5.917162895202637,8,1899.1666666666667
2021-11-12 14:11:26,34.35884094238281,-5.917297840118408,8,1905.0
2021-11-12 14:11:32,34.358848571777344,-5.917431831359863,8,1911.6666666666667
2021-11-12 14:11:38,34.35874938964844,-5.91747522354126,7,1915.0
2021-11-12 14:11:44,34.35872268676758,-5.917440891265869,0,1920.0
2021-11-12 14:11:50,34.35871887207031,-5.917449951171875,0,1924.1666666666667
2021-11-12 14:11:56,34.35871887207031,-5.917455196380615,0,1926.6666666666667
2021-11-12 14:12:02,34.35871887207031,-5.917455196380615,0,1935.8333333333333
2021-11-12 14:12:08,34.35871887207031,-5.917455196380615,0,1940.0
2021-11-12 14:12:14,34.35871887207031,-5.917455196380615,0,1943.3333333333333
2021-11-12 14:12:20,34.35871887207031,-5.917455196380615,0,1950.8333333333333
2021-11-12 14:12:26,34.35871887207031,-5.917455196380615,0,1954.1666666666667
2021-11-12 14:12:32,34.35871887207031,-5.917455196380615,0,1961.6666666666667
2021-11-12 14:12:38,34.35871887207031,-5.917455196380615,0,1967.5
2021-11-12 14:12:44,34.35871887207031,-5.917455196380615,0,1971.6666666666667
2021-11-12 14:12:50,34.35871887207031,-5.917455196380615,0,1975.8333333333333
2021-11-12 14:12:56,34.35871887207031,-5.917455196380615,0,1983.3333333333333
2021-11-12 14:13:02,34.35871887207031,-5.917455196380615,0,1985.8333333333333
2021-11-12 14:13:08,34.35871887207031,-5.917455196380615,0,1991.6666666666667
2021-11-12 14:13:14,34.35871887207031,-5.917455196380615,0,1997.5
2021-11-12 14:13:20,34.35869598388672,-5.917417049407959,9,2003.3333333333333
2021-11-12 14:13:26,34.35871505737305,-5.917247772216797,10,2005.8333333333333
2021-11-12 14:13:32,34.35874557495117,-5.917061805725098,9,2007.5
2021-11-12 14:13:38,34.35879135131836,-5.916885852813721,10,2010.0
2021-11-12 14:13:44,34.35895156860352,-5.916872978210449,11,2011.6666666666663
2021-11-12 14:13:50,34.35914611816406,-5.916948795318604,14,2016.6666666666663
2021-11-12 14:13:56,34.359344482421875,-5.91705322265625,14,2018.3333333333333
2021-11-12 14:14:02,34.35953521728516,-5.917195796966553,15,2020.0
2021-11-12 14:14:08,34.359718322753906,-5.91735315322876,15,2023.3333333333333
2021-11-12 14:14:14,34.35990524291992,-5.917504787445068,14,2025.0
2021-11-12 14:14:20,34.36008834838867,-5.91766881942749,15,2026.666666666667
2021-11-12 14:14:26,34.36023712158203,-5.917844772338867,11,2029.166666666667
2021-11-12 14:14:32,34.3603515625,-5.917949199676514,7,2031.666666666667
2021-11-12 14:14:38,34.36040496826172,-5.9178972244262695,5,2036.666666666667
2021-11-12 14:14:44,34.36040115356445,-5.917771816253662,8,2040.0
2021-11-12 14:14:50,34.3604621887207,-5.917631149291992,8,2045.8333333333333
2021-11-12 14:14:56,34.36051940917969,-5.9174909591674805,10,2050.0
2021-11-12 14:15:02,34.360496520996094,-5.917287826538086,13,2051.666666666667
2021-11-12 14:15:08,34.360477447509766,-5.9170241355896,16,2060.0
2021-11-12 14:15:14,34.36045455932617,-5.916728973388672,15,2065.0
2021-11-12 14:15:20,34.36042404174805,-5.91644287109375,15,2067.5
2021-11-12 14:15:26,34.36040115356445,-5.916160106658936,15,2069.166666666667
2021-11-12 14:15:32,34.360382080078125,-5.91588020324707,15,2074.166666666667
2021-11-12 14:15:38,34.36045837402344,-5.915619850158691,15,2076.666666666667
2021-11-12 14:15:44,34.36063766479492,-5.91542387008667,17,2081.666666666667
2021-11-12 14:15:50,34.360836029052734,-5.915215015411377,17,2086.666666666667
2021-11-12 14:15:56,34.36103439331055,-5.914999961853027,17,2087.5
2021-11-12 14:16:02,34.361236572265625,-5.914785861968994,17,2092.5
2021-11-12 14:16:08,34.3614387512207,-5.914577007293701,17,2094.166666666667
2021-11-12 14:16:14,34.36163711547852,-5.914368152618408,17,2095.833333333333
2021-11-12 14:16:20,34.36184310913086,-5.914156913757324,17,2098.333333333333
2021-11-12 14:16:26,34.36204528808594,-5.913949012756348,17,2100.0
2021-11-12 14:16:32,34.36224365234375,-5.91374397277832,17,2101.666666666667
2021-11-12 14:16:38,34.36244583129883,-5.913540840148926,17,2105.0
2021-11-12 14:16:44,34.36265182495117,-5.913334846496582,17,2107.5
2021-11-12 14:16:50,34.36285400390625,-5.913136959075928,16,2110.0
2021-11-12 14:16:56,34.362937927246094,-5.912858963012695,17,2111.666666666667
2021-11-12 14:17:02,34.36308670043945,-5.912603855133057,18,2113.333333333333
2021-11-12 14:17:08,34.36329650878906,-5.912405014038086,17,2115.833333333333
2021-11-12 14:17:14,34.363494873046875,-5.912203788757324,17,2117.5
2021-11-12 14:17:20,34.36371994018555,-5.912028789520264,17,2119.166666666667
2021-11-12 14:17:26,34.36396789550781,-5.911893844604492,18,2123.333333333333
2021-11-12 14:17:32,34.36422348022461,-5.9117751121521,17,2125.0
2021-11-12 14:17:38,34.364463806152344,-5.911664962768555,16,2126.666666666667
2021-11-12 14:17:44,34.36470413208008,-5.911562919616699,17,2128.333333333333
2021-11-12 14:17:50,34.364967346191406,-5.91146993637085,18,2130.833333333333
2021-11-12 14:17:56,34.3652458190918,-5.911424160003662,18,2134.1666666666665
2021-11-12 14:18:02,34.365516662597656,-5.9113969802856445,18,2136.6666666666665
2021-11-12 14:18:08,34.36578369140625,-5.911389827728272,18,2138.333333333333
2021-11-12 14:18:14,34.36605453491211,-5.911397933959961,18,2140.833333333333
2021-11-12 14:18:20,34.366329193115234,-5.911423206329346,18,2143.333333333333
2021-11-12 14:18:26,34.36659622192383,-5.911476135253906,18,2144.1666666666665
2021-11-12 14:18:32,34.36686325073242,-5.911557197570801,18,2145.833333333333
2021-11-12 14:18:38,34.367130279541016,-5.911643981933594,18,2148.333333333333
2021-11-12 14:18:44,34.367393493652344,-5.911756038665772,18,2151.6666666666665
2021-11-12 14:18:50,34.36764144897461,-5.911896228790283,18,2153.333333333333
2021-11-12 14:18:56,34.36787414550781,-5.912067890167236,18,2156.6666666666665
2021-11-12 14:19:02,34.368106842041016,-5.912240982055664,18,2159.1666666666665
2021-11-12 14:19:08,34.36832046508789,-5.912442207336426,17,2161.6666666666665
2021-11-12 14:19:14,34.3685188293457,-5.912656784057617,17,2162.5
2021-11-12 14:19:20,34.36874771118164,-5.912682056427002,17,2165.0
2021-11-12 14:19:26,34.368988037109375,-5.912535190582275,18,2167.5
2021-11-12 14:19:32,34.36922836303711,-5.912368774414063,18,2170.833333333333
2021-11-12 14:19:38,34.36947250366211,-5.912207126617432,18,2173.333333333333
2021-11-12 14:19:44,34.36971664428711,-5.912047863006592,17,2176.6666666666665
2021-11-12 14:19:50,34.36990737915039,-5.9118428230285645,17,2179.1666666666665
2021-11-12 14:19:56,34.37004470825195,-5.911561012268066,17,2180.833333333333
2021-11-12 14:20:02,34.37018203735352,-5.911283016204834,18,2182.5
2021-11-12 14:20:08,34.37033462524414,-5.911008834838867,18,2185.833333333333
2021-11-12 14:20:14,34.37051010131836,-5.910752773284912,18,2188.333333333333
2021-11-12 14:20:20,34.37070846557617,-5.910521030426025,18,2190.833333333333
2021-11-12 14:20:26,34.37091445922852,-5.910278797149658,19,2192.5
2021-11-12 14:20:32,34.371131896972656,-5.910042762756348,19,2195.833333333333
2021-11-12 14:20:38,34.37138366699219,-5.909832000732422,22,2197.5
2021-11-12 14:20:44,34.371681213378906,-5.909617900848389,23,2199.1666666666665
2021-11-12 14:20:50,34.37199401855469,-5.909421920776367,23,2202.5
2021-11-12 14:20:56,34.372314453125,-5.909275054931641,22,2204.1666666666665
2021-11-12 14:21:02,34.37263870239258,-5.909159183502197,22,2206.6666666666665
2021-11-12 14:21:08,34.37298583984375,-5.909111022949219,22,2210.0
2021-11-12 14:21:14,34.373329162597656,-5.909080982208252,22,2213.333333333333
2021-11-12 14:21:20,34.37367248535156,-5.90907621383667,23,2215.833333333333
2021-11-12 14:21:26,34.37401580810547,-5.909092903137207,22,2217.5
2021-11-12 14:21:32,34.37434387207031,-5.909114837646484,21,2220.0
2021-11-12 14:21:38,34.37464141845703,-5.9091010093688965,17,2221.6666666666665
2021-11-12 14:21:44,34.37482452392578,-5.908980846405029,11,2224.1666666666665
2021-11-12 14:21:50,34.37490463256836,-5.908932209014893,0,2226.6666666666665
2021-11-12 14:21:56,34.374900817871094,-5.908934116363525,0,2231.6666666666665
2021-11-12 14:22:02,34.374900817871094,-5.908936023712158,0,2241.6666666666665
2021-11-12 14:22:08,34.37499237060547,-5.908868789672852,10,2247.5
2021-11-12 14:22:14,34.37514114379883,-5.908759117126465,12,2248.333333333333
2021-11-12 14:22:20,34.37529754638672,-5.90864896774292,12,2250.833333333333
2021-11-12 14:22:26,34.375465393066406,-5.908543109893799,13,2255.833333333333
2021-11-12 14:22:32,34.37565231323242,-5.908421993255615,14,2257.5
2021-11-12 14:22:38,34.375850677490234,-5.908294200897217,14,2260.0
2021-11-12 14:22:44,34.37604522705078,-5.90816593170166,14,2261.6666666666665
2021-11-12 14:22:50,34.3762321472168,-5.908041000366211,14,2263.333333333333
2021-11-12 14:22:56,34.37642288208008,-5.9079179763793945,14,2265.833333333333
2021-11-12 14:23:02,34.376583099365234,-5.907817840576172,10,2267.5
2021-11-12 14:23:08,34.3767204284668,-5.907729148864746,10,2271.6666666666665
2021-11-12 14:23:14,34.37687683105469,-5.907639980316162,11,2276.6666666666665
2021-11-12 14:23:20,34.377037048339844,-5.907532215118408,12,2277.5
2021-11-12 14:23:26,34.3772087097168,-5.907419204711914,13,2280.0
2021-11-12 14:23:32,34.377384185791016,-5.907296180725098,13,2283.333333333333
2021-11-12 14:23:38,34.3775634765625,-5.907173156738281,13,2284.1666666666665
2021-11-12 14:23:44,34.37773132324219,-5.90705680847168,12,2286.6666666666665
2021-11-12 14:23:50,34.37788009643555,-5.906950950622559,11,2291.6666666666665
2021-11-12 14:23:56,34.37803268432617,-5.90684986114502,11,2295.833333333333
2021-11-12 14:24:02,34.3781852722168,-5.906744003295898,11,2300.0
2021-11-12 14:24:08,34.37833404541016,-5.9066362380981445,11,2305.833333333333
2021-11-12 14:24:14,34.37847137451172,-5.906545162200928,11,2307.5
2021-11-12 14:24:20,34.37862777709961,-5.906435966491699,12,2314.1666666666665
2021-11-12 14:24:26,34.3787956237793,-5.9063239097595215,11,2320.0
2021-11-12 14:24:32,34.378929138183594,-5.906239032745361,10,2322.5
2021-11-12 14:24:38,34.37906265258789,-5.906139850616455,10,2328.333333333333
2021-11-12 14:24:44,34.37920379638672,-5.906047821044922,10,2331.6666666666665
2021-11-12 14:24:50,34.37934494018555,-5.905947208404541,12,2337.5
2021-11-12 14:24:56,34.37948989868164,-5.905841827392578,9,2343.333333333333
2021-11-12 14:25:02,34.379608154296875,-5.905760765075684,8,2349.1666666666665
2021-11-12 14:25:08,34.37971115112305,-5.905688762664795,6,2350.833333333333
2021-11-12 14:25:14,34.37975311279297,-5.9056830406188965,0,2357.5
2021-11-12 14:25:20,34.3797492980957,-5.905692100524902,0,2361.6666666666665
2021-11-12 14:25:26,34.3797492980957,-5.905693054199219,0,2365.833333333333
2021-11-12 14:25:32,34.3797492980957,-5.905693054199219,0,2367.5
2021-11-12 14:25:38,34.3797492980957,-5.905693054199219,0,2370.833333333333
2021-11-12 14:25:44,34.3797492980957,-5.905693054199219,0,2372.5
2021-11-12 14:25:50,34.3797492980957,-5.905693054199219,0,2375.833333333333
2021-11-12 14:25:56,34.3797492980957,-5.905693054199219,0,2379.1666666666665
2021-11-12 14:26:02,34.3797492980957,-5.905693054199219,0,2382.5
2021-11-12 14:26:08,34.3797492980957,-5.905693054199219,0,2385.0
2021-11-12 14:26:14,34.3797492980957,-5.905693054199219,0,2386.6666666666665
2021-11-12 14:26:20,34.3797492980957,-5.905693054199219,0,2390.0
2021-11-12 14:26:26,34.3797492980957,-5.905693054199219,0,2392.5
2021-11-12 14:26:32,34.3797492980957,-5.905693054199219,0,2396.6666666666665
2021-11-12 14:26:38,34.3797492980957,-5.905693054199219,0,2400.0
2021-11-12 14:26:44,34.3797492980957,-5.905693054199219,0,2404.166666666667
2021-11-12 14:26:50,34.3797492980957,-5.905693054199219,0,2407.5
2021-11-12 14:26:56,34.3797492980957,-5.905693054199219,0,2410.833333333333
2021-11-12 14:27:02,34.3797492980957,-5.905693054199219,0,2415.0
2021-11-12 14:27:08,34.3797492980957,-5.905693054199219,0,2418.333333333333
2021-11-12 14:27:14,34.3797492980957,-5.905693054199219,0,2420.833333333333
2021-11-12 14:27:20,34.3797492980957,-5.905693054199219,0,2424.166666666667
2021-11-12 14:27:26,34.3797492980957,-5.905693054199219,0,2430.0
2021-11-12 14:27:32,34.3797492980957,-5.905693054199219,0,2435.0
2021-11-12 14:27:38,34.3797492980957,-5.905693054199219,0,2437.5
2021-11-12 14:27:44,34.3797492980957,-5.905693054199219,0,2440.0
2021-11-12 14:27:50,34.3797492980957,-5.905693054199219,0,2445.0
2021-11-12 14:27:56,34.3797492980957,-5.905693054199219,0,2449.166666666667
2021-11-12 14:28:02,34.3797492980957,-5.905693054199219,0,2452.5
2021-11-12 14:28:08,34.3797492980957,-5.905693054199219,0,2455.833333333333
2021-11-12 14:28:14,34.3797492980957,-5.905693054199219,0,2460.833333333333
2021-11-12 14:28:20,34.3797492980957,-5.905693054199219,0,2463.333333333333
2021-11-12 14:28:26,34.3797492980957,-5.905693054199219,0,2468.333333333333
2021-11-12 14:28:32,34.3797492980957,-5.905693054199219,0,2469.166666666667
2021-11-12 14:28:38,34.3797492980957,-5.905693054199219,0,2475.0
2021-11-12 14:28:44,34.3797492980957,-5.905693054199219,0,2476.666666666667
2021-11-12 14:28:50,34.3797492980957,-5.905693054199219,0,2481.666666666667
2021-11-12 14:28:56,34.3797492980957,-5.905693054199219,0,2487.5
2021-11-12 14:29:02,34.3797492980957,-5.905693054199219,0,2489.166666666667
2021-11-12 14:29:08,34.3797492980957,-5.905693054199219,0,2495.833333333333
2021-11-12 14:29:14,34.3797492980957,-5.905693054199219,0,2498.333333333333
2021-11-12 14:29:20,34.3797492980957,-5.905693054199219,0,2503.333333333333
2021-11-12 14:29:26,34.3797492980957,-5.905693054199219,0,2509.1666666666665
2021-11-12 14:29:32,34.3797492980957,-5.905693054199219,0,2515.0
2021-11-12 14:29:38,34.3797492980957,-5.905693054199219,0,2516.6666666666665
2021-11-12 14:29:44,34.3797492980957,-5.905693054199219,0,2525.0
2021-11-12 14:29:50,34.3797492980957,-5.905693054199219,0,2527.5
2021-11-12 14:29:56,34.3797492980957,-5.905693054199219,0,2531.666666666667
2021-11-12 14:30:02,34.3797492980957,-5.905693054199219,0,2538.333333333333
2021-11-12 14:30:08,34.3797492980957,-5.905693054199219,0,2540.0
2021-11-12 14:30:14,34.3797492980957,-5.905693054199219,0,2544.166666666667
2021-11-12 14:30:20,34.3797492980957,-5.905693054199219,0,2550.833333333333
2021-11-12 14:30:26,34.3797492980957,-5.905693054199219,0,2555.833333333333
2021-11-12 14:30:32,34.3797492980957,-5.905693054199219,0,2558.333333333333
2021-11-12 14:30:38,34.3797492980957,-5.905693054199219,0,2564.166666666667
2021-11-12 14:30:44,34.3797492980957,-5.905693054199219,0,2566.6666666666665
2021-11-12 14:30:50,34.3797492980957,-5.905693054199219,0,2570.833333333333
2021-11-12 14:30:56,34.3797492980957,-5.905693054199219,0,2575.833333333333
2021-11-12 14:31:02,34.3797492980957,-5.905693054199219,0,2578.333333333333
2021-11-12 14:31:08,34.3797492980957,-5.905693054199219,0,2582.5
2021-11-12 14:31:14,34.3797492980957,-5.905693054199219,0,2590.0
2021-11-12 14:31:20,34.3797492980957,-5.905693054199219,0,2593.333333333333
2021-11-12 14:31:26,34.3797492980957,-5.905693054199219,0,2598.333333333333
2021-11-12 14:31:32,34.3797492980957,-5.905693054199219,0,2604.166666666667
2021-11-12 14:31:38,34.3797492980957,-5.905693054199219,0,2607.5
2021-11-12 14:31:44,34.3797492980957,-5.905693054199219,0,2614.166666666667
2021-11-12 14:31:50,34.3797492980957,-5.905693054199219,0,2617.5
2021-11-12 14:31:56,34.3797492980957,-5.905693054199219,0,2622.5
2021-11-12 14:32:02,34.3797492980957,-5.905693054199219,0,2624.166666666667
2021-11-12 14:32:08,34.3797492980957,-5.905693054199219,0,2627.5
2021-11-12 14:32:14,34.3797492980957,-5.905693054199219,0,2631.666666666667
2021-11-12 14:32:20,34.3797492980957,-5.905693054199219,0,2638.333333333333
2021-11-12 14:32:26,34.3797492980957,-5.905693054199219,0,2641.6666666666665
2021-11-12 14:32:32,34.3797492980957,-5.905693054199219,0,2645.833333333333
2021-11-12 14:32:38,34.3797492980957,-5.905693054199219,0,2652.5
2021-11-12 14:32:44,34.3797492980957,-5.905693054199219,0,2658.333333333333
2021-11-12 14:32:50,34.3797492980957,-5.905693054199219,0,2661.6666666666665
2021-11-12 14:32:56,34.3797492980957,-5.905693054199219,0,2666.6666666666665
2021-11-12 14:33:02,34.3797492980957,-5.905693054199219,0,2671.6666666666665
2021-11-12 14:33:08,34.3797492980957,-5.905693054199219,0,2675.0
2021-11-12 14:33:14,34.3797492980957,-5.905693054199219,0,2677.5
2021-11-12 14:33:20,34.3797492980957,-5.905693054199219,0,2683.333333333333
2021-11-12 14:33:26,34.3797492980957,-5.905693054199219,0,2687.5
2021-11-12 14:33:32,34.3797492980957,-5.905693054199219,0,2690.833333333333
2021-11-12 14:33:38,34.3797492980957,-5.905693054199219,0,2692.5
2021-11-12 14:33:44,34.3797492980957,-5.905693054199219,0,2699.166666666667
2021-11-12 14:33:50,34.3797492980957,-5.905693054199219,0,2701.666666666667
2021-11-12 14:33:56,34.3797492980957,-5.905693054199219,0,2707.5
2021-11-12 14:34:02,34.3797492980957,-5.905693054199219,0,2711.666666666667
2021-11-12 14:34:08,34.3797492980957,-5.905693054199219,0,2715.0
2021-11-12 14:34:14,34.3797492980957,-5.905693054199219,0,2719.166666666667
2021-11-12 14:34:20,34.3797492980957,-5.905693054199219,0,2723.333333333333
2021-11-12 14:34:26,34.3797492980957,-5.905693054199219,0,2726.666666666667
2021-11-12 14:34:32,34.3797492980957,-5.905693054199219,0,2731.666666666667
2021-11-12 14:34:38,34.3797492980957,-5.905693054199219,0,2734.166666666667
2021-11-12 14:34:44,34.3797492980957,-5.905693054199219,0,2737.5
2021-11-12 14:34:50,34.3797492980957,-5.905693054199219,0,2742.5
2021-11-12 14:34:56,34.3797492980957,-5.905693054199219,0,2746.6666666666665
2021-11-12 14:35:02,34.3797492980957,-5.905693054199219,0,2749.1666666666665
2021-11-12 14:35:08,34.3797492980957,-5.905693054199219,0,2755.0
2021-11-12 14:35:14,34.3797492980957,-5.905693054199219,0,2757.5
2021-11-12 14:35:20,34.3797492980957,-5.905693054199219,0,2760.833333333333
2021-11-12 14:35:26,34.3797492980957,-5.905693054199219,0,2765.833333333333
2021-11-12 14:35:32,34.3797492980957,-5.905693054199219,0,2770.833333333333
2021-11-12 14:35:38,34.3797492980957,-5.905693054199219,0,2775.0
2021-11-12 14:35:44,34.3797492980957,-5.905693054199219,0,2777.5
2021-11-12 14:35:50,34.3797492980957,-5.905693054199219,0,2781.6666666666665
2021-11-12 14:35:56,34.3797492980957,-5.905693054199219,0,2785.833333333333
2021-11-12 14:36:02,34.3797492980957,-5.905693054199219,0,2789.1666666666665
2021-11-12 14:36:08,34.3797492980957,-5.905693054199219,0,2793.333333333333
2021-11-12 14:36:14,34.3797492980957,-5.905693054199219,0,2800.0
2021-11-12 14:36:20,34.3797492980957,-5.905693054199219,0,2802.5
2021-11-12 14:36:26,34.3797492980957,-5.905693054199219,0,2806.6666666666665
2021-11-12 14:36:32,34.3797492980957,-5.905693054199219,0,2810.0
2021-11-12 14:36:38,34.3797492980957,-5.905693054199219,0,2813.333333333333
2021-11-12 14:36:44,34.3797492980957,-5.905693054199219,0,2819.1666666666665
2021-11-12 14:36:50,34.3797492980957,-5.905693054199219,0,2824.1666666666665
2021-11-12 14:36:56,34.3797492980957,-5.905693054199219,0,2827.5
2021-11-12 14:37:02,34.3797492980957,-5.905693054199219,0,2829.1666666666665
2021-11-12 14:37:08,34.3797492980957,-5.905693054199219,0,2836.666666666667
2021-11-12 14:37:14,34.3797492980957,-5.905693054199219,0,2839.166666666667
2021-11-12 14:37:20,34.3797492980957,-5.905693054199219,0,2844.166666666667
2021-11-12 14:37:26,34.3797492980957,-5.905693054199219,0,2847.5
2021-11-12 14:37:32,34.3797492980957,-5.905693054199219,0,2853.333333333333
2021-11-12 14:37:38,34.3797492980957,-5.905693054199219,0,2856.6666666666665
2021-11-12 14:37:44,34.3797492980957,-5.905693054199219,0,2860.833333333333
2021-11-12 14:37:50,34.3797492980957,-5.905693054199219,0,2863.333333333333
2021-11-12 14:37:56,34.3797492980957,-5.905693054199219,0,2865.833333333333
2021-11-12 14:38:02,34.3797492980957,-5.905693054199219,0,2871.666666666667
2021-11-12 14:38:08,34.3797492980957,-5.905693054199219,0,2874.166666666667
2021-11-12 14:38:14,34.3797492980957,-5.905693054199219,0,2879.166666666667
2021-11-12 14:38:20,34.3797492980957,-5.905693054199219,0,2883.333333333333
2021-11-12 14:38:26,34.3797492980957,-5.905693054199219,0,2885.833333333333
2021-11-12 14:38:32,34.3797492980957,-5.905693054199219,0,2890.0
2021-11-12 14:38:38,34.3797492980957,-5.905693054199219,0,2894.166666666667
2021-11-12 14:38:44,34.3797492980957,-5.905693054199219,0,2899.166666666667
2021-11-12 14:38:50,34.3797492980957,-5.905693054199219,0,2901.666666666667
2021-11-12 14:38:56,34.3797492980957,-5.905693054199219,0,2906.666666666667
2021-11-12 14:39:02,34.3797492980957,-5.905693054199219,0,2910.833333333333
2021-11-12 14:39:08,34.3797492980957,-5.905693054199219,0,2915.833333333333
2021-11-12 14:39:14,34.3797492980957,-5.905693054199219,0,2918.333333333333
2021-11-12 14:39:20,34.3797492980957,-5.905693054199219,0,2922.5
2021-11-12 14:39:26,34.3797492980957,-5.905693054199219,0,2927.5
2021-11-12 14:39:32,34.3797492980957,-5.905693054199219,0,2929.166666666667
2021-11-12 14:39:38,34.3797492980957,-5.905693054199219,0,2935.833333333333
2021-11-12 14:39:44,34.3797492980957,-5.905693054199219,0,2938.333333333333
2021-11-12 14:39:50,34.3797492980957,-5.905693054199219,0,2942.5
2021-11-12 14:39:56,34.3797492980957,-5.905693054199219,0,2947.5
2021-11-12 14:40:02,34.3797492980957,-5.905693054199219,0,2950.833333333333
2021-11-12 14:40:08,34.3797492980957,-5.905693054199219,0,2951.666666666667
2021-11-12 14:40:14,34.3797492980957,-5.905693054199219,0,2964.166666666667
2021-11-12 14:40:20,34.3797492980957,-5.905693054199219,0,2966.6666666666665
2021-11-12 14:40:26,34.3797492980957,-5.905693054199219,0,2967.5
2021-11-12 14:40:32,34.3797492980957,-5.905693054199219,0,2971.6666666666665
2021-11-12 14:40:38,34.3797492980957,-5.905693054199219,0,2975.833333333333
2021-11-12 14:40:44,34.3797492980957,-5.905693054199219,0,2976.6666666666665
2021-11-12 14:40:50,34.3797492980957,-5.905693054199219,0,2983.333333333333
2021-11-12 14:40:56,34.3797492980957,-5.905693054199219,0,2987.5
2021-11-12 14:41:02,34.3797492980957,-5.905693054199219,0,2990.833333333333
2021-11-12 14:41:08,34.3797492980957,-5.905693054199219,0,2995.833333333333
2021-11-12 14:41:14,34.3797492980957,-5.905693054199219,0,2999.166666666667
2021-11-12 14:41:20,34.3797492980957,-5.905693054199219,0,3000.0
2021-11-12 14:41:26,34.3797492980957,-5.905693054199219,0,3010.0
2021-11-12 14:41:32,34.3797492980957,-5.905693054199219,0,3013.333333333333
2021-11-12 14:41:38,34.3797492980957,-5.905693054199219,0,3016.666666666667
2021-11-12 14:41:44,34.3797492980957,-5.905693054199219,0,3024.166666666667
2021-11-12 14:41:50,34.3797492980957,-5.905693054199219,0,3030.0
2021-11-12 14:41:56,34.3797492980957,-5.905693054199219,0,3033.333333333333
2021-11-12 14:42:02,34.3797492980957,-5.905693054199219,0,3038.333333333333
2021-11-12 14:42:08,34.3797492980957,-5.905693054199219,0,3046.666666666667
2021-11-12 14:42:14,34.3797492980957,-5.905693054199219,0,3050.833333333333
2021-11-12 14:42:20,34.3797492980957,-5.905693054199219,0,3054.166666666667
2021-11-12 14:42:26,34.3797492980957,-5.905693054199219,0,3060.0
2021-11-12 14:42:32,34.3797492980957,-5.905693054199219,0,3065.0
2021-11-12 14:42:38,34.3797492980957,-5.905693054199219,0,3070.0
2021-11-12 14:42:44,34.3797492980957,-5.905693054199219,0,3073.333333333333
2021-11-12 14:42:50,34.3797492980957,-5.905693054199219,0,3076.6666666666665
2021-11-12 14:42:56,34.3797492980957,-5.905693054199219,0,3084.1666666666665
2021-11-12 14:43:02,34.3797492980957,-5.905693054199219,0,3088.333333333333
2021-11-12 14:43:08,34.3797492980957,-5.905693054199219,0,3094.1666666666665
2021-11-12 14:43:14,34.3797492980957,-5.905693054199219,0,3097.5
2021-11-12 14:43:20,34.3797492980957,-5.905693054199219,0,3104.1666666666665
2021-11-12 14:43:26,34.3797492980957,-5.905693054199219,0,3109.1666666666665
2021-11-12 14:43:32,34.3797492980957,-5.905693054199219,0,3114.1666666666665
2021-11-12 14:43:38,34.3797492980957,-5.905693054199219,0,3120.0
2021-11-12 14:43:44,34.3797492980957,-5.905693054199219,0,3123.333333333333
2021-11-12 14:43:50,34.3797492980957,-5.905693054199219,0,3130.0
2021-11-12 14:43:56,34.3797492980957,-5.905693054199219,0,3133.333333333333
2021-11-12 14:44:02,34.3797492980957,-5.905693054199219,0,3137.5
2021-11-12 14:44:08,34.37482070922852,-5.909156799316406,9,3142.5
2021-11-12 14:44:14,34.374656677246094,-5.909124851226807,12,3144.1666666666665
2021-11-12 14:44:20,34.37445831298828,-5.90912389755249,13,3147.5
2021-11-12 14:44:26,34.37424850463867,-5.909114837646484,13,3150.0
2021-11-12 14:44:32,34.37404251098633,-5.909102916717529,14,3151.666666666667
2021-11-12 14:44:38,34.37383270263672,-5.909090995788574,14,3155.0
2021-11-12 14:44:44,34.373619079589844,-5.909091949462891,14,3155.833333333333
2021-11-12 14:44:50,34.373409271240234,-5.90909481048584,14,3159.166666666667
2021-11-12 14:44:56,34.373199462890625,-5.909110069274902,14,3161.666666666667
2021-11-12 14:45:02,34.372982025146484,-5.909134864807129,14,3167.5
2021-11-12 14:45:08,34.372772216796875,-5.909172058105469,13,3170.0
2021-11-12 14:45:14,34.37256622314453,-5.9092302322387695,13,3174.166666666667
2021-11-12 14:45:20,34.37236785888672,-5.909302234649658,13,3180.0
2021-11-12 14:45:26,34.37217330932617,-5.9093828201293945,14,3185.0
2021-11-12 14:45:32,34.371978759765625,-5.909482002258301,13,3190.833333333333
2021-11-12 14:45:38,34.371795654296875,-5.909605026245117,14,3199.166666666667
2021-11-12 14:45:44,34.371612548828125,-5.90972900390625,14,3205.0
2021-11-12 14:45:50,34.371429443359375,-5.909856796264648,14,3209.166666666667
2021-11-12 14:45:56,34.37125396728516,-5.909998893737793,14,3216.6666666666665
2021-11-12 14:46:02,34.371097564697266,-5.910157203674316,13,3222.5
2021-11-12 14:46:08,34.37094497680664,-5.910329818725586,13,3229.1666666666665
2021-11-12 14:46:14,34.370792388916016,-5.910501956939697,14,3234.1666666666665
2021-11-12 14:46:20,34.37063980102539,-5.910674095153809,14,3240.833333333333
2021-11-12 14:46:26,34.3704948425293,-5.910861015319824,13,3244.1666666666665
2021-11-12 14:46:32,34.3703727722168,-5.911057949066162,13,3251.6666666666665
2021-11-12 14:46:38,34.37025833129883,-5.911272048950195,13,3260.0
2021-11-12 14:46:44,34.37015151977539,-5.911489963531494,14,3264.166666666667
2021-11-12 14:46:50,34.37004470825195,-5.911713123321533,13,3270.0
2021-11-12 14:46:56,34.36994171142578,-5.911925792694092,13,3275.0
2021-11-12 14:47:02,34.3697624206543,-5.91207218170166,13,3282.5
2021-11-12 14:47:08,34.36957931518555,-5.912196159362793,14,3290.0
2021-11-12 14:47:14,34.36939239501953,-5.912318229675293,13,3294.166666666667
2021-11-12 14:47:20,34.36920928955078,-5.912439823150635,13,3298.333333333333
2021-11-12 14:47:26,34.36902618408203,-5.912568092346191,13,3305.833333333333
2021-11-12 14:47:32,34.36884689331055,-5.912699222564697,13,3314.166666666667
2021-11-12 14:47:38,34.368656158447266,-5.9127349853515625,13,3317.5
2021-11-12 14:47:44,34.36848449707031,-5.912597179412842,13,3326.666666666667
2021-11-12 14:47:50,34.36832427978516,-5.912436008453369,13,3330.0
2021-11-12 14:47:56,34.3681640625,-5.912281036376953,13,3334.166666666667
2021-11-12 14:48:02,34.36799621582031,-5.912141799926758,14,3345.0
2021-11-12 14:48:08,34.3678092956543,-5.91201114654541,13,3350.0
2021-11-12 14:48:14,34.36743927001953,-5.911783218383789,14,3351.666666666667
2021-11-12 14:48:20,34.36722946166992,-5.911684036254883,15,3365.833333333333
2021-11-12 14:48:26,34.36700439453125,-5.911598205566406,15,3371.6666666666665
2021-11-12 14:48:32,34.36677551269531,-5.911530017852783,15,3375.0
2021-11-12 14:48:38,34.36654281616211,-5.911465167999268,16,3380.833333333333
2021-11-12 14:48:44,34.36630630493164,-5.911424160003662,15,3384.1666666666665
2021-11-12 14:48:50,34.36606979370117,-5.911398887634277,15,3390.0
2021-11-12 14:48:56,34.36582565307617,-5.911398887634277,15,3396.6666666666665
2021-11-12 14:49:02,34.36559295654297,-5.911405086517334,15,3401.6666666666665
2021-11-12 14:49:08,34.365352630615234,-5.911419868469238,15,3404.166666666667
2021-11-12 14:49:14,34.365116119384766,-5.911451816558838,15,3406.666666666667
2021-11-12 14:49:20,34.364891052246094,-5.911512851715088,15,3409.166666666667
2021-11-12 14:49:26,34.36467361450195,-5.911604881286621,14,3411.666666666667
2021-11-12 14:49:32,34.36445999145508,-5.911694049835205,14,3414.166666666667
2021-11-12 14:49:38,34.36425018310547,-5.911786079406738,14,3417.5
2021-11-12 14:49:44,34.364044189453125,-5.911890029907227,15,3420.0
2021-11-12 14:49:50,34.36383819580078,-5.912002086639404,14,3423.333333333333
2021-11-12 14:49:56,34.36363983154297,-5.912136077880859,14,3425.0
2021-11-12 14:50:02,34.36328887939453,-5.912466049194336,14,3428.333333333333
2021-11-12 14:50:08,34.363121032714844,-5.912631034851074,14,3430.0
2021-11-12 14:50:14,34.36300277709961,-5.912835121154785,13,3435.833333333333
2021-11-12 14:50:20,34.36295318603516,-5.913070201873779,13,3440.0
2021-11-12 14:50:26,34.362815856933594,-5.9132490158081055,13,3447.5
2021-11-12 14:50:32,34.362648010253906,-5.913396835327148,13,3455.0
2021-11-12 14:50:38,34.362491607666016,-5.913556098937988,13,3458.333333333333
2021-11-12 14:50:44,34.36233139038086,-5.913722038269043,13,3466.666666666667
2021-11-12 14:50:50,34.36216735839844,-5.9138898849487305,14,3473.333333333333
2021-11-12 14:50:56,34.362003326416016,-5.914061069488525,14,3479.166666666667
2021-11-12 14:51:02,34.36183547973633,-5.914229869842529,14,3480.0
2021-11-12 14:51:08,34.361663818359375,-5.914403915405273,14,3485.833333333333
2021-11-12 14:51:14,34.36149597167969,-5.914577007293701,14,3490.0
2021-11-12 14:51:20,34.361328125,-5.914752006530762,14,3495.833333333333
2021-11-12 14:51:26,34.36116027832031,-5.9149250984191895,14,3500.833333333333
2021-11-12 14:51:32,34.360992431640625,-5.915101051330566,14,3507.5
2021-11-12 14:51:38,34.3608283996582,-5.915274143218994,14,3510.0
2021-11-12 14:51:44,34.36065673828125,-5.915440082550049,14,3514.166666666667
2021-11-12 14:51:50,34.360496520996094,-5.915617942810059,14,3515.0
2021-11-12 14:51:56,34.36042022705078,-5.915839195251465,13,3520.833333333333
2021-11-12 14:52:02,34.36043930053711,-5.916094779968262,14,3525.0
2021-11-12 14:52:08,34.36046600341797,-5.916354179382324,14,3527.5
2021-11-12 14:52:14,34.36049270629883,-5.916604995727539,11,3534.166666666667
2021-11-12 14:52:20,34.36051940917969,-5.916800022125244,11,3537.5
2021-11-12 14:52:26,34.360538482666016,-5.917015075683594,11,3540.833333333333
2021-11-12 14:52:32,34.36056137084961,-5.917218208312988,11,3548.333333333333
2021-11-12 14:52:38,34.36061096191406,-5.91740608215332,11,3551.666666666667
2021-11-12 14:52:44,34.360572814941406,-5.917566776275635,7,3555.0
2021-11-12 14:52:50,34.36056137084961,-5.917578220367432,3,3563.333333333334
2021-11-12 14:52:56,34.36063003540039,-5.917585849761963,5,3565.0
2021-11-12 14:53:02,34.360694885253906,-5.917638778686523,5,3570.0
2021-11-12 14:53:08,34.36075592041016,-5.917695045471191,4,3572.5
2021-11-12 14:53:14,34.36079406738281,-5.917726993560791,0,3576.666666666667
2021-11-12 14:53:20,34.36079025268555,-5.917723178863525,2,3580.833333333333
2021-11-12 14:53:26,34.36079025268555,-5.917725086212158,1,3583.333333333333
2021-11-12 14:53:32,34.36079406738281,-5.917728900909424,0,3585.0
2021-11-12 14:53:38,34.36079406738281,-5.91772985458374,0,3589.166666666667
2021-11-12 14:53:44,34.36079406738281,-5.91772985458374,0,3595.0
2021-11-12 14:53:50,34.36079406738281,-5.91772985458374,0,3599.166666666667
2021-11-12 14:53:56,34.36079406738281,-5.91772985458374,0,3603.3333333333335
2021-11-12 14:54:02,34.36079406738281,-5.91772985458374,0,3606.666666666667
2021-11-12 14:54:08,34.36079406738281,-5.91772985458374,0,3608.3333333333335
2021-11-12 14:54:14,34.36079406738281,-5.91772985458374,0,3610.0
2021-11-12 14:54:20,34.36079406738281,-5.91772985458374,0,3610.8333333333335
2021-11-12 14:54:26,34.36079406738281,-5.91772985458374,0,3614.166666666667
2021-11-12 14:54:32,34.36079406738281,-5.91772985458374,0,3619.166666666667
2021-11-12 14:54:38,34.36079406738281,-5.91772985458374,0,3624.166666666667
2021-11-12 14:54:44,34.36079406738281,-5.91772985458374,0,3625.0
2021-11-12 14:54:50,34.36079406738281,-5.91772985458374,0,3630.0
2021-11-12 14:54:56,34.36079406738281,-5.91772985458374,0,3635.0
2021-11-12 14:55:02,34.36079406738281,-5.91772985458374,0,3638.3333333333335
2021-11-12 14:55:08,34.36079406738281,-5.91772985458374,0,3643.3333333333335
2021-11-12 14:55:14,34.36079406738281,-5.91772985458374,0,3644.166666666667
2021-11-12 14:55:20,34.36079406738281,-5.91772985458374,0,3645.0
2021-11-12 14:55:26,34.36079406738281,-5.91772985458374,0,3651.666666666667
2021-11-12 14:55:32,34.36079406738281,-5.91772985458374,0,3655.0
2021-11-12 14:55:38,34.36075592041016,-5.917613983154297,9,3657.5
2021-11-12 14:55:44,34.3607292175293,-5.917440891265869,9,3662.5
2021-11-12 14:55:50,34.36069869995117,-5.917250156402588,11,3667.5
2021-11-12 14:55:56,34.36066818237305,-5.9170451164245605,11,3673.333333333333
2021-11-12 14:56:02,34.36063766479492,-5.916841983795166,11,3680.833333333333
2021-11-12 14:56:08,34.36061096191406,-5.916638851165772,10,3685.0
2021-11-12 14:56:14,34.360591888427734,-5.91644287109375,11,3692.5
2021-11-12 14:56:20,34.36056900024414,-5.916248798370361,10,3699.166666666667
2021-11-12 14:56:26,34.36054229736328,-5.916051864624023,10,3706.666666666667
2021-11-12 14:56:32,34.36051559448242,-5.9158549308776855,10,3710.0
2021-11-12 14:56:38,34.36051559448242,-5.915651798248291,11,3714.166666666667
2021-11-12 14:56:44,34.36065673828125,-5.9155778884887695,11,3721.666666666667
2021-11-12 14:56:50,34.3607177734375,-5.915740013122559,10,3725.8333333333335
2021-11-12 14:56:56,34.360740661621094,-5.915924072265625,10,3732.5
2021-11-12 14:57:02,34.36076354980469,-5.916111946105957,10,3735.8333333333335
2021-11-12 14:57:08,34.36078643798828,-5.91630220413208,10,3740.8333333333335
2021-11-12 14:57:14,34.360809326171875,-5.916491985321045,10,3747.5
2021-11-12 14:57:20,34.36083221435547,-5.916680812835693,10,3751.666666666667
2021-11-12 14:57:26,34.36085510253906,-5.9168701171875,10,3759.166666666667
2021-11-12 14:57:32,34.36088943481445,-5.917059898376465,10,3762.5
2021-11-12 14:57:38,34.36091613769531,-5.917247772216797,10,3767.5
2021-11-12 14:57:44,34.36095428466797,-5.91743803024292,10,3774.166666666667
2021-11-12 14:57:50,34.36098861694336,-5.917627811431885,10,3781.666666666667
2021-11-12 14:57:56,34.36091995239258,-5.917777061462402,11,3785.0
2021-11-12 14:58:02,34.360774993896484,-5.9176859855651855,11,3790.0
2021-11-12 14:58:08,34.36070251464844,-5.917510032653809,10,3795.8333333333335
2021-11-12 14:58:14,34.36067199707031,-5.917315006256104,11,3800.0
2021-11-12 14:58:20,34.36064529418945,-5.917109966278076,11,3804.166666666667
2021-11-12 14:58:26,34.360618591308594,-5.916906833648682,10,3810.0
2021-11-12 14:58:32,34.360591888427734,-5.916704177856445,10,3814.166666666667
2021-11-12 14:58:38,34.36056900024414,-5.916501998901367,11,3820.8333333333335
2021-11-12 14:58:44,34.36054611206055,-5.916306018829346,10,3827.5
2021-11-12 14:58:50,34.36051940917969,-5.916098117828369,11,3831.6666666666665
2021-11-12 14:58:56,34.36049270629883,-5.915891170501709,11,3837.5
2021-11-12 14:59:02,34.360477447509766,-5.915669918060303,12,3845.0
2021-11-12 14:59:08,34.36060333251953,-5.915517807006836,11,3848.3333333333335
2021-11-12 14:59:14,34.36073684692383,-5.915628910064697,11,3855.0
2021-11-12 14:59:20,34.36076736450195,-5.915832042694092,10,3859.1666666666665
2021-11-12 14:59:26,34.36079406738281,-5.91603422164917,11,3864.166666666667
2021-11-12 14:59:32,34.36081314086914,-5.91623592376709,11,3870.0
2021-11-12 14:59:38,34.36083221435547,-5.916439056396484,10,3876.666666666667
2021-11-12 14:59:44,34.36085510253906,-5.916642189025879,11,3880.8333333333335
2021-11-12 14:59:50,34.36089324951172,-5.91684103012085,11,3888.3333333333335
2021-11-12 14:59:56,34.360923767089844,-5.917040824890137,11,3895.0
2021-11-12 15:00:02,34.36095428466797,-5.917238235473633,11,3900.8333333333335
2021-11-12 15:00:08,34.360984802246094,-5.917434215545654,10,3905.0
2021-11-12 15:00:14,34.36102294921875,-5.917631149291992,11,3910.0
2021-11-12 15:00:20,34.360965728759766,-5.9178009033203125,12,3917.5
2021-11-12 15:00:26,34.360801696777344,-5.917716979980469,11,3925.0
2021-11-12 15:00:32,34.36067199707031,-5.917582035064697,12,3929.166666666667
2021-11-12 15:00:38,34.360652923583984,-5.917380809783936,11,3934.166666666667
2021-11-12 15:00:44,34.360626220703125,-5.917175769805908,11,3940.833333333333
2021-11-12 15:00:50,34.360595703125,-5.916967868804932,11,3944.166666666667
2021-11-12 15:00:56,34.36056900024414,-5.916757106781006,11,3950.833333333333
2021-11-12 15:01:02,34.36054611206055,-5.9165568351745605,11,3958.333333333333
2021-11-12 15:01:08,34.36052703857422,-5.91635799407959,10,3962.5
2021-11-12 15:01:14,34.36050796508789,-5.916153907775879,11,3969.166666666667
2021-11-12 15:01:20,34.36048126220703,-5.915948867797852,11,3975.833333333333
2021-11-12 15:01:26,34.360469818115234,-5.915741920471191,12,3980.0
2021-11-12 15:01:32,34.36056900024414,-5.915579795837402,11,3986.666666666667
2021-11-12 15:01:38,34.36072540283203,-5.915511131286621,12,3992.5
2021-11-12 15:01:44,34.36079788208008,-5.915687084197998,10,3995.833333333333
2021-11-12 15:01:50,34.36082458496094,-5.91588306427002,10,4001.666666666667
2021-11-12 15:01:56,34.360843658447266,-5.916083812713623,11,4009.1666666666665
2021-11-12 15:02:02,34.36085891723633,-5.916285991668701,11,4013.333333333333
2021-11-12 15:02:08,34.360877990722656,-5.916485786437988,10,4018.333333333333
2021-11-12 15:02:14,34.36090087890625,-5.91668176651001,10,4025.833333333333
2021-11-12 15:02:20,34.36094284057617,-5.916873931884766,11,4030.833333333333
2021-11-12 15:02:26,34.3609733581543,-5.917069911956787,11,4036.6666666666665
2021-11-12 15:02:32,34.36100769042969,-5.917265892028809,11,4040.833333333333
2021-11-12 15:02:38,34.361045837402344,-5.9174652099609375,10,4046.6666666666665
2021-11-12 15:02:44,34.361083984375,-5.917661190032959,11,4054.166666666666
2021-11-12 15:02:50,34.36104202270508,-5.917837142944336,11,4058.333333333333
2021-11-12 15:02:56,34.36088562011719,-5.9177680015563965,11,4064.166666666666
2021-11-12 15:03:02,34.36074447631836,-5.917652130126953,11,4068.333333333333
2021-11-12 15:03:08,34.36064529418945,-5.917494773864746,10,4073.333333333333
2021-11-12 15:03:14,34.36061477661133,-5.917294979095459,10,4079.166666666666
2021-11-12 15:03:20,34.360591888427734,-5.917089939117432,11,4084.166666666666
2021-11-12 15:03:26,34.360565185546875,-5.916883945465088,11,4088.333333333333
2021-11-12 15:03:32,34.36054229736328,-5.916683197021484,10,4093.333333333333
2021-11-12 15:03:38,34.36052322387695,-5.916481018066406,11,4100.0
2021-11-12 15:03:44,34.36050033569336,-5.916282176971436,10,4105.0
2021-11-12 15:03:50,34.3604736328125,-5.916078090667725,10,4110.0
2021-11-12 15:03:56,34.360450744628906,-5.915875911712647,11,4115.833333333333
2021-11-12 15:04:02,34.360504150390625,-5.91569185256958,11,4121.666666666666
2021-11-12 15:04:08,34.360595703125,-5.915791988372803,10,4123.333333333333
2021-11-12 15:04:14,34.3606071472168,-5.915980815887451,10,4128.333333333333
2021-11-12 15:04:20,34.360633850097656,-5.91618013381958,10,4134.166666666666
2021-11-12 15:04:26,34.36065673828125,-5.9163818359375,11,4138.333333333333
2021-11-12 15:04:32,34.36067581176758,-5.916581153869629,10,4145.833333333333
2021-11-12 15:04:38,34.36069869995117,-5.916780948638916,11,4152.5
2021-11-12 15:04:44,34.36072540283203,-5.916981220245361,11,4158.333333333333
2021-11-12 15:04:50,34.36075210571289,-5.917169094085693,10,4162.5
2021-11-12 15:04:56,34.360782623291016,-5.917359828948975,9,4170.0
2021-11-12 15:05:02,34.36081314086914,-5.9175238609313965,9,4175.0
2021-11-12 15:05:08,34.36075592041016,-5.917654037475586,9,4180.833333333333
2021-11-12 15:05:14,34.360633850097656,-5.917549133300781,11,4186.666666666666
2021-11-12 15:05:20,34.36061096191406,-5.917346000671387,11,4189.166666666666
2021-11-12 15:05:26,34.36058807373047,-5.917136192321777,10,4192.5
2021-11-12 15:05:32,34.360565185546875,-5.916934013366699,11,4199.166666666666
2021-11-12 15:05:38,34.36054229736328,-5.916728973388672,11,4204.166666666666
2021-11-12 15:05:44,34.36051940917969,-5.916530132293701,11,4207.5
2021-11-12 15:05:50,34.360496520996094,-5.916329860687256,10,4211.666666666666
2021-11-12 15:05:56,34.3604736328125,-5.916133880615234,10,4217.5
2021-11-12 15:06:02,34.36045837402344,-5.91593599319458,11,4221.666666666666
2021-11-12 15:06:08,34.360477447509766,-5.915741920471191,11,4229.166666666666
2021-11-12 15:06:14,34.360595703125,-5.915594100952148,10,4232.5
2021-11-12 15:06:20,34.360721588134766,-5.9154791831970215,10,4237.5
2021-11-12 15:06:26,34.36082077026367,-5.915596961975098,11,4243.333333333333
2021-11-12 15:06:32,34.360843658447266,-5.91578483581543,10,4247.5
2021-11-12 15:06:38,34.360862731933594,-5.915981769561768,11,4251.666666666666
2021-11-12 15:06:44,34.36088562011719,-5.916185855865479,11,4259.166666666666
2021-11-12 15:06:50,34.36090469360352,-5.91638708114624,11,4265.0
2021-11-12 15:06:56,34.360923767089844,-5.916584968566895,11,4272.5
2021-11-12 15:07:02,34.3609504699707,-5.916782855987549,10,4276.666666666666
2021-11-12 15:07:08,34.360984802246094,-5.916983127593994,11,4283.333333333333
2021-11-12 15:07:14,34.361019134521484,-5.917184829711914,11,4287.5
2021-11-12 15:07:20,34.36105728149414,-5.917386054992676,11,4295.0
2021-11-12 15:07:26,34.36109924316406,-5.917584896087647,11,4300.0
2021-11-12 15:07:32,34.361122131347656,-5.917788028717041,11,4307.5
2021-11-12 15:07:38,34.360984802246094,-5.917829036712647,12,4314.166666666666
2021-11-12 15:07:44,34.36094665527344,-5.9176201820373535,11,4319.166666666666
2021-11-12 15:07:50,34.36091995239258,-5.917419910430908,11,4325.833333333333
2021-11-12 15:07:56,34.36088943481445,-5.9172210693359375,11,4330.0
2021-11-12 15:08:02,34.3608512878418,-5.91701602935791,11,4336.666666666666
2021-11-12 15:08:08,34.36082077026367,-5.91681718826294,11,4343.333333333333
2021-11-12 15:08:14,34.36079788208008,-5.916615962982178,11,4346.666666666666
2021-11-12 15:08:20,34.360774993896484,-5.916412830352783,11,4352.5
2021-11-12 15:08:26,34.36075210571289,-5.916217803955078,11,4360.0
2021-11-12 15:08:32,34.36073303222656,-5.916024208068848,10,4364.166666666666
2021-11-12 15:08:38,34.3607063293457,-5.915833950042725,10,4372.5
2021-11-12 15:08:44,34.360679626464844,-5.915637016296387,10,4376.666666666666
2021-11-12 15:08:50,34.360713958740234,-5.915447235107422,11,4381.666666666666
2021-11-12 15:08:56,34.360843658447266,-5.915520191192627,11,4387.5
2021-11-12 15:09:02,34.36087417602539,-5.915719985961914,11,4392.5
2021-11-12 15:09:08,34.36090087890625,-5.915917873382568,11,4400.833333333333
2021-11-12 15:09:14,34.360923767089844,-5.916121006011963,11,4406.666666666666
2021-11-12 15:09:20,34.36094665527344,-5.916324138641357,11,4413.333333333333
2021-11-12 15:09:26,34.36096954345703,-5.916522026062012,11,4416.666666666666
2021-11-12 15:09:32,34.36099624633789,-5.916718006134033,11,4425.0
2021-11-12 15:09:38,34.361026763916016,-5.916910171508789,10,4432.5
2021-11-12 15:09:44,34.36105728149414,-5.9171061515808105,11,4434.166666666666
2021-11-12 15:09:50,34.361087799072266,-5.917294979095459,10,4443.333333333333
2021-11-12 15:09:56,34.36111068725586,-5.91746187210083,9,4447.5
2021-11-12 15:10:02,34.36114883422852,-5.917640209197998,10,4448.333333333334
2021-11-12 15:10:08,34.36115264892578,-5.917827129364014,10,4457.5
2021-11-12 15:10:14,34.36101150512695,-5.917841911315918,11,4463.333333333334
2021-11-12 15:10:20,34.36094284057617,-5.917657852172852,11,4469.166666666666
2021-11-12 15:10:26,34.36091232299805,-5.917455196380615,10,4473.333333333334
2021-11-12 15:10:32,34.36087417602539,-5.917264938354492,11,4477.5
2021-11-12 15:10:38,34.360843658447266,-5.91707181930542,11,4482.5
2021-11-12 15:10:44,34.36082077026367,-5.916866779327393,10,4489.166666666666
2021-11-12 15:10:50,34.36076736450195,-5.916460037231445,11,4500.0
2021-11-12 15:10:56,34.36073684692383,-5.916261196136475,10,4505.0
2021-11-12 15:11:02,34.360713958740234,-5.9160637855529785,11,4510.833333333333
2021-11-12 15:11:08,34.36068344116211,-5.915863990783691,10,4515.833333333333
2021-11-12 15:11:14,34.360652923583984,-5.915670871734619,10,4522.5
2021-11-12 15:11:20,34.360687255859375,-5.915489196777344,11,4528.333333333333
2021-11-12 15:11:26,34.360809326171875,-5.915360927581787,10,4535.0
2021-11-12 15:11:32,34.3609504699707,-5.915289878845215,11,4538.333333333333
2021-11-12 15:11:38,34.36100387573242,-5.915465831756592,10,4544.166666666666
2021-11-12 15:11:44,34.361026763916016,-5.915656089782715,11,4547.5
2021-11-12 15:11:50,34.36104965209961,-5.915849208831787,10,4554.166666666666
2021-11-12 15:11:56,34.36106872558594,-5.916038990020752,10,4557.5
2021-11-12 15:12:02,34.361087799072266,-5.916234016418457,11,4566.666666666666
2021-11-12 15:12:08,34.36111068725586,-5.916431903839111,11,4573.333333333333
2021-11-12 15:12:14,34.36112976074219,-5.916628837585449,11,4578.333333333333
2021-11-12 15:12:20,34.36115646362305,-5.916827201843262,10,4584.166666666666
2021-11-12 15:12:26,34.36119079589844,-5.917026042938232,11,4588.333333333333
2021-11-12 15:12:32,34.36122512817383,-5.91722297668457,11,4596.666666666666
2021-11-12 15:12:38,34.36125183105469,-5.917418956756592,11,4602.5
2021-11-12 15:12:44,34.36127853393555,-5.91762113571167,11,4605.833333333333
2021-11-12 15:12:50,34.36130142211914,-5.917821884155273,10,4611.666666666666
2021-11-12 15:12:56,34.36131286621094,-5.918018817901611,10,4616.666666666666
2021-11-12 15:13:02,34.36116409301758,-5.917986869812012,11,4622.5
2021-11-12 15:13:08,34.361019134521484,-5.917867183685303,11,4626.666666666666
2021-11-12 15:13:14,34.36090087890625,-5.917722225189209,11,4633.333333333333
2021-11-12 15:13:20,34.36086654663086,-5.917520999908447,11,4639.166666666666
2021-11-12 15:13:26,34.36083221435547,-5.917328834533691,11,4645.0
2021-11-12 15:13:32,34.36079406738281,-5.917133808135986,11,4648.333333333333
2021-11-12 15:13:38,34.36077117919922,-5.916934967041016,11,4654.166666666666
2021-11-12 15:13:44,34.360748291015625,-5.9167351722717285,10,4660.833333333333
2021-11-12 15:13:50,34.3607292175293,-5.916537761688232,10,4665.0
2021-11-12 15:13:56,34.36070251464844,-5.916344165802002,10,4670.0
2021-11-12 15:14:02,34.36068344116211,-5.916149139404297,10,4676.666666666666
2021-11-12 15:14:08,34.36066055297852,-5.915949821472168,10,4681.666666666666
2021-11-12 15:14:14,34.360633850097656,-5.9157562255859375,10,4689.166666666666
2021-11-12 15:14:20,34.360626220703125,-5.915558815002441,11,4696.666666666666
2021-11-12 15:14:26,34.36075210571289,-5.915410041809082,11,4700.833333333333
2021-11-12 15:14:32,34.36088562011719,-5.915277004241943,11,4703.333333333333
2021-11-12 15:14:38,34.36104965209961,-5.915535926818848,10,4717.5
2021-11-12 15:14:44,34.36107635498047,-5.9157328605651855,11,4723.333333333333
2021-11-12 15:14:50,34.36109161376953,-5.915933132171631,11,4728.333333333333
2021-11-12 15:14:56,34.361114501953125,-5.916134834289551,11,4735.0
2021-11-12 15:15:02,34.36113357543945,-5.9163360595703125,11,4740.0
2021-11-12 15:15:08,34.36116027832031,-5.9165358543396,11,4747.5
2021-11-12 15:15:14,34.36118698120117,-5.916737079620361,11,4751.666666666666
2021-11-12 15:15:20,34.3612174987793,-5.916936874389648,11,4756.666666666666
2021-11-12 15:15:26,34.36125183105469,-5.917140007019043,11,4763.333333333334
2021-11-12 15:15:32,34.36128234863281,-5.917337894439697,10,4769.166666666666
2021-11-12 15:15:38,34.36130905151367,-5.917530059814453,11,4773.333333333334
2021-11-12 15:15:44,34.361324310302734,-5.91772985458374,11,4781.666666666666
2021-11-12 15:15:50,34.361351013183594,-5.917929172515869,11,4788.333333333334
2021-11-12 15:15:56,34.36127853393555,-5.918070793151856,11,4792.5
2021-11-12 15:16:02,34.36112976074219,-5.917970180511475,11,4797.5
2021-11-12 15:16:08,34.360992431640625,-5.917858123779297,11,4801.666666666666
2021-11-12 15:16:14,34.36086654663086,-5.917717933654785,11,4809.166666666666
2021-11-12 15:16:20,34.36083221435547,-5.917524814605713,10,4815.0
2021-11-12 15:16:26,34.36079406738281,-5.9173359870910645,10,4820.833333333333
2021-11-12 15:16:32,34.36075973510742,-5.917141914367676,11,4825.833333333333
2021-11-12 15:16:38,34.3607292175293,-5.916944980621338,10,4831.666666666666
2021-11-12 15:16:44,34.3607063293457,-5.916749000549316,10,4836.666666666666
2021-11-12 15:16:50,34.36069107055664,-5.916551113128662,10,4840.833333333333
2021-11-12 15:16:56,34.36066818237305,-5.916347980499268,11,4849.166666666666
2021-11-12 15:17:02,34.36064529418945,-5.9161481857299805,11,4853.333333333333
2021-11-12 15:17:08,34.36062240600586,-5.915947914123535,10,4860.0
2021-11-12 15:17:14,34.36058807373047,-5.915757179260254,10,4865.833333333333
2021-11-12 15:17:20,34.360618591308594,-5.915568828582764,11,4870.833333333333
2021-11-12 15:17:26,34.36075210571289,-5.915435791015625,11,4875.833333333333
2021-11-12 15:17:32,34.360877990722656,-5.9153008460998535,10,4881.666666666666
2021-11-12 15:17:38,34.361026763916016,-5.915228843688965,11,4886.666666666666
2021-11-12 15:17:44,34.36106491088867,-5.915421009063721,10,4892.5
2021-11-12 15:17:50,34.361087799072266,-5.91561222076416,11,4897.5
2021-11-12 15:17:56,34.361106872558594,-5.915808200836182,11,4904.166666666666
2021-11-12 15:18:02,34.36112976074219,-5.916007041931152,10,4907.5
2021-11-12 15:18:08,34.36114883422852,-5.916205883026123,10,4914.166666666666
2021-11-12 15:18:14,34.36117172241211,-5.916400909423828,10,4920.0
2021-11-12 15:18:20,34.3611946105957,-5.916594982147217,10,4924.166666666666
2021-11-12 15:18:26,34.36122131347656,-5.9167890548706055,10,4930.833333333334
2021-11-12 15:18:32,34.36125183105469,-5.916983127593994,11,4936.666666666666
2021-11-12 15:18:38,34.36127853393555,-5.917171001434326,9,4941.666666666666
2021-11-12 15:18:44,34.36131286621094,-5.917349815368652,8,4945.833333333334
2021-11-12 15:18:50,34.3613395690918,-5.917518138885498,10,4952.5
2021-11-12 15:18:56,34.36135482788086,-5.917709827423096,10,4958.333333333334
2021-11-12 15:19:02,34.36137771606445,-5.917907238006592,11,4962.5
2021-11-12 15:19:08,34.36140060424805,-5.918100833892822,11,4969.166666666666
2021-11-12 15:19:14,34.36128616333008,-5.918069839477539,12,4974.166666666666
2021-11-12 15:19:20,34.361270904541016,-5.917859077453613,11,4979.166666666666
2021-11-12 15:19:26,34.36124038696289,-5.917652130126953,11,4986.666666666666
2021-11-12 15:19:32,34.36121368408203,-5.917440891265869,11,4988.333333333334
2021-11-12 15:19:38,34.361175537109375,-5.917232036590576,11,4998.333333333334
2021-11-12 15:19:44,34.36114501953125,-5.917019844055176,11,5008.333333333334
2021-11-12 15:19:50,34.36111068725586,-5.91680908203125,11,5012.5
2021-11-12 15:19:56,34.361080169677734,-5.916598796844482,11,5020.833333333334
2021-11-12 15:20:02,34.361053466796875,-5.916391849517822,11,5029.166666666667
2021-11-12 15:20:08,34.36103439331055,-5.916185855865479,11,5033.333333333334
2021-11-12 15:20:14,34.36100769042969,-5.915983200073242,11,5040.0
2021-11-12 15:20:20,34.360992431640625,-5.9157819747924805,11,5046.666666666667
2021-11-12 15:20:26,34.3609733581543,-5.915581226348877,11,5050.833333333334
2021-11-12 15:20:32,34.36093521118164,-5.915379047393799,11,5058.333333333334
2021-11-12 15:20:38,34.3609733581543,-5.915188789367676,12,5065.0
2021-11-12 15:20:44,34.361114501953125,-5.915278911590576,11,5069.166666666667
2021-11-12 15:20:50,34.36111831665039,-5.915482997894287,11,5074.166666666667
2021-11-12 15:20:56,34.36113357543945,-5.915678977966309,11,5081.666666666667
2021-11-12 15:21:02,34.36115264892578,-5.915875911712647,11,5085.833333333334
2021-11-12 15:21:08,34.361167907714844,-5.916075229644775,11,5093.333333333334
2021-11-12 15:21:14,34.3611946105957,-5.916275978088379,11,5100.0
2021-11-12 15:21:20,34.3612174987793,-5.916478157043457,11,5105.0
2021-11-12 15:21:26,34.36124801635742,-5.9166789054870605,11,5110.833333333334
2021-11-12 15:21:32,34.36127471923828,-5.916879177093506,11,5117.5
2021-11-12 15:21:38,34.36130142211914,-5.917078971862793,11,5122.5
2021-11-12 15:21:44,34.36133575439453,-5.91727876663208,11,5128.333333333334
2021-11-12 15:21:50,34.36136245727539,-5.917473793029785,11,5134.166666666667
2021-11-12 15:21:56,34.36138916015625,-5.917673110961914,11,5140.0
2021-11-12 15:22:02,34.361412048339844,-5.917872905731201,11,5144.166666666666
2021-11-12 15:22:08,34.361446380615234,-5.918075084686279,11,5150.833333333333
2021-11-12 15:22:14,34.36131286621094,-5.918114185333252,11,5155.833333333333
2021-11-12 15:22:20,34.36124038696289,-5.917926788330078,11,5161.666666666666
2021-11-12 15:22:26,34.36121368408203,-5.917725086212158,11,5168.333333333333
2021-11-12 15:22:32,34.361183166503906,-5.9175238609313965,11,5173.333333333333
2021-11-12 15:22:38,34.36114883422852,-5.917323112487793,11,5180.833333333333
2021-11-12 15:22:44,34.361114501953125,-5.917120933532715,11,5186.666666666666
2021-11-12 15:22:50,34.361083984375,-5.91691780090332,11,5193.333333333334
2021-11-12 15:22:56,34.361061096191406,-5.916718006134033,11,5197.5
2021-11-12 15:23:02,34.36103439331055,-5.916512966156006,11,5205.0
2021-11-12 15:23:08,34.36100769042969,-5.916310787200928,11,5210.833333333334
2021-11-12 15:23:14,34.360984802246094,-5.916103839874268,11,5215.0
2021-11-12 15:23:20,34.360965728759766,-5.915896892547607,11,5221.666666666666
2021-11-12 15:23:26,34.36094665527344,-5.91569185256958,11,5225.833333333334
2021-11-12 15:23:32,34.36091613769531,-5.915485858917236,11,5230.833333333334
2021-11-12 15:23:38,34.36088943481445,-5.915287017822266,12,5238.333333333334
2021-11-12 15:23:44,34.36103057861328,-5.91514778137207,11,5243.333333333334
2021-11-12 15:23:50,34.36113357543945,-5.91527795791626,11,5245.833333333334
2021-11-12 15:23:56,34.36115264892578,-5.915482044219971,11,5254.166666666666
2021-11-12 15:24:02,34.36117172241211,-5.915686130523682,11,5259.166666666666
2021-11-12 15:24:08,34.36119079589844,-5.915886878967285,11,5261.666666666666
2021-11-12 15:24:14,34.36121368408203,-5.916080951690674,10,5271.666666666666
2021-11-12 15:24:20,34.361236572265625,-5.9162797927856445,11,5275.833333333333
2021-11-12 15:24:26,34.36125564575195,-5.91648006439209,11,5282.5
2021-11-12 15:24:32,34.36128616333008,-5.916680812835693,11,5287.5
2021-11-12 15:24:38,34.3613166809082,-5.916882991790772,11,5295.833333333333
2021-11-12 15:24:44,34.36134719848633,-5.917087078094482,11,5299.166666666666
2021-11-12 15:24:50,34.36137771606445,-5.9172868728637695,10,5305.0
2021-11-12 15:24:56,34.36140060424805,-5.917481899261475,11,5310.833333333333
2021-11-12 15:25:02,34.361427307128906,-5.917674064636231,10,5317.5
2021-11-12 15:25:08,34.361454010009766,-5.917869091033936,10,5323.333333333333
2021-11-12 15:25:14,34.36148834228516,-5.918039798736572,10,5327.5
2021-11-12 15:25:20,34.36140441894531,-5.9181809425354,11,5333.333333333333
2021-11-12 15:25:26,34.36126708984375,-5.91806697845459,11,5336.666666666666
2021-11-12 15:25:32,34.3612060546875,-5.917881965637207,11,5340.833333333333
2021-11-12 15:25:38,34.36117935180664,-5.917679786682129,11,5349.166666666666
2021-11-12 15:25:44,34.36114883422852,-5.917477130889893,11,5355.833333333333
2021-11-12 15:25:50,34.361114501953125,-5.917273044586182,11,5360.0
2021-11-12 15:25:56,34.361083984375,-5.91707706451416,11,5365.0
2021-11-12 15:26:02,34.361053466796875,-5.916876792907715,11,5370.833333333334
2021-11-12 15:26:08,34.361026763916016,-5.916676998138428,11,5377.5
2021-11-12 15:26:14,34.36100387573242,-5.916473865509033,11,5383.333333333334
2021-11-12 15:26:20,34.36097717285156,-5.9162678718566895,11,5390.0
2021-11-12 15:26:26,34.3609504699707,-5.9160661697387695,11,5395.0
2021-11-12 15:26:32,34.360931396484375,-5.915862083435059,11,5403.333333333334
2021-11-12 15:26:38,34.36090850830078,-5.915653228759766,11,5406.666666666667
2021-11-12 15:26:44,34.360877990722656,-5.915453910827637,11,5414.166666666667
2021-11-12 15:26:50,34.36090850830078,-5.9152607917785645,12,5418.333333333334
2021-11-12 15:26:56,34.36104965209961,-5.915125846862793,11,5425.0
2021-11-12 15:27:02,34.36119079589844,-5.914996147155762,12,5432.5
2021-11-12 15:27:08,34.36132049560547,-5.9150710105896,11,5438.333333333334
2021-11-12 15:27:14,34.36134719848633,-5.915280818939209,11,5441.666666666667
2021-11-12 15:27:20,34.36137390136719,-5.915491104125977,11,5446.666666666667
2021-11-12 15:27:26,34.36139678955078,-5.91569709777832,11,5453.333333333334
2021-11-12 15:27:32,34.361419677734375,-5.91589879989624,10,5460.833333333334
2021-11-12 15:27:38,34.36144256591797,-5.916094779968262,11,5467.5
2021-11-12 15:27:44,34.3614616394043,-5.916291236877441,10,5471.666666666666
2021-11-12 15:27:50,34.36148452758789,-5.916490077972412,11,5477.5
2021-11-12 15:27:56,34.36150360107422,-5.91668701171875,11,5484.166666666666
2021-11-12 15:28:02,34.36152267456055,-5.916884899139404,11,5488.333333333334
2021-11-12 15:28:08,34.361549377441406,-5.917079925537109,11,5495.833333333334
2021-11-12 15:28:14,34.361572265625,-5.917275905609131,10,5499.166666666666
2021-11-12 15:28:20,34.361595153808594,-5.917472839355469,11,5505.0
2021-11-12 15:28:26,34.36161804199219,-5.917675971984863,11,5507.5
2021-11-12 15:28:32,34.36164474487305,-5.917881011962891,11,5516.666666666666
2021-11-12 15:28:38,34.361663818359375,-5.918086051940918,11,5520.0
2021-11-12 15:28:44,34.361671447753906,-5.918292045593262,11,5527.5
2021-11-12 15:28:50,34.36152267456055,-5.918285846710205,11,5534.166666666666
2021-11-12 15:28:56,34.36137390136719,-5.918170928955078,11,5539.166666666666
2021-11-12 15:29:02,34.36123275756836,-5.9180450439453125,11,5543.333333333334
2021-11-12 15:29:08,34.36117172241211,-5.917850971221924,11,5549.166666666667
2021-11-12 15:29:14,34.36115264892578,-5.9176459312438965,11,5555.0
2021-11-12 15:29:20,34.36111831665039,-5.917439937591553,11,5561.666666666667
2021-11-12 15:29:26,34.361087799072266,-5.917238235473633,11,5569.166666666667
2021-11-12 15:29:32,34.36105728149414,-5.917036056518555,11,5572.5
2021-11-12 15:29:38,34.36102294921875,-5.916835784912109,11,5577.5
2021-11-12 15:29:44,34.36100006103516,-5.916628837585449,11,5585.0
2021-11-12 15:29:50,34.36097717285156,-5.9164252281188965,11,5592.5
2021-11-12 15:29:56,34.36095428466797,-5.916226863861084,11,5599.166666666667
2021-11-12 15:30:02,34.36092758178711,-5.916028022766113,11,5604.166666666667
2021-11-12 15:30:08,34.36090469360352,-5.915829181671143,11,5611.666666666667
2021-11-12 15:30:14,34.360877990722656,-5.915624141693115,11,5615.833333333334
2021-11-12 15:30:20,34.36083221435547,-5.915428161621094,11,5620.833333333334
2021-11-12 15:30:26,34.36091232299805,-5.915252208709717,11,5629.166666666667
2021-11-12 15:30:32,34.36104202270508,-5.915111064910889,11,5633.333333333334
2021-11-12 15:30:38,34.361175537109375,-5.914975166320801,11,5640.0
2021-11-12 15:30:44,34.3613166809082,-5.914999961853027,11,5645.833333333334
2021-11-12 15:30:50,34.36135482788086,-5.915195941925049,11,5649.166666666666
2021-11-12 15:30:56,34.36137390136719,-5.915393829345703,10,5655.833333333334
2021-11-12 15:31:02,34.36139678955078,-5.915596961975098,11,5663.333333333334
2021-11-12 15:31:08,34.36142349243164,-5.915799140930176,11,5669.166666666666
2021-11-12 15:31:14,34.361446380615234,-5.916003227233887,11,5672.5
2021-11-12 15:31:20,34.36146926879883,-5.916205883026123,11,5678.333333333334
2021-11-12 15:31:26,34.36149978637695,-5.916407108306885,11,5685.0
2021-11-12 15:31:32,34.36152267456055,-5.916607856750488,11,5691.666666666666
2021-11-12 15:31:38,34.36154556274414,-5.91680908203125,11,5695.833333333334
2021-11-12 15:31:44,34.361572265625,-5.9170098304748535,11,5700.0
2021-11-12 15:31:50,34.36159896850586,-5.917210102081299,11,5707.5
2021-11-12 15:31:56,34.36161804199219,-5.917411804199219,11,5711.666666666666
2021-11-12 15:32:02,34.36164093017578,-5.917610168457031,10,5719.166666666666
2021-11-12 15:32:08,34.361656188964844,-5.917809963226318,10,5725.0
2021-11-12 15:32:14,34.36167907714844,-5.918010234832764,11,5729.166666666666
2021-11-12 15:32:20,34.3617057800293,-5.918208122253418,10,5735.833333333333
2021-11-12 15:32:26,34.3616828918457,-5.9183759689331055,12,5742.5
2021-11-12 15:32:32,34.36161422729492,-5.9182209968566895,10,5745.833333333333
2021-11-12 15:32:38,34.361602783203125,-5.918025970458984,10,5752.5
2021-11-12 15:32:44,34.3615837097168,-5.917831897735596,10,5757.5
2021-11-12 15:32:50,34.3615608215332,-5.917635917663574,11,5764.166666666666
2021-11-12 15:32:56,34.36154556274414,-5.917438983917236,11,5770.0
2021-11-12 15:33:02,34.36152267456055,-5.917242050170898,10,5775.0
2021-11-12 15:33:08,34.36150360107422,-5.9170451164245605,11,5781.666666666666
2021-11-12 15:33:14,34.36147689819336,-5.916844844818115,10,5786.666666666666
2021-11-12 15:33:20,34.36145782470703,-5.91664981842041,10,5792.5
2021-11-12 15:33:26,34.36143493652344,-5.91645622253418,11,5799.166666666666
2021-11-12 15:33:32,34.36141586303711,-5.916261196136475,11,5803.333333333333
2021-11-12 15:33:38,34.36139297485352,-5.916068077087402,10,5810.0
2021-11-12 15:33:44,34.36137008666992,-5.915874004364014,11,5814.166666666666
2021-11-12 15:33:50,34.36134338378906,-5.915678977966309,11,5821.666666666666
2021-11-12 15:33:56,34.36132049560547,-5.915482997894287,11,5829.166666666667
2021-11-12 15:34:02,34.361289978027344,-5.915287017822266,10,5833.333333333334
2021-11-12 15:34:08,34.36126708984375,-5.915089130401611,11,5838.333333333334
2021-11-12 15:34:14,34.36125946044922,-5.9149088859558105,11,5845.833333333334
2021-11-12 15:34:20,34.361385345458984,-5.9149909019470215,11,5852.5
2021-11-12 15:34:26,34.36140823364258,-5.915192127227783,11,5855.833333333334
2021-11-12 15:34:32,34.36143112182617,-5.915381908416748,11,5861.666666666667
2021-11-12 15:34:38,34.361454010009766,-5.91558313369751,11,5866.666666666667
2021-11-12 15:34:44,34.36147689819336,-5.915775775909424,11,5870.833333333334
2021-11-12 15:34:50,34.36149215698242,-5.915972232818604,10,5878.333333333334
2021-11-12 15:34:56,34.361515045166016,-5.916169166564941,11,5885.0
2021-11-12 15:35:02,34.361534118652344,-5.916365146636963,11,5891.666666666667
2021-11-12 15:35:08,34.36155700683594,-5.91656494140625,11,5895.0
2021-11-12 15:35:14,34.36157989501953,-5.916763782501221,11,5902.5
2021-11-12 15:35:20,34.36159896850586,-5.916961193084717,10,5908.333333333334
2021-11-12 15:35:26,34.36162567138672,-5.917154788970947,10,5912.5
2021-11-12 15:35:32,34.36164855957031,-5.917356014251709,10,5918.333333333333
2021-11-12 15:35:38,34.36167526245117,-5.9175567626953125,11,5923.333333333333
2021-11-12 15:35:44,34.36170196533203,-5.917757987976074,11,5930.0
2021-11-12 15:35:50,34.361717224121094,-5.917960166931152,11,5935.0
2021-11-12 15:35:56,34.36174392700195,-5.918160915374756,11,5939.166666666667
2021-11-12 15:36:02,34.361778259277344,-5.918361186981201,12,5947.5
2021-11-12 15:36:08,34.36163711547852,-5.918384075164795,12,5952.5
2021-11-12 15:36:14,34.3615837097168,-5.9181809425354,11,5959.166666666667
2021-11-12 15:36:20,34.361568450927734,-5.917972087860107,11,5963.333333333333
2021-11-12 15:36:26,34.361549377441406,-5.91776704788208,11,5969.166666666667
2021-11-12 15:36:32,34.36152648925781,-5.917561054229736,11,5978.333333333333
2021-11-12 15:36:38,34.36150360107422,-5.917356014251709,11,5982.5
2021-11-12 15:36:44,34.361480712890625,-5.917159080505371,11,5987.5
2021-11-12 15:36:50,34.36145782470703,-5.916957855224609,11,5995.0
2021-11-12 15:36:56,34.36143493652344,-5.916758060455322,11,6002.5
2021-11-12 15:37:02,34.36141586303711,-5.916553974151611,11,6005.833333333333
2021-11-12 15:37:08,34.36138916015625,-5.916347980499268,11,6013.333333333333
2021-11-12 15:37:14,34.361366271972656,-5.9161458015441895,11,6020.833333333333
2021-11-12 15:37:20,34.36134338378906,-5.915946006774902,10,6025.0
2021-11-12 15:37:26,34.3613166809082,-5.9157490730285645,11,6032.5
2021-11-12 15:37:32,34.361289978027344,-5.91555118560791,11,6036.666666666666
2021-11-12 15:37:38,34.361263275146484,-5.915349006652832,11,6043.333333333333
2021-11-12 15:37:44,34.361236572265625,-5.9151458740234375,11,6047.5
2021-11-12 15:37:50,34.361228942871094,-5.914950847625732,11,6055.0
2021-11-12 15:37:56,34.36137771606445,-5.914896965026856,12,6061.666666666666
2021-11-12 15:38:02,34.36141586303711,-5.915088176727295,11,6065.0
2021-11-12 15:38:08,34.361427307128906,-5.915283203125,11,6070.833333333333
2021-11-12 15:38:14,34.36144256591797,-5.915476799011231,11,6075.0
2021-11-12 15:38:20,34.3614616394043,-5.915671825408936,11,6082.5
2021-11-12 15:38:26,34.361480712890625,-5.915870189666748,11,6086.666666666666
2021-11-12 15:38:32,34.36150360107422,-5.916068077087402,11,6093.333333333333
2021-11-12 15:38:38,34.36152648925781,-5.9162678718566895,11,6100.833333333333
2021-11-12 15:38:44,34.36155319213867,-5.916468143463135,11,6103.333333333334
2021-11-12 15:38:50,34.361572265625,-5.916667938232422,11,6109.166666666667
2021-11-12 15:38:56,34.361595153808594,-5.916868209838867,11,6116.666666666667
2021-11-12 15:39:02,34.36162185668945,-5.917064189910889,11,6120.833333333334
2021-11-12 15:39:08,34.36164093017578,-5.917263984680176,11,6127.5
2021-11-12 15:39:14,34.361663818359375,-5.9174652099609375,11,6133.333333333334
2021-11-12 15:39:20,34.36168670654297,-5.917663097381592,11,6139.166666666667
2021-11-12 15:39:26,34.36170959472656,-5.917863845825195,11,6143.333333333334
2021-11-12 15:39:32,34.36172866821289,-5.918060779571533,10,6150.0
2021-11-12 15:39:38,34.36177444458008,-5.918251991271973,11,6155.0
2021-11-12 15:39:44,34.36173248291016,-5.918428897857666,12,6159.166666666666
2021-11-12 15:39:50,34.36157989501953,-5.918356895446777,11,6166.666666666666
2021-11-12 15:39:56,34.361515045166016,-5.918179035186768,11,6170.833333333333
2021-11-12 15:40:02,34.36150360107422,-5.91798210144043,11,6177.5
2021-11-12 15:40:08,34.36148452758789,-5.917788028717041,10,6181.666666666666
2021-11-12 15:40:14,34.3614616394043,-5.917590141296387,10,6188.333333333333
2021-11-12 15:40:20,34.361446380615234,-5.917395114898682,11,6195.0
2021-11-12 15:40:26,34.361419677734375,-5.917201042175293,11,6196.666666666667
2021-11-12 15:40:32,34.36139678955078,-5.917004108428955,10,6205.0
2021-11-12 15:40:38,34.36137771606445,-5.916801929473877,11,6208.333333333334
2021-11-12 15:40:44,34.36135482788086,-5.916601181030273,11,6215.0
2021-11-12 15:40:50,34.36133575439453,-5.9164018630981445,10,6220.833333333334
2021-11-12 15:40:56,34.36131286621094,-5.916207790374756,10,6228.333333333334
2021-11-12 15:41:02,34.361289978027344,-5.916018962860107,10,6234.166666666667
2021-11-12 15:41:08,34.361263275146484,-5.915821075439453,10,6238.333333333334
2021-11-12 15:41:14,34.361236572265625,-5.915626049041748,10,6243.333333333334
2021-11-12 15:41:20,34.36121368408203,-5.915431976318359,10,6251.666666666667
2021-11-12 15:41:26,34.36118698120117,-5.915235996246338,10,6255.833333333334
2021-11-12 15:41:32,34.36115646362305,-5.915040016174316,11,6261.666666666667
2021-11-12 15:41:38,34.36125564575195,-5.914878845214844,11,6266.666666666667
2021-11-12 15:41:44,34.36140441894531,-5.914846897125244,11,6271.666666666667
2021-11-12 15:41:50,34.36143493652344,-5.915040016174316,10,6275.833333333334
2021-11-12 15:41:56,34.3614501953125,-5.915235996246338,10,6283.333333333334
2021-11-12 15:42:02,34.361473083496094,-5.915431022644043,10,6290.0
2021-11-12 15:42:08,34.36149597167969,-5.915626049041748,10,6293.333333333334
2021-11-12 15:42:14,34.361515045166016,-5.9158220291137695,10,6297.5
2021-11-12 15:42:20,34.36153793334961,-5.916016101837158,11,6305.833333333334
2021-11-12 15:42:26,34.36156463623047,-5.9162139892578125,11,6309.166666666666
2021-11-12 15:42:32,34.36158752441406,-5.916409015655518,11,6315.833333333334
2021-11-12 15:42:38,34.36161422729492,-5.916604995727539,11,6321.666666666666
2021-11-12 15:42:44,34.36163711547852,-5.916802883148193,11,6327.5
2021-11-12 15:42:50,34.36166000366211,-5.916998863220215,11,6331.666666666666
2021-11-12 15:42:56,34.3616828918457,-5.917195796966553,11,6339.166666666666
2021-11-12 15:43:02,34.3617057800293,-5.9173970222473145,11,6340.833333333334
2021-11-12 15:43:08,34.361724853515625,-5.917593002319336,10,6350.833333333334
2021-11-12 15:43:14,34.36174774169922,-5.917788982391357,11,6354.166666666666
2021-11-12 15:43:20,34.36177062988281,-5.917986869812012,11,6360.0
2021-11-12 15:43:26,34.3618049621582,-5.918179035186768,10,6364.166666666666
2021-11-12 15:43:32,34.36183166503906,-5.918376922607422,13,6370.833333333334
2021-11-12 15:43:38,34.3616828918457,-5.918403148651123,11,6377.5
2021-11-12 15:43:44,34.361534118652344,-5.918292999267578,11,6380.833333333334
2021-11-12 15:43:50,34.36148452758789,-5.918103218078613,11,6387.5
2021-11-12 15:43:56,34.3614616394043,-5.917905807495117,10,6393.333333333334
2021-11-12 15:44:02,34.36144256591797,-5.917712211608887,11,6396.666666666667
2021-11-12 15:44:08,34.361419677734375,-5.917512893676758,11,6402.5
2021-11-12 15:44:14,34.36139297485352,-5.917316913604736,10,6409.166666666667
2021-11-12 15:44:20,34.36137008666992,-5.917119026184082,10,6413.333333333334
2021-11-12 15:44:26,34.36134719848633,-5.916919231414795,11,6420.0
2021-11-12 15:44:32,34.361328125,-5.916725158691406,10,6425.0
2021-11-12 15:44:38,34.36130905151367,-5.91653299331665,10,6431.666666666667
2021-11-12 15:44:44,34.36128616333008,-5.916339874267578,10,6435.833333333334
2021-11-12 15:44:50,34.361263275146484,-5.9161458015441895,10,6443.333333333334
2021-11-12 15:44:56,34.36124420166016,-5.915949821472168,10,6448.333333333334
2021-11-12 15:45:02,34.36121368408203,-5.915750980377197,10,6453.333333333334
2021-11-12 15:45:08,34.36118698120117,-5.915559768676758,10,6457.5
2021-11-12 15:45:14,34.36116409301758,-5.915369987487793,10,6464.166666666667
2021-11-12 15:45:20,34.36113357543945,-5.915175914764404,10,6470.0
2021-11-12 15:45:26,34.36113739013672,-5.914981842041016,11,6475.833333333334
2021-11-12 15:45:32,34.36126708984375,-5.914855003356934,11,6480.833333333334
2021-11-12 15:45:38,34.361412048339844,-5.914816856384277,12,6484.166666666667
2021-11-12 15:45:44,34.36145782470703,-5.914999008178711,10,6491.666666666667
2021-11-12 15:45:50,34.36148452758789,-5.915200233459473,10,6495.833333333334
2021-11-12 15:45:56,34.36150360107422,-5.91540002822876,11,6500.833333333334
2021-11-12 15:46:02,34.36152648925781,-5.915596961975098,11,6507.5
2021-11-12 15:46:08,34.361549377441406,-5.915797233581543,10,6510.833333333334
2021-11-12 15:46:14,34.361576080322266,-5.915987968444824,10,6517.5
2021-11-12 15:46:20,34.36159896850586,-5.916186809539795,11,6522.5
2021-11-12 15:46:26,34.36162185668945,-5.916386127471924,10,6529.166666666667
2021-11-12 15:46:32,34.36165237426758,-5.916587829589844,11,6533.333333333334
2021-11-12 15:46:38,34.36167526245117,-5.916783809661865,10,6539.166666666667
2021-11-12 15:46:44,34.361698150634766,-5.9169769287109375,10,6544.166666666666
2021-11-12 15:46:50,34.361724853515625,-5.917169094085693,11,6549.166666666666
2021-11-12 15:46:56,34.36174774169922,-5.917366981506348,10,6555.833333333334
2021-11-12 15:47:02,34.36177444458008,-5.917562007904053,10,6561.666666666666
2021-11-12 15:47:08,34.361793518066406,-5.917758941650391,11,6565.833333333334
2021-11-12 15:47:14,34.36181640625,-5.917959213256836,11,6572.5
2021-11-12 15:47:20,34.36185073852539,-5.91815710067749,11,6576.666666666666
2021-11-12 15:47:26,34.36189651489258,-5.918347835540772,11,6581.666666666666
2021-11-12 15:47:32,34.36178970336914,-5.918478012084961,11,6585.0
2021-11-12 15:47:38,34.36162567138672,-5.918396949768066,11,6593.333333333334
2021-11-12 15:47:44,34.36149597167969,-5.918262004852295,11,6596.666666666666
2021-11-12 15:47:50,34.36145782470703,-5.918066024780273,10,6603.333333333334
2021-11-12 15:47:56,34.36143493652344,-5.917869091033936,10,6609.166666666666
2021-11-12 15:48:02,34.361412048339844,-5.91766881942749,11,6612.5
2021-11-12 15:48:08,34.361385345458984,-5.917470932006836,10,6617.5
2021-11-12 15:48:14,34.36136245727539,-5.91728401184082,10,6624.166666666666
2021-11-12 15:48:20,34.361328125,-5.917086124420166,11,6627.5
2021-11-12 15:48:26,34.36130905151367,-5.916884899139404,10,6631.666666666666
2021-11-12 15:48:32,34.361289978027344,-5.91668701171875,10,6640.0
2021-11-12 15:48:38,34.361270904541016,-5.916493892669678,10,6646.666666666666
2021-11-12 15:48:44,34.36125183105469,-5.916296005249023,11,6652.5
2021-11-12 15:48:50,34.361228942871094,-5.916096210479736,10,6657.5
2021-11-12 15:48:56,34.361202239990234,-5.915895938873291,10,6663.333333333333
2021-11-12 15:49:02,34.36117172241211,-5.915696144104004,11,6668.333333333333
2021-11-12 15:49:08,34.36114883422852,-5.915496826171875,11,6675.0
2021-11-12 15:49:14,34.361122131347656,-5.915296077728272,10,6680.0
2021-11-12 15:49:20,34.36109924316406,-5.915093898773193,11,6685.833333333333
2021-11-12 15:49:26,34.3612060546875,-5.914944171905518,11,6691.666666666666
2021-11-12 15:49:32,34.36133575439453,-5.914817810058594,11,6695.833333333333
2021-11-12 15:49:38,34.36146926879883,-5.914697170257568,11,6702.5
2021-11-12 15:49:44,34.36158752441406,-5.9147539138793945,11,6705.0
2021-11-12 15:49:50,34.36159896850586,-5.914947032928467,10,6711.666666666666
2021-11-12 15:49:56,34.36162185668945,-5.915144920349121,10,6716.666666666667
2021-11-12 15:50:02,34.36164093017578,-5.915347099304199,11,6723.333333333334
2021-11-12 15:50:08,34.36166000366211,-5.915547847747803,10,6727.5
2021-11-12 15:50:14,34.36167907714844,-5.915746212005615,11,6735.0
2021-11-12 15:50:20,34.361698150634766,-5.915946006774902,11,6740.0
2021-11-12 15:50:26,34.36172103881836,-5.91614294052124,11,6744.166666666668
2021-11-12 15:50:32,34.36174011230469,-5.916345119476318,11,6750.833333333334
2021-11-12 15:50:38,34.361759185791016,-5.91654109954834,10,6757.5
2021-11-12 15:50:44,34.36177444458008,-5.916737079620361,10,6761.666666666667
2021-11-12 15:50:50,34.36178970336914,-5.9169111251831055,6,6767.5
2021-11-12 15:50:56,34.3618049621582,-5.91710090637207,11,6771.666666666667
2021-11-12 15:51:02,34.36183166503906,-5.917312145233154,12,6778.333333333334
2021-11-12 15:51:08,34.361854553222656,-5.917516231536865,11,6785.833333333334
2021-11-12 15:51:14,34.361854553222656,-5.917681217193604,9,6790.0
2021-11-12 15:51:20,34.361907958984375,-5.917863845825195,11,6795.833333333334
2021-11-12 15:51:26,34.3619499206543,-5.918066024780273,11,6802.5
2021-11-12 15:51:32,34.361995697021484,-5.9182658195495605,11,6805.833333333333
2021-11-12 15:51:38,34.36199951171875,-5.918468952178955,11,6813.333333333333
2021-11-12 15:51:44,34.36183166503906,-5.918449878692627,11,6818.333333333333
2021-11-12 15:51:50,34.361671447753906,-5.918345928192139,11,6825.833333333333
2021-11-12 15:51:56,34.361515045166016,-5.918242931365967,11,6830.0
2021-11-12 15:52:02,34.361446380615234,-5.918062210083008,10,6831.666666666666
2021-11-12 15:52:08,34.361419677734375,-5.917866230010986,10,6841.666666666666
2021-11-12 15:52:14,34.36139297485352,-5.917672157287598,10,6845.833333333333
2021-11-12 15:52:20,34.36137008666992,-5.917472839355469,11,6853.333333333333
2021-11-12 15:52:26,34.36134338378906,-5.917290210723877,10,6857.5
2021-11-12 15:52:32,34.36132049560547,-5.917092800140381,10,6863.333333333333
2021-11-12 15:52:38,34.361297607421875,-5.916892051696777,11,6868.333333333333
2021-11-12 15:52:44,34.36127471923828,-5.916691780090332,11,6874.166666666666
2021-11-12 15:52:50,34.36125183105469,-5.916493892669678,10,6877.5
2021-11-12 15:52:56,34.361228942871094,-5.916296005249023,10,6884.166666666666
2021-11-12 15:53:02,34.361209869384766,-5.916100025177002,11,6887.5
2021-11-12 15:53:08,34.36118698120117,-5.915904998779297,10,6893.333333333333
2021-11-12 15:53:14,34.361167907714844,-5.915709972381592,10,6899.166666666666
2021-11-12 15:53:20,34.361141204833984,-5.91551399230957,10,6903.333333333333
2021-11-12 15:53:26,34.361106872558594,-5.915318012237549,10,6909.166666666666
2021-11-12 15:53:32,34.361083984375,-5.915116786956787,11,6915.833333333333
2021-11-12 15:53:38,34.361175537109375,-5.9149580001831055,11,6919.166666666666
2021-11-12 15:53:44,34.361297607421875,-5.914827823638916,11,6925.833333333333
2021-11-12 15:53:50,34.36145782470703,-5.914793968200684,11,6930.0
2021-11-12 15:53:56,34.36149978637695,-5.914984226226807,11,6933.333333333333
2021-11-12 15:54:02,34.36152648925781,-5.915185928344727,10,6938.333333333333
2021-11-12 15:54:08,34.36155319213867,-5.915389060974121,11,6945.0
2021-11-12 15:54:14,34.36157989501953,-5.915588855743408,11,6946.666666666666
2021-11-12 15:54:20,34.36160659790039,-5.915787220001221,10,6955.833333333333
2021-11-12 15:54:26,34.361629486083984,-5.915987014770508,11,6960.0
2021-11-12 15:54:32,34.36165237426758,-5.916189193725586,11,6964.166666666666
2021-11-12 15:54:38,34.36167907714844,-5.916388034820557,11,6970.0
2021-11-12 15:54:44,34.36170196533203,-5.916585922241211,11,6975.833333333333
2021-11-12 15:54:50,34.36172103881836,-5.916782855987549,10,6979.166666666666
2021-11-12 15:54:56,34.36174774169922,-5.9169769287109375,11,6983.333333333333
2021-11-12 15:55:02,34.36177062988281,-5.917171001434326,11,6988.333333333333
2021-11-12 15:55:08,34.36179733276367,-5.917366027832031,10,6993.333333333333
2021-11-12 15:55:14,34.36181640625,-5.917559146881104,10,6999.166666666666
2021-11-12 15:55:20,34.36183547973633,-5.917754173278809,10,7005.0
2021-11-12 15:55:26,34.361854553222656,-5.917943954467773,10,7011.666666666666
2021-11-12 15:55:32,34.36188125610352,-5.918137073516846,11,7015.833333333333
2021-11-12 15:55:38,34.36193084716797,-5.9183220863342285,10,7018.333333333333
2021-11-12 15:55:44,34.36186218261719,-5.918478012084961,11,7020.0
2021-11-12 15:55:50,34.36170959472656,-5.918391227722168,11,7032.5
2021-11-12 15:55:56,34.361568450927734,-5.918283939361572,10,7034.166666666666
2021-11-12 15:56:02,34.361427307128906,-5.918179035186768,10,7037.5
2021-11-12 15:56:08,34.361289978027344,-5.918069839477539,10,7045.0
2021-11-12 15:56:14,34.36114883422852,-5.917964935302734,11,7050.833333333333
2021-11-12 15:56:20,34.36101531982422,-5.9178547859191895,10,7054.166666666667
2021-11-12 15:56:26,34.360748291015625,-5.91762113571167,11,7060.0
2021-11-12 15:56:32,34.36060333251953,-5.917553901672363,11,7070.0
2021-11-12 15:56:38,34.360618591308594,-5.917431831359863,9,7075.833333333334
2021-11-12 15:56:44,34.36066818237305,-5.917466163635254,1,7077.5
2021-11-12 15:56:50,34.36066818237305,-5.917455196380615,0,7082.5
2021-11-12 15:56:56,34.36067199707031,-5.917456150054932,0,7091.666666666667
2021-11-12 15:57:02,34.36067199707031,-5.917456150054932,0,7095.0
2021-11-12 15:57:08,34.36067199707031,-5.917456150054932,0,7104.166666666666
2021-11-12 15:57:14,34.36067199707031,-5.917456150054932,0,7108.333333333333
2021-11-12 15:57:20,34.36067199707031,-5.917456150054932,0,7115.833333333333
2021-11-12 15:57:26,34.36067199707031,-5.917456150054932,0,7120.0
2021-11-12 15:57:32,34.36067199707031,-5.917456150054932,0,7124.166666666666
2021-11-12 15:57:38,34.36067199707031,-5.917456150054932,0,7131.666666666666
2021-11-12 15:57:44,34.36067199707031,-5.917456150054932,0,7137.5
2021-11-12 15:57:50,34.36067199707031,-5.917456150054932,0,7142.5
2021-11-12 15:57:56,34.36067199707031,-5.917456150054932,0,7150.833333333334
2021-11-12 15:58:02,34.36067199707031,-5.917456150054932,0,7155.833333333334
2021-11-12 15:58:08,34.36067199707031,-5.917456150054932,0,7160.833333333334
2021-11-12 15:58:14,34.36067199707031,-5.917456150054932,0,7164.166666666666
2021-11-12 15:58:20,34.36067199707031,-5.917456150054932,0,7165.0
2021-11-12 15:58:26,34.36067199707031,-5.917456150054932,0,7166.666666666666
2021-11-12 15:58:32,34.36067199707031,-5.917456150054932,0,7172.5
2021-11-12 15:58:38,34.36067199707031,-5.917456150054932,0,7179.166666666666
2021-11-12 15:58:44,34.36067199707031,-5.917456150054932,0,7181.666666666666
2021-11-12 15:58:50,34.36067199707031,-5.917456150054932,0,7188.333333333333
2021-11-12 15:58:56,34.36067199707031,-5.917456150054932,0,7195.0
2021-11-12 15:59:02,34.36067199707031,-5.917456150054932,0,7201.666666666666
2021-11-12 15:59:08,34.36067199707031,-5.917456150054932,0,7204.166666666666
2021-11-12 15:59:14,34.36067199707031,-5.917456150054932,0,7210.0
2021-11-12 15:59:20,34.36067199707031,-5.917456150054932,0,7216.666666666666
2021-11-12 15:59:26,34.36067199707031,-5.917456150054932,0,7224.166666666666
2021-11-12 15:59:32,34.36067199707031,-5.917456150054932,0,7225.0
2021-11-12 15:59:38,34.36067199707031,-5.917456150054932,0,7228.333333333334
2021-11-12 15:59:44,34.36067199707031,-5.917456150054932,0,7241.666666666667
2021-11-12 15:59:50,34.36067199707031,-5.917456150054932,0,7248.333333333334
2021-11-12 15:59:56,34.36067199707031,-5.917456150054932,0,7251.666666666667
2021-11-12 16:00:02,34.36067199707031,-5.917456150054932,0,7259.166666666667
2021-11-12 16:00:08,34.36067199707031,-5.917456150054932,0,7263.333333333334
2021-11-12 16:00:14,34.36067199707031,-5.917456150054932,0,7270.0
2021-11-12 16:00:20,34.36067199707031,-5.917456150054932,0,7273.333333333334
2021-11-12 16:00:26,34.36067199707031,-5.917456150054932,0,7276.666666666667
2021-11-12 16:00:32,34.36067199707031,-5.917456150054932,0,7279.166666666667
2021-11-12 16:00:38,34.36067199707031,-5.917456150054932,0,7284.166666666667
2021-11-12 16:00:44,34.36067199707031,-5.917456150054932,0,7292.500000000001
2021-11-12 16:00:50,34.36067199707031,-5.917456150054932,0,7297.500000000001
2021-11-12 16:00:56,34.360130310058594,-5.917171955108643,10,7305.833333333334
2021-11-12 16:01:02,34.36005401611328,-5.916991233825684,12,7310.833333333334
2021-11-12 16:01:08,34.360050201416016,-5.916788101196289,11,7315.833333333333
2021-11-12 16:01:14,34.360042572021484,-5.916574001312256,11,7325.0
2021-11-12 16:01:20,34.36003494262695,-5.916358947753906,12,7332.5
2021-11-12 16:01:26,34.36003494262695,-5.916156768798828,11,7337.5
2021-11-12 16:01:32,34.36014938354492,-5.916123867034912,10,7347.5
2021-11-12 16:01:38,34.36017990112305,-5.916310787200928,12,7351.666666666666
2021-11-12 16:01:44,34.36019515991211,-5.916516780853272,11,7359.166666666666
2021-11-12 16:01:50,34.36021423339844,-5.916728019714356,11,7367.5
2021-11-12 16:01:56,34.3602409362793,-5.9169440269470215,11,7374.166666666666
2021-11-12 16:02:02,34.36021423339844,-5.917137145996094,10,7384.166666666666
2021-11-12 16:02:08,34.36006546020508,-5.91707181930542,11,7390.0
2021-11-12 16:02:14,34.360042572021484,-5.916862964630127,11,7395.0
2021-11-12 16:02:20,34.36002349853516,-5.916652202606201,11,7402.5
2021-11-12 16:02:26,34.36001205444336,-5.916436195373535,11,7406.666666666666
2021-11-12 16:02:32,34.36001205444336,-5.916231155395508,11,7411.666666666667
2021-11-12 16:02:38,34.36009216308594,-5.916059970855713,12,7425.0
2021-11-12 16:02:44,34.36021041870117,-5.916130065917969,11,7430.0
2021-11-12 16:02:50,34.360225677490234,-5.916341781616211,11,7435.833333333334
2021-11-12 16:02:56,34.3602409362793,-5.916553020477295,11,7440.0
2021-11-12 16:03:02,34.36026382446289,-5.916765213012695,11,7449.166666666666
2021-11-12 16:03:08,34.36028289794922,-5.9169769287109375,11,7455.833333333334
2021-11-12 16:03:14,34.36025619506836,-5.917178153991699,11,7461.666666666666
2021-11-12 16:03:20,34.360084533691406,-5.917143821716309,11,7468.333333333334
2021-11-12 16:03:26,34.360008239746094,-5.916954040527344,11,7475.833333333334
2021-11-12 16:03:32,34.35999298095703,-5.916753768920898,11,7481.666666666668
2021-11-12 16:03:38,34.3599853515625,-5.916545867919922,11,7486.666666666668
2021-11-12 16:03:44,34.35997009277344,-5.9163360595703125,11,7495.0
2021-11-12 16:03:50,34.360015869140625,-5.9161458015441895,11,7499.166666666668
2021-11-12 16:03:56,34.36013412475586,-5.916012763977051,11,7506.666666666668
2021-11-12 16:04:02,34.3602180480957,-5.916129112243652,10,7510.833333333334
2021-11-12 16:04:08,34.36023712158203,-5.916333198547363,11,7515.833333333334
2021-11-12 16:04:14,34.360252380371094,-5.91653299331665,11,7523.333333333334
2021-11-12 16:04:20,34.36027526855469,-5.9167351722717285,11,7526.666666666667
2021-11-12 16:04:26,34.360294342041016,-5.916945934295654,11,7535.833333333334
2021-11-12 16:04:32,34.36030960083008,-5.917151927947998,12,7541.666666666667
2021-11-12 16:04:38,34.36016845703125,-5.917189121246338,11,7547.500000000001
2021-11-12 16:04:44,34.36001968383789,-5.917070865631104,12,7551.666666666667
2021-11-12 16:04:50,34.35997772216797,-5.9168782234191895,11,7557.500000000001
2021-11-12 16:04:56,34.359962463378906,-5.916685104370117,11,7565.833333333334
2021-11-12 16:05:02,34.359954833984375,-5.916483879089356,11,7570.000000000001
2021-11-12 16:05:08,34.35994338989258,-5.916282176971436,11,7577.5
2021-11-12 16:05:14,34.360050201416016,-5.916184902191162,9,7585.0
2021-11-12 16:05:20,34.360084533691406,-5.916354179382324,10,7588.333333333333
2021-11-12 16:05:26,34.3600959777832,-5.916536808013916,11,7595.833333333333
2021-11-12 16:05:32,34.360111236572266,-5.916738033294678,11,7601.666666666667
2021-11-12 16:05:38,34.36013412475586,-5.9169440269470215,11,7607.5
2021-11-12 16:05:44,34.36003112792969,-5.917047023773193,11,7617.5
2021-11-12 16:05:50,34.35991668701172,-5.916913986206055,10,7624.166666666667
2021-11-12 16:05:56,34.3598518371582,-5.916734218597412,11,7627.5
2021-11-12 16:06:02,34.35982131958008,-5.9165358543396,11,7634.166666666667
2021-11-12 16:06:08,34.35987091064453,-5.916371822357178,10,7638.333333333334
2021-11-12 16:06:14,34.35997009277344,-5.9162211418151855,11,7645.833333333334
2021-11-12 16:06:20,34.360103607177734,-5.916144847869873,10,7651.666666666667
2021-11-12 16:06:26,34.36013412475586,-5.916327953338623,10,7657.5
2021-11-12 16:06:32,34.360145568847656,-5.916521072387695,10,7660.833333333334
2021-11-12 16:06:38,34.360145568847656,-5.916686058044434,9,7668.333333333334
2021-11-12 16:06:44,34.36016082763672,-5.916871070861816,10,7675.833333333333
2021-11-12 16:06:50,34.36015319824219,-5.917049884796143,9,7683.333333333333
2021-11-12 16:06:56,34.36001205444336,-5.917041778564453,10,7687.5
2021-11-12 16:07:02,34.35988235473633,-5.916920185089111,10,7695.0
2021-11-12 16:07:08,34.359825134277344,-5.916741847991943,10,7701.666666666666
2021-11-12 16:07:14,34.35979461669922,-5.916554927825928,10,7710.0
2021-11-12 16:07:20,34.35982131958008,-5.916377067565918,11,7717.5
2021-11-12 16:07:26,34.35993194580078,-5.916222095489502,11,7723.333333333333
2021-11-12 16:07:32,34.36004638671875,-5.916097164154053,8,7730.000000000001
2021-11-12 16:07:38,34.360050201416016,-5.916096210479736,0,7733.333333333334
2021-11-12 16:07:44,34.360050201416016,-5.916097164154053,0,7737.500000000001
2021-11-12 16:07:50,34.36013412475586,-5.916149139404297,9,7745.833333333334
2021-11-12 16:07:56,34.36014938354492,-5.916345119476318,9,7750.000000000001
2021-11-12 16:08:02,34.36018371582031,-5.916522979736328,11,7755.000000000001
2021-11-12 16:08:08,34.36017227172852,-5.916711807250977,11,7761.666666666667
2021-11-12 16:08:14,34.36019515991211,-5.916915893554688,11,7769.166666666667
2021-11-12 16:08:20,34.36014938354492,-5.917087078094482,10,7777.500000000001
2021-11-12 16:08:26,34.35999298095703,-5.917025089263916,11,7780.000000000001
2021-11-12 16:08:32,34.35985565185547,-5.9169111251831055,11,7785.833333333334
2021-11-12 16:08:38,34.35977935791016,-5.916731834411621,10,7792.500000000001
2021-11-12 16:08:44,34.35974884033203,-5.916540145874023,10,7795.833333333334
2021-11-12 16:08:50,34.35981369018555,-5.916367053985596,11,7804.166666666667
2021-11-12 16:08:56,34.35993576049805,-5.916224002838135,11,7812.500000000001
2021-11-12 16:09:02,34.360050201416016,-5.9160871505737305,10,7816.666666666667
2021-11-12 16:09:08,34.36015319824219,-5.916129112243652,10,7821.666666666666
2021-11-12 16:09:14,34.36012649536133,-5.916326999664307,11,7825.0
2021-11-12 16:09:20,34.36013412475586,-5.916514873504639,10,7830.833333333334
2021-11-12 16:09:26,34.36018371582031,-5.916704177856445,11,7836.666666666666
2021-11-12 16:09:32,34.360206604003906,-5.916905879974365,10,7845.0
2021-11-12 16:09:38,34.36019515991211,-5.917092800140381,10,7848.333333333334
2021-11-12 16:09:44,34.36004638671875,-5.917065143585205,11,7857.5
2021-11-12 16:09:50,34.35990524291992,-5.916952133178711,10,7860.833333333334
2021-11-12 16:09:56,34.35977935791016,-5.916829109191895,11,7866.666666666667
2021-11-12 16:10:02,34.3597297668457,-5.916635036468506,10,7875.0
2021-11-12 16:10:08,34.3597412109375,-5.916452884674072,10,7879.166666666667
2021-11-12 16:10:14,34.359859466552734,-5.916505813598633,11,7883.333333333334
2021-11-12 16:10:20,34.35988998413086,-5.916697978973389,10,7887.5
2021-11-12 16:10:26,34.3598518371582,-5.916861057281494,10,7897.5
2021-11-12 16:10:32,34.35972213745117,-5.91674280166626,12,7902.5
2021-11-12 16:10:38,34.35968780517578,-5.916553020477295,8,7905.833333333334
2021-11-12 16:10:44,34.359806060791016,-5.916403770446777,11,7913.333333333334
2021-11-12 16:10:50,34.35989761352539,-5.916532039642334,11,7917.5
2021-11-12 16:10:56,34.35992813110352,-5.91672420501709,10,7924.166666666667
2021-11-12 16:11:02,34.35989761352539,-5.916895866394043,10,7928.333333333334
2021-11-12 16:11:08,34.359764099121094,-5.916801929473877,10,7935.0
2021-11-12 16:11:14,34.35967254638672,-5.916659832000732,10,7940.833333333334
2021-11-12 16:11:20,34.3597412109375,-5.9164910316467285,11,7945.0
2021-11-12 16:11:26,34.3598747253418,-5.916374206542969,10,7950.833333333334
2021-11-12 16:11:32,34.35993957519531,-5.916549205780029,11,7957.5
2021-11-12 16:11:38,34.35997772216797,-5.916752815246582,11,7964.166666666667
2021-11-12 16:11:44,34.35992431640625,-5.916910171508789,9,7970.833333333334
2021-11-12 16:11:50,34.35979080200195,-5.916828155517578,7,7976.666666666667
2021-11-12 16:11:56,34.35977935791016,-5.916814804077148,0,7980.0
2021-11-12 16:12:02,34.35977935791016,-5.916816234588623,0,7985.833333333334
2021-11-12 16:12:08,34.35977935791016,-5.916816234588623,0,7989.166666666667
2021-11-12 16:12:14,34.35977935791016,-5.916816234588623,0,7994.166666666667
2021-11-12 16:12:20,34.35977935791016,-5.916816234588623,0,7999.166666666666
2021-11-12 16:12:26,34.35977935791016,-5.916816234588623,0,8005.0
2021-11-12 16:12:32,34.35977935791016,-5.916816234588623,0,8010.0
2021-11-12 16:12:38,34.359657287597656,-5.916667938232422,10,8018.333333333334
2021-11-12 16:12:44,34.359710693359375,-5.916518211364746,9,8021.666666666667
2021-11-12 16:12:50,34.35981369018555,-5.916385173797607,10,8026.666666666667
2021-11-12 16:12:56,34.35994338989258,-5.916378974914551,9,8030.833333333334
2021-11-12 16:13:02,34.3599739074707,-5.91656494140625,10,8035.0
2021-11-12 16:13:08,34.36001205444336,-5.9167561531066895,10,8040.833333333333
2021-11-12 16:13:14,34.360103607177734,-5.916913986206055,11,8047.5
2021-11-12 16:13:20,34.36023712158203,-5.917019844055176,11,8051.666666666666
2021-11-12 16:13:26,34.36027908325195,-5.917175769805908,12,8058.333333333332
2021-11-12 16:13:32,34.360130310058594,-5.9170989990234375,12,8065.0
2021-11-12 16:13:38,34.360084533691406,-5.916883945465088,11,8068.333333333332
2021-11-12 16:13:44,34.36006164550781,-5.916675090789795,11,8076.666666666666
2021-11-12 16:13:50,34.360042572021484,-5.916464805603027,11,8081.666666666666
2021-11-12 16:13:56,34.36002731323242,-5.916251182556152,11,8090.833333333334
2021-11-12 16:14:02,34.360076904296875,-5.916065216064453,12,8096.666666666666
2021-11-12 16:14:08,34.36016082763672,-5.916178226470947,12,8103.333333333334
2021-11-12 16:14:14,34.36016845703125,-5.916382789611816,9,8108.333333333334
2021-11-12 16:14:20,34.36019515991211,-5.916574001312256,10,8116.666666666666
2021-11-12 16:14:26,34.36021041870117,-5.916769027709961,10,8120.833333333334
2021-11-12 16:14:32,34.360233306884766,-5.91696310043335,10,8127.5
2021-11-12 16:14:38,34.360225677490234,-5.917125225067139,4,8133.333333333334
2021-11-12 16:14:44,34.36022186279297,-5.917128086090088,0,8137.5
2021-11-12 16:14:50,34.36022186279297,-5.917123794555664,0,8142.5
2021-11-12 16:14:56,34.36022186279297,-5.917122840881348,0,8148.333333333334
2021-11-12 16:15:02,34.36022186279297,-5.917122840881348,0,8152.5
2021-11-12 16:15:08,34.36022186279297,-5.917122840881348,0,8156.666666666666
2021-11-12 16:15:14,34.36022186279297,-5.917122840881348,0,8162.5
2021-11-12 16:15:20,34.36022186279297,-5.917122840881348,0,8167.5
2021-11-12 16:15:26,34.36022186279297,-5.917122840881348,0,8170.833333333334
2021-11-12 16:15:32,34.36022186279297,-5.917122840881348,0,8175.833333333333
2021-11-12 16:15:38,34.36022186279297,-5.917122840881348,0,8182.5
2021-11-12 16:15:44,34.36022186279297,-5.917122840881348,0,8187.5
2021-11-12 16:15:50,34.36022186279297,-5.917122840881348,0,8190.833333333333
2021-11-12 16:15:56,34.36022186279297,-5.917122840881348,0,8197.5
2021-11-12 16:16:02,34.36022186279297,-5.917122840881348,0,8203.333333333332
2021-11-12 16:16:08,34.36022186279297,-5.917122840881348,0,8206.666666666666
2021-11-12 16:16:14,34.36022186279297,-5.917122840881348,0,8211.666666666666
2021-11-12 16:16:20,34.36022186279297,-5.917122840881348,0,8216.666666666666
2021-11-12 16:16:26,34.36022186279297,-5.917122840881348,0,8223.333333333332
2021-11-12 16:16:32,34.36022186279297,-5.917122840881348,0,8226.666666666666
2021-11-12 16:16:38,34.36022186279297,-5.917122840881348,0,8234.166666666666
2021-11-12 16:16:44,34.36022186279297,-5.917122840881348,0,8237.5
2021-11-12 16:16:50,34.36022186279297,-5.917122840881348,0,8244.166666666666
2021-11-12 16:16:56,34.36022186279297,-5.917122840881348,0,8246.666666666666
2021-11-12 16:17:02,34.36022186279297,-5.917122840881348,0,8250.833333333332
2021-11-12 16:17:08,34.36022186279297,-5.917122840881348,0,8255.0
2021-11-12 16:17:14,34.36022186279297,-5.917122840881348,0,8263.333333333332
2021-11-12 16:17:20,34.36022186279297,-5.917122840881348,0,8265.833333333332
2021-11-12 16:17:26,34.36022186279297,-5.917122840881348,0,8271.666666666666
2021-11-12 16:17:32,34.36022186279297,-5.917122840881348,0,8277.5
2021-11-12 16:17:38,34.36022186279297,-5.917122840881348,0,8283.333333333332
2021-11-12 16:17:44,34.36022186279297,-5.917122840881348,0,8285.0
2021-11-12 16:17:50,34.36022186279297,-5.917122840881348,0,8290.833333333332
2021-11-12 16:17:56,34.36022186279297,-5.917122840881348,0,8295.833333333332
2021-11-12 16:18:02,34.36022186279297,-5.917122840881348,0,8301.666666666666
2021-11-12 16:18:08,34.36022186279297,-5.917122840881348,0,8306.666666666666
2021-11-12 16:18:14,34.36022186279297,-5.917122840881348,0,8311.666666666666
2021-11-12 16:18:20,34.36022186279297,-5.917122840881348,0,8318.333333333332
2021-11-12 16:18:26,34.36022186279297,-5.917122840881348,0,8324.166666666666
2021-11-12 16:18:32,34.36022186279297,-5.917122840881348,0,8325.833333333332
2021-11-12 16:18:38,34.36022186279297,-5.917122840881348,0,8335.0
2021-11-12 16:18:44,34.36022186279297,-5.917122840881348,0,8338.333333333334
2021-11-12 16:18:50,34.36022186279297,-5.917122840881348,0,8344.166666666668
2021-11-12 16:18:56,34.36022186279297,-5.917122840881348,0,8350.0
2021-11-12 16:19:02,34.36022186279297,-5.917122840881348,0,8354.166666666668
2021-11-12 16:19:08,34.36022186279297,-5.917122840881348,0,8358.333333333334
2021-11-12 16:19:14,34.36022186279297,-5.917122840881348,0,8364.166666666668
2021-11-12 16:19:20,34.36022186279297,-5.917122840881348,0,8369.166666666668
2021-11-12 16:19:26,34.36022186279297,-5.917122840881348,0,8372.5
2021-11-12 16:19:32,34.36022186279297,-5.917122840881348,0,8379.166666666668
2021-11-12 16:19:38,34.36022186279297,-5.917122840881348,0,8382.5
2021-11-12 16:19:44,34.36022186279297,-5.917122840881348,0,8388.333333333334
2021-11-12 16:19:50,34.36022186279297,-5.917122840881348,0,8393.333333333334
2021-11-12 16:19:56,34.360107421875,-5.917082786560059,11,8396.666666666668
2021-11-12 16:20:02,34.36006546020508,-5.9168782234191895,11,8404.166666666668
2021-11-12 16:20:08,34.360042572021484,-5.916683197021484,11,8410.833333333334
2021-11-12 16:20:14,34.36002731323242,-5.916487216949463,11,8416.666666666668
2021-11-12 16:20:20,34.36001205444336,-5.916285037994385,11,8425.0
2021-11-12 16:20:26,34.36005401611328,-5.916110038757324,11,8430.0
2021-11-12 16:20:32,34.360191345214844,-5.916097164154053,11,8435.0
2021-11-12 16:20:38,34.360206604003906,-5.916304111480713,11,8441.666666666666
2021-11-12 16:20:44,34.360225677490234,-5.916506767272949,11,8445.833333333334
2021-11-12 16:20:50,34.36024475097656,-5.916691780090332,10,8453.333333333334
2021-11-12 16:20:56,34.36026382446289,-5.916897773742676,11,8458.333333333334
2021-11-12 16:21:02,34.36027145385742,-5.917108058929443,12,8467.5
2021-11-12 16:21:08,34.3601188659668,-5.917116165161133,12,8473.333333333334
2021-11-12 16:21:14,34.360042572021484,-5.9169230461120605,12,8478.333333333334
2021-11-12 16:21:20,34.36002349853516,-5.916719913482666,11,8485.833333333334
2021-11-12 16:21:26,34.36000061035156,-5.916513919830322,11,8494.166666666666
2021-11-12 16:21:32,34.3599853515625,-5.916306018829346,11,8498.333333333334
2021-11-12 16:21:38,34.36004638671875,-5.91611909866333,11,8505.833333333334
2021-11-12 16:21:44,34.36016845703125,-5.915987014770508,10,8510.833333333334
2021-11-12 16:21:50,34.36023712158203,-5.916132926940918,11,8518.333333333334
2021-11-12 16:21:56,34.360252380371094,-5.916345119476318,11,8524.166666666668
2021-11-12 16:22:02,34.36027145385742,-5.9165568351745605,11,8525.833333333334
2021-11-12 16:22:08,34.36029052734375,-5.916767120361328,11,8535.833333333334
2021-11-12 16:22:14,34.36030578613281,-5.916977882385254,11,8544.166666666668
2021-11-12 16:22:20,34.36027526855469,-5.9171671867370605,9,8550.833333333334
2021-11-12 16:22:26,34.360103607177734,-5.917101860046387,11,8555.833333333334
2021-11-12 16:22:32,34.360015869140625,-5.916921138763428,11,8559.166666666668
2021-11-12 16:22:38,34.359989166259766,-5.916717052459717,11,8565.833333333334
2021-11-12 16:22:44,34.35996627807617,-5.91650915145874,11,8572.5
2021-11-12 16:22:50,34.359947204589844,-5.916299819946289,11,8576.666666666668
2021-11-12 16:22:56,34.36005783081055,-5.916185855865479,12,8584.166666666668
2021-11-12 16:23:02,34.360103607177734,-5.91638708114624,11,8591.666666666668
2021-11-12 16:23:08,34.3601188659668,-5.916592121124268,11,8595.833333333334
2021-11-12 16:23:14,34.360145568847656,-5.916800022125244,11,8606.666666666668
2021-11-12 16:23:20,34.36016845703125,-5.9170098304748535,11,8614.166666666668
2021-11-12 16:23:26,34.360015869140625,-5.9170241355896,12,8622.5
2021-11-12 16:23:32,34.35997772216797,-5.916821002960205,11,8625.833333333334
2021-11-12 16:23:38,34.35995101928711,-5.916618824005127,11,8633.333333333334
2021-11-12 16:23:44,34.35992813110352,-5.916411876678467,11,8637.5
2021-11-12 16:23:50,34.359962463378906,-5.91621208190918,12,8643.333333333334
2021-11-12 16:23:56,34.36011505126953,-5.916189193725586,12,8650.833333333334
2021-11-12 16:24:02,34.360137939453125,-5.91639518737793,11,8658.333333333334
2021-11-12 16:24:08,34.36016082763672,-5.91660213470459,11,8662.5
2021-11-12 16:24:14,34.36017990112305,-5.916808128356934,11,8670.833333333334
2021-11-12 16:24:20,34.36020278930664,-5.917016983032227,11,8678.333333333334
2021-11-12 16:24:26,34.36006164550781,-5.91707181930542,11,8683.333333333334
2021-11-12 16:24:32,34.35995864868164,-5.916910171508789,11,8687.5
2021-11-12 16:24:38,34.35992813110352,-5.916707992553711,11,8695.833333333334
2021-11-12 16:24:44,34.359901428222656,-5.916505813598633,11,8703.333333333334
2021-11-12 16:24:50,34.35990524291992,-5.9163031578063965,12,8710.0
2021-11-12 16:24:56,34.36002349853516,-5.916161060333252,10,8713.333333333334
2021-11-12 16:25:02,34.36006164550781,-5.916131019592285,0,8718.333333333334
2021-11-12 16:25:08,34.36005783081055,-5.9161248207092285,0,8725.0
2021-11-12 16:25:14,34.36005783081055,-5.9161248207092285,0,8728.333333333334
2021-11-12 16:25:20,34.36005783081055,-5.9161248207092285,0,8729.166666666668
2021-11-12 16:25:26,34.36005783081055,-5.9161248207092285,0,8734.166666666668
2021-11-12 16:25:32,34.36014938354492,-5.916182041168213,6,8740.833333333334
2021-11-12 16:25:38,34.36016845703125,-5.916274070739746,10,8745.833333333334
2021-11-12 16:25:44,34.360164642333984,-5.916477203369141,10,8750.833333333334
2021-11-12 16:25:50,34.36020278930664,-5.91666316986084,11,8757.5
2021-11-12 16:25:56,34.36022186279297,-5.9168620109558105,11,8762.5
2021-11-12 16:26:02,34.36023712158203,-5.917070865631104,12,8770.833333333332
2021-11-12 16:26:08,34.360076904296875,-5.917082786560059,11,8775.833333333332
2021-11-12 16:26:14,34.35994338989258,-5.916944980621338,12,8782.5
2021-11-12 16:26:20,34.359901428222656,-5.916739940643311,11,8787.5
2021-11-12 16:26:26,34.3598747253418,-5.916536808013916,11,8790.0
2021-11-12 16:26:32,34.3598747253418,-5.916331768035889,12,8800.833333333332
2021-11-12 16:26:38,34.3599967956543,-5.916176795959473,11,8807.5
2021-11-12 16:26:44,34.360145568847656,-5.916121959686279,9,8814.166666666666
2021-11-12 16:26:50,34.36020278930664,-5.9163007736206055,12,8820.0
2021-11-12 16:26:56,34.36022186279297,-5.916508197784424,11,8823.333333333334
2021-11-12 16:27:02,34.36024475097656,-5.916709899902344,11,8831.666666666668
2021-11-12 16:27:08,34.36026763916016,-5.91691780090332,12,8838.333333333334
2021-11-12 16:27:14,34.360294342041016,-5.917095184326172,4,8846.666666666668
2021-11-12 16:27:20,34.36029815673828,-5.917105197906494,0,8850.0
2021-11-12 16:27:26,34.36030197143555,-5.9171061515808105,0,8855.0
2021-11-12 16:27:32,34.36030197143555,-5.9171061515808105,0,8862.5
2021-11-12 16:27:38,34.36030197143555,-5.9171061515808105,0,8865.833333333334
2021-11-12 16:27:44,34.36030197143555,-5.9171061515808105,0,8871.666666666666
2021-11-12 16:27:50,34.36030197143555,-5.9171061515808105,0,8876.666666666666
2021-11-12 16:27:56,34.36030197143555,-5.9171061515808105,0,8880.833333333334
2021-11-12 16:28:02,34.36030197143555,-5.9171061515808105,0,8886.666666666666
2021-11-12 16:28:08,34.36030197143555,-5.9171061515808105,0,8892.5
2021-11-12 16:28:14,34.36030197143555,-5.9171061515808105,0,8898.333333333334
2021-11-12 16:28:20,34.36030197143555,-5.9171061515808105,0,8903.333333333332
2021-11-12 16:28:26,34.36030197143555,-5.9171061515808105,0,8909.166666666666
2021-11-12 16:28:32,34.36030197143555,-5.9171061515808105,0,8910.833333333332
2021-11-12 16:28:38,34.36030197143555,-5.9171061515808105,0,8919.166666666666
2021-11-12 16:28:44,34.36030197143555,-5.9171061515808105,0,8922.5
2021-11-12 16:28:50,34.36030197143555,-5.9171061515808105,0,8930.0
2021-11-12 16:28:56,34.36030197143555,-5.9171061515808105,0,8933.333333333332
2021-11-12 16:29:02,34.36030197143555,-5.9171061515808105,0,8939.166666666666
2021-11-12 16:29:08,34.36030197143555,-5.9171061515808105,0,8942.5
2021-11-12 16:29:14,34.36030197143555,-5.9171061515808105,0,8947.5
2021-11-12 16:29:20,34.36030197143555,-5.9171061515808105,0,8951.666666666668
2021-11-12 16:29:26,34.36030197143555,-5.9171061515808105,0,8955.833333333334
2021-11-12 16:29:32,34.36030197143555,-5.9171061515808105,0,8961.666666666668
2021-11-12 16:29:38,34.36030197143555,-5.9171061515808105,0,8966.666666666668
2021-11-12 16:29:44,34.36030197143555,-5.9171061515808105,0,8970.833333333334
2021-11-12 16:29:50,34.36030197143555,-5.9171061515808105,0,8976.666666666668
2021-11-12 16:29:56,34.36030197143555,-5.9171061515808105,0,8980.833333333332
2021-11-12 16:30:02,34.36030197143555,-5.9171061515808105,0,8985.833333333332
2021-11-12 16:30:08,34.36030197143555,-5.9171061515808105,0,8991.666666666666
2021-11-12 16:30:14,34.36030197143555,-5.9171061515808105,0,8995.833333333332
2021-11-12 16:30:20,34.36030197143555,-5.9171061515808105,0,9000.0
2021-11-12 16:30:26,34.36030197143555,-5.9171061515808105,0,9004.166666666666
2021-11-12 16:30:32,34.36030197143555,-5.9171061515808105,0,9010.833333333332
2021-11-12 16:30:38,34.36030197143555,-5.9171061515808105,0,9012.499999999998
2021-11-12 16:30:44,34.36030197143555,-5.9171061515808105,0,9019.166666666666
2021-11-12 16:30:50,34.36030197143555,-5.9171061515808105,0,9025.0
2021-11-12 16:30:56,34.36030197143555,-5.9171061515808105,0,9027.5
2021-11-12 16:31:02,34.36030197143555,-5.9171061515808105,0,9035.0
2021-11-12 16:31:08,34.36030197143555,-5.9171061515808105,0,9039.166666666666
2021-11-12 16:31:14,34.36030197143555,-5.9171061515808105,0,9045.833333333332
2021-11-12 16:31:20,34.36030197143555,-5.9171061515808105,0,9050.0
2021-11-12 16:31:26,34.36030197143555,-5.9171061515808105,0,9052.5
2021-11-12 16:31:32,34.36030197143555,-5.9171061515808105,0,9058.333333333332
2021-11-12 16:31:38,34.36030197143555,-5.9171061515808105,0,9063.333333333332
2021-11-12 16:31:44,34.36030197143555,-5.9171061515808105,0,9070.0
2021-11-12 16:31:50,34.36030197143555,-5.9171061515808105,0,9077.5
2021-11-12 16:31:56,34.36030197143555,-5.9171061515808105,0,9081.666666666666
2021-11-12 16:32:02,34.36030197143555,-5.9171061515808105,0,9087.5
2021-11-12 16:32:08,34.36030197143555,-5.9171061515808105,0,9091.666666666666
2021-11-12 16:32:14,34.36030197143555,-5.9171061515808105,0,9095.0
2021-11-12 16:32:20,34.36030197143555,-5.9171061515808105,0,9097.5
2021-11-12 16:32:26,34.36030197143555,-5.9171061515808105,0,9105.0
2021-11-12 16:32:32,34.36030197143555,-5.9171061515808105,0,9111.666666666666
2021-11-12 16:32:38,34.36030197143555,-5.9171061515808105,0,9114.166666666666
2021-11-12 16:32:44,34.36030197143555,-5.9171061515808105,0,9116.666666666666
2021-11-12 16:32:50,34.36030197143555,-5.9171061515808105,0,9123.333333333332
2021-11-12 16:32:56,34.36030197143555,-5.9171061515808105,0,9127.5
2021-11-12 16:33:02,34.36030197143555,-5.9171061515808105,0,9133.333333333332
2021-11-12 16:33:08,34.36030197143555,-5.9171061515808105,0,9136.666666666668
2021-11-12 16:33:14,34.36030197143555,-5.9171061515808105,0,9143.333333333332
2021-11-12 16:33:20,34.36030197143555,-5.9171061515808105,0,9148.333333333332
2021-11-12 16:33:26,34.36030197143555,-5.9171061515808105,0,9156.666666666668
2021-11-12 16:33:32,34.36030197143555,-5.9171061515808105,0,9160.0
2021-11-12 16:33:38,34.36030197143555,-5.9171061515808105,0,9165.0
2021-11-12 16:33:44,34.36015319824219,-5.917098045349121,11,9168.333333333332
2021-11-12 16:33:50,34.360008239746094,-5.916975021362305,11,9176.666666666668
2021-11-12 16:33:56,34.35988998413086,-5.916828155517578,12,9183.333333333332
2021-11-12 16:34:02,34.359859466552734,-5.916624069213867,11,9190.0
2021-11-12 16:34:08,34.359832763671875,-5.916426181793213,11,9196.666666666666
2021-11-12 16:34:14,34.35994338989258,-5.916272163391113,11,9203.333333333332
2021-11-12 16:34:20,34.36006164550781,-5.916120052337647,11,9207.5
2021-11-12 16:34:26,34.36020278930664,-5.916061878204346,10,9215.0
2021-11-12 16:34:32,34.3602294921875,-5.916256904602051,12,9220.833333333332
2021-11-12 16:34:38,34.36024475097656,-5.916459083557129,11,9225.0
2021-11-12 16:34:44,34.360260009765625,-5.9166259765625,9,9232.5
2021-11-12 16:34:50,34.36028289794922,-5.916811943054199,11,9237.5
2021-11-12 16:34:56,34.36030960083008,-5.9170098304748535,10,9244.166666666666
2021-11-12 16:35:02,34.360225677490234,-5.917126178741455,12,9250.833333333332
2021-11-12 16:35:08,34.36008834838867,-5.917003154754639,11,9253.333333333332
2021-11-12 16:35:14,34.35992431640625,-5.916893005371094,11,9260.833333333332
2021-11-12 16:35:20,34.359832763671875,-5.916720867156982,11,9268.333333333332
2021-11-12 16:35:26,34.35980987548828,-5.91653299331665,10,9275.0
2021-11-12 16:35:32,34.3598747253418,-5.916350841522217,11,9279.166666666666
2021-11-12 16:35:38,34.36001205444336,-5.916211128234863,11,9286.666666666666
2021-11-12 16:35:44,34.360130310058594,-5.916067123413086,10,9293.333333333332
2021-11-12 16:35:50,34.36024856567383,-5.916061878204346,11,9300.0
2021-11-12 16:35:56,34.36026382446289,-5.916263103485107,11,9303.333333333332
2021-11-12 16:36:02,34.36027526855469,-5.916468143463135,11,9310.0
2021-11-12 16:36:08,34.360294342041016,-5.916658878326416,11,9315.833333333332
2021-11-12 16:36:14,34.36031723022461,-5.916860103607178,11,9320.0
2021-11-12 16:36:20,34.36033248901367,-5.917069911956787,11,9327.5
2021-11-12 16:36:26,34.360260009765625,-5.917206764221191,11,9334.166666666668
2021-11-12 16:36:32,34.3601188659668,-5.917090892791748,11,9338.333333333332
2021-11-12 16:36:38,34.35997009277344,-5.916971206665039,11,9344.166666666668
2021-11-12 16:36:44,34.35982894897461,-5.916840076446533,11,9352.5
2021-11-12 16:36:50,34.35969543457031,-5.916701793670654,10,9358.333333333332
2021-11-12 16:36:56,34.35978317260742,-5.916609764099121,11,9363.333333333332
2021-11-12 16:37:02,34.35992431640625,-5.916731834411621,11,9370.0
2021-11-12 16:37:08,34.360069274902344,-5.9168548583984375,11,9378.333333333332
2021-11-12 16:37:14,34.3602180480957,-5.916981220245361,11,9382.5
2021-11-12 16:37:20,34.36026382446289,-5.917140007019043,11,9390.0
2021-11-12 16:37:26,34.36017990112305,-5.9169921875,11,9395.0
2021-11-12 16:37:32,34.36029815673828,-5.916948795318604,10,9400.833333333332
2021-11-12 16:37:38,34.360198974609375,-5.91701602935791,12,9407.5
2021-11-12 16:37:44,34.36003494262695,-5.916897773742676,11,9413.333333333332
2021-11-12 16:37:50,34.35987854003906,-5.9167799949646,12,9419.166666666668
2021-11-12 16:37:56,34.3597297668457,-5.91666316986084,11,9430.0
2021-11-12 16:38:02,34.359718322753906,-5.9165239334106445,10,9436.666666666666
2021-11-12 16:38:08,34.35986328125,-5.916637897491455,12,9440.833333333334
2021-11-12 16:38:14,34.36002349853516,-5.916759014129639,12,9445.833333333334
2021-11-12 16:38:20,34.36017990112305,-5.916884899139404,11,9456.666666666666
2021-11-12 16:38:26,34.360286712646484,-5.917027950286865,13,9461.666666666666
2021-11-12 16:38:32,34.36012268066406,-5.917013168334961,13,9471.666666666666
2021-11-12 16:38:38,34.35996627807617,-5.916893005371094,12,9480.0
2021-11-12 16:38:44,34.35980987548828,-5.916769027709961,11,9484.166666666666
2021-11-12 16:38:50,34.359657287597656,-5.916644096374512,12,9489.166666666666
2021-11-12 16:38:56,34.35977554321289,-5.916526794433594,12,9497.5
2021-11-12 16:39:02,34.35993194580078,-5.916645050048828,12,9505.0
2021-11-12 16:39:08,34.36008834838867,-5.916767120361328,11,9510.0
2021-11-12 16:39:14,34.36023712158203,-5.916884899139404,11,9517.5
2021-11-12 16:39:20,34.360286712646484,-5.917075157165527,12,9525.0
2021-11-12 16:39:26,34.36011505126953,-5.917057991027832,11,9528.333333333334
2021-11-12 16:39:32,34.35996627807617,-5.916934967041016,11,9535.833333333332
2021-11-12 16:39:38,34.35982131958008,-5.916812896728516,11,9542.5
2021-11-12 16:39:44,34.35966491699219,-5.916708946228027,12,9546.666666666666
2021-11-12 16:39:50,34.35971450805664,-5.916530132293701,13,9555.0
2021-11-12 16:39:56,34.359886169433594,-5.916563034057617,11,9560.0
2021-11-12 16:40:02,34.36003112792969,-5.916677951812744,11,9565.833333333332
2021-11-12 16:40:08,34.36017608642578,-5.916791915893555,12,9571.666666666666
2021-11-12 16:40:14,34.360294342041016,-5.916926860809326,11,9578.333333333332
2021-11-12 16:40:20,34.36030197143555,-5.917123794555664,11,9585.0
2021-11-12 16:40:26,34.360137939453125,-5.917128086090088,11,9590.0
2021-11-12 16:40:32,34.35997772216797,-5.917003154754639,11,9594.166666666666
2021-11-12 16:40:38,34.359832763671875,-5.916879177093506,11,9600.833333333332
2021-11-12 16:40:44,34.35969543457031,-5.916740894317627,13,9607.5
2021-11-12 16:40:50,34.35968017578125,-5.916550159454346,11,9613.333333333332
2021-11-12 16:40:56,34.35984420776367,-5.916494846343994,12,9619.166666666666
2021-11-12 16:41:02,34.35999298095703,-5.916614055633545,11,9624.166666666666
2021-11-12 16:41:08,34.360145568847656,-5.916721820831299,11,9632.5
2021-11-12 16:41:14,34.36027908325195,-5.916848182678223,12,9636.666666666666
2021-11-12 16:41:20,34.36030578613281,-5.917057037353516,12,9644.166666666666
2021-11-12 16:41:26,34.36021041870117,-5.917190074920654,11,9650.833333333334
2021-11-12 16:41:32,34.360050201416016,-5.917086124420166,11,9656.666666666666
2021-11-12 16:41:38,34.35990524291992,-5.916965007781982,11,9660.833333333334
2021-11-12 16:41:44,34.359771728515625,-5.916831016540527,11,9668.333333333334
2021-11-12 16:41:50,34.359649658203125,-5.916677951812744,12,9673.333333333334
2021-11-12 16:41:56,34.35973358154297,-5.916501998901367,11,9679.166666666666
2021-11-12 16:42:02,34.359893798828125,-5.916482925415039,12,9685.833333333334
2021-11-12 16:42:08,34.360042572021484,-5.916598796844482,11,9690.833333333334
2021-11-12 16:42:14,34.360191345214844,-5.916697978973389,11,9699.166666666666
2021-11-12 16:42:20,34.36029815673828,-5.916849136352539,12,9705.0
2021-11-12 16:42:26,34.36030960083008,-5.917055130004883,11,9710.833333333334
2021-11-12 16:42:32,34.360321044921875,-5.917162895202637,1,9714.166666666668
2021-11-12 16:42:38,34.36032485961914,-5.917148113250732,0,9720.833333333334
2021-11-12 16:42:44,34.36032485961914,-5.917142868041992,0,9725.833333333332
2021-11-12 16:42:50,34.360321044921875,-5.91713809967041,0,9730.0
2021-11-12 16:42:56,34.36032485961914,-5.917134761810303,0,9735.833333333332
2021-11-12 16:43:02,34.36032485961914,-5.917134761810303,0,9740.833333333332
2021-11-12 16:43:08,34.36032485961914,-5.917134761810303,0,9742.5
2021-11-12 16:43:14,34.36032485961914,-5.917134761810303,0,9744.166666666666
2021-11-12 16:43:20,34.36032485961914,-5.917134761810303,0,9757.5
2021-11-12 16:43:26,34.36032485961914,-5.917134761810303,0,9761.666666666666
2021-11-12 16:43:32,34.36032485961914,-5.917134761810303,0,9765.0
2021-11-12 16:43:38,34.36032485961914,-5.917134761810303,0,9770.0
2021-11-12 16:43:44,34.36032485961914,-5.917134761810303,0,9771.666666666666
2021-11-12 16:43:50,34.36032485961914,-5.917134761810303,0,9772.5
2021-11-12 16:43:56,34.36032485961914,-5.917134761810303,0,9774.166666666666
2021-11-12 16:44:02,34.36032485961914,-5.917134761810303,0,9778.333333333332
2021-11-12 16:44:08,34.36032485961914,-5.917134761810303,0,9782.5
2021-11-12 16:44:14,34.36032485961914,-5.917134761810303,0,9788.333333333332
2021-11-12 16:44:20,34.36032485961914,-5.917134761810303,0,9794.166666666666
2021-11-12 16:44:26,34.36032485961914,-5.917134761810303,0,9797.5
2021-11-12 16:44:32,34.36032485961914,-5.917134761810303,0,9805.0
2021-11-12 16:44:38,34.36032485961914,-5.917134761810303,0,9807.5
2021-11-12 16:44:44,34.36032485961914,-5.917134761810303,0,9814.166666666666
2021-11-12 16:44:50,34.36032485961914,-5.917134761810303,0,9818.333333333332
2021-11-12 16:44:56,34.36032485961914,-5.917134761810303,0,9825.833333333332
2021-11-12 16:45:02,34.360862731933594,-5.917600154876709,12,9830.0
2021-11-12 16:45:08,34.36101150512695,-5.917731761932373,11,9838.333333333332
2021-11-12 16:45:14,34.36115646362305,-5.917856216430664,11,9845.0
2021-11-12 16:45:20,34.361305236816406,-5.9179768562316895,12,9850.0
2021-11-12 16:45:26,34.3614501953125,-5.918099880218506,11,9856.666666666668
2021-11-12 16:45:32,34.361602783203125,-5.918210029602051,11,9865.0
2021-11-12 16:45:38,34.361759185791016,-5.918314933776856,11,9870.0
2021-11-12 16:45:44,34.36191177368164,-5.918423175811768,11,9877.5
2021-11-12 16:45:50,34.36206817626953,-5.91852617263794,11,9885.0
2021-11-12 16:45:56,34.36214828491211,-5.918677806854248,11,9888.333333333332
2021-11-12 16:46:02,34.36201858520508,-5.918618202209473,12,9895.833333333332
2021-11-12 16:46:08,34.36198425292969,-5.918422222137451,11,9902.5
2021-11-12 16:46:14,34.3619270324707,-5.918227195739746,11,9905.0
2021-11-12 16:46:20,34.36188125610352,-5.918028831481934,11,9915.0
2021-11-12 16:46:26,34.361846923828125,-5.917829036712647,12,9923.333333333332
2021-11-12 16:46:32,34.361820220947266,-5.917619228363037,11,9926.666666666666
2021-11-12 16:46:38,34.36179733276367,-5.917405128479004,11,9934.166666666666
2021-11-12 16:46:44,34.36177444458008,-5.917201042175293,11,9940.833333333332
2021-11-12 16:46:50,34.361751556396484,-5.916994094848633,11,9948.333333333332
2021-11-12 16:46:56,34.361724853515625,-5.916791915893555,10,9951.666666666666
2021-11-12 16:47:02,34.3617057800293,-5.916595935821533,10,9958.333333333332
2021-11-12 16:47:08,34.36167907714844,-5.916396141052246,11,9964.166666666666
2021-11-12 16:47:14,34.361656188964844,-5.916192054748535,11,9969.166666666666
2021-11-12 16:47:20,34.36163330078125,-5.916000843048096,10,9974.166666666666
2021-11-12 16:47:26,34.36161422729492,-5.915803909301758,10,9980.833333333332
2021-11-12 16:47:32,34.361595153808594,-5.915606021881104,10,9986.666666666666
2021-11-12 16:47:38,34.361576080322266,-5.915400981903076,11,9992.5
2021-11-12 16:47:44,34.361549377441406,-5.915194034576416,11,9996.666666666666
2021-11-12 16:47:50,34.36152648925781,-5.914988040924072,11,10004.166666666666
2021-11-12 16:47:56,34.36153793334961,-5.914776802062988,11,10010.833333333332
2021-11-12 16:48:02,34.36160659790039,-5.9145989418029785,12,10015.0
2021-11-12 16:48:08,34.361724853515625,-5.9147047996521,11,10022.5
2021-11-12 16:48:14,34.36177062988281,-5.914899826049805,11,10027.5
2021-11-12 16:48:20,34.361812591552734,-5.915102958679199,11,10033.333333333332
2021-11-12 16:48:26,34.36186218261719,-5.9153032302856445,11,10036.666666666666
2021-11-12 16:48:32,34.36175537109375,-5.915384769439697,12,10045.833333333332
2021-11-12 16:48:38,34.361751556396484,-5.915184020996094,11,10051.666666666666
2021-11-12 16:48:44,34.36174011230469,-5.91497802734375,11,10056.666666666666
2021-11-12 16:48:50,34.36170196533203,-5.914772987365723,11,10062.5
2021-11-12 16:48:56,34.36163711547852,-5.91458797454834,11,10068.333333333332
2021-11-12 16:49:02,34.36174392700195,-5.914565086364746,12,10075.833333333332
2021-11-12 16:49:08,34.36178207397461,-5.914763927459717,11,10082.5
2021-11-12 16:49:14,34.36182403564453,-5.914966106414795,11,10086.666666666668
2021-11-12 16:49:20,34.36186599731445,-5.915165901184082,11,10093.333333333332
2021-11-12 16:49:26,34.361854553222656,-5.91536808013916,12,10100.0
2021-11-12 16:49:32,34.36172103881836,-5.915297985076904,12,10103.333333333332
2021-11-12 16:49:38,34.36172103881836,-5.9150919914245605,11,10110.833333333332
2021-11-12 16:49:44,34.361698150634766,-5.914896011352539,11,10115.833333333332
2021-11-12 16:49:50,34.36164855957031,-5.91471004486084,11,10124.166666666668
2021-11-12 16:49:56,34.361690521240234,-5.914539813995361,11,10129.166666666668
2021-11-12 16:50:02,34.361812591552734,-5.914666175842285,11,10136.666666666666
2021-11-12 16:50:08,34.361854553222656,-5.91486120223999,11,10140.833333333332
2021-11-12 16:50:14,34.36189270019531,-5.9150590896606445,11,10148.333333333332
2021-11-12 16:50:20,34.36188125610352,-5.9152679443359375,11,10155.0
2021-11-12 16:50:26,34.361846923828125,-5.915472984313965,11,10160.833333333332
2021-11-12 16:50:32,34.361820220947266,-5.915685176849365,11,10165.833333333332
2021-11-12 16:50:38,34.361793518066406,-5.915896892547607,11,10170.833333333332
2021-11-12 16:50:44,34.36177062988281,-5.916108131408691,11,10177.5
2021-11-12 16:50:50,34.36177444458008,-5.916316986083984,12,10184.166666666666
2021-11-12 16:50:56,34.36178970336914,-5.916530132293701,11,10189.166666666666
2021-11-12 16:51:02,34.36179733276367,-5.916745185852051,11,10196.666666666666
2021-11-12 16:51:08,34.361820220947266,-5.916958808898926,12,10202.5
2021-11-12 16:51:14,34.361846923828125,-5.917173862457275,11,10208.333333333332
2021-11-12 16:51:20,34.361873626708984,-5.917385101318359,11,10215.0
2021-11-12 16:51:26,34.361907958984375,-5.917593955993652,11,10218.333333333332
2021-11-12 16:51:32,34.3619384765625,-5.917801856994629,11,10225.0
2021-11-12 16:51:38,34.36197662353516,-5.9180121421813965,11,10232.5
2021-11-12 16:51:44,34.362022399902344,-5.918214797973633,11,10238.333333333332
2021-11-12 16:51:50,34.3620719909668,-5.918418884277344,11,10243.333333333332
2021-11-12 16:51:56,34.36213684082031,-5.918612003326416,12,10247.5
2021-11-12 16:52:02,34.362003326416016,-5.918633937835693,13,10255.0
2021-11-12 16:52:08,34.361961364746094,-5.918435096740723,11,10261.666666666666
2021-11-12 16:52:14,34.361915588378906,-5.918234825134277,11,10268.333333333332
2021-11-12 16:52:20,34.36187744140625,-5.918036937713623,11,10273.333333333332
2021-11-12 16:52:26,34.361839294433594,-5.917840957641602,11,10280.833333333332
2021-11-12 16:52:32,34.3619270324707,-5.917726993560791,12,10287.5
2021-11-12 16:52:38,34.36198425292969,-5.917918205261231,11,10293.333333333332
2021-11-12 16:52:44,34.36203384399414,-5.91811990737915,11,10300.0
2021-11-12 16:52:50,34.36208724975586,-5.918321132659912,11,10304.166666666666
2021-11-12 16:52:56,34.362152099609375,-5.918515205383301,11,10311.666666666666
2021-11-12 16:53:02,34.362159729003906,-5.918708801269531,12,10318.333333333332
2021-11-12 16:53:08,34.361995697021484,-5.918662071228027,11,10325.0
2021-11-12 16:53:14,34.36193084716797,-5.918471813201904,12,10328.333333333332
2021-11-12 16:53:20,34.36188507080078,-5.918281078338623,12,10335.833333333332
2021-11-12 16:53:26,34.361839294433594,-5.918083190917969,11,10343.333333333332
2021-11-12 16:53:32,34.36181640625,-5.917872905731201,12,10347.5
2021-11-12 16:53:38,34.361961364746094,-5.91788911819458,12,10354.166666666666
2021-11-12 16:53:44,34.36203384399414,-5.918084144592285,12,10360.833333333332
2021-11-12 16:53:50,34.362098693847656,-5.918280124664307,11,10368.333333333332
2021-11-12 16:53:56,34.36216354370117,-5.9184770584106445,11,10372.5
2021-11-12 16:54:02,34.362239837646484,-5.918665885925293,11,10380.0
2021-11-12 16:54:08,34.36215591430664,-5.918797016143799,13,10384.166666666668
2021-11-12 16:54:14,34.362003326416016,-5.918682098388672,11,10390.0
2021-11-12 16:54:20,34.36185836791992,-5.918569087982178,11,10396.666666666668
2021-11-12 16:54:26,34.3617057800293,-5.91845703125,11,10404.166666666668
2021-11-12 16:54:32,34.36155700683594,-5.9183430671691895,12,10410.833333333334
2021-11-12 16:54:38,34.36140060424805,-5.918222904205322,12,10415.0
2021-11-12 16:54:44,34.36125564575195,-5.918100833892822,11,10422.5
2021-11-12 16:54:50,34.36110305786133,-5.917980194091797,11,10428.333333333334
2021-11-12 16:54:56,34.360958099365234,-5.91786003112793,12,10432.5
2021-11-12 16:55:02,34.36082077026367,-5.917741775512695,10,10440.0
2021-11-12 16:55:08,34.36069869995117,-5.91765022277832,8,10445.0
2021-11-12 16:55:14,34.360565185546875,-5.91758918762207,10,10448.333333333334
2021-11-12 16:55:20,34.360595703125,-5.917459011077881,7,10450.0
2021-11-12 16:55:26,34.36074447631836,-5.917514801025391,11,10452.5
2021-11-12 16:55:32,34.36088180541992,-5.917635917663574,11,10459.166666666668
2021-11-12 16:55:38,34.36102294921875,-5.917758941650391,11,10465.833333333332
2021-11-12 16:55:44,34.36117172241211,-5.917877197265625,11,10472.5
2021-11-12 16:55:50,34.361324310302734,-5.917992115020752,11,10476.666666666668
2021-11-12 16:55:56,34.36146926879883,-5.918109893798828,11,10482.5
2021-11-12 16:56:02,34.36162567138672,-5.918217182159424,11,10488.333333333332
2021-11-12 16:56:08,34.36178207397461,-5.918320178985596,11,10496.666666666666
2021-11-12 16:56:14,34.361934661865234,-5.918429851531982,11,10503.333333333332
2021-11-12 16:56:20,34.36208724975586,-5.918537139892578,11,10510.833333333332
2021-11-12 16:56:26,34.36223220825195,-5.918657779693604,12,10517.5
2021-11-12 16:56:32,34.36222839355469,-5.918838024139404,13,10520.833333333332
2021-11-12 16:56:38,34.362064361572266,-5.918750762939453,12,10527.5
2021-11-12 16:56:44,34.361907958984375,-5.91863489151001,12,10533.333333333332
2021-11-12 16:56:50,34.36175537109375,-5.918517112731934,11,10538.333333333332
2021-11-12 16:56:56,34.36160659790039,-5.91839599609375,11,10545.0
2021-11-12 16:57:02,34.3614616394043,-5.91827917098999,11,10550.833333333332
2021-11-12 16:57:08,34.36131286621094,-5.918161869049072,11,10557.5
2021-11-12 16:57:14,34.361167907714844,-5.918046951293945,11,10563.333333333332
2021-11-12 16:57:20,34.361019134521484,-5.9179301261901855,11,10567.5
2021-11-12 16:57:26,34.36087417602539,-5.9178080558776855,12,10575.0
2021-11-12 16:57:32,34.36073684692383,-5.917696952819824,10,10581.666666666666
2021-11-12 16:57:38,34.36060333251953,-5.917609214782715,10,10586.666666666666
2021-11-12 16:57:44,34.36056137084961,-5.9174418449401855,9,10588.333333333332
2021-11-12 16:57:50,34.36070251464844,-5.917452812194824,12,10592.5
2021-11-12 16:57:56,34.36085510253906,-5.9175639152526855,11,10598.333333333332
2021-11-12 16:58:02,34.36100387573242,-5.917686939239502,11,10604.166666666666
2021-11-12 16:58:08,34.36115264892578,-5.917806148529053,12,10612.5
2021-11-12 16:58:14,34.36130142211914,-5.9179229736328125,11,10619.166666666666
2021-11-12 16:58:20,34.36144256591797,-5.918048858642578,11,10624.166666666666
2021-11-12 16:58:26,34.36159896850586,-5.9181671142578125,11,10630.833333333332
2021-11-12 16:58:32,34.361751556396484,-5.918274879455566,11,10639.166666666666
2021-11-12 16:58:38,34.361907958984375,-5.918384075164795,12,10643.333333333332
2021-11-12 16:58:44,34.36206817626953,-5.918484210968018,11,10650.833333333334
2021-11-12 16:58:50,34.362213134765625,-5.918612003326416,12,10657.5
2021-11-12 16:58:56,34.362239837646484,-5.918813228607178,12,10663.333333333334
2021-11-12 16:59:02,34.3620719909668,-5.918753147125244,12,10667.5
2021-11-12 16:59:08,34.36193084716797,-5.918614864349365,11,10675.0
2021-11-12 16:59:14,34.361873626708984,-5.918410778045654,11,10681.666666666668
2021-11-12 16:59:20,34.3618278503418,-5.918204784393311,12,10685.833333333334
2021-11-12 16:59:26,34.36178970336914,-5.917994022369385,12,10693.333333333334
2021-11-12 16:59:32,34.36175537109375,-5.917780876159668,11,10700.833333333334
2021-11-12 16:59:38,34.36172866821289,-5.917564868927002,12,10707.5
2021-11-12 16:59:44,34.36170196533203,-5.917349815368652,11,10711.666666666668
2021-11-12 16:59:50,34.361671447753906,-5.917137145996094,11,10720.833333333334
2021-11-12 16:59:56,34.36164474487305,-5.916921138763428,11,10727.5
2021-11-12 17:00:02,34.36161804199219,-5.916708946228027,11,10735.833333333334
2021-11-12 17:00:08,34.36159133911133,-5.916492938995361,11,10740.0
2021-11-12 17:00:14,34.36155700683594,-5.9162797927856445,11,10748.333333333334
2021-11-12 17:00:20,34.36153030395508,-5.916068077087402,11,10752.5
2021-11-12 17:00:26,34.36149978637695,-5.915853977203369,11,10762.5
2021-11-12 17:00:32,34.36147689819336,-5.915640830993652,11,10766.666666666668
2021-11-12 17:00:38,34.361446380615234,-5.915431022644043,11,10774.166666666668
2021-11-12 17:00:44,34.36142349243164,-5.915221214294434,11,10780.0
2021-11-12 17:00:50,34.36139678955078,-5.91501522064209,11,10786.666666666668
2021-11-12 17:00:56,34.36140441894531,-5.914801120758057,12,10790.833333333334
2021-11-12 17:01:02,34.36153030395508,-5.914648056030273,11,10798.333333333334
2021-11-12 17:01:08,34.361663818359375,-5.914496898651123,11,10804.166666666666
2021-11-12 17:01:14,34.36180114746094,-5.9145708084106445,12,10810.833333333334
2021-11-12 17:01:20,34.36185836791992,-5.914772987365723,11,10815.0
2021-11-12 17:01:26,34.36190414428711,-5.914974212646484,11,10822.5
2021-11-12 17:01:32,34.36189651489258,-5.915184020996094,11,10829.166666666666
2021-11-12 17:01:38,34.36184310913086,-5.9153828620910645,12,10833.333333333334
2021-11-12 17:01:44,34.36171340942383,-5.915288925170898,12,10841.666666666666
2021-11-12 17:01:50,34.361690521240234,-5.915073871612549,11,10847.5
2021-11-12 17:01:56,34.36166000366211,-5.914865970611572,11,10852.5
2021-11-12 17:02:02,34.36161422729492,-5.914666175842285,11,10860.833333333332
2021-11-12 17:02:08,34.36168670654297,-5.914483070373535,12,10867.5
2021-11-12 17:02:14,34.36183547973633,-5.914369106292725,11,10872.5
2021-11-12 17:02:20,34.3619270324707,-5.914543151855469,12,10880.0
2021-11-12 17:02:26,34.361995697021484,-5.914732933044434,11,10885.833333333332
2021-11-12 17:02:32,34.36188125610352,-5.914772033691406,12,10890.833333333332
2021-11-12 17:02:38,34.361854553222656,-5.914557933807373,12,10896.666666666666
2021-11-12 17:02:44,34.36180114746094,-5.914365768432617,11,10904.166666666666
2021-11-12 17:02:50,34.36191177368164,-5.914402008056641,11,10908.333333333332
2021-11-12 17:02:56,34.36197662353516,-5.914597034454346,11,10916.666666666666
2021-11-12 17:03:02,34.36196517944336,-5.914791107177734,11,10924.166666666666
2021-11-12 17:03:08,34.361854553222656,-5.91467809677124,11,10927.5
2021-11-12 17:03:14,34.3618049621582,-5.914476871490479,10,10933.333333333332
2021-11-12 17:03:20,34.36184310913086,-5.91428279876709,12,10940.833333333332
2021-11-12 17:03:26,34.36195755004883,-5.914400100708008,11,10944.166666666666
2021-11-12 17:03:32,34.36201095581055,-5.914587020874023,11,10951.666666666668
2021-11-12 17:03:38,34.3619499206543,-5.914772987365723,12,10956.666666666668
2021-11-12 17:03:44,34.36183166503906,-5.914659023284912,11,10961.666666666668
2021-11-12 17:03:50,34.36176681518555,-5.914463996887207,11,10969.166666666668
2021-11-12 17:03:56,34.36185073852539,-5.914299011230469,11,10975.0
2021-11-12 17:04:02,34.36198425292969,-5.914165019989014,11,10981.666666666668
2021-11-12 17:04:08,34.36212158203125,-5.914024829864502,12,10989.166666666668
2021-11-12 17:04:14,34.36219787597656,-5.914116859436035,11,10992.5
2021-11-12 17:04:20,34.362037658691406,-5.914194107055664,11,10997.5
2021-11-12 17:04:26,34.36186981201172,-5.914338111877441,11,11005.0
2021-11-12 17:04:32,34.36173629760742,-5.91446590423584,11,11009.166666666668
2021-11-12 17:04:38,34.36160659790039,-5.914601802825928,11,11016.666666666668
2021-11-12 17:04:44,34.36147689819336,-5.914740085601807,11,11023.333333333334
2021-11-12 17:04:50,34.36134719848633,-5.914872169494629,11,11026.666666666668
2021-11-12 17:04:56,34.3612174987793,-5.915010929107666,11,11034.166666666668
2021-11-12 17:05:02,34.361083984375,-5.9151458740234375,11,11040.833333333334
2021-11-12 17:05:08,34.3609504699707,-5.915283203125,11,11045.0
2021-11-12 17:05:14,34.36082458496094,-5.915421009063721,11,11052.5
2021-11-12 17:05:20,34.36069869995117,-5.915556907653809,11,11057.5
2021-11-12 17:05:26,34.36063766479492,-5.915678977966309,7,11061.666666666668
2021-11-12 17:05:32,34.360557556152344,-5.91575288772583,6,11066.666666666668
2021-11-12 17:05:38,34.36050033569336,-5.915665149688721,6,11074.166666666668
2021-11-12 17:05:44,34.360557556152344,-5.915585041046143,6,11081.666666666668
2021-11-12 17:05:50,34.360572814941406,-5.915565967559815,0,11087.5
2021-11-12 17:05:56,34.360572814941406,-5.915564060211182,0,11091.666666666668
2021-11-12 17:06:02,34.36058044433594,-5.915555953979492,2,11096.666666666668
2021-11-12 17:06:08,34.36067199707031,-5.91545295715332,10,11104.166666666668
2021-11-12 17:06:14,34.36079025268555,-5.915337085723877,10,11108.333333333334
2021-11-12 17:06:20,34.36090850830078,-5.915221214294434,10,11111.666666666668
2021-11-12 17:06:26,34.36103057861328,-5.91509485244751,10,11116.666666666668
2021-11-12 17:06:32,34.36115264892578,-5.914966106414795,10,11122.5
2021-11-12 17:06:38,34.36127853393555,-5.914840221405029,10,11127.5
2021-11-12 17:06:44,34.36140060424805,-5.914710998535156,10,11130.833333333332
2021-11-12 17:06:50,34.36152267456055,-5.914578914642334,11,11135.833333333332
2021-11-12 17:06:56,34.36164855957031,-5.914453029632568,10,11140.0
2021-11-12 17:07:02,34.36177444458008,-5.914328098297119,10,11145.0
2021-11-12 17:07:08,34.36189651489258,-5.91419792175293,10,11148.333333333332
2021-11-12 17:07:14,34.36202621459961,-5.914069175720215,10,11154.166666666668
2021-11-12 17:07:20,34.362152099609375,-5.913937091827393,10,11155.833333333332
2021-11-12 17:07:26,34.36227798461914,-5.91380786895752,10,11163.333333333332
2021-11-12 17:07:32,34.36237335205078,-5.91366720199585,9,11165.833333333332
2021-11-12 17:07:38,34.36244583129883,-5.913741111755371,9,11171.666666666668
2021-11-12 17:07:44,34.362308502197266,-5.913837909698486,10,11177.5
2021-11-12 17:07:50,34.36219787597656,-5.913980960845947,10,11180.833333333332
2021-11-12 17:07:56,34.36208724975586,-5.914115905761719,10,11185.833333333332
2021-11-12 17:08:02,34.36198425292969,-5.914262771606445,10,11189.166666666668
2021-11-12 17:08:08,34.36186218261719,-5.914391994476318,11,11195.833333333332
2021-11-12 17:08:14,34.36173629760742,-5.914513111114502,10,11198.333333333332
2021-11-12 17:08:20,34.36161804199219,-5.914639949798584,10,11202.5
2021-11-12 17:08:26,34.36150360107422,-5.914770126342773,10,11209.166666666668
2021-11-12 17:08:32,34.36138153076172,-5.914892196655273,10,11212.5
2021-11-12 17:08:38,34.36133575439453,-5.914941787719727,0,11219.166666666668
2021-11-12 17:08:44,34.36133575439453,-5.914943218231201,0,11223.333333333334
2021-11-12 17:08:50,34.36133575439453,-5.914943218231201,0,11225.0
2021-11-12 17:08:56,34.36133575439453,-5.914943218231201,0,11228.333333333334
2021-11-12 17:09:02,34.36133575439453,-5.914943218231201,0,11234.166666666668
2021-11-12 17:09:08,34.36133575439453,-5.914943218231201,0,11239.166666666668
2021-11-12 17:09:14,34.36133575439453,-5.914943218231201,0,11240.833333333334
2021-11-12 17:09:20,34.36133575439453,-5.914943218231201,0,11245.0
2021-11-12 17:09:26,34.36133575439453,-5.914943218231201,0,11248.333333333334
2021-11-12 17:09:32,34.36133575439453,-5.914943218231201,0,11250.0
2021-11-12 17:09:38,34.36133575439453,-5.914943218231201,0,11253.333333333334
2021-11-12 17:09:44,34.36133575439453,-5.914943218231201,0,11257.5
2021-11-12 17:09:50,34.36133575439453,-5.914943218231201,0,11260.833333333334
2021-11-12 17:09:56,34.36133575439453,-5.914943218231201,0,11265.0
2021-11-12 17:10:02,34.36133575439453,-5.914943218231201,0,11268.333333333334
2021-11-12 17:10:08,34.36133575439453,-5.914943218231201,0,11272.5
2021-11-12 17:10:14,34.36133575439453,-5.914943218231201,0,11275.833333333334
2021-11-12 17:10:20,34.36133575439453,-5.914943218231201,0,11280.833333333334
2021-11-12 17:10:26,34.36133575439453,-5.914943218231201,0,11285.0
2021-11-12 17:10:32,34.36133575439453,-5.914943218231201,0,11288.333333333334
2021-11-12 17:10:38,34.36133575439453,-5.914943218231201,0,11292.5
2021-11-12 17:10:44,34.36133575439453,-5.914943218231201,0,11295.833333333334
2021-11-12 17:10:50,34.36133575439453,-5.914943218231201,0,11299.166666666666
2021-11-12 17:10:56,34.36133575439453,-5.914943218231201,0,11302.5
2021-11-12 17:11:02,34.36133575439453,-5.914943218231201,0,11305.833333333334
2021-11-12 17:11:08,34.36133575439453,-5.914943218231201,0,11312.5
2021-11-12 17:11:14,34.36133575439453,-5.914943218231201,0,11317.5
2021-11-12 17:11:20,34.36133575439453,-5.914943218231201,0,11318.333333333334
2021-11-12 17:11:26,34.36133575439453,-5.914943218231201,0,11325.0
2021-11-12 17:11:32,34.36133575439453,-5.914943218231201,0,11328.333333333332
2021-11-12 17:11:38,34.36133575439453,-5.914943218231201,0,11333.333333333332
2021-11-12 17:11:44,34.36133575439453,-5.914943218231201,0,11335.833333333332
2021-11-12 17:11:50,34.36133575439453,-5.914943218231201,0,11342.5
2021-11-12 17:11:56,34.36133575439453,-5.914943218231201,0,11347.5
2021-11-12 17:12:02,34.36133575439453,-5.914943218231201,0,11353.333333333332
2021-11-12 17:12:08,34.36133575439453,-5.914943218231201,0,11355.833333333332
2021-11-12 17:12:14,34.36133575439453,-5.914943218231201,0,11360.0
2021-11-12 17:12:20,34.36133575439453,-5.914943218231201,0,11364.166666666666
2021-11-12 17:12:26,34.36133575439453,-5.914943218231201,0,11366.666666666666
2021-11-12 17:12:32,34.36133575439453,-5.914943218231201,0,11371.666666666666
2021-11-12 17:12:38,34.36133575439453,-5.914943218231201,0,11374.166666666666
2021-11-12 17:12:44,34.36133575439453,-5.914943218231201,0,11376.666666666666
2021-11-12 17:12:50,34.36133575439453,-5.914943218231201,0,11380.833333333332
2021-11-12 17:12:56,34.36133575439453,-5.914943218231201,0,11386.666666666666
2021-11-12 17:13:02,34.36133575439453,-5.914943218231201,0,11394.166666666666
2021-11-12 17:13:08,34.36133575439453,-5.914943218231201,0,11395.833333333334
2021-11-12 17:13:14,34.36133575439453,-5.914943218231201,0,11400.833333333334
2021-11-12 17:13:20,34.36133575439453,-5.914943218231201,0,11405.0
2021-11-12 17:13:26,34.36133575439453,-5.914943218231201,0,11410.0
2021-11-12 17:13:32,34.36133575439453,-5.914943218231201,0,11415.0
2021-11-12 17:13:38,34.36133575439453,-5.914943218231201,0,11420.833333333334
2021-11-12 17:13:44,34.36133575439453,-5.914943218231201,0,11424.166666666668
2021-11-12 17:13:50,34.36133575439453,-5.914943218231201,0,11429.166666666668
2021-11-12 17:13:56,34.36133575439453,-5.914943218231201,0,11432.5
2021-11-12 17:14:02,34.36133575439453,-5.914943218231201,0,11436.666666666668
2021-11-12 17:14:08,34.36133575439453,-5.914943218231201,0,11443.333333333334
2021-11-12 17:14:14,34.36133575439453,-5.914943218231201,0,11449.166666666668
2021-11-12 17:14:20,34.36133575439453,-5.914943218231201,0,11455.0
2021-11-12 17:14:26,34.36133575439453,-5.914943218231201,0,11459.166666666668
2021-11-12 17:14:32,34.36133575439453,-5.914943218231201,0,11465.0
2021-11-12 17:14:38,34.36133575439453,-5.914943218231201,0,11469.166666666668
2021-11-12 17:14:44,34.36133575439453,-5.914943218231201,0,11471.666666666666
2021-11-12 17:14:50,34.36133575439453,-5.914943218231201,0,11477.5
2021-11-12 17:14:56,34.361228942871094,-5.915060997009277,10,11484.166666666666
2021-11-12 17:15:02,34.36109924316406,-5.915187835693359,11,11488.333333333332
2021-11-12 17:15:08,34.36096954345703,-5.915318965911865,11,11494.166666666666
2021-11-12 17:15:14,34.360843658447266,-5.915448188781738,10,11496.666666666666
2021-11-12 17:15:20,34.3607063293457,-5.915602207183838,10,11503.333333333332
2021-11-12 17:15:26,34.36063003540039,-5.915771007537842,10,11508.333333333332
2021-11-12 17:15:32,34.360504150390625,-5.915743827819824,11,11514.166666666666
2021-11-12 17:15:38,34.36058044433594,-5.915586948394775,10,11517.5
2021-11-12 17:15:44,34.36070251464844,-5.915456771850586,11,11521.666666666666
2021-11-12 17:15:50,34.36083221435547,-5.915346145629883,10,11528.333333333332
2021-11-12 17:15:56,34.36095428466797,-5.91521692276001,11,11533.333333333332
2021-11-12 17:16:02,34.361080169677734,-5.9150919914245605,10,11536.666666666666
2021-11-12 17:16:08,34.361202239990234,-5.914965152740479,11,11542.5
2021-11-12 17:16:14,34.361324310302734,-5.914834022521973,10,11549.166666666666
2021-11-12 17:16:20,34.3614501953125,-5.9147047996521,11,11552.5
2021-11-12 17:16:26,34.361572265625,-5.914569854736328,10,11559.166666666668
2021-11-12 17:16:32,34.36167526245117,-5.914461135864258,10,11564.166666666668
2021-11-12 17:16:38,34.36182403564453,-5.914315223693848,11,11569.166666666668
2021-11-12 17:16:44,34.36195373535156,-5.914190769195557,10,11573.333333333332
2021-11-12 17:16:50,34.3620719909668,-5.914124965667725,11,11580.0
2021-11-12 17:16:56,34.36204147338867,-5.9142842292785645,11,11585.833333333332
2021-11-12 17:17:02,34.361915588378906,-5.914398193359375,11,11590.833333333332
2021-11-12 17:17:08,34.36177444458008,-5.914548873901367,11,11595.0
2021-11-12 17:17:14,34.36165237426758,-5.914680004119873,11,11601.666666666666
2021-11-12 17:17:20,34.36152648925781,-5.914813995361328,11,11607.5
2021-11-12 17:17:26,34.36140823364258,-5.9149580001831055,11,11611.666666666666
2021-11-12 17:17:32,34.36128234863281,-5.915089130401611,10,11618.333333333332
2021-11-12 17:17:38,34.36115264892578,-5.91521692276001,10,11620.833333333332
2021-11-12 17:17:44,34.36102294921875,-5.915340900421143,10,11628.333333333332
2021-11-12 17:17:50,34.36089324951172,-5.915469169616699,10,11632.5
2021-11-12 17:17:56,34.36077117919922,-5.915599822998047,10,11640.0
2021-11-12 17:18:02,34.360679626464844,-5.91575813293457,10,11645.833333333332
2021-11-12 17:18:08,34.36054229736328,-5.91584587097168,11,11647.5
2021-11-12 17:18:14,34.360504150390625,-5.915671825408936,11,11653.333333333332
2021-11-12 17:18:20,34.36062240600586,-5.915534019470215,11,11659.166666666666
2021-11-12 17:18:26,34.360748291015625,-5.915400981903076,11,11663.333333333332
2021-11-12 17:18:32,34.36087417602539,-5.91526985168457,11,11668.333333333332
2021-11-12 17:18:38,34.36100387573242,-5.9151291847229,11,11675.0
2021-11-12 17:18:44,34.36113357543945,-5.914992809295654,11,11679.166666666666
2021-11-12 17:18:50,34.361263275146484,-5.914857864379883,11,11685.0
2021-11-12 17:18:56,34.36139297485352,-5.9147257804870605,11,11689.166666666666
2021-11-12 17:19:02,34.36152267456055,-5.91458797454834,11,11695.833333333334
2021-11-12 17:19:08,34.36165237426758,-5.914453983306885,11,11701.666666666666
2021-11-12 17:19:14,34.36178207397461,-5.914321899414063,11,11705.833333333334
2021-11-12 17:19:20,34.361907958984375,-5.914186954498291,11,11711.666666666666
2021-11-12 17:19:26,34.362037658691406,-5.91405200958252,11,11717.5
2021-11-12 17:19:32,34.36217498779297,-5.913922786712647,11,11721.666666666668
2021-11-12 17:19:38,34.362300872802734,-5.913785934448242,11,11726.666666666668
2021-11-12 17:19:44,34.3624267578125,-5.913649082183838,11,11732.5
2021-11-12 17:19:50,34.36255645751953,-5.913508892059326,11,11735.833333333332
2021-11-12 17:19:56,34.36268615722656,-5.91337776184082,11,11740.833333333332
2021-11-12 17:20:02,34.362815856933594,-5.913248062133789,11,11744.166666666668
2021-11-12 17:20:08,34.362937927246094,-5.913119792938232,10,11748.333333333332
2021-11-12 17:20:14,34.36300277709961,-5.912944793701172,11,11754.166666666668
2021-11-12 17:20:20,34.3630485534668,-5.912753105163574,11,11759.166666666668
2021-11-12 17:20:26,34.36316680908203,-5.912609100341797,11,11764.166666666668
2021-11-12 17:20:32,34.36329650878906,-5.912487030029297,10,11767.5
2021-11-12 17:20:38,34.363426208496094,-5.912360191345215,10,11775.833333333332
2021-11-12 17:20:44,34.36355972290039,-5.912232875823975,11,11779.166666666668
2021-11-12 17:20:50,34.36370086669922,-5.912117004394531,11,11785.0
2021-11-12 17:20:56,34.36384963989258,-5.912016868591309,11,11788.333333333332
2021-11-12 17:21:02,34.36400604248047,-5.911932945251465,11,11796.666666666668
2021-11-12 17:21:08,34.36416244506836,-5.91185188293457,10,11800.833333333334
2021-11-12 17:21:14,34.36429214477539,-5.911788940429688,10,11809.166666666668
2021-11-12 17:21:20,34.36447525024414,-5.91171407699585,11,11815.0
2021-11-12 17:21:26,34.36459732055664,-5.911649227142334,10,11819.166666666668
2021-11-12 17:21:32,34.364749908447266,-5.911571979522705,11,11824.166666666668
2021-11-12 17:21:38,34.36491012573242,-5.911513805389404,11,11828.333333333334
2021-11-12 17:21:44,34.365074157714844,-5.911468982696533,11,11833.333333333334
2021-11-12 17:21:50,34.365238189697266,-5.911435127258301,11,11838.333333333334
2021-11-12 17:21:56,34.36539459228516,-5.911413192749023,11,11844.166666666668
2021-11-12 17:22:02,34.365562438964844,-5.911399841308594,11,11850.833333333334
2021-11-12 17:22:08,34.36573028564453,-5.9113969802856445,10,11853.333333333334
2021-11-12 17:22:14,34.36589431762695,-5.911392211914063,11,11860.0
2021-11-12 17:22:20,34.366058349609375,-5.911398887634277,11,11865.833333333334
2021-11-12 17:22:26,34.3662223815918,-5.911411762237549,10,11870.0
2021-11-12 17:22:32,34.366390228271484,-5.911433219909668,10,11875.833333333334
2021-11-12 17:22:38,34.36655807495117,-5.9114670753479,11,11882.5
2021-11-12 17:22:44,34.366722106933594,-5.9115071296691895,11,11885.833333333332
2021-11-12 17:22:50,34.366912841796875,-5.911557197570801,11,11892.5
2021-11-12 17:22:56,34.36709213256836,-5.911618232727051,10,11896.666666666668
2021-11-12 17:23:02,34.36725234985352,-5.911677837371826,10,11902.5
2021-11-12 17:23:08,34.36740493774414,-5.911739826202393,10,11908.333333333332
2021-11-12 17:23:14,34.367557525634766,-5.911806106567383,10,11913.333333333332
2021-11-12 17:23:20,34.367698669433594,-5.911899089813232,10,11915.833333333332
2021-11-12 17:23:26,34.36783218383789,-5.9120049476623535,10,11920.833333333332
2021-11-12 17:23:32,34.36796951293945,-5.912107944488525,10,11924.166666666668
2021-11-12 17:23:38,34.368099212646484,-5.9122161865234375,10,11930.833333333334
2021-11-12 17:23:44,34.36822509765625,-5.912333011627197,10,11936.666666666668
2021-11-12 17:23:50,34.36832809448242,-5.912432193756104,10,11942.5
2021-11-12 17:23:56,34.36844253540039,-5.912556171417236,10,11945.833333333334
2021-11-12 17:24:02,34.36857986450195,-5.912702083587647,10,11950.0
2021-11-12 17:24:08,34.368682861328125,-5.91278886795044,9,11954.166666666668
2021-11-12 17:24:14,34.36867141723633,-5.912915229797363,8,11960.833333333334
2021-11-12 17:24:20,34.36862564086914,-5.91279411315918,9,11965.833333333332
2021-11-12 17:24:26,34.36875915527344,-5.9127278327941895,10,11975.833333333332
2021-11-12 17:24:32,34.3689079284668,-5.912642002105713,10,11980.0
2021-11-12 17:24:38,34.36902618408203,-5.912565231323242,10,11985.0
2021-11-12 17:24:44,34.36919403076172,-5.9124531745910645,10,11988.333333333332
2021-11-12 17:24:50,34.36931610107422,-5.91237211227417,10,11991.666666666668
2021-11-12 17:24:56,34.36946105957031,-5.91227388381958,10,11995.833333333332
2021-11-12 17:25:02,34.369625091552734,-5.912168979644775,10,12001.666666666668
