Temps,Latitude,Longitude,Vitesse,Consommation (ml)
2021-11-13 13:10:22,34.34458541870117,-5.950498104095459,0,20.0
2021-11-13 13:10:28,34.34458541870117,-5.950498104095459,0,24.166666666666668
2021-11-13 13:10:34,34.34458541870117,-5.950498104095459,0,36.66666666666667
2021-11-13 13:10:40,34.34458541870117,-5.950498104095459,0,44.16666666666667
2021-11-13 13:10:46,34.34458541870117,-5.950498104095459,0,50.833333333333336
2021-11-13 13:10:52,34.34458541870117,-5.950498104095459,0,54.16666666666667
2021-11-13 13:10:58,34.34458541870117,-5.950498104095459,0,60.83333333333334
2021-11-13 13:11:04,34.34458541870117,-5.950498104095459,0,65.00000000000001
2021-11-13 13:11:10,34.34458541870117,-5.950498104095459,0,70.00000000000001
2021-11-13 13:11:16,34.34458541870117,-5.950498104095459,0,73.33333333333334
2021-11-13 13:11:22,34.34458541870117,-5.950498104095459,0,84.16666666666667
2021-11-13 13:11:28,34.34458541870117,-5.950498104095459,0,87.5
2021-11-13 13:11:34,34.34458541870117,-5.950498104095459,0,93.33333333333331
2021-11-13 13:11:40,34.34458541870117,-5.950498104095459,0,96.66666666666666
2021-11-13 13:11:46,34.34458541870117,-5.950498104095459,0,102.5
2021-11-13 13:11:52,34.34458541870117,-5.950498104095459,0,106.66666666666669
2021-11-13 13:11:58,34.34458541870117,-5.950498104095459,0,114.16666666666669
2021-11-13 13:12:04,34.34458541870117,-5.950498104095459,0,118.33333333333334
2021-11-13 13:12:10,34.34458541870117,-5.950498104095459,0,121.66666666666669
2021-11-13 13:12:16,34.34458541870117,-5.950498104095459,0,127.5
2021-11-13 13:12:22,34.34458541870117,-5.950498104095459,0,131.66666666666666
2021-11-13 13:12:28,34.34458541870117,-5.950498104095459,0,135.0
2021-11-13 13:12:34,34.34458541870117,-5.950498104095459,0,140.0
2021-11-13 13:12:40,34.34458541870117,-5.950498104095459,0,145.0
2021-11-13 13:12:46,34.34458541870117,-5.950498104095459,0,150.83333333333334
2021-11-13 13:12:52,34.34458541870117,-5.950498104095459,0,156.66666666666669
2021-11-13 13:12:58,34.34458541870117,-5.950498104095459,0,160.00000000000003
2021-11-13 13:13:04,34.34458541870117,-5.950498104095459,0,164.16666666666669
2021-11-13 13:13:10,34.34458541870117,-5.950498104095459,0,173.33333333333334
2021-11-13 13:13:16,34.34458541870117,-5.950498104095459,0,178.33333333333334
2021-11-13 13:13:22,34.34458541870117,-5.950498104095459,0,185.0
2021-11-13 13:13:28,34.34458541870117,-5.950498104095459,0,186.66666666666663
2021-11-13 13:13:34,34.34458541870117,-5.950498104095459,0,195.0
2021-11-13 13:13:40,34.34458541870117,-5.950498104095459,0,196.66666666666663
2021-11-13 13:13:46,34.34458541870117,-5.950498104095459,0,205.8333333333333
2021-11-13 13:13:52,34.34458541870117,-5.950498104095459,0,207.5
2021-11-13 13:13:58,34.34458541870117,-5.950498104095459,0,216.66666666666663
2021-11-13 13:14:04,34.3448371887207,-5.950419902801514,7,220.0
2021-11-13 13:14:10,34.344932556152344,-5.950467109680176,7,226.66666666666669
2021-11-13 13:14:16,34.344993591308594,-5.950559139251709,7,232.50000000000003
2021-11-13 13:14:22,34.34500503540039,-5.950654983520508,6,238.33333333333337
2021-11-13 13:14:28,34.34500503540039,-5.950776100158691,6,248.33333333333337
2021-11-13 13:14:34,34.34504318237305,-5.950885772705078,6,250.83333333333337
2021-11-13 13:14:40,34.345088958740234,-5.950987815856934,6,264.1666666666667
2021-11-13 13:14:46,34.34516906738281,-5.951041221618652,6,269.1666666666667
2021-11-13 13:14:52,34.345245361328125,-5.951039791107178,5,270.83333333333337
2021-11-13 13:14:58,34.34528350830078,-5.950965881347656,1,277.5
2021-11-13 13:15:04,34.34527969360352,-5.9509758949279785,0,290.8333333333333
2021-11-13 13:15:10,34.34527969360352,-5.950976848602295,0,293.3333333333333
2021-11-13 13:15:16,34.34527969360352,-5.950976848602295,0,298.3333333333333
2021-11-13 13:15:22,34.34527969360352,-5.950976848602295,0,305.0
2021-11-13 13:15:28,34.34527969360352,-5.950976848602295,0,310.0
2021-11-13 13:15:34,34.34527969360352,-5.950976848602295,0,311.6666666666667
2021-11-13 13:15:40,34.34527969360352,-5.950976848602295,0,318.33333333333337
2021-11-13 13:15:46,34.34527969360352,-5.950976848602295,0,330.83333333333337
2021-11-13 13:15:52,34.34527969360352,-5.950976848602295,0,332.50000000000006
2021-11-13 13:15:58,34.34527969360352,-5.950976848602295,0,338.33333333333337
2021-11-13 13:16:04,34.345333099365234,-5.95037317276001,6,345.00000000000006
2021-11-13 13:16:10,34.34543991088867,-5.950366020202637,6,351.66666666666674
2021-11-13 13:16:16,34.34553909301758,-5.950383186340332,6,355.8333333333334
2021-11-13 13:16:22,34.34564208984375,-5.950398921966553,6,363.3333333333334
2021-11-13 13:16:28,34.345741271972656,-5.95039176940918,6,367.5000000000001
2021-11-13 13:16:34,34.34583282470703,-5.950376987457275,7,374.1666666666666
2021-11-13 13:16:40,34.3459358215332,-5.950347900390625,8,376.6666666666666
2021-11-13 13:16:46,34.34605026245117,-5.950331211090088,8,386.6666666666666
2021-11-13 13:16:52,34.346168518066406,-5.95030403137207,6,391.6666666666666
2021-11-13 13:16:58,34.34628677368164,-5.950270175933838,8,395.8333333333333
2021-11-13 13:17:04,34.34642028808594,-5.950259208679199,8,399.1666666666666
2021-11-13 13:17:10,34.3465461730957,-5.950243949890137,8,406.6666666666666
2021-11-13 13:17:16,34.3466682434082,-5.950221061706543,8,414.1666666666666
2021-11-13 13:17:22,34.3467903137207,-5.950192928314209,7,416.6666666666667
2021-11-13 13:17:28,34.34691619873047,-5.950174808502197,8,421.6666666666667
2021-11-13 13:17:34,34.347049713134766,-5.950140953063965,8,433.33333333333337
2021-11-13 13:17:40,34.3471794128418,-5.950122833251953,8,436.6666666666667
2021-11-13 13:17:46,34.347312927246094,-5.950112819671631,8,442.5
2021-11-13 13:17:52,34.347442626953125,-5.950088024139404,8,450.8333333333333
2021-11-13 13:17:58,34.34756851196289,-5.950071811676025,8,455.8333333333333
2021-11-13 13:18:04,34.34769821166992,-5.950063228607178,8,462.5
2021-11-13 13:18:10,34.34782028198242,-5.950039863586426,8,469.1666666666667
2021-11-13 13:18:16,34.34794998168945,-5.95001220703125,8,475.0
2021-11-13 13:18:22,34.34807586669922,-5.949984073638916,8,476.6666666666667
2021-11-13 13:18:28,34.34820556640625,-5.949965953826904,8,480.0
2021-11-13 13:18:34,34.34833526611328,-5.949948787689209,8,491.6666666666667
2021-11-13 13:18:40,34.34846496582031,-5.949940204620361,8,499.1666666666667
2021-11-13 13:18:46,34.34859848022461,-5.949932098388672,8,502.5
2021-11-13 13:18:52,34.34872817993164,-5.9499192237854,9,508.3333333333333
2021-11-13 13:18:58,34.348846435546875,-5.949881076812744,7,513.3333333333334
2021-11-13 13:19:04,34.349021911621094,-5.949872970581055,5,518.3333333333334
2021-11-13 13:19:10,34.34912872314453,-5.94987678527832,7,528.3333333333334
2021-11-13 13:19:16,34.3492431640625,-5.949857234954834,7,534.1666666666667
2021-11-13 13:19:22,34.349361419677734,-5.949832916259766,8,537.5000000000001
2021-11-13 13:19:28,34.349483489990234,-5.949810981750488,7,542.5000000000001
2021-11-13 13:19:34,34.34960174560547,-5.949789047241211,8,548.3333333333335
2021-11-13 13:19:40,34.349727630615234,-5.949767112731934,7,557.5000000000001
2021-11-13 13:19:46,34.34984588623047,-5.949741840362549,8,561.6666666666666
2021-11-13 13:19:52,34.34996795654297,-5.949710845947266,8,568.3333333333333
2021-11-13 13:19:58,34.35009002685547,-5.949689865112305,8,572.4999999999999
2021-11-13 13:20:04,34.35020446777344,-5.949667930603027,7,580.8333333333333
2021-11-13 13:20:10,34.35029220581055,-5.949641227722168,5,584.9999999999999
2021-11-13 13:20:16,34.350337982177734,-5.949569225311279,5,588.3333333333333
2021-11-13 13:20:22,34.3503303527832,-5.949519157409668,0,593.3333333333333
2021-11-13 13:20:28,34.350337982177734,-5.949563026428223,2,596.6666666666666
2021-11-13 13:20:34,34.35034942626953,-5.949597835540772,0,600.8333333333333
2021-11-13 13:20:40,34.35035705566406,-5.949605941772461,0,602.4999999999999
2021-11-13 13:20:46,34.35035705566406,-5.949605941772461,0,614.1666666666665
2021-11-13 13:20:52,34.35035705566406,-5.949605941772461,0,617.4999999999999
2021-11-13 13:20:58,34.35035705566406,-5.949605941772461,0,624.1666666666665
2021-11-13 13:21:04,34.35035705566406,-5.949605941772461,0,629.1666666666665
2021-11-13 13:21:10,34.35035705566406,-5.949605941772461,0,630.8333333333331
2021-11-13 13:21:16,34.35035705566406,-5.949605941772461,0,634.1666666666665
2021-11-13 13:21:22,34.35035705566406,-5.949605941772461,0,644.1666666666667
2021-11-13 13:21:28,34.35035705566406,-5.949605941772461,0,647.5000000000001
2021-11-13 13:21:34,34.35035705566406,-5.949605941772461,0,653.3333333333335
2021-11-13 13:21:40,34.35035705566406,-5.949605941772461,0,656.6666666666669
2021-11-13 13:21:46,34.35035705566406,-5.949605941772461,0,663.3333333333335
2021-11-13 13:21:52,34.35035705566406,-5.949605941772461,0,667.5000000000001
2021-11-13 13:21:58,34.35035705566406,-5.949605941772461,0,670.0000000000001
2021-11-13 13:22:04,34.35035705566406,-5.949605941772461,0,677.5000000000001
2021-11-13 13:22:10,34.35035705566406,-5.949605941772461,0,680.8333333333334
2021-11-13 13:22:16,34.35035705566406,-5.949605941772461,0,686.6666666666667
2021-11-13 13:22:22,34.35035705566406,-5.949605941772461,0,689.1666666666667
2021-11-13 13:22:28,34.35035705566406,-5.949605941772461,0,695.0000000000001
2021-11-13 13:22:34,34.35035705566406,-5.949605941772461,0,702.5000000000001
2021-11-13 13:22:40,34.35035705566406,-5.949605941772461,0,707.5000000000001
2021-11-13 13:22:46,34.35035705566406,-5.949605941772461,0,713.3333333333335
2021-11-13 13:22:52,34.35035705566406,-5.949605941772461,0,715.0000000000001
2021-11-13 13:22:58,34.35035705566406,-5.949605941772461,0,717.5
2021-11-13 13:23:04,34.35035705566406,-5.949605941772461,0,728.3333333333333
2021-11-13 13:23:10,34.35035705566406,-5.949605941772461,0,731.6666666666665
2021-11-13 13:23:16,34.35035705566406,-5.949605941772461,0,734.9999999999999
2021-11-13 13:23:22,34.35035705566406,-5.949605941772461,0,740.8333333333333
2021-11-13 13:23:28,34.35035705566406,-5.949605941772461,0,745.8333333333333
2021-11-13 13:23:34,34.35035705566406,-5.949605941772461,0,749.1666666666665
2021-11-13 13:23:40,34.35035705566406,-5.949605941772461,0,754.9999999999998
2021-11-13 13:23:46,34.35035705566406,-5.949605941772461,0,759.1666666666666
2021-11-13 13:23:52,34.35035705566406,-5.949605941772461,0,763.3333333333333
2021-11-13 13:23:58,34.35035705566406,-5.949605941772461,0,770.8333333333333
2021-11-13 13:24:04,34.35035705566406,-5.949605941772461,0,774.1666666666666
2021-11-13 13:24:10,34.35035705566406,-5.949605941772461,0,780.8333333333333
2021-11-13 13:24:16,34.35035705566406,-5.949605941772461,0,786.6666666666666
2021-11-13 13:24:22,34.35035705566406,-5.949605941772461,0,790.8333333333333
2021-11-13 13:24:28,34.35035705566406,-5.949605941772461,0,795.8333333333333
2021-11-13 13:24:34,34.35035705566406,-5.949605941772461,0,800.8333333333334
2021-11-13 13:24:40,34.35035705566406,-5.949605941772461,0,804.1666666666667
2021-11-13 13:24:46,34.35035705566406,-5.949605941772461,0,811.6666666666667
2021-11-13 13:24:52,34.35035705566406,-5.949605941772461,0,813.3333333333334
2021-11-13 13:24:58,34.35035705566406,-5.949605941772461,0,820.8333333333334
2021-11-13 13:25:04,34.35035705566406,-5.949605941772461,0,826.6666666666667
2021-11-13 13:25:10,34.35035705566406,-5.949605941772461,0,828.3333333333334
2021-11-13 13:25:16,34.35035705566406,-5.949605941772461,0,837.5
2021-11-13 13:25:22,34.35035705566406,-5.949605941772461,0,844.1666666666667
2021-11-13 13:25:28,34.35035705566406,-5.949605941772461,0,845.0
2021-11-13 13:25:34,34.35035705566406,-5.949605941772461,0,853.3333333333333
2021-11-13 13:25:40,34.35035705566406,-5.949605941772461,0,857.5
2021-11-13 13:25:46,34.35035705566406,-5.949605941772461,0,863.3333333333333
2021-11-13 13:25:52,34.35035705566406,-5.949605941772461,0,869.1666666666666
2021-11-13 13:25:58,34.35035705566406,-5.949605941772461,0,872.5
2021-11-13 13:26:04,34.35035705566406,-5.949605941772461,0,875.8333333333333
2021-11-13 13:26:10,34.35035705566406,-5.949605941772461,0,881.6666666666667
2021-11-13 13:26:16,34.35035705566406,-5.949605941772461,0,886.6666666666667
2021-11-13 13:26:22,34.35035705566406,-5.949605941772461,0,891.6666666666667
2021-11-13 13:26:28,34.35035705566406,-5.949605941772461,0,895.8333333333334
2021-11-13 13:26:34,34.35035705566406,-5.949605941772461,0,899.1666666666667
2021-11-13 13:26:40,34.35035705566406,-5.949605941772461,0,901.6666666666669
2021-11-13 13:26:46,34.35035705566406,-5.949605941772461,0,920.0
2021-11-13 13:26:52,34.35035705566406,-5.949605941772461,0,925.8333333333331
2021-11-13 13:26:58,34.35035705566406,-5.949605941772461,0,927.5
2021-11-13 13:27:04,34.35035705566406,-5.949605941772461,0,934.1666666666669
2021-11-13 13:27:10,34.35035705566406,-5.949605941772461,0,938.3333333333334
2021-11-13 13:27:16,34.35035705566406,-5.949605941772461,0,940.8333333333334
2021-11-13 13:27:22,34.35035705566406,-5.949605941772461,0,949.1666666666669
2021-11-13 13:27:28,34.35035705566406,-5.949605941772461,0,954.1666666666669
2021-11-13 13:27:34,34.35035705566406,-5.949605941772461,0,956.6666666666669
2021-11-13 13:27:40,34.35035705566406,-5.949605941772461,0,962.5
2021-11-13 13:27:46,34.35035705566406,-5.949605941772461,0,968.3333333333334
2021-11-13 13:27:52,34.35035705566406,-5.949605941772461,0,970.8333333333334
2021-11-13 13:27:58,34.35035705566406,-5.949605941772461,0,978.3333333333334
2021-11-13 13:28:04,34.35035705566406,-5.949605941772461,0,984.1666666666669
2021-11-13 13:28:10,34.35035705566406,-5.949605941772461,0,985.8333333333334
2021-11-13 13:28:16,34.35035705566406,-5.949605941772461,0,990.8333333333334
2021-11-13 13:28:22,34.35035705566406,-5.949605941772461,0,997.5
2021-11-13 13:28:28,34.35035705566406,-5.949605941772461,0,1004.1666666666669
2021-11-13 13:28:34,34.35035705566406,-5.949605941772461,0,1015.0
2021-11-13 13:28:40,34.35035705566406,-5.949605941772461,0,1020.8333333333334
2021-11-13 13:28:46,34.35035705566406,-5.949605941772461,0,1027.5
2021-11-13 13:28:52,34.35035705566406,-5.949605941772461,0,1032.5
2021-11-13 13:28:58,34.35035705566406,-5.949605941772461,0,1035.8333333333337
2021-11-13 13:29:04,34.35035705566406,-5.949605941772461,0,1040.8333333333337
2021-11-13 13:29:10,34.35035705566406,-5.949605941772461,0,1043.3333333333337
2021-11-13 13:29:16,34.35035705566406,-5.949605941772461,0,1053.3333333333337
2021-11-13 13:29:22,34.35035705566406,-5.949605941772461,0,1055.8333333333333
2021-11-13 13:29:28,34.35035705566406,-5.949605941772461,0,1062.5
2021-11-13 13:29:34,34.35035705566406,-5.949605941772461,0,1065.8333333333333
2021-11-13 13:29:40,34.35035705566406,-5.949605941772461,0,1068.3333333333333
2021-11-13 13:29:46,34.35035705566406,-5.949605941772461,0,1074.1666666666663
2021-11-13 13:29:52,34.35035705566406,-5.949605941772461,0,1075.8333333333333
2021-11-13 13:29:58,34.35035705566406,-5.949605941772461,0,1081.6666666666663
2021-11-13 13:30:04,34.35035705566406,-5.949605941772461,0,1087.5
2021-11-13 13:30:10,34.35035705566406,-5.949605941772461,0,1092.5
2021-11-13 13:30:16,34.35035705566406,-5.949605941772461,0,1095.8333333333333
2021-11-13 13:30:22,34.35035705566406,-5.949605941772461,0,1102.5
2021-11-13 13:30:28,34.35035705566406,-5.949605941772461,0,1107.5
2021-11-13 13:30:34,34.35035705566406,-5.949605941772461,0,1117.5
2021-11-13 13:30:40,34.35035705566406,-5.949605941772461,0,1120.8333333333333
2021-11-13 13:30:46,34.35035705566406,-5.949605941772461,0,1125.8333333333333
2021-11-13 13:30:52,34.35035705566406,-5.949605941772461,0,1132.5
2021-11-13 13:30:58,34.35035705566406,-5.949605941772461,0,1135.0
2021-11-13 13:31:04,34.35035705566406,-5.949605941772461,0,1138.3333333333337
2021-11-13 13:31:10,34.35035705566406,-5.949605941772461,0,1145.0
2021-11-13 13:31:16,34.35035705566406,-5.949605941772461,0,1150.8333333333337
2021-11-13 13:31:22,34.35035705566406,-5.949605941772461,0,1152.5
2021-11-13 13:31:28,34.35035705566406,-5.949605941772461,0,1154.1666666666663
2021-11-13 13:31:34,34.35035705566406,-5.949605941772461,0,1155.8333333333333
2021-11-13 13:31:40,34.35035705566406,-5.949605941772461,0,1160.8333333333333
2021-11-13 13:31:46,34.35035705566406,-5.949605941772461,0,1175.0
2021-11-13 13:31:52,34.35035705566406,-5.949605941772461,0,1180.0
2021-11-13 13:31:58,34.35035705566406,-5.949605941772461,0,1183.3333333333337
2021-11-13 13:32:04,34.35038375854492,-5.949242115020752,7,1186.6666666666667
2021-11-13 13:32:10,34.350399017333984,-5.949097156524658,8,1187.5
2021-11-13 13:32:16,34.35041046142578,-5.948948860168457,8,1195.0
2021-11-13 13:32:22,34.35042190551758,-5.948641777038574,8,1198.3333333333337
2021-11-13 13:32:28,34.350433349609375,-5.948491096496582,8,1206.666666666667
2021-11-13 13:32:34,34.350440979003906,-5.948338985443115,8,1207.5
2021-11-13 13:32:40,34.35044860839844,-5.948184013366699,8,1216.6666666666667
2021-11-13 13:32:46,34.3504638671875,-5.947883129119873,8,1219.1666666666667
2021-11-13 13:32:52,34.3504753112793,-5.947733879089356,8,1225.8333333333337
2021-11-13 13:32:58,34.35048294067383,-5.94758415222168,8,1230.8333333333337
2021-11-13 13:33:04,34.350494384765625,-5.947432994842529,8,1233.3333333333337
2021-11-13 13:33:10,34.35050201416016,-5.94727897644043,8,1235.0
2021-11-13 13:33:16,34.35050582885742,-5.947127819061279,8,1243.3333333333337
2021-11-13 13:33:22,34.35052490234375,-5.946825981140137,8,1250.8333333333337
2021-11-13 13:33:28,34.35054397583008,-5.946523189544678,8,1257.5
2021-11-13 13:33:34,34.35055160522461,-5.946371078491211,8,1260.8333333333337
2021-11-13 13:33:40,34.35060501098633,-5.946243762969971,9,1262.5
2021-11-13 13:33:46,34.350730895996094,-5.946266174316406,8,1270.0
2021-11-13 13:33:52,34.35084533691406,-5.9463300704956055,8,1272.5
2021-11-13 13:33:58,34.35095977783203,-5.946375846862793,7,1274.1666666666667
2021-11-13 13:34:04,34.351043701171875,-5.946468830108643,8,1276.6666666666667
2021-11-13 13:34:10,34.35102462768555,-5.94677209854126,8,1277.5
2021-11-13 13:34:16,34.35099792480469,-5.947075843811035,8,1282.5
2021-11-13 13:34:22,34.350982666015625,-5.9472270011901855,8,1288.3333333333337
2021-11-13 13:34:28,34.350975036621094,-5.947381019592285,8,1303.3333333333337
2021-11-13 13:34:34,34.35096740722656,-5.94753885269165,8,1305.8333333333337
2021-11-13 13:34:40,34.35095977783203,-5.947694778442383,8,1306.666666666667
2021-11-13 13:34:46,34.3509521484375,-5.947848796844482,8,1310.8333333333337
2021-11-13 13:34:52,34.35094451904297,-5.948000907897949,8,1317.5
2021-11-13 13:34:58,34.35093688964844,-5.948154926300049,8,1320.8333333333337
2021-11-13 13:35:04,34.350929260253906,-5.948307037353516,8,1325.8333333333337
2021-11-13 13:35:10,34.350914001464844,-5.948455810546875,8,1328.3333333333337
2021-11-13 13:35:16,34.35090637207031,-5.948612213134766,8,1331.6666666666663
2021-11-13 13:35:22,34.35089874267578,-5.948767185211182,8,1335.8333333333337
2021-11-13 13:35:28,34.350887298583984,-5.948917865753174,8,1340.8333333333337
2021-11-13 13:35:34,34.35087585449219,-5.949069976806641,8,1345.8333333333337
2021-11-13 13:35:40,34.35086441040039,-5.94922399520874,8,1348.3333333333337
2021-11-13 13:35:46,34.350860595703125,-5.949374198913574,8,1351.6666666666667
2021-11-13 13:35:52,34.350852966308594,-5.949524879455566,9,1353.3333333333337
2021-11-13 13:35:58,34.35073471069336,-5.949574947357178,8,1355.0
2021-11-13 13:36:04,34.350486755371094,-5.949618816375732,8,1356.6666666666667
2021-11-13 13:36:10,34.3503532409668,-5.949456214904785,9,1363.3333333333337
2021-11-13 13:36:16,34.35036849975586,-5.949309825897217,8,1370.0
2021-11-13 13:36:22,34.350379943847656,-5.949161052703857,8,1375.8333333333337
2021-11-13 13:36:28,34.35038757324219,-5.949013233184815,8,1379.1666666666667
2021-11-13 13:36:34,34.35039138793945,-5.9488630294799805,8,1384.1666666666663
2021-11-13 13:36:40,34.350399017333984,-5.9487152099609375,8,1387.5
2021-11-13 13:36:46,34.35040664672852,-5.948565006256104,8,1392.5
2021-11-13 13:36:52,34.35041046142578,-5.94841194152832,8,1399.1666666666663
2021-11-13 13:36:58,34.35042190551758,-5.9482598304748535,8,1403.3333333333333
2021-11-13 13:37:04,34.350425720214844,-5.948109149932861,8,1408.3333333333333
2021-11-13 13:37:10,34.35043716430664,-5.9479570388793945,8,1412.5
2021-11-13 13:37:16,34.350440979003906,-5.947804927825928,8,1415.0
2021-11-13 13:37:22,34.3504524230957,-5.947655200958252,8,1422.5
2021-11-13 13:37:28,34.350460052490234,-5.947504997253418,8,1425.0
2021-11-13 13:37:34,34.350467681884766,-5.947351932525635,8,1425.8333333333337
2021-11-13 13:37:40,34.3504753112793,-5.947198867797852,8,1429.1666666666663
2021-11-13 13:37:46,34.35049057006836,-5.94689416885376,8,1430.8333333333337
2021-11-13 13:37:52,34.35050582885742,-5.946590900421143,8,1442.5
2021-11-13 13:37:58,34.35053253173828,-5.946284770965576,9,1450.0
2021-11-13 13:38:04,34.35063934326172,-5.946224212646484,9,1459.1666666666663
2021-11-13 13:38:10,34.35076141357422,-5.946269035339356,8,1460.8333333333337
2021-11-13 13:38:16,34.35087585449219,-5.946315765380859,7,1461.6666666666663
2021-11-13 13:38:22,34.35105514526367,-5.946467876434326,8,1463.3333333333337
2021-11-13 13:38:28,34.35105895996094,-5.946623802185059,8,1473.3333333333337
2021-11-13 13:38:34,34.35103988647461,-5.9469428062438965,8,1475.0
2021-11-13 13:38:40,34.35101318359375,-5.947250843048096,8,1475.8333333333337
2021-11-13 13:38:46,34.35100555419922,-5.947408199310303,8,1484.1666666666663
2021-11-13 13:38:52,34.35099029541016,-5.947721004486084,8,1490.8333333333337
2021-11-13 13:38:58,34.350975036621094,-5.948030948638916,8,1504.1666666666667
2021-11-13 13:39:04,34.350948333740234,-5.948344230651856,8,1519.1666666666667
2021-11-13 13:39:10,34.35094451904297,-5.948501110076904,8,1523.3333333333337
2021-11-13 13:39:16,34.35093688964844,-5.948657035827637,8,1526.6666666666667
2021-11-13 13:39:22,34.35092544555664,-5.948809146881104,8,1530.8333333333337
2021-11-13 13:39:28,34.35090255737305,-5.949117183685303,8,1533.3333333333337
2021-11-13 13:39:34,34.35089492797852,-5.949419021606445,8,1534.1666666666667
2021-11-13 13:39:40,34.35069274902344,-5.949571132659912,8,1541.6666666666667
2021-11-13 13:39:46,34.35056686401367,-5.94959020614624,9,1549.1666666666663
2021-11-13 13:39:52,34.35053253173828,-5.949444770812988,7,1562.5
2021-11-13 13:39:58,34.35053634643555,-5.94928503036499,9,1564.1666666666663
2021-11-13 13:40:04,34.350555419921875,-5.948984146118164,8,1574.1666666666663
2021-11-13 13:40:10,34.35057067871094,-5.9488301277160645,8,1577.5
2021-11-13 13:40:16,34.35057830810547,-5.948677062988281,8,1578.3333333333337
2021-11-13 13:40:22,34.35059356689453,-5.948523998260498,8,1580.0
2021-11-13 13:40:28,34.35060119628906,-5.948369979858398,8,1585.8333333333337
2021-11-13 13:40:34,34.35060501098633,-5.948215007781982,8,1587.5
2021-11-13 13:40:40,34.350616455078125,-5.948061943054199,8,1599.1666666666667
2021-11-13 13:40:46,34.35063171386719,-5.947909832000732,8,1600.0
2021-11-13 13:40:52,34.35065460205078,-5.947603225708008,8,1610.8333333333337
2021-11-13 13:40:58,34.35066604614258,-5.947447776794434,8,1614.1666666666667
2021-11-13 13:41:04,34.350677490234375,-5.947290897369385,8,1617.5
2021-11-13 13:41:10,34.35068893432617,-5.947138786315918,8,1622.5
2021-11-13 13:41:16,34.3506965637207,-5.946984767913818,8,1625.0
2021-11-13 13:41:22,34.3507080078125,-5.946826934814453,8,1630.0
2021-11-13 13:41:28,34.3507194519043,-5.9466729164123535,8,1630.8333333333337
2021-11-13 13:41:34,34.350730895996094,-5.94651985168457,8,1632.5
2021-11-13 13:41:40,34.35084915161133,-5.946310997009277,8,1634.1666666666667
2021-11-13 13:41:46,34.3510627746582,-5.94643497467041,8,1642.5
2021-11-13 13:41:52,34.351104736328125,-5.946576118469238,8,1649.1666666666667
2021-11-13 13:41:58,34.35109329223633,-5.9468841552734375,8,1652.5
2021-11-13 13:42:04,34.35108184814453,-5.9470319747924805,9,1664.1666666666667
2021-11-13 13:42:10,34.351070404052734,-5.947187900543213,8,1670.8333333333337
2021-11-13 13:42:16,34.35105895996094,-5.947344779968262,8,1674.1666666666667
2021-11-13 13:42:22,34.351043701171875,-5.947498798370361,8,1675.8333333333337
2021-11-13 13:42:28,34.351036071777344,-5.947650909423828,8,1676.6666666666667
2021-11-13 13:42:34,34.35102844238281,-5.947803020477295,8,1681.6666666666667
2021-11-13 13:42:40,34.35102081298828,-5.947956085205078,8,1686.6666666666667
2021-11-13 13:42:46,34.351009368896484,-5.94810676574707,8,1690.0
2021-11-13 13:42:52,34.35100173950195,-5.948252201080322,8,1695.0
2021-11-13 13:42:58,34.35099411010742,-5.9484028816223145,8,1697.5
2021-11-13 13:43:04,34.35099029541016,-5.948554039001465,8,1700.0
2021-11-13 13:43:10,34.350982666015625,-5.948701858520508,8,1700.8333333333337
2021-11-13 13:43:16,34.35097122192383,-5.948844909667969,8,1708.3333333333337
2021-11-13 13:43:22,34.350955963134766,-5.948989868164063,7,1711.6666666666667
2021-11-13 13:43:28,34.35094451904297,-5.94913911819458,8,1718.3333333333337
2021-11-13 13:43:34,34.350929260253906,-5.949285984039307,8,1722.5
2021-11-13 13:43:40,34.350929260253906,-5.949440956115723,8,1725.0
2021-11-13 13:43:46,34.35071563720703,-5.94959020614624,8,1725.8333333333337
2021-11-13 13:43:52,34.35065078735352,-5.949606895446777,0,1727.5
2021-11-13 13:43:58,34.35054397583008,-5.9496378898620605,8,1738.3333333333337
2021-11-13 13:44:04,34.35041427612305,-5.949664115905762,8,1744.1666666666667
2021-11-13 13:44:10,34.3503303527832,-5.949416160583496,8,1745.8333333333337
2021-11-13 13:44:16,34.350337982177734,-5.94926118850708,8,1758.3333333333337
2021-11-13 13:44:22,34.35034942626953,-5.949109077453613,8,1762.5
2021-11-13 13:44:28,34.35035705566406,-5.94895601272583,8,1763.3333333333337
2021-11-13 13:44:34,34.350364685058594,-5.948801040649414,8,1770.0
2021-11-13 13:44:40,34.350372314453125,-5.948646068572998,8,1771.6666666666667
2021-11-13 13:44:46,34.35037612915039,-5.948488235473633,8,1777.5
2021-11-13 13:44:52,34.35039138793945,-5.948331832885742,8,1779.1666666666667
2021-11-13 13:44:58,34.350399017333984,-5.948176860809326,8,1781.6666666666667
2021-11-13 13:45:04,34.35041046142578,-5.948023796081543,8,1790.0
2021-11-13 13:45:10,34.350425720214844,-5.947713851928711,8,1792.5
2021-11-13 13:45:16,34.35043716430664,-5.947558879852295,8,1800.0
2021-11-13 13:45:22,34.350440979003906,-5.947402000427246,8,1804.1666666666663
2021-11-13 13:45:28,34.3504524230957,-5.947089195251465,8,1807.5
2021-11-13 13:45:34,34.350460052490234,-5.946935176849365,8,1817.5
2021-11-13 13:45:40,34.3504753112793,-5.946629047393799,8,1820.0
2021-11-13 13:45:46,34.350486755371094,-5.946477890014648,8,1825.0
2021-11-13 13:45:52,34.35050201416016,-5.946328163146973,8,1826.6666666666663
2021-11-13 13:45:58,34.3505744934082,-5.946218013763428,8,1836.6666666666663
2021-11-13 13:46:04,34.3506965637207,-5.946237087249756,7,1839.1666666666663
2021-11-13 13:46:10,34.3508186340332,-5.946280002593994,8,1842.5
2021-11-13 13:46:16,34.35092544555664,-5.946324825286865,7,1845.8333333333333
2021-11-13 13:46:22,34.35103225708008,-5.94637393951416,7,1849.1666666666663
2021-11-13 13:46:28,34.35114288330078,-5.946421146392822,7,1850.0
2021-11-13 13:46:34,34.35123443603516,-5.946502208709717,8,1854.1666666666663
2021-11-13 13:46:40,34.351219177246094,-5.946649074554443,8,1857.5
2021-11-13 13:46:46,34.35121536254883,-5.946808815002441,8,1861.6666666666663
2021-11-13 13:46:52,34.35120391845703,-5.947132110595703,8,1863.3333333333333
2021-11-13 13:46:58,34.351192474365234,-5.947289943695068,8,1870.8333333333333
2021-11-13 13:47:04,34.35116958618164,-5.947604179382324,8,1881.6666666666667
2021-11-13 13:47:10,34.35116195678711,-5.947764873504639,9,1885.0
2021-11-13 13:47:16,34.35115051269531,-5.947922229766846,8,1887.5
2021-11-13 13:47:22,34.351131439208984,-5.948235034942627,9,1889.1666666666667
2021-11-13 13:47:28,34.351112365722656,-5.948390960693359,8,1893.3333333333333
2021-11-13 13:47:34,34.35108184814453,-5.948707103729248,8,1898.3333333333333
2021-11-13 13:47:40,34.35106658935547,-5.9488630294799805,8,1905.0
2021-11-13 13:47:46,34.35104751586914,-5.949020862579346,8,1915.8333333333333
2021-11-13 13:47:52,34.35102462768555,-5.949174880981445,8,1919.1666666666663
2021-11-13 13:47:58,34.35099792480469,-5.9493279457092285,8,1921.6666666666663
2021-11-13 13:48:04,34.350982666015625,-5.949474811553955,7,1930.0
2021-11-13 13:48:10,34.350955963134766,-5.949594020843506,5,1933.3333333333333
2021-11-13 13:48:16,34.35091018676758,-5.949524879455566,6,1940.0
2021-11-13 13:48:22,34.35095977783203,-5.949390888214111,9,1944.1666666666663
2021-11-13 13:48:28,34.35099029541016,-5.949231147766113,9,1945.8333333333333
2021-11-13 13:48:34,34.35100555419922,-5.949067115783691,9,1950.8333333333333
2021-11-13 13:48:40,34.35102844238281,-5.948904037475586,9,1954.1666666666663
2021-11-13 13:48:46,34.35104751586914,-5.948740005493164,9,1958.3333333333333
2021-11-13 13:48:52,34.3510856628418,-5.9484028816223145,9,1960.8333333333333
2021-11-13 13:48:58,34.35111618041992,-5.9480719566345215,9,1979.1666666666663
2021-11-13 13:49:04,34.351131439208984,-5.947906017303467,9,1982.5
2021-11-13 13:49:10,34.35114669799805,-5.9477410316467285,9,1985.0
2021-11-13 13:49:16,34.35115432739258,-5.947572231292725,9,1985.8333333333333
2021-11-13 13:49:22,34.35116195678711,-5.947403907775879,9,1995.0
2021-11-13 13:49:28,34.35117721557617,-5.947237014770508,9,2000.8333333333333
2021-11-13 13:49:34,34.351192474365234,-5.946906089782715,9,2002.5
2021-11-13 13:49:40,34.35120391845703,-5.94658088684082,8,2004.1666666666663
2021-11-13 13:49:46,34.3513069152832,-5.946600914001465,8,2010.8333333333333
2021-11-13 13:49:52,34.35120391845703,-5.946643829345703,7,2026.6666666666663
2021-11-13 13:49:58,34.35125732421875,-5.946506977081299,8,2028.3333333333333
2021-11-13 13:50:04,34.351261138916016,-5.946815013885498,8,2029.1666666666663
2021-11-13 13:50:10,34.35124969482422,-5.946969032287598,8,2036.6666666666663
2021-11-13 13:50:16,34.35123062133789,-5.947272777557373,8,2042.5
2021-11-13 13:50:22,34.35121154785156,-5.947581768035889,8,2062.5
2021-11-13 13:50:28,34.35118865966797,-5.947885990142822,8,2064.1666666666665
2021-11-13 13:50:34,34.351173400878906,-5.948032855987549,8,2071.6666666666665
2021-11-13 13:50:40,34.351158142089844,-5.948185920715332,8,2074.1666666666665
2021-11-13 13:50:46,34.35114288330078,-5.948338985443115,8,2080.833333333333
2021-11-13 13:50:52,34.35112380981445,-5.948493003845215,8,2083.333333333333
2021-11-13 13:50:58,34.351104736328125,-5.948643207550049,8,2084.1666666666665
2021-11-13 13:51:04,34.35108947753906,-5.948795795440674,8,2092.5
2021-11-13 13:51:10,34.351051330566406,-5.949096202850342,8,2093.333333333333
2021-11-13 13:51:16,34.35103225708008,-5.949248790740967,8,2095.0
2021-11-13 13:51:22,34.35100555419922,-5.949398994445801,8,2101.6666666666665
2021-11-13 13:51:28,34.350921630859375,-5.94961404800415,6,2115.0
2021-11-13 13:51:34,34.350887298583984,-5.949522018432617,7,2118.333333333333
2021-11-13 13:51:40,34.35093688964844,-5.949382781982422,8,2124.166666666667
2021-11-13 13:51:46,34.3509635925293,-5.949237823486328,8,2129.1666666666665
2021-11-13 13:51:52,34.350982666015625,-5.9490838050842285,8,2131.6666666666665
2021-11-13 13:51:58,34.35099792480469,-5.94892692565918,8,2134.1666666666665
2021-11-13 13:52:04,34.351016998291016,-5.948770046234131,9,2136.6666666666665
2021-11-13 13:52:10,34.35103225708008,-5.948609828948975,8,2140.833333333333
2021-11-13 13:52:16,34.35104751586914,-5.948451042175293,8,2142.5
2021-11-13 13:52:22,34.3510627746582,-5.948293209075928,8,2149.1666666666665
2021-11-13 13:52:28,34.35108947753906,-5.947978019714356,8,2150.833333333333
2021-11-13 13:52:34,34.351104736328125,-5.94782018661499,8,2152.5
2021-11-13 13:52:40,34.35111618041992,-5.9476637840271,8,2159.1666666666665
2021-11-13 13:52:46,34.351131439208984,-5.947507858276367,8,2163.333333333333
2021-11-13 13:52:52,34.35115432739258,-5.947198867797852,8,2179.1666666666665
2021-11-13 13:52:58,34.35116195678711,-5.9470391273498535,8,2182.5
2021-11-13 13:53:04,34.35116958618164,-5.946881771087647,8,2183.333333333333
2021-11-13 13:53:10,34.35117721557617,-5.946722984313965,8,2185.0
2021-11-13 13:53:16,34.35118103027344,-5.946559906005859,9,2189.1666666666665
2021-11-13 13:53:22,34.351280212402344,-5.9466938972473145,8,2190.833333333333
2021-11-13 13:53:28,34.35127639770508,-5.946853160858154,8,2198.333333333333
2021-11-13 13:53:34,34.351261138916016,-5.947165966033936,8,2204.166666666667
2021-11-13 13:53:40,34.35123825073242,-5.947476863861084,8,2209.166666666667
2021-11-13 13:53:46,34.35121536254883,-5.947793960571289,8,2223.333333333333
2021-11-13 13:53:52,34.35118865966797,-5.948111057281494,8,2230.0
2021-11-13 13:53:58,34.35118103027344,-5.948272228240967,9,2240.833333333333
2021-11-13 13:54:04,34.35114288330078,-5.948585033416748,8,2244.166666666667
2021-11-13 13:54:10,34.35112380981445,-5.948739051818848,8,2251.666666666667
2021-11-13 13:54:16,34.35110855102539,-5.948892116546631,8,2255.0
2021-11-13 13:54:22,34.35108184814453,-5.94904899597168,8,2258.333333333333
2021-11-13 13:54:28,34.35105514526367,-5.949209213256836,8,2260.833333333333
2021-11-13 13:54:34,34.35102462768555,-5.949365139007568,8,2265.833333333333
2021-11-13 13:54:40,34.35099792480469,-5.949522972106934,8,2270.833333333333
2021-11-13 13:54:46,34.350982666015625,-5.949553966522217,0,2275.0
2021-11-13 13:54:52,34.35098648071289,-5.949553966522217,0,2282.5
2021-11-13 13:54:58,34.35098648071289,-5.949553966522217,0,2285.833333333333
2021-11-13 13:55:04,34.35098648071289,-5.949553966522217,0,2286.666666666667
2021-11-13 13:55:10,34.35098648071289,-5.949553966522217,0,2290.0
2021-11-13 13:55:16,34.35098648071289,-5.949553966522217,0,2296.666666666667
2021-11-13 13:55:22,34.35098648071289,-5.949553966522217,0,2300.0
2021-11-13 13:55:28,34.35098648071289,-5.949553966522217,0,2305.833333333333
2021-11-13 13:55:34,34.35098648071289,-5.949553966522217,0,2314.166666666667
2021-11-13 13:55:40,34.35098648071289,-5.949553966522217,0,2320.833333333333
2021-11-13 13:55:46,34.35098648071289,-5.949553966522217,0,2326.6666666666665
2021-11-13 13:55:52,34.35098648071289,-5.949553966522217,0,2330.833333333333
2021-11-13 13:55:58,34.35098648071289,-5.949553966522217,0,2334.1666666666665
2021-11-13 13:56:04,34.35098648071289,-5.949553966522217,0,2347.5
2021-11-13 13:56:10,34.35098648071289,-5.949553966522217,0,2351.6666666666665
2021-11-13 13:56:16,34.35098648071289,-5.949553966522217,0,2355.833333333333
2021-11-13 13:56:22,34.35098648071289,-5.949553966522217,0,2361.6666666666665
2021-11-13 13:56:28,34.35098648071289,-5.949553966522217,0,2365.0
2021-11-13 13:56:34,34.35098648071289,-5.949553966522217,0,2367.5
2021-11-13 13:56:40,34.35098648071289,-5.949553966522217,0,2382.5
2021-11-13 13:56:46,34.35098648071289,-5.949553966522217,0,2387.5
2021-11-13 13:56:52,34.35098648071289,-5.949553966522217,0,2390.0
2021-11-13 13:56:58,34.35098648071289,-5.949553966522217,0,2400.0
2021-11-13 13:57:04,34.35098648071289,-5.949553966522217,0,2405.833333333333
2021-11-13 13:57:10,34.35098648071289,-5.949553966522217,0,2409.166666666667
2021-11-13 13:57:16,34.35098648071289,-5.949553966522217,0,2410.833333333333
2021-11-13 13:57:22,34.35098648071289,-5.949553966522217,0,2414.166666666667
2021-11-13 13:57:28,34.35098648071289,-5.949553966522217,0,2426.666666666667
2021-11-13 13:57:34,34.35098648071289,-5.949553966522217,0,2430.0
2021-11-13 13:57:40,34.35098648071289,-5.949553966522217,0,2435.0
2021-11-13 13:57:46,34.35098648071289,-5.949553966522217,0,2439.166666666667
2021-11-13 13:57:52,34.35098648071289,-5.949553966522217,0,2445.833333333333
2021-11-13 13:57:58,34.35098648071289,-5.949553966522217,0,2449.166666666667
2021-11-13 13:58:04,34.35098648071289,-5.949553966522217,0,2459.166666666667
2021-11-13 13:58:10,34.35098648071289,-5.949553966522217,0,2464.166666666667
2021-11-13 13:58:16,34.35098648071289,-5.949553966522217,0,2470.0
2021-11-13 13:58:22,34.35098648071289,-5.949553966522217,0,2475.0
2021-11-13 13:58:28,34.35098648071289,-5.949553966522217,0,2475.833333333333
2021-11-13 13:58:34,34.35098648071289,-5.949553966522217,0,2485.0
2021-11-13 13:58:40,34.35098648071289,-5.949553966522217,0,2488.333333333333
2021-11-13 13:58:46,34.35098648071289,-5.949553966522217,0,2495.0
2021-11-13 13:58:52,34.35098648071289,-5.949553966522217,0,2500.833333333333
2021-11-13 13:58:58,34.35098648071289,-5.949553966522217,0,2505.0
2021-11-13 13:59:04,34.35098648071289,-5.949553966522217,0,2516.666666666667
2021-11-13 13:59:10,34.35098648071289,-5.949553966522217,0,2520.0
2021-11-13 13:59:16,34.35098648071289,-5.949553966522217,0,2525.833333333333
2021-11-13 13:59:22,34.35098648071289,-5.949553966522217,0,2527.5
2021-11-13 13:59:28,34.35098648071289,-5.949553966522217,0,2537.5
2021-11-13 13:59:34,34.35098648071289,-5.949553966522217,0,2540.0
2021-11-13 13:59:40,34.35098648071289,-5.949553966522217,0,2546.666666666667
2021-11-13 13:59:46,34.35098648071289,-5.949553966522217,0,2553.333333333333
2021-11-13 13:59:52,34.35098648071289,-5.949553966522217,0,2557.5
2021-11-13 13:59:58,34.35098648071289,-5.949553966522217,0,2563.333333333333
2021-11-13 14:00:04,34.35098648071289,-5.949553966522217,0,2565.0
2021-11-13 14:00:10,34.35098648071289,-5.949553966522217,0,2573.333333333333
2021-11-13 14:00:16,34.35098648071289,-5.949553966522217,0,2580.0
2021-11-13 14:00:22,34.35098648071289,-5.949553966522217,0,2582.5
2021-11-13 14:00:28,34.35098648071289,-5.949553966522217,0,2590.0
2021-11-13 14:00:34,34.35098648071289,-5.949553966522217,0,2595.833333333333
2021-11-13 14:00:40,34.35098648071289,-5.949553966522217,0,2600.0
2021-11-13 14:00:46,34.35098648071289,-5.949553966522217,0,2603.333333333333
2021-11-13 14:00:52,34.35098648071289,-5.949553966522217,0,2610.833333333333
2021-11-13 14:00:58,34.35098648071289,-5.949553966522217,0,2616.666666666667
2021-11-13 14:01:04,34.35098648071289,-5.949553966522217,0,2620.0
2021-11-13 14:01:10,34.35098648071289,-5.949553966522217,0,2624.166666666667
2021-11-13 14:01:16,34.35098648071289,-5.949553966522217,0,2626.666666666667
2021-11-13 14:01:22,34.35098648071289,-5.949553966522217,0,2644.166666666667
2021-11-13 14:01:28,34.35098648071289,-5.949553966522217,0,2650.0
2021-11-13 14:01:34,34.35098648071289,-5.949553966522217,0,2654.166666666667
2021-11-13 14:01:40,34.35098648071289,-5.949553966522217,0,2660.833333333333
2021-11-13 14:01:46,34.35098648071289,-5.949553966522217,0,2667.5
2021-11-13 14:01:52,34.35098648071289,-5.949553966522217,0,2671.666666666667
2021-11-13 14:01:58,34.35098648071289,-5.949553966522217,0,2683.333333333333
2021-11-13 14:02:04,34.35098648071289,-5.949553966522217,0,2686.666666666667
2021-11-13 14:02:10,34.35098648071289,-5.949553966522217,0,2691.666666666667
2021-11-13 14:02:16,34.35098648071289,-5.949553966522217,0,2700.0
2021-11-13 14:02:22,34.35098648071289,-5.949553966522217,0,2701.666666666667
2021-11-13 14:02:28,34.35098648071289,-5.949553966522217,0,2709.166666666667
2021-11-13 14:02:34,34.35098648071289,-5.949553966522217,0,2714.166666666667
2021-11-13 14:02:40,34.35098648071289,-5.949553966522217,0,2720.0
2021-11-13 14:02:46,34.35098648071289,-5.949553966522217,0,2725.833333333333
2021-11-13 14:02:52,34.35098648071289,-5.949553966522217,0,2730.0
2021-11-13 14:02:58,34.35098648071289,-5.949553966522217,0,2730.833333333333
2021-11-13 14:03:04,34.35098648071289,-5.949553966522217,0,2741.6666666666665
2021-11-13 14:03:10,34.35098648071289,-5.949553966522217,0,2750.0
2021-11-13 14:03:16,34.35098648071289,-5.949553966522217,0,2757.5
2021-11-13 14:03:22,34.35098648071289,-5.949553966522217,0,2759.1666666666665
2021-11-13 14:03:28,34.35098648071289,-5.949553966522217,0,2765.0
2021-11-13 14:03:34,34.35098648071289,-5.949553966522217,0,2769.1666666666665
2021-11-13 14:03:40,34.35098648071289,-5.949553966522217,0,2775.0
2021-11-13 14:03:46,34.35098648071289,-5.949553966522217,0,2780.833333333333
2021-11-13 14:03:52,34.35098648071289,-5.949553966522217,0,2784.1666666666665
2021-11-13 14:03:58,34.35098648071289,-5.949553966522217,0,2789.1666666666665
2021-11-13 14:04:04,34.35098648071289,-5.949553966522217,0,2792.5
2021-11-13 14:04:10,34.35098648071289,-5.949553966522217,0,2801.6666666666665
2021-11-13 14:04:16,34.35098648071289,-5.949553966522217,0,2805.0
2021-11-13 14:04:22,34.35098648071289,-5.949553966522217,0,2810.833333333333
2021-11-13 14:04:28,34.35098648071289,-5.949553966522217,0,2813.333333333333
2021-11-13 14:04:34,34.35098648071289,-5.949553966522217,0,2823.333333333333
2021-11-13 14:04:40,34.35098648071289,-5.949553966522217,0,2828.333333333333
2021-11-13 14:04:46,34.35098648071289,-5.949553966522217,0,2832.5
2021-11-13 14:04:52,34.35098648071289,-5.949553966522217,0,2837.5
2021-11-13 14:04:58,34.35098648071289,-5.949553966522217,0,2841.666666666667
2021-11-13 14:05:04,34.35098648071289,-5.949553966522217,0,2850.0
2021-11-13 14:05:10,34.35098648071289,-5.949553966522217,0,2854.166666666667
2021-11-13 14:05:16,34.35098648071289,-5.949553966522217,0,2859.166666666667
2021-11-13 14:05:22,34.35098648071289,-5.949553966522217,0,2864.166666666667
2021-11-13 14:05:28,34.35098648071289,-5.949553966522217,0,2867.5
2021-11-13 14:05:34,34.35098648071289,-5.949553966522217,0,2871.666666666667
2021-11-13 14:05:40,34.35098648071289,-5.949553966522217,0,2877.5
2021-11-13 14:05:46,34.35098648071289,-5.949553966522217,0,2880.0
2021-11-13 14:05:52,34.35098648071289,-5.949553966522217,0,2881.666666666667
2021-11-13 14:05:58,34.35098648071289,-5.949553966522217,0,2898.333333333333
2021-11-13 14:06:04,34.35098648071289,-5.949553966522217,0,2904.166666666667
2021-11-13 14:06:10,34.35090255737305,-5.94940185546875,7,2907.5
2021-11-13 14:06:16,34.35092544555664,-5.949258804321289,7,2909.166666666667
2021-11-13 14:06:22,34.35093688964844,-5.949112892150879,8,2913.333333333333
2021-11-13 14:06:28,34.3509521484375,-5.948966026306152,8,2917.5
2021-11-13 14:06:34,34.35097122192383,-5.948816776275635,8,2920.833333333333
2021-11-13 14:06:40,34.35098648071289,-5.948667049407959,8,2923.333333333333
2021-11-13 14:06:46,34.35100173950195,-5.948516845703125,8,2925.0
2021-11-13 14:06:52,34.35102844238281,-5.948225021362305,8,2926.666666666667
2021-11-13 14:06:58,34.351051330566406,-5.947926044464111,8,2929.166666666667
2021-11-13 14:07:04,34.35105895996094,-5.947775840759277,8,2936.666666666667
2021-11-13 14:07:10,34.35108184814453,-5.947474956512451,8,2942.5
2021-11-13 14:07:16,34.351104736328125,-5.9471821784973145,8,2949.166666666667
2021-11-13 14:07:22,34.35110855102539,-5.94703483581543,8,2955.833333333333
2021-11-13 14:07:28,34.35111999511719,-5.946743011474609,8,2961.666666666667
2021-11-13 14:07:34,34.35121154785156,-5.946513175964356,8,2967.5
2021-11-13 14:07:40,34.35129928588867,-5.946735858917236,7,2973.333333333333
2021-11-13 14:07:46,34.351295471191406,-5.9468841552734375,8,2980.0
2021-11-13 14:07:52,34.351280212402344,-5.947176933288574,8,2985.833333333333
2021-11-13 14:07:58,34.35127258300781,-5.947470188140869,7,2990.833333333333
2021-11-13 14:08:04,34.351261138916016,-5.947616100311279,8,2997.5
2021-11-13 14:08:10,34.35123825073242,-5.947915077209473,7,3004.166666666667
2021-11-13 14:08:16,34.35121536254883,-5.948207855224609,8,3022.5
2021-11-13 14:08:22,34.351200103759766,-5.9483561515808105,8,3025.0
2021-11-13 14:08:28,34.351173400878906,-5.948649883270264,8,3027.5
2021-11-13 14:08:34,34.35115051269531,-5.948798179626465,8,3035.833333333333
2021-11-13 14:08:40,34.3510856628418,-5.949080944061279,8,3037.5
2021-11-13 14:08:46,34.35105514526367,-5.9492268562316895,8,3038.333333333333
2021-11-13 14:08:52,34.35102462768555,-5.94936990737915,8,3049.166666666667
2021-11-13 14:08:58,34.35087966918945,-5.949498176574707,9,3057.5
2021-11-13 14:09:04,34.35089111328125,-5.949349880218506,8,3060.0
2021-11-13 14:09:10,34.35092544555664,-5.949056148529053,8,3062.5
2021-11-13 14:09:16,34.3509407043457,-5.948904991149902,8,3070.833333333333
2021-11-13 14:09:22,34.35097122192383,-5.948608875274658,8,3072.5
2021-11-13 14:09:28,34.35097885131836,-5.948462009429932,8,3081.6666666666665
2021-11-13 14:09:34,34.35099029541016,-5.9483160972595215,8,3083.333333333333
2021-11-13 14:09:40,34.35101318359375,-5.948022842407227,7,3091.6666666666665
2021-11-13 14:09:46,34.35102462768555,-5.947875022888184,7,3094.1666666666665
2021-11-13 14:09:52,34.35104751586914,-5.947577953338623,8,3097.5
2021-11-13 14:09:58,34.35105514526367,-5.947426795959473,8,3106.6666666666665
2021-11-13 14:10:04,34.351070404052734,-5.94713306427002,8,3107.5
2021-11-13 14:10:10,34.35107421875,-5.946984767913818,8,3116.6666666666665
2021-11-13 14:10:16,34.35108184814453,-5.946835994720459,7,3120.833333333333
2021-11-13 14:10:22,34.3510856628418,-5.946691989898682,8,3123.333333333333
2021-11-13 14:10:28,34.35109329223633,-5.946575164794922,4,3126.6666666666665
2021-11-13 14:10:34,34.35109329223633,-5.946562767028809,0,3131.6666666666665
2021-11-13 14:10:40,34.35109329223633,-5.946560859680176,0,3133.333333333333
2021-11-13 14:10:46,34.35109329223633,-5.946560859680176,0,3138.333333333333
2021-11-13 14:10:52,34.35109329223633,-5.946560859680176,0,3143.333333333333
2021-11-13 14:10:58,34.35109329223633,-5.946560859680176,0,3146.666666666667
2021-11-13 14:11:04,34.35109329223633,-5.946560859680176,0,3148.333333333333
2021-11-13 14:11:10,34.35109329223633,-5.946560859680176,0,3150.0
2021-11-13 14:11:16,34.35109329223633,-5.946560859680176,0,3160.0
2021-11-13 14:11:22,34.3513069152832,-5.94671106338501,8,3166.666666666667
2021-11-13 14:11:28,34.35129928588867,-5.947018146514893,8,3167.5
2021-11-13 14:11:34,34.351295471191406,-5.947169780731201,8,3175.833333333333
2021-11-13 14:11:40,34.35128402709961,-5.947478771209717,8,3185.0
2021-11-13 14:11:46,34.35127258300781,-5.947784900665283,8,3185.833333333333
2021-11-13 14:11:52,34.35126495361328,-5.94793701171875,8,3194.166666666667
2021-11-13 14:11:58,34.351226806640625,-5.948391914367676,8,3196.666666666667
2021-11-13 14:12:04,34.35120391845703,-5.948541164398193,8,3209.166666666667
2021-11-13 14:12:10,34.35113906860352,-5.948832035064697,8,3211.666666666667
2021-11-13 14:12:16,34.35110855102539,-5.948976993560791,8,3217.5
2021-11-13 14:12:22,34.35107421875,-5.949120044708252,8,3219.166666666667
2021-11-13 14:12:28,34.35103988647461,-5.949265003204346,8,3220.0
2021-11-13 14:12:34,34.351009368896484,-5.949412822723389,8,3227.5
2021-11-13 14:12:40,34.35094451904297,-5.949542045593262,9,3229.166666666667
2021-11-13 14:12:46,34.350852966308594,-5.949461936950684,9,3230.833333333333
2021-11-13 14:12:52,34.35087203979492,-5.949307918548584,8,3235.0
2021-11-13 14:12:58,34.35089874267578,-5.949001789093018,8,3240.0
2021-11-13 14:13:04,34.350914001464844,-5.948850154876709,8,3244.166666666667
2021-11-13 14:13:10,34.35093307495117,-5.948695182800293,8,3256.666666666667
2021-11-13 14:13:16,34.35094451904297,-5.948544025421143,8,3260.0
2021-11-13 14:13:22,34.3509521484375,-5.948390960693359,8,3260.833333333333
2021-11-13 14:13:28,34.350975036621094,-5.948089122772217,8,3261.666666666667
2021-11-13 14:13:34,34.35098648071289,-5.947938919067383,8,3271.666666666667
2021-11-13 14:13:40,34.351009368896484,-5.947636127471924,8,3275.833333333333
2021-11-13 14:13:46,34.35102081298828,-5.947481155395508,8,3285.0
2021-11-13 14:13:52,34.35103225708008,-5.947330951690674,8,3287.5
2021-11-13 14:13:58,34.35103988647461,-5.947181224822998,8,3292.5
2021-11-13 14:14:04,34.351051330566406,-5.947027206420898,8,3295.833333333333
2021-11-13 14:14:10,34.35105895996094,-5.946875095367432,8,3298.333333333333
2021-11-13 14:14:16,34.35106658935547,-5.946722030639648,8,3304.166666666667
2021-11-13 14:14:22,34.3510627746582,-5.946576118469238,7,3307.5
2021-11-13 14:14:28,34.35104751586914,-5.946465969085693,6,3308.333333333333
2021-11-13 14:14:34,34.35111999511719,-5.946438789367676,5,3313.333333333333
2021-11-13 14:14:40,34.35121536254883,-5.946465015411377,7,3318.333333333333
2021-11-13 14:14:46,34.351318359375,-5.9465179443359375,7,3320.833333333333
2021-11-13 14:14:52,34.351417541503906,-5.946579933166504,8,3325.833333333333
2021-11-13 14:14:58,34.35143280029297,-5.946885108947754,8,3331.666666666667
2021-11-13 14:15:04,34.3514289855957,-5.94703483581543,8,3332.5
2021-11-13 14:15:10,34.351409912109375,-5.947184085845947,8,3336.666666666667
2021-11-13 14:15:16,34.35137939453125,-5.947484970092773,8,3340.0
2021-11-13 14:15:22,34.35136032104492,-5.947629928588867,8,3349.166666666667
2021-11-13 14:15:28,34.3513298034668,-5.947775840759277,8,3350.0
2021-11-13 14:15:34,34.35129165649414,-5.948072910308838,8,3358.333333333333
2021-11-13 14:15:40,34.35126495361328,-5.948217868804932,8,3360.0
2021-11-13 14:15:46,34.35123062133789,-5.948360919952393,8,3360.833333333333
2021-11-13 14:15:52,34.35118103027344,-5.948489189147949,7,3368.333333333333
2021-11-13 14:15:58,34.351158142089844,-5.948301792144775,8,3370.0
2021-11-13 14:16:04,34.35121536254883,-5.94817590713501,8,3376.666666666667
2021-11-13 14:16:10,34.35124588012695,-5.948030948638916,8,3380.833333333333
2021-11-13 14:16:16,34.351280212402344,-5.947886943817139,8,3381.666666666667
2021-11-13 14:16:22,34.351295471191406,-5.947732925415039,8,3384.166666666667
2021-11-13 14:16:28,34.351314544677734,-5.947579860687256,8,3390.833333333333
2021-11-13 14:16:34,34.35133743286133,-5.9474310874938965,8,3394.1666666666665
2021-11-13 14:16:40,34.351356506347656,-5.947281837463379,8,3399.1666666666665
2021-11-13 14:16:46,34.35137176513672,-5.947134017944336,8,3402.5
2021-11-13 14:16:52,34.35138320922852,-5.946981906890869,8,3404.1666666666665
2021-11-13 14:16:58,34.35139083862305,-5.946668148040772,8,3406.6666666666665
2021-11-13 14:17:04,34.35147476196289,-5.946606159210205,7,3410.0
2021-11-13 14:17:10,34.35140609741211,-5.94673490524292,7,3419.1666666666665
2021-11-13 14:17:16,34.351356506347656,-5.946619987487793,8,3424.1666666666665
2021-11-13 14:17:22,34.3514518737793,-5.946600914001465,7,3427.5
2021-11-13 14:17:28,34.35146713256836,-5.94689416885376,8,3430.0
2021-11-13 14:17:34,34.3514404296875,-5.947188854217529,8,3436.666666666667
2021-11-13 14:17:40,34.3514289855957,-5.9473371505737305,8,3445.833333333333
2021-11-13 14:17:46,34.35138702392578,-5.947624206542969,8,3446.666666666667
2021-11-13 14:17:52,34.35135269165039,-5.947762966156006,8,3449.166666666667
2021-11-13 14:17:58,34.351322174072266,-5.94790506362915,8,3456.666666666667
2021-11-13 14:18:04,34.35129165649414,-5.948042869567871,8,3460.0
2021-11-13 14:18:10,34.351261138916016,-5.948184013366699,7,3461.666666666667
2021-11-13 14:18:16,34.35123443603516,-5.948325157165527,7,3465.833333333333
2021-11-13 14:18:22,34.3511962890625,-5.948464870452881,8,3466.666666666667
2021-11-13 14:18:28,34.35110092163086,-5.948445796966553,7,3475.0
2021-11-13 14:18:34,34.3511848449707,-5.948173999786377,8,3478.333333333333
2021-11-13 14:18:40,34.35122299194336,-5.948031902313232,8,3483.333333333333
2021-11-13 14:18:46,34.351253509521484,-5.9478840827941895,8,3487.5
2021-11-13 14:18:52,34.35127639770508,-5.947733879089356,8,3490.833333333333
2021-11-13 14:18:58,34.351295471191406,-5.947585105895996,8,3495.0
2021-11-13 14:19:04,34.35131072998047,-5.947439193725586,8,3497.5
2021-11-13 14:19:10,34.35133361816406,-5.947291851043701,8,3503.333333333333
2021-11-13 14:19:16,34.35134506225586,-5.947141170501709,8,3506.6666666666665
2021-11-13 14:19:22,34.351356506347656,-5.946988105773926,8,3507.5
2021-11-13 14:19:28,34.35136413574219,-5.946835994720459,8,3513.333333333333
2021-11-13 14:19:34,34.35136795043945,-5.946684837341309,8,3517.5
2021-11-13 14:19:40,34.3514518737793,-5.946608066558838,8,3520.0
2021-11-13 14:19:46,34.35148620605469,-5.94674015045166,8,3523.333333333333
2021-11-13 14:19:52,34.35148239135742,-5.94688606262207,8,3526.666666666667
2021-11-13 14:19:58,34.35145950317383,-5.947177886962891,8,3528.333333333333
2021-11-13 14:20:04,34.351402282714844,-5.947466850280762,8,3531.666666666667
2021-11-13 14:20:10,34.35133743286133,-5.947587966918945,9,3538.333333333333
2021-11-13 14:20:16,34.3513069152832,-5.947329998016357,8,3547.5
2021-11-13 14:20:22,34.351322174072266,-5.9471821784973145,8,3554.166666666667
2021-11-13 14:20:28,34.35133361816406,-5.947037220001221,8,3555.833333333333
2021-11-13 14:20:34,34.351341247558594,-5.94688892364502,8,3559.1666666666665
2021-11-13 14:20:40,34.35134506225586,-5.94674015045166,8,3564.1666666666665
2021-11-13 14:20:46,34.35148620605469,-5.946600914001465,8,3565.833333333333
2021-11-13 14:20:52,34.35152816772461,-5.946721076965332,8,3570.0
2021-11-13 14:20:58,34.35142517089844,-5.946730136871338,8,3575.833333333333
2021-11-13 14:21:04,34.35152053833008,-5.946669101715088,8,3580.833333333333
2021-11-13 14:21:10,34.35151672363281,-5.946821212768555,8,3582.5
2021-11-13 14:21:16,34.35150146484375,-5.946972846984863,8,3593.333333333333
2021-11-13 14:21:22,34.351470947265625,-5.947116851806641,8,3594.1666666666665
2021-11-13 14:21:28,34.351318359375,-5.947082042694092,8,3595.833333333333
2021-11-13 14:21:34,34.35132598876953,-5.946784973144531,7,3597.5
2021-11-13 14:21:40,34.35132598876953,-5.946633815765381,8,3603.333333333333
2021-11-13 14:21:46,34.35151290893555,-5.946629047393799,7,3610.0
2021-11-13 14:21:52,34.35151672363281,-5.946904182434082,7,3615.0
2021-11-13 14:21:58,34.351444244384766,-5.946998119354248,8,3620.0
2021-11-13 14:22:04,34.35136032104492,-5.946897983551025,8,3625.0
2021-11-13 14:22:10,34.351314544677734,-5.946757793426514,8,3629.1666666666665
2021-11-13 14:22:16,34.351322174072266,-5.946609973907471,8,3634.1666666666665
2021-11-13 14:22:22,34.35143280029297,-5.946568012237549,8,3639.1666666666665
2021-11-13 14:22:28,34.351524353027344,-5.946650981903076,8,3641.6666666666665
2021-11-13 14:22:34,34.35143280029297,-5.946698188781738,8,3642.5
2021-11-13 14:22:40,34.3513298034668,-5.946619033813477,8,3645.0
2021-11-13 14:22:46,34.351097106933594,-5.946516036987305,8,3647.5
2021-11-13 14:22:52,34.350868225097656,-5.946402072906494,8,3654.1666666666665
2021-11-13 14:22:58,34.35074996948242,-5.946348190307617,8,3659.1666666666665
2021-11-13 14:23:04,34.350624084472656,-5.946298122406006,8,3669.1666666666665
2021-11-13 14:23:10,34.35050582885742,-5.946246147155762,8,3672.5
2021-11-13 14:23:16,34.35038757324219,-5.94619083404541,8,3676.6666666666665
2021-11-13 14:23:22,34.350276947021484,-5.946140766143799,6,3680.0
2021-11-13 14:23:28,34.35017776489258,-5.9461188316345215,6,3681.6666666666665
2021-11-13 14:23:34,34.35007095336914,-5.946091175079346,8,3685.0
2021-11-13 14:23:40,34.35013198852539,-5.946019172668457,8,3690.0
2021-11-13 14:23:46,34.350223541259766,-5.946105003356934,7,3693.3333333333335
2021-11-13 14:23:52,34.3503303527832,-5.946146011352539,7,3695.0
2021-11-13 14:23:58,34.35044479370117,-5.9461989402771,7,3697.5
2021-11-13 14:24:04,34.35054397583008,-5.946239948272705,7,3702.5
2021-11-13 14:24:10,34.35065841674805,-5.946290969848633,8,3703.3333333333335
2021-11-13 14:24:16,34.35078430175781,-5.9463419914245605,8,3705.0
2021-11-13 14:24:22,34.35102844238281,-5.946455001831055,8,3706.666666666667
2021-11-13 14:24:28,34.351226806640625,-5.946545124053955,8,3713.3333333333335
2021-11-13 14:24:34,34.351463317871094,-5.946648120880127,8,3719.166666666667
2021-11-13 14:24:40,34.3515510559082,-5.946732997894287,7,3723.3333333333335
2021-11-13 14:24:46,34.35136032104492,-5.94667911529541,8,3729.166666666667
2021-11-13 14:24:52,34.35124206542969,-5.946619033813477,8,3743.3333333333335
2021-11-13 14:24:58,34.35111618041992,-5.946561813354492,9,3748.3333333333335
2021-11-13 14:25:04,34.35099029541016,-5.946506023406982,8,3749.166666666667
2021-11-13 14:25:10,34.35074996948242,-5.946392059326172,8,3760.8333333333335
2021-11-13 14:25:16,34.350624084472656,-5.946338176727295,8,3763.3333333333335
2021-11-13 14:25:22,34.350379943847656,-5.946221828460693,8,3766.666666666667
2021-11-13 14:25:28,34.350135803222656,-5.9461541175842285,8,3774.166666666667
2021-11-13 14:25:34,34.35012435913086,-5.946030139923096,8,3780.833333333333
2021-11-13 14:25:40,34.350250244140625,-5.946039199829102,8,3785.833333333333
2021-11-13 14:25:46,34.35035705566406,-5.946122169494629,8,3788.333333333333
2021-11-13 14:25:52,34.3504638671875,-5.9461588859558105,7,3793.333333333333
2021-11-13 14:25:58,34.3505744934082,-5.946218967437744,8,3795.0
2021-11-13 14:26:04,34.35070037841797,-5.9462738037109375,8,3799.166666666667
2021-11-13 14:26:10,34.35082244873047,-5.9463300704956055,8,3803.333333333333
2021-11-13 14:26:16,34.35094451904297,-5.946386814117432,8,3807.5
2021-11-13 14:26:22,34.3510627746582,-5.946437835693359,8,3810.0
2021-11-13 14:26:28,34.3511848449707,-5.946493148803711,8,3814.1666666666665
2021-11-13 14:26:34,34.35130310058594,-5.94655179977417,8,3817.5
2021-11-13 14:26:40,34.35142135620117,-5.9466071128845215,8,3819.1666666666665
2021-11-13 14:26:46,34.351531982421875,-5.946659088134766,7,3823.333333333333
2021-11-13 14:26:52,34.35152053833008,-5.946783065795898,8,3825.833333333333
2021-11-13 14:26:58,34.351409912109375,-5.946745872497559,8,3830.0
2021-11-13 14:27:04,34.35118103027344,-5.946625232696533,8,3831.6666666666665
2021-11-13 14:27:10,34.3509407043457,-5.946516036987305,8,3836.6666666666665
2021-11-13 14:27:16,34.35082244873047,-5.946461200714111,8,3838.333333333333
2021-11-13 14:27:22,34.35070037841797,-5.946404933929443,8,3850.0
2021-11-13 14:27:28,34.350582122802734,-5.94634485244751,8,3852.5
2021-11-13 14:27:34,34.35045623779297,-5.9462971687316895,8,3857.5
2021-11-13 14:27:40,34.350215911865234,-5.946193218231201,8,3858.333333333333
2021-11-13 14:27:46,34.35018539428711,-5.946070194244385,8,3860.0
2021-11-13 14:27:52,34.35030746459961,-5.946057796478272,8,3869.1666666666665
2021-11-13 14:27:58,34.35041809082031,-5.94611120223999,7,3873.333333333333
2021-11-13 14:28:04,34.350521087646484,-5.946150779724121,7,3876.6666666666665
2021-11-13 14:28:10,34.35062789916992,-5.946199893951416,8,3880.0
2021-11-13 14:28:16,34.35074234008789,-5.9462480545043945,8,3882.5
2021-11-13 14:28:22,34.350852966308594,-5.946298122406006,7,3887.5
2021-11-13 14:28:28,34.350948333740234,-5.946340084075928,6,3890.0
2021-11-13 14:28:34,34.351051330566406,-5.946382999420166,7,3893.3333333333335
2021-11-13 14:28:40,34.35116195678711,-5.9464287757873535,7,3898.3333333333335
2021-11-13 14:28:46,34.35125732421875,-5.946484088897705,7,3902.5
2021-11-13 14:28:52,34.35136413574219,-5.946534156799316,7,3906.666666666667
2021-11-13 14:28:58,34.351470947265625,-5.946582794189453,7,3909.166666666667
2021-11-13 14:29:04,34.35152816772461,-5.946699142456055,8,3913.3333333333335
2021-11-13 14:29:10,34.35142517089844,-5.946763038635254,8,3916.666666666667
2021-11-13 14:29:16,34.35131072998047,-5.94671106338501,8,3918.3333333333335
2021-11-13 14:29:22,34.35120391845703,-5.946659088134766,8,3921.6666666666665
2021-11-13 14:29:28,34.35108947753906,-5.946609020233154,8,3924.1666666666665
2021-11-13 14:29:34,34.350860595703125,-5.946506977081299,8,3925.833333333333
2021-11-13 14:29:40,34.35074234008789,-5.94645881652832,8,3934.1666666666665
2021-11-13 14:29:46,34.35063171386719,-5.946404933929443,7,3938.333333333333
2021-11-13 14:29:52,34.35051345825195,-5.946353912353516,8,3940.0
2021-11-13 14:29:58,34.35050201416016,-5.946220874786377,7,3945.0
2021-11-13 14:30:04,34.350589752197266,-5.946215152740479,7,3948.333333333333
2021-11-13 14:30:10,34.350582122802734,-5.946352958679199,8,3950.833333333333
2021-11-13 14:30:16,34.35057830810547,-5.946496963500977,8,3954.1666666666665
2021-11-13 14:30:22,34.3505744934082,-5.946646213531494,8,3958.333333333333
2021-11-13 14:30:28,34.350563049316406,-5.94679594039917,8,3961.6666666666665
2021-11-13 14:30:34,34.350547790527344,-5.946946144104004,8,3965.0
2021-11-13 14:30:40,34.35054016113281,-5.947096824645996,8,3968.333333333333
2021-11-13 14:30:46,34.35053253173828,-5.947394847869873,8,3970.833333333333
2021-11-13 14:30:52,34.350521087646484,-5.947542190551758,7,3979.1666666666665
2021-11-13 14:30:58,34.35050582885742,-5.947688102722168,8,3984.1666666666665
2021-11-13 14:31:04,34.35049819946289,-5.947836875915527,8,3986.6666666666665
2021-11-13 14:31:10,34.350494384765625,-5.947987079620361,8,3989.1666666666665
2021-11-13 14:31:16,34.35048294067383,-5.948135852813721,8,3994.1666666666665
2021-11-13 14:31:22,34.350467681884766,-5.9482831954956055,8,3997.5
2021-11-13 14:31:28,34.35045623779297,-5.948581218719482,8,4001.6666666666665
2021-11-13 14:31:34,34.350440979003906,-5.948727130889893,8,4010.833333333333
2021-11-13 14:31:40,34.35043716430664,-5.948877811431885,8,4011.6666666666665
2021-11-13 14:31:46,34.350433349609375,-5.949027061462402,8,4013.333333333333
2021-11-13 14:31:52,34.35041809082031,-5.949326038360596,8,4016.6666666666665
2021-11-13 14:31:58,34.35040283203125,-5.949619770050049,9,4027.5
2021-11-13 14:32:04,34.35029983520508,-5.949628829956055,8,4035.833333333333
2021-11-13 14:32:10,34.35026550292969,-5.949481010437012,8,4040.0
2021-11-13 14:32:16,34.35027313232422,-5.949335098266602,8,4041.6666666666665
2021-11-13 14:32:22,34.35028076171875,-5.949036121368408,8,4044.1666666666665
2021-11-13 14:32:28,34.350284576416016,-5.948886871337891,8,4054.1666666666665
2021-11-13 14:32:34,34.35029220581055,-5.948735237121582,8,4058.333333333333
2021-11-13 14:32:40,34.35029983520508,-5.948584079742432,8,4060.0
2021-11-13 14:32:46,34.35031509399414,-5.948437213897705,8,4063.333333333333
2021-11-13 14:32:52,34.35032653808594,-5.94828987121582,8,4065.0
2021-11-13 14:32:58,34.350337982177734,-5.948145866394043,8,4067.5
2021-11-13 14:33:04,34.350341796875,-5.947996139526367,8,4070.833333333333
2021-11-13 14:33:10,34.35036087036133,-5.947549819946289,8,4078.333333333333
2021-11-13 14:33:16,34.350372314453125,-5.947402000427246,8,4079.166666666666
2021-11-13 14:33:22,34.350379943847656,-5.947254180908203,8,4092.5
2021-11-13 14:33:28,34.35038757324219,-5.947103023529053,8,4095.0
2021-11-13 14:33:34,34.35039138793945,-5.946952819824219,8,4096.666666666666
2021-11-13 14:33:40,34.350399017333984,-5.946805000305176,8,4105.0
2021-11-13 14:33:46,34.35041046142578,-5.946656227111816,8,4108.333333333333
2021-11-13 14:33:52,34.35041809082031,-5.946508884429932,8,4109.166666666666
2021-11-13 14:33:58,34.350425720214844,-5.9463629722595215,8,4115.0
2021-11-13 14:34:04,34.35048294067383,-5.946242809295654,8,4120.0
2021-11-13 14:34:10,34.3505973815918,-5.946290969848633,8,4120.833333333333
2021-11-13 14:34:16,34.35060119628906,-5.946587085723877,8,4130.0
2021-11-13 14:34:22,34.350589752197266,-5.946732997894287,8,4132.5
2021-11-13 14:34:28,34.3505744934082,-5.946876049041748,8,4133.333333333333
2021-11-13 14:34:34,34.350563049316406,-5.947021007537842,8,4134.166666666666
2021-11-13 14:34:40,34.35055160522461,-5.947319984436035,8,4135.833333333333
2021-11-13 14:34:46,34.350528717041016,-5.947615146636963,8,4142.5
2021-11-13 14:34:52,34.35052490234375,-5.947762966156006,8,4158.333333333333
2021-11-13 14:34:58,34.350521087646484,-5.947912216186523,8,4160.833333333334
2021-11-13 14:35:04,34.35050964355469,-5.94805908203125,8,4164.166666666667
2021-11-13 14:35:10,34.35050582885742,-5.948207855224609,8,4168.333333333334
2021-11-13 14:35:16,34.35049057006836,-5.94850492477417,8,4170.833333333334
2021-11-13 14:35:22,34.35048294067383,-5.9486517906188965,8,4180.0
2021-11-13 14:35:28,34.35047149658203,-5.948801040649414,8,4181.666666666667
2021-11-13 14:35:34,34.3504638671875,-5.948946952819824,8,4185.833333333334
2021-11-13 14:35:40,34.35045623779297,-5.949100017547607,8,4187.5
2021-11-13 14:35:46,34.35044860839844,-5.949248790740967,7,4193.333333333334
2021-11-13 14:35:52,34.350440979003906,-5.949392795562744,7,4196.666666666667
2021-11-13 14:35:58,34.350440979003906,-5.9495391845703125,8,4197.5
2021-11-13 14:36:04,34.350364685058594,-5.949650764465332,8,4205.833333333334
2021-11-13 14:36:10,34.35024642944336,-5.949448108673096,8,4207.5
2021-11-13 14:36:16,34.350242614746094,-5.949299812316895,8,4215.833333333334
2021-11-13 14:36:22,34.350250244140625,-5.949154853820801,8,4218.333333333334
2021-11-13 14:36:28,34.35025405883789,-5.949007034301758,8,4224.166666666667
2021-11-13 14:36:34,34.35026550292969,-5.948856830596924,8,4228.333333333334
2021-11-13 14:36:40,34.35027313232422,-5.948709011077881,8,4230.0
2021-11-13 14:36:46,34.35028076171875,-5.948562145233154,8,4232.5
2021-11-13 14:36:52,34.350303649902344,-5.948269844055176,8,4234.166666666667
2021-11-13 14:36:58,34.350311279296875,-5.948122024536133,8,4243.333333333334
2021-11-13 14:37:04,34.35032272338867,-5.947975158691406,8,4245.0
2021-11-13 14:37:10,34.35033416748047,-5.947677135467529,8,4246.666666666667
2021-11-13 14:37:16,34.3503532409668,-5.947384834289551,8,4258.333333333334
2021-11-13 14:37:22,34.35036087036133,-5.947236061096191,7,4267.5
2021-11-13 14:37:28,34.350372314453125,-5.946938991546631,8,4270.0
2021-11-13 14:37:34,34.350379943847656,-5.946791172027588,7,4275.833333333334
2021-11-13 14:37:40,34.35039138793945,-5.94664478302002,8,4279.166666666667
2021-11-13 14:37:46,34.35039520263672,-5.946495056152344,8,4283.333333333334
2021-11-13 14:37:52,34.350399017333984,-5.946342945098877,8,4284.166666666667
2021-11-13 14:37:58,34.350399017333984,-5.946194171905518,8,4286.666666666667
2021-11-13 14:38:04,34.35051727294922,-5.946167945861816,8,4291.666666666667
2021-11-13 14:38:10,34.35063171386719,-5.9462571144104,8,4293.333333333334
2021-11-13 14:38:16,34.35063552856445,-5.946407794952393,8,4297.5
2021-11-13 14:38:22,34.35063552856445,-5.9465532302856445,8,4301.666666666667
2021-11-13 14:38:28,34.350608825683594,-5.946842193603516,8,4302.5
2021-11-13 14:38:34,34.3505973815918,-5.946990013122559,8,4308.333333333334
2021-11-13 14:38:40,34.35059356689453,-5.947135925292969,7,4319.166666666667
2021-11-13 14:38:46,34.3505859375,-5.94728422164917,8,4324.166666666667
2021-11-13 14:38:52,34.35057830810547,-5.947432994842529,8,4326.666666666667
2021-11-13 14:38:58,34.35057067871094,-5.947580814361572,8,4330.0
2021-11-13 14:39:04,34.350563049316406,-5.947727203369141,8,4331.666666666667
2021-11-13 14:39:10,34.350555419921875,-5.947873115539551,8,4338.333333333334
2021-11-13 14:39:16,34.35054397583008,-5.948020935058594,7,4340.0
2021-11-13 14:39:22,34.35053253173828,-5.948171138763428,7,4344.166666666667
2021-11-13 14:39:28,34.35052490234375,-5.948318004608154,8,4349.166666666667
2021-11-13 14:39:34,34.35050964355469,-5.948466777801514,8,4350.833333333334
2021-11-13 14:39:40,34.35050582885742,-5.948616981506348,8,4351.666666666667
2021-11-13 14:39:46,34.35050201416016,-5.948769092559815,8,4359.166666666666
2021-11-13 14:39:52,34.350494384765625,-5.948921203613281,9,4360.0
2021-11-13 14:39:58,34.35048294067383,-5.949068069458008,8,4366.666666666666
2021-11-13 14:40:04,34.3504753112793,-5.949216842651367,8,4369.166666666666
2021-11-13 14:40:10,34.3504753112793,-5.9495110511779785,8,4370.0
2021-11-13 14:40:16,34.35028839111328,-5.949648857116699,7,4371.666666666666
2021-11-13 14:40:22,34.35017776489258,-5.949679851531982,8,4378.333333333334
2021-11-13 14:40:28,34.350074768066406,-5.949458122253418,7,4385.0
2021-11-13 14:40:34,34.35009002685547,-5.949172019958496,8,4390.0
2021-11-13 14:40:40,34.35009002685547,-5.949019908905029,8,4396.666666666666
2021-11-13 14:40:46,34.35009765625,-5.94871997833252,8,4402.5
2021-11-13 14:40:52,34.35010528564453,-5.948418140411377,8,4409.166666666666
2021-11-13 14:40:58,34.35011291503906,-5.948267936706543,8,4415.0
2021-11-13 14:41:04,34.350120544433594,-5.9481201171875,8,4426.666666666666
2021-11-13 14:41:10,34.350128173828125,-5.947975158691406,8,4430.0
2021-11-13 14:41:16,34.35014724731445,-5.947679996490479,7,4431.666666666666
2021-11-13 14:41:22,34.350154876708984,-5.9475297927856445,8,4432.5
2021-11-13 14:41:28,34.35017013549805,-5.947229862213135,8,4439.166666666666
2021-11-13 14:41:34,34.35017395019531,-5.947079181671143,8,4445.833333333333
2021-11-13 14:41:40,34.35017776489258,-5.946928024291992,8,4453.333333333333
2021-11-13 14:41:46,34.35019302368164,-5.946630001068115,8,4458.333333333333
2021-11-13 14:41:52,34.3502082824707,-5.9463300704956055,8,4459.166666666666
2021-11-13 14:41:58,34.35032272338867,-5.94611120223999,8,4465.833333333333
2021-11-13 14:42:04,34.35044860839844,-5.946146965026856,7,4471.666666666666
2021-11-13 14:42:10,34.350669860839844,-5.946291923522949,8,4477.5
2021-11-13 14:42:16,34.35065841674805,-5.946590900421143,8,4483.333333333334
2021-11-13 14:42:22,34.350643157958984,-5.946741104125977,8,4490.0
2021-11-13 14:42:28,34.350624084472656,-5.9470319747924805,8,4500.833333333334
2021-11-13 14:42:34,34.35060501098633,-5.947327136993408,8,4506.666666666666
2021-11-13 14:42:40,34.35059356689453,-5.947476863861084,8,4508.333333333334
2021-11-13 14:42:46,34.350589752197266,-5.947627067565918,8,4514.166666666666
2021-11-13 14:42:52,34.35057830810547,-5.947779178619385,8,4522.5
2021-11-13 14:42:58,34.3505744934082,-5.9479289054870605,8,4523.333333333334
2021-11-13 14:43:04,34.35054397583008,-5.948376178741455,8,4533.333333333334
2021-11-13 14:43:10,34.35054016113281,-5.948526859283447,8,4540.833333333334
2021-11-13 14:43:16,34.350528717041016,-5.948674201965332,8,4541.666666666667
2021-11-13 14:43:22,34.35052490234375,-5.948822975158691,8,4544.166666666667
2021-11-13 14:43:28,34.35051727294922,-5.948972225189209,8,4547.5
2021-11-13 14:43:34,34.35050582885742,-5.949119091033936,7,4550.833333333334
2021-11-13 14:43:40,34.35050201416016,-5.949265956878662,8,4552.5
2021-11-13 14:43:46,34.35049819946289,-5.949411869049072,8,4560.833333333334
2021-11-13 14:43:52,34.35049057006836,-5.949559211730957,8,4565.0
2021-11-13 14:43:58,34.35039138793945,-5.949639797210693,8,4570.0
2021-11-13 14:44:04,34.35028076171875,-5.949668884277344,7,4572.5
2021-11-13 14:44:10,34.35016632080078,-5.949697017669678,8,4575.833333333334
2021-11-13 14:44:16,34.350040435791016,-5.949480056762695,8,4585.0
2021-11-13 14:44:22,34.35004425048828,-5.949334144592285,8,4587.5
2021-11-13 14:44:28,34.35004806518555,-5.949185848236084,8,4590.833333333334
2021-11-13 14:44:34,34.35005187988281,-5.949039936065674,7,4594.166666666667
2021-11-13 14:44:40,34.35005569458008,-5.948888778686523,8,4597.5
2021-11-13 14:44:46,34.35006332397461,-5.948739051818848,8,4601.666666666667
2021-11-13 14:44:52,34.35007095336914,-5.94858980178833,7,4604.166666666667
2021-11-13 14:44:58,34.35007858276367,-5.9484381675720215,8,4609.166666666667
2021-11-13 14:45:04,34.35008239746094,-5.948288917541504,8,4614.166666666667
2021-11-13 14:45:10,34.35009002685547,-5.948142051696777,8,4615.833333333334
2021-11-13 14:45:16,34.35009765625,-5.947991847991943,8,4618.333333333334
2021-11-13 14:45:22,34.35010528564453,-5.9478440284729,8,4620.0
2021-11-13 14:45:28,34.35011672973633,-5.947696208953857,7,4625.0
2021-11-13 14:45:34,34.35012435913086,-5.947548866271973,8,4630.0
2021-11-13 14:45:40,34.35013198852539,-5.947399139404297,7,4633.333333333334
2021-11-13 14:45:46,34.35013961791992,-5.947250843048096,8,4635.0
2021-11-13 14:45:52,34.35014343261719,-5.94710111618042,8,4640.0
2021-11-13 14:45:58,34.35015106201172,-5.946951866149902,8,4644.166666666667
2021-11-13 14:46:04,34.350154876708984,-5.946804046630859,8,4645.833333333334
2021-11-13 14:46:10,34.35017395019531,-5.946505069732666,8,4655.833333333334
2021-11-13 14:46:16,34.35017776489258,-5.946354866027832,8,4657.5
2021-11-13 14:46:22,34.35019302368164,-5.946203231811523,8,4663.333333333334
2021-11-13 14:46:28,34.35029983520508,-5.946123123168945,8,4665.0
2021-11-13 14:46:34,34.35042953491211,-5.946131229400635,7,4669.166666666667
2021-11-13 14:46:40,34.350547790527344,-5.946180820465088,8,4670.0
2021-11-13 14:46:46,34.350669860839844,-5.946241855621338,8,4671.666666666667
2021-11-13 14:46:52,34.350685119628906,-5.946536064147949,8,4673.333333333334
2021-11-13 14:46:58,34.35067367553711,-5.946682929992676,8,4680.0
2021-11-13 14:47:04,34.35066223144531,-5.946980953216553,8,4687.5
2021-11-13 14:47:10,34.35065078735352,-5.947131156921387,7,4694.166666666667
2021-11-13 14:47:16,34.350624084472656,-5.94742488861084,8,4697.5
2021-11-13 14:47:22,34.350616455078125,-5.947574138641357,8,4700.833333333334
2021-11-13 14:47:28,34.35060501098633,-5.947868824005127,7,4710.833333333334
2021-11-13 14:47:34,34.35059356689453,-5.9480180740356445,8,4715.0
2021-11-13 14:47:40,34.350582122802734,-5.948170185089111,8,4718.333333333334
2021-11-13 14:47:46,34.35056686401367,-5.948470115661621,8,4725.0
2021-11-13 14:47:52,34.35055923461914,-5.9486188888549805,8,4734.166666666667
2021-11-13 14:47:58,34.35055160522461,-5.948923110961914,8,4736.666666666667
2021-11-13 14:48:04,34.35054016113281,-5.949075222015381,8,4742.5
2021-11-13 14:48:10,34.350528717041016,-5.94936990737915,8,4751.666666666667
2021-11-13 14:48:16,34.35053634643555,-5.949514865875244,8,4755.833333333334
2021-11-13 14:48:22,34.3504753112793,-5.949642181396484,8,4756.666666666667
2021-11-13 14:48:28,34.3503532409668,-5.949666976928711,7,4760.833333333334
2021-11-13 14:48:34,34.35023498535156,-5.949695110321045,7,4762.5
2021-11-13 14:48:40,34.3501091003418,-5.949718952178955,8,4764.166666666667
2021-11-13 14:48:46,34.35002899169922,-5.949472904205322,8,4768.333333333334
2021-11-13 14:48:52,34.35002899169922,-5.949329853057861,8,4778.333333333334
2021-11-13 14:48:58,34.350040435791016,-5.949185848236084,7,4781.666666666667
2021-11-13 14:49:04,34.35004425048828,-5.949039936065674,8,4785.833333333334
2021-11-13 14:49:10,34.35004806518555,-5.9488911628723145,8,4787.5
2021-11-13 14:49:16,34.35005187988281,-5.9487409591674805,8,4789.166666666667
2021-11-13 14:49:22,34.35005569458008,-5.948594093322754,8,4795.0
2021-11-13 14:49:28,34.35006332397461,-5.94844388961792,8,4800.833333333334
2021-11-13 14:49:34,34.35007095336914,-5.948296070098877,7,4802.5
2021-11-13 14:49:40,34.35007858276367,-5.948146820068359,8,4808.333333333334
2021-11-13 14:49:46,34.35009002685547,-5.94784688949585,8,4809.166666666666
2021-11-13 14:49:52,34.350101470947266,-5.94770097732544,8,4810.0
2021-11-13 14:49:58,34.3501091003418,-5.947548866271973,8,4817.5
2021-11-13 14:50:04,34.35011291503906,-5.9473981857299805,7,4819.166666666666
2021-11-13 14:50:10,34.350120544433594,-5.94724702835083,8,4826.666666666666
2021-11-13 14:50:16,34.350128173828125,-5.94709587097168,8,4832.5
2021-11-13 14:50:22,34.35014343261719,-5.94680118560791,8,4834.166666666666
2021-11-13 14:50:28,34.35016250610352,-5.94650411605835,8,4835.0
2021-11-13 14:50:34,34.35017013549805,-5.946353912353516,8,4851.666666666666
2021-11-13 14:50:40,34.35017395019531,-5.94620418548584,8,4854.166666666666
2021-11-13 14:50:46,34.35030746459961,-5.946103096008301,9,4855.833333333334
2021-11-13 14:50:52,34.35026168823242,-5.946387767791748,8,4856.666666666666
2021-11-13 14:50:58,34.350250244140625,-5.946536064147949,8,4862.5
2021-11-13 14:51:04,34.35023498535156,-5.946828842163086,8,4868.333333333334
2021-11-13 14:51:10,34.3502197265625,-5.947124004364014,8,4875.833333333334
2021-11-13 14:51:16,34.350196838378906,-5.947420120239258,8,4893.333333333334
2021-11-13 14:51:22,34.35019302368164,-5.947569847106934,8,4897.5
2021-11-13 14:51:28,34.350181579589844,-5.947719097137451,8,4898.333333333334
2021-11-13 14:51:34,34.35017395019531,-5.947866916656494,8,4900.0
2021-11-13 14:51:40,34.35016632080078,-5.948015213012695,8,4901.666666666667
2021-11-13 14:51:46,34.35015869140625,-5.948163032531738,8,4910.0
2021-11-13 14:51:52,34.35014343261719,-5.948462009429932,8,4912.5
2021-11-13 14:51:58,34.35013961791992,-5.948608875274658,8,4921.666666666667
2021-11-13 14:52:04,34.35013198852539,-5.948759078979492,8,4923.333333333334
2021-11-13 14:52:10,34.350128173828125,-5.948908805847168,8,4928.333333333334
2021-11-13 14:52:16,34.3501091003418,-5.949204921722412,8,4936.666666666667
2021-11-13 14:52:22,34.350101470947266,-5.949351787567139,7,4940.833333333334
2021-11-13 14:52:28,34.35009765625,-5.949501991271973,8,4941.666666666667
2021-11-13 14:52:34,34.35010528564453,-5.949644088745117,7,4946.666666666667
2021-11-13 14:52:40,34.3499870300293,-5.9496378898620605,0,4948.333333333334
2021-11-13 14:52:46,34.3499870300293,-5.94964599609375,0,4958.333333333334
2021-11-13 14:52:52,34.34998321533203,-5.949648857116699,0,4962.5
2021-11-13 14:52:58,34.34998321533203,-5.949648857116699,0,4965.833333333334
2021-11-13 14:53:04,34.34998321533203,-5.949648857116699,0,4973.333333333334
2021-11-13 14:53:10,34.34998321533203,-5.949648857116699,0,4978.333333333334
2021-11-13 14:53:16,34.34998321533203,-5.949648857116699,0,4981.666666666667
2021-11-13 14:53:22,34.34998321533203,-5.949648857116699,0,4988.333333333334
2021-11-13 14:53:28,34.34998321533203,-5.949648857116699,0,4991.666666666667
2021-11-13 14:53:34,34.34998321533203,-5.949648857116699,0,4996.666666666667
2021-11-13 14:53:40,34.34998321533203,-5.949648857116699,0,5000.0
2021-11-13 14:53:46,34.34998321533203,-5.949648857116699,0,5003.333333333333
2021-11-13 14:53:52,34.34998321533203,-5.949648857116699,0,5007.5
2021-11-13 14:53:58,34.34998321533203,-5.949648857116699,0,5010.0
2021-11-13 14:54:04,34.34998321533203,-5.949648857116699,0,5018.333333333333
2021-11-13 14:54:10,34.34998321533203,-5.949648857116699,0,5022.5
2021-11-13 14:54:16,34.34998321533203,-5.949648857116699,0,5027.5
2021-11-13 14:54:22,34.34998321533203,-5.949648857116699,0,5030.833333333334
2021-11-13 14:54:28,34.34998321533203,-5.949648857116699,0,5035.833333333334
2021-11-13 14:54:34,34.34998321533203,-5.949648857116699,0,5040.0
2021-11-13 14:54:40,34.34998321533203,-5.949648857116699,0,5043.333333333334
2021-11-13 14:54:46,34.34998321533203,-5.949648857116699,0,5045.0
2021-11-13 14:54:52,34.34998321533203,-5.949648857116699,0,5052.5
2021-11-13 14:54:58,34.34998321533203,-5.949648857116699,0,5057.5
2021-11-13 14:55:04,34.34998321533203,-5.949648857116699,0,5064.166666666667
2021-11-13 14:55:10,34.34998321533203,-5.949648857116699,0,5069.166666666667
2021-11-13 14:55:16,34.34998321533203,-5.949648857116699,0,5072.5
2021-11-13 14:55:22,34.34998321533203,-5.949648857116699,0,5079.166666666667
2021-11-13 14:55:28,34.34998321533203,-5.949648857116699,0,5080.833333333334
2021-11-13 14:55:34,34.34998321533203,-5.949648857116699,0,5085.0
2021-11-13 14:55:40,34.34998321533203,-5.949648857116699,0,5093.333333333334
2021-11-13 14:55:46,34.34998321533203,-5.949648857116699,0,5100.833333333333
2021-11-13 14:55:52,34.34998321533203,-5.949648857116699,0,5102.5
2021-11-13 14:55:58,34.34998321533203,-5.949648857116699,0,5109.166666666666
2021-11-13 14:56:04,34.34998321533203,-5.949648857116699,0,5114.166666666666
2021-11-13 14:56:10,34.34998321533203,-5.949648857116699,0,5118.333333333333
2021-11-13 14:56:16,34.34998321533203,-5.949648857116699,0,5123.333333333333
2021-11-13 14:56:22,34.34998321533203,-5.949648857116699,0,5129.166666666666
2021-11-13 14:56:28,34.34998321533203,-5.949648857116699,0,5132.5
2021-11-13 14:56:34,34.34998321533203,-5.949648857116699,0,5140.833333333333
2021-11-13 14:56:40,34.34998321533203,-5.949648857116699,0,5143.333333333333
2021-11-13 14:56:46,34.34998321533203,-5.949648857116699,0,5146.666666666666
2021-11-13 14:56:52,34.34998321533203,-5.949648857116699,0,5153.333333333333
2021-11-13 14:56:58,34.34998321533203,-5.949648857116699,0,5157.5
2021-11-13 14:57:04,34.34998321533203,-5.949648857116699,0,5160.833333333333
2021-11-13 14:57:10,34.34998321533203,-5.949648857116699,0,5164.166666666666
2021-11-13 14:57:16,34.34998321533203,-5.949648857116699,0,5180.0
2021-11-13 14:57:22,34.34998321533203,-5.949648857116699,0,5182.5
2021-11-13 14:57:28,34.34998321533203,-5.949648857116699,0,5189.166666666666
2021-11-13 14:57:34,34.34998321533203,-5.949648857116699,0,5192.5
2021-11-13 14:57:40,34.34998321533203,-5.949648857116699,0,5198.333333333333
2021-11-13 14:57:46,34.34998321533203,-5.949648857116699,0,5200.0
2021-11-13 14:57:52,34.34998321533203,-5.949648857116699,0,5210.0
2021-11-13 14:57:58,34.34998321533203,-5.949648857116699,0,5215.833333333333
2021-11-13 14:58:04,34.34998321533203,-5.949648857116699,0,5220.833333333333
2021-11-13 14:58:10,34.34998321533203,-5.949648857116699,0,5224.166666666666
2021-11-13 14:58:16,34.34998321533203,-5.949648857116699,0,5230.833333333333
2021-11-13 14:58:22,34.34998321533203,-5.949648857116699,0,5235.0
2021-11-13 14:58:28,34.34998321533203,-5.949648857116699,0,5240.0
2021-11-13 14:58:34,34.34998321533203,-5.949648857116699,0,5245.833333333333
2021-11-13 14:58:40,34.34998321533203,-5.949648857116699,0,5249.166666666666
2021-11-13 14:58:46,34.34998321533203,-5.949648857116699,0,5255.0
2021-11-13 14:58:52,34.34998321533203,-5.949648857116699,0,5260.0
2021-11-13 14:58:58,34.34998321533203,-5.949648857116699,0,5265.0
2021-11-13 14:59:04,34.34998321533203,-5.949648857116699,0,5270.0
2021-11-13 14:59:10,34.34998321533203,-5.949648857116699,0,5275.833333333334
2021-11-13 14:59:16,34.34998321533203,-5.949648857116699,0,5280.833333333334
2021-11-13 14:59:22,34.34998321533203,-5.949648857116699,0,5287.5
2021-11-13 14:59:28,34.34998321533203,-5.949648857116699,0,5292.5
2021-11-13 14:59:34,34.34998321533203,-5.949648857116699,0,5295.833333333334
2021-11-13 14:59:40,34.34998321533203,-5.949648857116699,0,5301.666666666666
2021-11-13 14:59:46,34.34998321533203,-5.949648857116699,0,5307.5
2021-11-13 14:59:52,34.34998321533203,-5.949648857116699,0,5314.166666666667
2021-11-13 14:59:58,34.34998321533203,-5.949648857116699,0,5315.0
2021-11-13 15:00:04,34.34998321533203,-5.949648857116699,0,5324.166666666667
2021-11-13 15:00:10,34.34998321533203,-5.949648857116699,0,5326.666666666667
2021-11-13 15:00:16,34.34998321533203,-5.949648857116699,0,5334.166666666667
2021-11-13 15:00:22,34.34998321533203,-5.949648857116699,0,5337.5
2021-11-13 15:00:28,34.34998321533203,-5.949648857116699,0,5345.0
2021-11-13 15:00:34,34.34998321533203,-5.949648857116699,0,5350.833333333334
2021-11-13 15:00:40,34.34998321533203,-5.949648857116699,0,5357.5
2021-11-13 15:00:46,34.34998321533203,-5.949648857116699,0,5366.666666666667
2021-11-13 15:00:52,34.34998321533203,-5.949648857116699,0,5370.833333333334
2021-11-13 15:00:58,34.34998321533203,-5.949648857116699,0,5383.333333333334
2021-11-13 15:01:04,34.34998321533203,-5.949648857116699,0,5390.0
2021-11-13 15:01:10,34.34998321533203,-5.949648857116699,0,5395.0
2021-11-13 15:01:16,34.34998321533203,-5.949648857116699,0,5400.0
2021-11-13 15:01:22,34.34998321533203,-5.949648857116699,0,5405.0
2021-11-13 15:01:28,34.34998321533203,-5.949648857116699,0,5408.333333333334
2021-11-13 15:01:34,34.34998321533203,-5.949648857116699,0,5410.833333333334
2021-11-13 15:01:40,34.34998321533203,-5.949648857116699,0,5415.0
2021-11-13 15:01:46,34.34998321533203,-5.949648857116699,0,5422.5
2021-11-13 15:01:52,34.34998321533203,-5.949648857116699,0,5428.333333333334
2021-11-13 15:01:58,34.34998321533203,-5.949648857116699,0,5433.333333333334
2021-11-13 15:02:04,34.34998321533203,-5.949648857116699,0,5438.333333333334
2021-11-13 15:02:10,34.34998321533203,-5.949648857116699,0,5447.5
2021-11-13 15:02:16,34.34998321533203,-5.949648857116699,0,5450.833333333333
2021-11-13 15:02:22,34.34998321533203,-5.949648857116699,0,5463.333333333333
2021-11-13 15:02:28,34.34998321533203,-5.949648857116699,0,5464.166666666666
2021-11-13 15:02:34,34.34998321533203,-5.949648857116699,0,5469.166666666666
2021-11-13 15:02:40,34.34998321533203,-5.949648857116699,0,5473.333333333333
2021-11-13 15:02:46,34.34998321533203,-5.949648857116699,0,5485.833333333333
2021-11-13 15:02:52,34.34998321533203,-5.949648857116699,0,5489.166666666666
2021-11-13 15:02:58,34.349971771240234,-5.949298858642578,8,5492.5
2021-11-13 15:03:04,34.34998321533203,-5.949160099029541,8,5496.666666666667
2021-11-13 15:03:10,34.34999084472656,-5.949018955230713,7,5499.166666666667
2021-11-13 15:03:16,34.349998474121094,-5.948878765106201,7,5504.166666666667
2021-11-13 15:03:22,34.350006103515625,-5.948735237121582,7,5508.333333333333
2021-11-13 15:03:28,34.35001373291016,-5.948592185974121,7,5511.666666666667
2021-11-13 15:03:34,34.35002136230469,-5.948447227478027,7,5515.0
2021-11-13 15:03:40,34.35003662109375,-5.948160171508789,7,5516.666666666667
2021-11-13 15:03:46,34.35005187988281,-5.948012828826904,8,5524.166666666667
2021-11-13 15:03:52,34.350059509277344,-5.947868824005127,7,5526.666666666667
2021-11-13 15:03:58,34.35007095336914,-5.947729110717773,7,5531.666666666667
2021-11-13 15:04:04,34.350074768066406,-5.947585105895996,7,5535.833333333334
2021-11-13 15:04:10,34.3500862121582,-5.947441101074219,7,5539.166666666667
2021-11-13 15:04:16,34.350093841552734,-5.947299003601074,7,5541.666666666667
2021-11-13 15:04:22,34.350101470947266,-5.947153091430664,8,5545.833333333334
2021-11-13 15:04:28,34.3501091003418,-5.94701099395752,7,5547.5
2021-11-13 15:04:34,34.35011291503906,-5.946866989135742,8,5550.833333333334
2021-11-13 15:04:40,34.35012435913086,-5.946722030639648,7,5552.5
2021-11-13 15:04:46,34.35013198852539,-5.946578025817871,7,5560.0
2021-11-13 15:04:52,34.35014343261719,-5.946437835693359,7,5562.5
2021-11-13 15:04:58,34.35015106201172,-5.946146011352539,7,5565.0
2021-11-13 15:05:04,34.350223541259766,-5.946033954620361,8,5573.333333333334
2021-11-13 15:05:10,34.35029983520508,-5.94625997543335,7,5574.166666666667
2021-11-13 15:05:16,34.35028076171875,-5.946547031402588,7,5575.833333333334
2021-11-13 15:05:22,34.35026931762695,-5.946689128875732,7,5581.666666666667
2021-11-13 15:05:28,34.35025405883789,-5.946975231170654,8,5588.333333333333
2021-11-13 15:05:34,34.35023498535156,-5.947257995605469,8,5591.666666666667
2021-11-13 15:05:40,34.35022735595703,-5.947402000427246,7,5597.5
2021-11-13 15:05:46,34.35021209716797,-5.947687149047852,7,5603.333333333333
2021-11-13 15:05:52,34.35020446777344,-5.947826862335205,7,5609.166666666667
2021-11-13 15:05:58,34.350196838378906,-5.947968006134033,8,5615.833333333333
2021-11-13 15:06:04,34.350189208984375,-5.948110103607178,8,5622.5
2021-11-13 15:06:10,34.35018539428711,-5.948250770568848,7,5625.0
2021-11-13 15:06:16,34.35017776489258,-5.948390007019043,7,5630.0
2021-11-13 15:06:22,34.35016632080078,-5.948675155639648,8,5631.666666666667
2021-11-13 15:06:28,34.350154876708984,-5.948958873748779,7,5639.166666666667
2021-11-13 15:06:34,34.35014724731445,-5.949102878570557,7,5645.833333333333
2021-11-13 15:06:40,34.35013961791992,-5.949245929718018,7,5650.833333333333
2021-11-13 15:06:46,34.350128173828125,-5.949522018432617,7,5652.5
2021-11-13 15:06:52,34.35011672973633,-5.949663162231445,7,5659.166666666667
2021-11-13 15:06:58,34.35004425048828,-5.949717044830322,0,5664.166666666666
2021-11-13 15:07:04,34.35004806518555,-5.949717044830322,0,5665.833333333334
2021-11-13 15:07:10,34.35005187988281,-5.949717998504639,0,5669.166666666666
2021-11-13 15:07:16,34.35005187988281,-5.949717998504639,0,5674.166666666666
2021-11-13 15:07:22,34.35005187988281,-5.949717998504639,0,5679.166666666666
2021-11-13 15:07:28,34.35005187988281,-5.949717998504639,0,5688.333333333334
2021-11-13 15:07:34,34.35005187988281,-5.949717998504639,0,5693.333333333334
2021-11-13 15:07:40,34.34998321533203,-5.949664115905762,8,5695.0
2021-11-13 15:07:46,34.34998321533203,-5.949513912200928,8,5702.5
2021-11-13 15:07:52,34.3499755859375,-5.949357032775879,9,5706.666666666666
2021-11-13 15:07:58,34.349979400634766,-5.94920015335083,8,5709.166666666666
2021-11-13 15:08:04,34.34999084472656,-5.94904088973999,8,5713.333333333334
2021-11-13 15:08:10,34.35001373291016,-5.948733806610107,9,5715.0
2021-11-13 15:08:16,34.35001754760742,-5.94857120513916,8,5725.0
2021-11-13 15:08:22,34.35002136230469,-5.948410987854004,8,5732.5
2021-11-13 15:08:28,34.350032806396484,-5.948252201080322,8,5734.166666666667
2021-11-13 15:08:34,34.350040435791016,-5.94809103012085,8,5739.166666666666
2021-11-13 15:08:40,34.35004425048828,-5.947929859161377,8,5742.5
2021-11-13 15:08:46,34.35005569458008,-5.947771072387695,8,5748.333333333334
2021-11-13 15:08:52,34.350067138671875,-5.947615146636963,8,5749.166666666666
2021-11-13 15:08:58,34.35007858276367,-5.947457790374756,8,5755.833333333334
2021-11-13 15:09:04,34.3500862121582,-5.947298049926758,8,5760.0
2021-11-13 15:09:10,34.350093841552734,-5.947142124176025,8,5760.833333333334
2021-11-13 15:09:16,34.35009765625,-5.946984767913818,8,5768.333333333334
2021-11-13 15:09:22,34.350120544433594,-5.9466657638549805,8,5770.0
2021-11-13 15:09:28,34.35012435913086,-5.946506023406982,8,5780.0
2021-11-13 15:09:34,34.350135803222656,-5.946351051330566,8,5782.5
2021-11-13 15:09:40,34.35013961791992,-5.946142196655273,8,5788.333333333333
2021-11-13 15:09:46,34.3502311706543,-5.946039199829102,9,5790.0
2021-11-13 15:09:52,34.35032653808594,-5.946425914764404,8,5800.0
2021-11-13 15:09:58,34.35031509399414,-5.946579933166504,8,5804.166666666667
2021-11-13 15:10:04,34.35029602050781,-5.946893215179443,8,5805.0
2021-11-13 15:10:10,34.350284576416016,-5.947048187255859,8,5805.833333333333
2021-11-13 15:10:16,34.350276947021484,-5.947206020355225,9,5813.333333333333
2021-11-13 15:10:22,34.35026168823242,-5.94752311706543,8,5815.0
2021-11-13 15:10:28,34.35024642944336,-5.947826862335205,8,5821.666666666666
2021-11-13 15:10:34,34.35023880004883,-5.9479827880859375,8,5829.166666666666
2021-11-13 15:10:40,34.350223541259766,-5.94829797744751,8,5835.833333333334
2021-11-13 15:10:46,34.35020446777344,-5.948615074157715,8,5840.833333333334
2021-11-13 15:10:52,34.35020065307617,-5.948770999908447,8,5857.5
2021-11-13 15:10:58,34.35019302368164,-5.948925971984863,8,5861.666666666666
2021-11-13 15:11:04,34.35018539428711,-5.949081897735596,8,5862.5
2021-11-13 15:11:10,34.35017395019531,-5.949234008789063,8,5868.333333333334
2021-11-13 15:11:16,34.35016632080078,-5.949390888214111,9,5875.0
2021-11-13 15:11:22,34.35010528564453,-5.94967794418335,9,5876.666666666666
2021-11-13 15:11:28,34.3499755859375,-5.949676990509033,8,5885.833333333334
2021-11-13 15:11:34,34.34994888305664,-5.949377059936523,8,5888.333333333334
2021-11-13 15:11:40,34.349952697753906,-5.94922399520874,8,5896.666666666666
2021-11-13 15:11:46,34.34996032714844,-5.949069023132324,8,5901.666666666667
2021-11-13 15:11:52,34.3499755859375,-5.948763847351074,8,5905.0
2021-11-13 15:11:58,34.34998321533203,-5.948609828948975,8,5913.333333333334
2021-11-13 15:12:04,34.3499870300293,-5.948453903198242,8,5915.0
2021-11-13 15:12:10,34.34999465942383,-5.948300838470459,8,5915.833333333334
2021-11-13 15:12:16,34.35000228881836,-5.948146820068359,8,5917.5
2021-11-13 15:12:22,34.35001373291016,-5.947988986968994,8,5930.0
2021-11-13 15:12:28,34.35002136230469,-5.947824954986572,8,5930.833333333334
2021-11-13 15:12:34,34.35003662109375,-5.9476728439331055,8,5936.666666666667
2021-11-13 15:12:40,34.35005569458008,-5.947354793548584,9,5940.833333333334
2021-11-13 15:12:46,34.350059509277344,-5.947195053100586,8,5948.333333333334
2021-11-13 15:12:52,34.35006332397461,-5.9470319747924805,8,5950.0
2021-11-13 15:12:58,34.350067138671875,-5.946867942810059,8,5955.833333333334
2021-11-13 15:13:04,34.35007858276367,-5.946710109710693,8,5960.0
2021-11-13 15:13:10,34.35009002685547,-5.946547985076904,8,5963.333333333334
2021-11-13 15:13:16,34.35009765625,-5.946390151977539,8,5966.666666666667
2021-11-13 15:13:22,34.350101470947266,-5.946231842041016,9,5971.666666666666
2021-11-13 15:13:28,34.35010528564453,-5.946066856384277,9,5972.5
2021-11-13 15:13:34,34.35022735595703,-5.946014881134033,9,5980.0
2021-11-13 15:13:40,34.350345611572266,-5.946095943450928,9,5984.166666666666
2021-11-13 15:13:46,34.35034942626953,-5.946255207061768,9,5985.833333333334
2021-11-13 15:13:52,34.350337982177734,-5.946413993835449,8,5987.5
2021-11-13 15:13:58,34.35033416748047,-5.9465742111206055,8,5989.166666666666
2021-11-13 15:14:04,34.35032653808594,-5.946732044219971,8,5991.666666666666
2021-11-13 15:14:10,34.350318908691406,-5.947052001953125,8,6007.5
2021-11-13 15:14:16,34.35029983520508,-5.947364807128906,8,6010.0
2021-11-13 15:14:22,34.35028839111328,-5.94752311706543,9,6016.666666666667
2021-11-13 15:14:28,34.35028076171875,-5.947679996490479,8,6018.333333333334
2021-11-13 15:14:34,34.350276947021484,-5.947837829589844,8,6019.166666666667
2021-11-13 15:14:40,34.35026168823242,-5.9481520652771,8,6026.666666666667
2021-11-13 15:14:46,34.35024642944336,-5.948466777801514,8,6035.0
2021-11-13 15:14:52,34.35024642944336,-5.948622226715088,8,6045.0
2021-11-13 15:14:58,34.35023880004883,-5.94877815246582,8,6049.166666666667
2021-11-13 15:15:04,34.3502311706543,-5.948929786682129,8,6054.166666666667
2021-11-13 15:15:10,34.3502197265625,-5.949244022369385,8,6055.833333333334
2021-11-13 15:15:16,34.350215911865234,-5.949403762817383,8,6066.666666666667
2021-11-13 15:15:22,34.3502197265625,-5.94956111907959,8,6070.833333333334
2021-11-13 15:15:28,34.350006103515625,-5.949710845947266,8,6073.333333333334
2021-11-13 15:15:34,34.349937438964844,-5.949594974517822,9,6081.666666666667
2021-11-13 15:15:40,34.349937438964844,-5.949443817138672,8,6085.0
2021-11-13 15:15:46,34.34994125366211,-5.949289798736572,8,6088.333333333334
2021-11-13 15:15:52,34.34994125366211,-5.949131011962891,8,6090.833333333334
2021-11-13 15:15:58,34.349945068359375,-5.948976039886475,8,6098.333333333334
2021-11-13 15:16:04,34.34995651245117,-5.948663234710693,8,6105.833333333334
2021-11-13 15:16:10,34.3499641418457,-5.948505878448486,8,6110.0
2021-11-13 15:16:16,34.34996795654297,-5.948349952697754,8,6113.333333333334
2021-11-13 15:16:22,34.349971771240234,-5.948193073272705,8,6115.0
2021-11-13 15:16:28,34.349979400634766,-5.9480390548706055,8,6123.333333333334
2021-11-13 15:16:34,34.34999084472656,-5.9478840827941895,8,6125.833333333334
2021-11-13 15:16:40,34.34999465942383,-5.947725772857666,8,6130.0
2021-11-13 15:16:46,34.350006103515625,-5.947569847106934,8,6132.5
2021-11-13 15:16:52,34.35001373291016,-5.947412014007568,8,6138.333333333334
2021-11-13 15:16:58,34.35002136230469,-5.947253227233887,8,6143.333333333334
2021-11-13 15:17:04,34.35002899169922,-5.9470930099487305,8,6145.0
2021-11-13 15:17:10,34.35003662109375,-5.946936130523682,8,6147.5
2021-11-13 15:17:16,34.350040435791016,-5.946775913238525,8,6153.333333333334
2021-11-13 15:17:22,34.35004806518555,-5.946617126464844,8,6158.333333333334
2021-11-13 15:17:28,34.350059509277344,-5.94645881652832,8,6159.166666666666
2021-11-13 15:17:34,34.350067138671875,-5.946299076080322,8,6165.0
2021-11-13 15:17:40,34.350067138671875,-5.946142196655273,8,6169.166666666666
2021-11-13 15:17:46,34.35013198852539,-5.946010112762451,9,6172.5
2021-11-13 15:17:52,34.35026931762695,-5.946033954620361,9,6177.5
2021-11-13 15:17:58,34.35038375854492,-5.946127891540527,10,6181.666666666666
2021-11-13 15:18:04,34.350379943847656,-5.946290016174316,9,6183.333333333334
2021-11-13 15:18:10,34.350372314453125,-5.946450233459473,8,6188.333333333334
2021-11-13 15:18:16,34.350364685058594,-5.946609020233154,8,6189.166666666667
2021-11-13 15:18:22,34.35035705566406,-5.946765899658203,8,6196.666666666667
2021-11-13 15:18:28,34.3503532409668,-5.946925163269043,8,6200.0
2021-11-13 15:18:34,34.350345611572266,-5.947082042694092,8,6205.833333333334
2021-11-13 15:18:40,34.35033416748047,-5.9473958015441895,8,6207.5
2021-11-13 15:18:46,34.35032272338867,-5.947554111480713,8,6216.666666666667
2021-11-13 15:18:52,34.35030746459961,-5.9478678703308105,8,6218.333333333334
2021-11-13 15:18:58,34.35029983520508,-5.948023796081543,8,6228.333333333334
2021-11-13 15:19:04,34.35029220581055,-5.948183059692383,8,6230.0
2021-11-13 15:19:10,34.35027313232422,-5.948497772216797,8,6240.833333333334
2021-11-13 15:19:16,34.35026550292969,-5.94865608215332,8,6242.5
2021-11-13 15:19:22,34.35026168823242,-5.9488139152526855,8,6249.166666666667
2021-11-13 15:19:28,34.350242614746094,-5.949131011962891,8,6250.0
2021-11-13 15:19:34,34.35023498535156,-5.949441909790039,8,6257.5
2021-11-13 15:19:40,34.35023880004883,-5.9495849609375,9,6266.666666666667
2021-11-13 15:19:46,34.350154876708984,-5.94968318939209,8,6270.833333333334
2021-11-13 15:19:52,34.349910736083984,-5.949726104736328,8,6274.166666666667
2021-11-13 15:19:58,34.34978485107422,-5.949532985687256,8,6280.0
2021-11-13 15:20:04,34.34979248046875,-5.9493818283081055,8,6285.0
2021-11-13 15:20:10,34.34979248046875,-5.949225902557373,8,6288.333333333334
2021-11-13 15:20:16,34.349796295166016,-5.949071884155273,8,6295.833333333334
2021-11-13 15:20:22,34.34980392456055,-5.948921203613281,8,6296.666666666667
2021-11-13 15:20:28,34.34980392456055,-5.948770999908447,8,6300.0
2021-11-13 15:20:34,34.34981155395508,-5.948620796203613,8,6306.666666666667
2021-11-13 15:20:40,34.34981918334961,-5.9484710693359375,8,6309.166666666667
2021-11-13 15:20:46,34.349830627441406,-5.948317050933838,8,6315.0
2021-11-13 15:20:52,34.34983825683594,-5.948159217834473,8,6315.833333333334
2021-11-13 15:20:58,34.3498420715332,-5.948001861572266,8,6320.833333333334
2021-11-13 15:21:04,34.349849700927734,-5.947854042053223,8,6323.333333333334
2021-11-13 15:21:10,34.349857330322266,-5.947702884674072,8,6327.5
2021-11-13 15:21:16,34.34986114501953,-5.947554111480713,8,6332.5
2021-11-13 15:21:22,34.34986877441406,-5.947256088256836,8,6335.0
2021-11-13 15:21:28,34.349876403808594,-5.947103977203369,8,6343.333333333334
2021-11-13 15:21:34,34.34988021850586,-5.946944236755371,8,6348.333333333334
2021-11-13 15:21:40,34.34988784790039,-5.946791172027588,8,6350.833333333334
2021-11-13 15:21:46,34.349891662597656,-5.9466400146484375,8,6354.166666666666
2021-11-13 15:21:52,34.349910736083984,-5.946333885192871,8,6357.5
2021-11-13 15:21:58,34.34991836547852,-5.946177959442139,8,6359.166666666666
2021-11-13 15:22:04,34.35002517700195,-5.94595193862915,8,6368.333333333334
2021-11-13 15:22:10,34.35014343261719,-5.945971965789795,8,6376.666666666666
2021-11-13 15:22:16,34.35025787353516,-5.946009159088135,8,6378.333333333334
2021-11-13 15:22:22,34.350372314453125,-5.946063041687012,8,6380.833333333334
2021-11-13 15:22:28,34.35042190551758,-5.946203231811523,8,6386.666666666666
2021-11-13 15:22:34,34.35040664672852,-5.9465107917785645,8,6388.333333333334
2021-11-13 15:22:40,34.350399017333984,-5.946663856506348,8,6395.833333333334
2021-11-13 15:22:46,34.35039520263672,-5.94681978225708,8,6400.833333333334
2021-11-13 15:22:52,34.35037612915039,-5.94712495803833,8,6404.166666666666
2021-11-13 15:22:58,34.35036849975586,-5.94727897644043,8,6408.333333333334
2021-11-13 15:23:04,34.35036087036133,-5.947432994842529,8,6416.666666666666
2021-11-13 15:23:10,34.35035705566406,-5.947587013244629,8,6420.0
2021-11-13 15:23:16,34.35034942626953,-5.9477410316467285,8,6425.833333333334
2021-11-13 15:23:22,34.35033416748047,-5.9480462074279785,8,6426.666666666666
2021-11-13 15:23:28,34.35032653808594,-5.948200225830078,8,6435.0
2021-11-13 15:23:34,34.350318908691406,-5.9483561515808105,8,6440.0
2021-11-13 15:23:40,34.35030746459961,-5.948509216308594,8,6444.166666666666
2021-11-13 15:23:46,34.350303649902344,-5.948666095733643,8,6447.5
2021-11-13 15:23:52,34.35029602050781,-5.948819160461426,8,6451.666666666666
2021-11-13 15:23:58,34.350284576416016,-5.948968887329102,8,6455.0
2021-11-13 15:24:04,34.35028076171875,-5.949119091033936,8,6458.333333333334
2021-11-13 15:24:10,34.350276947021484,-5.949246883392334,5,6462.5
2021-11-13 15:24:16,34.35027313232422,-5.949347972869873,5,6470.0
2021-11-13 15:24:22,34.35026550292969,-5.949442863464356,5,6474.166666666666
2021-11-13 15:24:28,34.35026931762695,-5.9495368003845215,5,6480.0
2021-11-13 15:24:34,34.35024642944336,-5.949635982513428,6,6483.333333333333
2021-11-13 15:24:40,34.35014724731445,-5.949685096740723,7,6490.833333333333
2021-11-13 15:24:46,34.35002899169922,-5.949705123901367,7,6494.166666666666
2021-11-13 15:24:52,34.34990692138672,-5.949724197387695,8,6496.666666666666
2021-11-13 15:24:58,34.349788665771484,-5.949710845947266,8,6499.166666666666
2021-11-13 15:25:04,34.34975814819336,-5.949567794799805,8,6502.5
2021-11-13 15:25:10,34.349761962890625,-5.949416160583496,8,6505.0
2021-11-13 15:25:16,34.34976577758789,-5.949263095855713,8,6512.5
2021-11-13 15:25:22,34.34977340698242,-5.94911003112793,8,6514.166666666667
2021-11-13 15:25:28,34.34977340698242,-5.94895601272583,8,6515.833333333334
2021-11-13 15:25:34,34.34978103637695,-5.948798179626465,9,6521.666666666667
2021-11-13 15:25:40,34.34978485107422,-5.948646068572998,8,6524.166666666667
2021-11-13 15:25:46,34.349788665771484,-5.948490142822266,8,6530.833333333334
2021-11-13 15:25:52,34.34979248046875,-5.948334217071533,8,6535.0
2021-11-13 15:25:58,34.349796295166016,-5.948176860809326,8,6539.166666666667
2021-11-13 15:26:04,34.34980010986328,-5.94802188873291,8,6541.666666666667
2021-11-13 15:26:10,34.34980773925781,-5.947865009307861,8,6545.833333333334
2021-11-13 15:26:16,34.34981155395508,-5.947710037231445,8,6550.833333333334
2021-11-13 15:26:22,34.349822998046875,-5.9475531578063965,8,6554.166666666667
2021-11-13 15:26:28,34.3498420715332,-5.947236061096191,8,6555.833333333334
2021-11-13 15:26:34,34.34984588623047,-5.947078227996826,8,6565.0
2021-11-13 15:26:40,34.349849700927734,-5.946920871734619,8,6569.166666666667
2021-11-13 15:26:46,34.34986114501953,-5.94676399230957,8,6574.166666666667
2021-11-13 15:26:52,34.3498649597168,-5.946606159210205,8,6576.666666666667
2021-11-13 15:26:58,34.34988021850586,-5.946300029754639,8,6579.166666666667
2021-11-13 15:27:04,34.34988784790039,-5.946146011352539,8,6580.833333333334
2021-11-13 15:27:10,34.34990310668945,-5.945990085601807,9,6588.333333333334
2021-11-13 15:27:16,34.35000991821289,-5.945957183837891,9,6597.5
2021-11-13 15:27:22,34.3499755859375,-5.946056842803955,8,6598.333333333334
2021-11-13 15:27:28,34.349884033203125,-5.9459757804870605,7,6599.166666666667
2021-11-13 15:27:34,34.34977722167969,-5.945913791656494,8,6603.333333333334
2021-11-13 15:27:40,34.34966278076172,-5.945868015289307,8,6604.166666666667
2021-11-13 15:27:46,34.34943389892578,-5.945766925811768,7,6610.833333333334
2021-11-13 15:27:52,34.34931945800781,-5.945718765258789,8,6617.5
2021-11-13 15:27:58,34.34920120239258,-5.9456658363342285,8,6622.5
2021-11-13 15:28:04,34.34907913208008,-5.945615768432617,8,6625.833333333334
2021-11-13 15:28:10,34.34896469116211,-5.945559024810791,8,6630.0
2021-11-13 15:28:16,34.348846435546875,-5.9455108642578125,7,6633.333333333334
2021-11-13 15:28:22,34.348731994628906,-5.945474147796631,7,6635.0
2021-11-13 15:28:28,34.348663330078125,-5.945387840270996,7,6637.5
2021-11-13 15:28:34,34.34873580932617,-5.945352077484131,6,6643.333333333334
2021-11-13 15:28:40,34.34882354736328,-5.945432186126709,8,6646.666666666667
2021-11-13 15:28:46,34.34894180297852,-5.9454851150512695,8,6648.333333333334
2021-11-13 15:28:52,34.34906005859375,-5.9455437660217285,8,6654.166666666667
2021-11-13 15:28:58,34.34917449951172,-5.945597171783447,8,6657.5
2021-11-13 15:29:04,34.34928894042969,-5.945652961730957,8,6660.0
2021-11-13 15:29:10,34.34940719604492,-5.94570779800415,8,6664.166666666667
2021-11-13 15:29:16,34.349517822265625,-5.945775985717773,7,6667.5
2021-11-13 15:29:22,34.34962463378906,-5.945810794830322,7,6669.166666666666
2021-11-13 15:29:28,34.34973907470703,-5.945854187011719,8,6671.666666666666
2021-11-13 15:29:34,34.349853515625,-5.945887088775635,7,6676.666666666666
2021-11-13 15:29:40,34.3499755859375,-5.94589900970459,8,6680.0
2021-11-13 15:29:46,34.3502082824707,-5.945998191833496,8,6685.833333333334
2021-11-13 15:29:52,34.35019302368164,-5.946109771728516,7,6688.333333333334
2021-11-13 15:29:58,34.3500862121582,-5.94606876373291,7,6691.666666666666
2021-11-13 15:30:04,34.3499755859375,-5.946019172668457,7,6695.0
2021-11-13 15:30:10,34.349735260009766,-5.945940017700195,8,6696.666666666666
2021-11-13 15:30:16,34.349609375,-5.9458909034729,8,6697.5
2021-11-13 15:30:22,34.34949493408203,-5.945835113525391,8,6707.5
2021-11-13 15:30:28,34.34938049316406,-5.945775985717773,8,6712.5
2021-11-13 15:30:34,34.349266052246094,-5.945724964141846,8,6715.0
2021-11-13 15:30:40,34.34914779663086,-5.94566822052002,8,6719.166666666666
2021-11-13 15:30:46,34.349029541015625,-5.945618152618408,8,6720.833333333334
2021-11-13 15:30:52,34.348915100097656,-5.945560932159424,8,6726.666666666666
2021-11-13 15:30:58,34.34878921508789,-5.945524215698242,8,6728.333333333333
2021-11-13 15:31:04,34.34868621826172,-5.945367813110352,6,6730.833333333333
2021-11-13 15:31:10,34.348724365234375,-5.945339202880859,0,6741.666666666666
2021-11-13 15:31:16,34.34872055053711,-5.945334911346436,0,6746.666666666666
2021-11-13 15:31:22,34.348716735839844,-5.945333957672119,0,6747.5
2021-11-13 15:31:28,34.348716735839844,-5.945333957672119,0,6753.333333333333
2021-11-13 15:31:34,34.348716735839844,-5.945333957672119,0,6757.5
2021-11-13 15:31:40,34.348716735839844,-5.945333957672119,0,6762.5
2021-11-13 15:31:46,34.348716735839844,-5.945333957672119,0,6765.833333333333
2021-11-13 15:31:52,34.348716735839844,-5.945333957672119,0,6766.666666666666
2021-11-13 15:31:58,34.348716735839844,-5.945333957672119,0,6785.0
2021-11-13 15:32:04,34.348716735839844,-5.945333957672119,0,6790.0
2021-11-13 15:32:10,34.348716735839844,-5.945333957672119,0,6794.166666666666
2021-11-13 15:32:16,34.348716735839844,-5.945333957672119,0,6800.0
2021-11-13 15:32:22,34.348716735839844,-5.945333957672119,0,6803.333333333333
2021-11-13 15:32:28,34.348716735839844,-5.945333957672119,0,6808.333333333333
2021-11-13 15:32:34,34.348716735839844,-5.945333957672119,0,6814.166666666666
2021-11-13 15:32:40,34.348716735839844,-5.945333957672119,0,6820.833333333333
2021-11-13 15:32:46,34.348716735839844,-5.945333957672119,0,6825.0
2021-11-13 15:32:52,34.348716735839844,-5.945333957672119,0,6830.0
2021-11-13 15:32:58,34.348716735839844,-5.945333957672119,0,6833.333333333333
2021-11-13 15:33:04,34.348716735839844,-5.945333957672119,0,6840.833333333333
2021-11-13 15:33:10,34.348716735839844,-5.945333957672119,0,6843.333333333333
2021-11-13 15:33:16,34.348716735839844,-5.945333957672119,0,6850.833333333333
2021-11-13 15:33:22,34.348716735839844,-5.945333957672119,0,6856.666666666666
2021-11-13 15:33:28,34.348716735839844,-5.945333957672119,0,6860.0
2021-11-13 15:33:34,34.348716735839844,-5.945333957672119,0,6864.166666666666
2021-11-13 15:33:40,34.348716735839844,-5.945333957672119,0,6874.166666666666
2021-11-13 15:33:46,34.348716735839844,-5.945333957672119,0,6876.666666666666
2021-11-13 15:33:52,34.348716735839844,-5.945333957672119,0,6880.833333333334
2021-11-13 15:33:58,34.348716735839844,-5.945333957672119,0,6888.333333333334
2021-11-13 15:34:04,34.348716735839844,-5.945333957672119,0,6892.5
2021-11-13 15:34:10,34.348716735839844,-5.945333957672119,0,6895.833333333333
2021-11-13 15:34:16,34.348716735839844,-5.945333957672119,0,6902.5
2021-11-13 15:34:22,34.348716735839844,-5.945333957672119,0,6905.833333333333
2021-11-13 15:34:28,34.348716735839844,-5.945333957672119,0,6914.166666666666
2021-11-13 15:34:34,34.348716735839844,-5.945333957672119,0,6923.333333333333
2021-11-13 15:34:40,34.348716735839844,-5.945333957672119,0,6928.333333333333
2021-11-13 15:34:46,34.348716735839844,-5.945333957672119,0,6930.833333333333
2021-11-13 15:34:52,34.348716735839844,-5.945333957672119,0,6939.166666666666
2021-11-13 15:34:58,34.348716735839844,-5.945333957672119,0,6944.166666666666
2021-11-13 15:35:04,34.348716735839844,-5.945333957672119,0,6950.833333333333
2021-11-13 15:35:10,34.348716735839844,-5.945333957672119,0,6954.166666666666
2021-11-13 15:35:16,34.348716735839844,-5.945333957672119,0,6957.5
2021-11-13 15:35:22,34.348716735839844,-5.945333957672119,0,6965.833333333333
2021-11-13 15:35:28,34.348716735839844,-5.945333957672119,0,6972.5
2021-11-13 15:35:34,34.348716735839844,-5.945333957672119,0,6975.0
2021-11-13 15:35:40,34.348716735839844,-5.945333957672119,0,6980.833333333333
2021-11-13 15:35:46,34.348716735839844,-5.945333957672119,0,6985.833333333333
2021-11-13 15:35:52,34.348716735839844,-5.945333957672119,0,6989.166666666666
2021-11-13 15:35:58,34.348716735839844,-5.945333957672119,0,6994.166666666666
2021-11-13 15:36:04,34.348716735839844,-5.945333957672119,0,7001.666666666666
2021-11-13 15:36:10,34.348716735839844,-5.945333957672119,0,7003.333333333333
2021-11-13 15:36:16,34.3489990234375,-5.945427894592285,7,7005.833333333333
2021-11-13 15:36:22,34.34908676147461,-5.94547176361084,7,7010.0
2021-11-13 15:36:28,34.34918975830078,-5.945520877838135,7,7012.5
2021-11-13 15:36:34,34.34928512573242,-5.945566177368164,7,7014.166666666666
2021-11-13 15:36:40,34.3493766784668,-5.945602893829346,5,7019.166666666666
2021-11-13 15:36:46,34.34947204589844,-5.945643901824951,7,7021.666666666666
2021-11-13 15:36:52,34.34956359863281,-5.94568395614624,7,7024.166666666666
2021-11-13 15:36:58,34.34967041015625,-5.945744037628174,7,7026.666666666666
2021-11-13 15:37:04,34.34976959228516,-5.94580078125,6,7030.833333333334
2021-11-13 15:37:10,34.3498649597168,-5.945838928222656,6,7040.0
2021-11-13 15:37:16,34.349952697753906,-5.9458770751953125,7,7044.166666666666
2021-11-13 15:37:22,34.350059509277344,-5.945920944213867,7,7046.666666666666
2021-11-13 15:37:28,34.35016632080078,-5.945967197418213,7,7048.333333333334
2021-11-13 15:37:34,34.35016250610352,-5.946087837219238,7,7050.0
2021-11-13 15:37:40,34.350059509277344,-5.94608211517334,7,7055.833333333334
2021-11-13 15:37:46,34.349952697753906,-5.946049213409424,7,7060.0
2021-11-13 15:37:52,34.349857330322266,-5.946002006530762,7,7061.666666666666
2021-11-13 15:37:58,34.349884033203125,-5.9458909034729,7,7063.333333333334
2021-11-13 15:38:04,34.34994888305664,-5.9459547996521,7,7068.333333333334
2021-11-13 15:38:10,34.349952697753906,-5.94625186920166,8,7069.166666666667
2021-11-13 15:38:16,34.34994125366211,-5.946557998657227,8,7070.0
2021-11-13 15:38:22,34.34992599487305,-5.946858882904053,8,7076.666666666667
2021-11-13 15:38:28,34.34991455078125,-5.947165966033936,8,7083.333333333334
2021-11-13 15:38:34,34.349910736083984,-5.947320938110352,8,7096.666666666667
2021-11-13 15:38:40,34.34990692138672,-5.947475910186768,8,7104.166666666667
2021-11-13 15:38:46,34.34990310668945,-5.947628021240234,8,7105.833333333334
2021-11-13 15:38:52,34.34989547729492,-5.947780132293701,8,7107.5
2021-11-13 15:38:58,34.349884033203125,-5.948087215423584,8,7116.666666666667
2021-11-13 15:39:04,34.349876403808594,-5.948237895965576,8,7121.666666666667
2021-11-13 15:39:10,34.34987258911133,-5.94838809967041,8,7122.5
2021-11-13 15:39:16,34.3498649597168,-5.948534965515137,8,7130.0
2021-11-13 15:39:22,34.34986114501953,-5.948686122894287,8,7134.166666666667
2021-11-13 15:39:28,34.349857330322266,-5.948834896087647,8,7139.166666666667
2021-11-13 15:39:34,34.3498420715332,-5.949141025543213,8,7140.833333333334
2021-11-13 15:39:40,34.34983444213867,-5.9492950439453125,8,7150.833333333334
2021-11-13 15:39:46,34.349822998046875,-5.94959020614624,7,7153.333333333334
2021-11-13 15:39:52,34.34984588623047,-5.9497151374816895,8,7161.666666666667
2021-11-13 15:39:58,34.349761962890625,-5.949722766876221,6,7165.833333333334
2021-11-13 15:40:04,34.3497428894043,-5.94967794418335,0,7167.5
2021-11-13 15:40:10,34.34974670410156,-5.949680805206299,0,7169.166666666667
2021-11-13 15:40:16,34.34974670410156,-5.94968318939209,0,7171.666666666667
2021-11-13 15:40:22,34.34974670410156,-5.94968318939209,0,7180.0
2021-11-13 15:40:28,34.34974670410156,-5.94968318939209,0,7195.0
2021-11-13 15:40:34,34.34974670410156,-5.94968318939209,0,7202.5
2021-11-13 15:40:40,34.34974670410156,-5.94968318939209,0,7206.666666666667
2021-11-13 15:40:46,34.34974670410156,-5.94968318939209,0,7210.833333333334
2021-11-13 15:40:52,34.34974670410156,-5.94968318939209,0,7218.333333333334
2021-11-13 15:40:58,34.34974670410156,-5.94968318939209,0,7219.166666666667
2021-11-13 15:41:04,34.34974670410156,-5.94968318939209,0,7220.833333333334
2021-11-13 15:41:10,34.34974670410156,-5.94968318939209,0,7223.333333333334
2021-11-13 15:41:16,34.34974670410156,-5.94968318939209,0,7237.5
2021-11-13 15:41:22,34.34974670410156,-5.94968318939209,0,7240.0
2021-11-13 15:41:28,34.34974670410156,-5.94968318939209,0,7245.833333333334
2021-11-13 15:41:34,34.34974670410156,-5.94968318939209,0,7249.166666666667
2021-11-13 15:41:40,34.34974670410156,-5.94968318939209,0,7255.833333333334
2021-11-13 15:41:46,34.34974670410156,-5.94968318939209,0,7258.333333333334
2021-11-13 15:41:52,34.34974670410156,-5.94968318939209,0,7263.333333333334
2021-11-13 15:41:58,34.34974670410156,-5.94968318939209,0,7274.166666666667
2021-11-13 15:42:04,34.34974670410156,-5.94968318939209,0,7279.166666666667
2021-11-13 15:42:10,34.34974670410156,-5.94968318939209,0,7283.333333333333
2021-11-13 15:42:16,34.34974670410156,-5.94968318939209,0,7289.166666666666
2021-11-13 15:42:22,34.34974670410156,-5.94968318939209,0,7294.166666666666
2021-11-13 15:42:28,34.34974670410156,-5.94968318939209,0,7298.333333333333
2021-11-13 15:42:34,34.34974670410156,-5.94968318939209,0,7304.166666666666
2021-11-13 15:42:40,34.34974670410156,-5.94968318939209,0,7310.833333333333
2021-11-13 15:42:46,34.34974670410156,-5.94968318939209,0,7314.166666666666
2021-11-13 15:42:52,34.34974670410156,-5.94968318939209,0,7327.5
2021-11-13 15:42:58,34.34974670410156,-5.94968318939209,0,7330.0
2021-11-13 15:43:04,34.34974670410156,-5.94968318939209,0,7335.833333333333
2021-11-13 15:43:10,34.34974670410156,-5.94968318939209,0,7339.166666666666
2021-11-13 15:43:16,34.34974670410156,-5.94968318939209,0,7343.333333333333
2021-11-13 15:43:22,34.34974670410156,-5.94968318939209,0,7348.333333333333
2021-11-13 15:43:28,34.34974670410156,-5.94968318939209,0,7351.666666666666
2021-11-13 15:43:34,34.34974670410156,-5.94968318939209,0,7361.666666666666
2021-11-13 15:43:40,34.34974670410156,-5.94968318939209,0,7367.5
2021-11-13 15:43:46,34.34974670410156,-5.94968318939209,0,7372.5
2021-11-13 15:43:52,34.34974670410156,-5.94968318939209,0,7377.5
2021-11-13 15:43:58,34.34974670410156,-5.94968318939209,0,7382.5
2021-11-13 15:44:04,34.34974670410156,-5.94968318939209,0,7385.0
2021-11-13 15:44:10,34.34974670410156,-5.94968318939209,0,7394.166666666667
2021-11-13 15:44:16,34.34974670410156,-5.94968318939209,0,7400.833333333334
2021-11-13 15:44:22,34.34974670410156,-5.94968318939209,0,7405.0
2021-11-13 15:44:28,34.34974670410156,-5.94968318939209,0,7410.833333333334
2021-11-13 15:44:34,34.34974670410156,-5.94968318939209,0,7414.166666666667
2021-11-13 15:44:40,34.34974670410156,-5.94968318939209,0,7420.0
2021-11-13 15:44:46,34.34974670410156,-5.94968318939209,0,7426.666666666667
2021-11-13 15:44:52,34.34974670410156,-5.94968318939209,0,7431.666666666667
2021-11-13 15:44:58,34.34974670410156,-5.94968318939209,0,7435.0
2021-11-13 15:45:04,34.34974670410156,-5.94968318939209,0,7444.166666666667
2021-11-13 15:45:10,34.34974670410156,-5.94968318939209,0,7446.666666666667
2021-11-13 15:45:16,34.34974670410156,-5.94968318939209,0,7452.5
2021-11-13 15:45:22,34.34974670410156,-5.94968318939209,0,7457.5
2021-11-13 15:45:28,34.34974670410156,-5.94968318939209,0,7463.333333333333
2021-11-13 15:45:34,34.34974670410156,-5.94968318939209,0,7470.833333333333
2021-11-13 15:45:40,34.34974670410156,-5.94968318939209,0,7473.333333333333
2021-11-13 15:45:46,34.34974670410156,-5.94968318939209,0,7482.5
2021-11-13 15:45:52,34.34974670410156,-5.94968318939209,0,7485.833333333333
2021-11-13 15:45:58,34.34974670410156,-5.94968318939209,0,7486.666666666666
2021-11-13 15:46:04,34.34974670410156,-5.94968318939209,0,7490.833333333333
2021-11-13 15:46:10,34.34974670410156,-5.94968318939209,0,7500.833333333333
2021-11-13 15:46:16,34.34974670410156,-5.94968318939209,0,7505.0
2021-11-13 15:46:22,34.34974670410156,-5.94968318939209,0,7510.0
2021-11-13 15:46:28,34.34974670410156,-5.94968318939209,0,7521.666666666666
2021-11-13 15:46:34,34.34974670410156,-5.94968318939209,0,7526.666666666666
2021-11-13 15:46:40,34.34974670410156,-5.94968318939209,0,7533.333333333333
2021-11-13 15:46:46,34.34974670410156,-5.94968318939209,0,7536.666666666666
2021-11-13 15:46:52,34.34974670410156,-5.94968318939209,0,7544.166666666666
2021-11-13 15:46:58,34.34974670410156,-5.94968318939209,0,7548.333333333334
2021-11-13 15:47:04,34.34974670410156,-5.94968318939209,0,7554.166666666666
2021-11-13 15:47:10,34.34974670410156,-5.94968318939209,0,7556.666666666666
2021-11-13 15:47:16,34.34974670410156,-5.94968318939209,0,7563.333333333334
2021-11-13 15:47:22,34.34974670410156,-5.94968318939209,0,7565.0
2021-11-13 15:47:28,34.34974670410156,-5.94968318939209,0,7570.833333333334
2021-11-13 15:47:34,34.34974670410156,-5.94968318939209,0,7575.833333333334
2021-11-13 15:47:40,34.34974670410156,-5.94968318939209,0,7583.333333333334
2021-11-13 15:47:46,34.34974670410156,-5.94968318939209,0,7587.5
2021-11-13 15:47:52,34.34974670410156,-5.94968318939209,0,7592.5
2021-11-13 15:47:58,34.34974670410156,-5.94968318939209,0,7597.5
2021-11-13 15:48:04,34.34974670410156,-5.94968318939209,0,7604.166666666666
2021-11-13 15:48:10,34.34974670410156,-5.94968318939209,0,7608.333333333333
2021-11-13 15:48:16,34.34974670410156,-5.94968318939209,0,7615.0
2021-11-13 15:48:22,34.34974670410156,-5.94968318939209,0,7622.5
2021-11-13 15:48:28,34.34974670410156,-5.94968318939209,0,7624.166666666666
2021-11-13 15:48:34,34.34974670410156,-5.94968318939209,0,7625.833333333334
2021-11-13 15:48:40,34.34974670410156,-5.94968318939209,0,7635.0
2021-11-13 15:48:46,34.34974670410156,-5.94968318939209,0,7644.166666666666
2021-11-13 15:48:52,34.34974670410156,-5.94968318939209,0,7650.833333333334
2021-11-13 15:48:58,34.34974670410156,-5.94968318939209,0,7660.0
2021-11-13 15:49:04,34.349727630615234,-5.949544906616211,7,7669.166666666666
2021-11-13 15:49:10,34.349735260009766,-5.949254035949707,8,7675.0
2021-11-13 15:49:16,34.3497428894043,-5.949102878570557,8,7683.333333333334
2021-11-13 15:49:22,34.34974670410156,-5.948953151702881,8,7690.0
2021-11-13 15:49:28,34.34975051879883,-5.948657989501953,7,7705.0
2021-11-13 15:49:34,34.349754333496094,-5.948506832122803,8,7709.166666666666
2021-11-13 15:49:40,34.34976577758789,-5.94835376739502,8,7711.666666666666
2021-11-13 15:49:46,34.34976577758789,-5.948203086853027,8,7715.833333333332
2021-11-13 15:49:52,34.34976959228516,-5.9480509757995605,8,7720.0
2021-11-13 15:49:58,34.34977722167969,-5.9478960037231445,8,7724.166666666666
2021-11-13 15:50:04,34.34978485107422,-5.947747230529785,8,7728.333333333332
2021-11-13 15:50:10,34.34979248046875,-5.947595119476318,8,7730.833333333333
2021-11-13 15:50:16,34.349796295166016,-5.947443008422852,8,7735.0
2021-11-13 15:50:22,34.34980010986328,-5.947291851043701,8,7739.166666666666
2021-11-13 15:50:28,34.34980392456055,-5.947135925292969,8,7743.333333333333
2021-11-13 15:50:34,34.34981155395508,-5.946981906890869,8,7747.499999999999
2021-11-13 15:50:40,34.34981918334961,-5.946832180023193,8,7749.999999999999
2021-11-13 15:50:46,34.349830627441406,-5.946681976318359,8,7754.999999999999
2021-11-13 15:50:52,34.34983444213867,-5.946529865264893,7,7758.333333333333
2021-11-13 15:50:58,34.34984588623047,-5.946381092071533,8,7761.666666666666
2021-11-13 15:51:04,34.349853515625,-5.946227073669434,8,7765.833333333333
2021-11-13 15:51:10,34.34986114501953,-5.946074962615967,8,7770.833333333333
2021-11-13 15:51:16,34.34989929199219,-5.9459309577941895,9,7773.333333333333
2021-11-13 15:51:22,34.34998321533203,-5.946018218994141,9,7777.5
2021-11-13 15:51:28,34.349971771240234,-5.946174144744873,8,7781.666666666666
2021-11-13 15:51:34,34.34996795654297,-5.946329116821289,8,7785.0
2021-11-13 15:51:40,34.34996032714844,-5.9464850425720215,8,7787.5
2021-11-13 15:51:46,34.349952697753906,-5.946636199951172,8,7792.5
2021-11-13 15:51:52,34.349945068359375,-5.946786880493164,8,7795.833333333334
2021-11-13 15:51:58,34.34994125366211,-5.946940898895264,8,7799.166666666666
2021-11-13 15:52:04,34.34994125366211,-5.947093963623047,8,7803.333333333334
2021-11-13 15:52:10,34.349937438964844,-5.94724702835083,8,7807.5
2021-11-13 15:52:16,34.34992980957031,-5.9473981857299805,8,7810.0
2021-11-13 15:52:22,34.34992218017578,-5.94754695892334,8,7815.0
2021-11-13 15:52:28,34.34991455078125,-5.947697162628174,8,7818.333333333334
2021-11-13 15:52:34,34.34990692138672,-5.947845935821533,8,7823.333333333333
2021-11-13 15:52:40,34.34990310668945,-5.947996139526367,8,7825.833333333333
2021-11-13 15:52:46,34.34990310668945,-5.948147773742676,8,7830.0
2021-11-13 15:52:52,34.34989547729492,-5.948299884796143,8,7833.333333333333
2021-11-13 15:52:58,34.34988784790039,-5.94844913482666,8,7837.5
2021-11-13 15:53:04,34.349884033203125,-5.948599815368652,8,7840.833333333333
2021-11-13 15:53:10,34.349876403808594,-5.948750019073486,8,7845.0
2021-11-13 15:53:16,34.34987258911133,-5.94890022277832,8,7849.166666666666
2021-11-13 15:53:22,34.34987258911133,-5.949056148529053,8,7853.333333333333
2021-11-13 15:53:28,34.3498649597168,-5.949209213256836,8,7855.833333333333
2021-11-13 15:53:34,34.349857330322266,-5.949358940124512,8,7860.0
2021-11-13 15:53:40,34.349853515625,-5.949510097503662,8,7864.166666666666
2021-11-13 15:53:46,34.34986114501953,-5.949657917022705,8,7866.666666666666
2021-11-13 15:53:52,34.34976577758789,-5.94974422454834,8,7871.666666666666
2021-11-13 15:53:58,34.34971618652344,-5.949617862701416,8,7875.0
2021-11-13 15:54:04,34.34970474243164,-5.949462890625,8,7878.333333333333
2021-11-13 15:54:10,34.34970474243164,-5.949310779571533,8,7881.666666666666
2021-11-13 15:54:16,34.34971237182617,-5.949157238006592,8,7885.0
2021-11-13 15:54:22,34.34971618652344,-5.949006080627441,7,7889.166666666666
2021-11-13 15:54:28,34.3497200012207,-5.948854923248291,8,7892.5
2021-11-13 15:54:34,34.34972381591797,-5.948703765869141,8,7897.5
2021-11-13 15:54:40,34.349727630615234,-5.948552131652832,8,7900.0
2021-11-13 15:54:46,34.3497314453125,-5.9484028816223145,8,7905.0
2021-11-13 15:54:52,34.349735260009766,-5.948254108428955,8,7907.5
2021-11-13 15:54:58,34.3497428894043,-5.948101043701172,8,7911.666666666666
2021-11-13 15:55:04,34.34974670410156,-5.9479498863220215,8,7915.833333333333
2021-11-13 15:55:10,34.349754333496094,-5.947799205780029,7,7918.333333333333
2021-11-13 15:55:16,34.349754333496094,-5.94764518737793,8,7921.666666666666
2021-11-13 15:55:22,34.349761962890625,-5.94749116897583,8,7925.0
2021-11-13 15:55:28,34.34976577758789,-5.947339057922363,8,7927.5
2021-11-13 15:55:34,34.34976959228516,-5.947187900543213,8,7930.833333333333
2021-11-13 15:55:40,34.34977340698242,-5.94703483581543,8,7933.333333333333
2021-11-13 15:55:46,34.34977722167969,-5.94688081741333,8,7939.166666666666
2021-11-13 15:55:52,34.34978485107422,-5.946726799011231,8,7942.5
2021-11-13 15:55:58,34.349796295166016,-5.946576118469238,8,7944.166666666666
2021-11-13 15:56:04,34.34980773925781,-5.946423053741455,8,7949.166666666666
2021-11-13 15:56:10,34.349815368652344,-5.946270942687988,8,7952.5
2021-11-13 15:56:16,34.349830627441406,-5.946122169494629,8,7955.0
2021-11-13 15:56:22,34.34983444213867,-5.945969104766846,8,7959.166666666666
2021-11-13 15:56:28,34.34994125366211,-5.945891857147217,9,7963.333333333333
2021-11-13 15:56:34,34.350006103515625,-5.946023941040039,8,7967.5
2021-11-13 15:56:40,34.349998474121094,-5.946177959442139,8,7968.333333333333
2021-11-13 15:56:46,34.34999465942383,-5.946331024169922,8,7972.5
2021-11-13 15:56:52,34.34999084472656,-5.946484088897705,8,7976.666666666666
2021-11-13 15:56:58,34.34998321533203,-5.946633815765381,7,7980.0
2021-11-13 15:57:04,34.3499755859375,-5.946786880493164,8,7984.166666666666
2021-11-13 15:57:10,34.3499755859375,-5.946938991546631,8,7986.666666666666
2021-11-13 15:57:16,34.34996795654297,-5.947090148925781,8,7990.0
2021-11-13 15:57:22,34.34996795654297,-5.947239875793457,8,7994.166666666666
2021-11-13 15:57:28,34.34996032714844,-5.947391986846924,8,7998.333333333333
2021-11-13 15:57:34,34.34995651245117,-5.947545051574707,8,8001.666666666666
2021-11-13 15:57:40,34.34994888305664,-5.947697162628174,8,8004.166666666666
2021-11-13 15:57:46,34.349945068359375,-5.947848796844482,8,8008.333333333333
2021-11-13 15:57:52,34.34994125366211,-5.947999954223633,8,8013.333333333333
2021-11-13 15:57:58,34.34993362426758,-5.948150157928467,8,8015.833333333333
2021-11-13 15:58:04,34.34992599487305,-5.948297023773193,8,8020.0
2021-11-13 15:58:10,34.34991836547852,-5.94844913482666,8,8024.166666666667
2021-11-13 15:58:16,34.349910736083984,-5.948602199554443,8,8026.666666666667
2021-11-13 15:58:22,34.34990310668945,-5.948750019073486,8,8031.666666666667
2021-11-13 15:58:28,34.34989547729492,-5.948901176452637,8,8035.0
2021-11-13 15:58:34,34.349891662597656,-5.949055194854736,8,8037.5
2021-11-13 15:58:40,34.34988784790039,-5.949203968048096,8,8043.333333333333
2021-11-13 15:58:46,34.349876403808594,-5.94935417175293,8,8045.0
2021-11-13 15:58:52,34.349876403808594,-5.949501991271973,7,8048.333333333333
2021-11-13 15:58:58,34.34986877441406,-5.949649810791016,8,8052.5
2021-11-13 15:59:04,34.349761962890625,-5.949724197387695,8,8055.833333333333
2021-11-13 15:59:10,34.34963607788086,-5.949745178222656,8,8059.166666666666
2021-11-13 15:59:16,34.349552154541016,-5.949639797210693,8,8062.5
2021-11-13 15:59:22,34.349544525146484,-5.949489116668701,8,8065.833333333333
2021-11-13 15:59:28,34.349552154541016,-5.949338912963867,8,8068.333333333333
2021-11-13 15:59:34,34.349552154541016,-5.949182987213135,7,8071.666666666666
2021-11-13 15:59:40,34.349552154541016,-5.949030876159668,8,8075.833333333333
2021-11-13 15:59:46,34.34955596923828,-5.948874950408936,8,8078.333333333334
2021-11-13 15:59:52,34.34956359863281,-5.948720932006836,8,8083.333333333334
2021-11-13 15:59:58,34.34956359863281,-5.9485697746276855,8,8087.500000000001
2021-11-13 16:00:04,34.349571228027344,-5.948418140411377,8,8090.000000000001
2021-11-13 16:00:10,34.34957504272461,-5.948265075683594,8,8095.000000000001
2021-11-13 16:00:16,34.349578857421875,-5.94811487197876,8,8098.333333333334
2021-11-13 16:00:22,34.349586486816406,-5.947961807250977,8,8101.666666666667
2021-11-13 16:00:28,34.349586486816406,-5.947813034057617,8,8105.833333333334
2021-11-13 16:00:34,34.34959030151367,-5.94766092300415,8,8110.0
2021-11-13 16:00:40,34.3495979309082,-5.947505950927734,8,8114.166666666667
2021-11-13 16:00:46,34.34960174560547,-5.947354793548584,8,8117.5
2021-11-13 16:00:52,34.349609375,-5.947202205657959,8,8120.833333333334
2021-11-13 16:00:58,34.349613189697266,-5.947052001953125,8,8124.166666666667
2021-11-13 16:01:04,34.34961700439453,-5.946897029876709,8,8127.5
2021-11-13 16:01:10,34.3496208190918,-5.946744918823242,8,8130.833333333334
2021-11-13 16:01:16,34.34962844848633,-5.94659423828125,8,8134.166666666667
2021-11-13 16:01:22,34.349632263183594,-5.946441173553467,8,8138.333333333334
2021-11-13 16:01:28,34.349639892578125,-5.946288108825684,8,8140.833333333334
2021-11-13 16:01:34,34.349647521972656,-5.9461350440979,8,8144.166666666667
2021-11-13 16:01:40,34.34965515136719,-5.945981025695801,8,8149.166666666667
2021-11-13 16:01:46,34.34968185424805,-5.945830821990967,9,8151.666666666667
2021-11-13 16:01:52,34.34981155395508,-5.945828914642334,8,8155.0
2021-11-13 16:01:58,34.349937438964844,-5.94586706161499,8,8159.166666666667
2021-11-13 16:02:04,34.350040435791016,-5.945972919464111,9,8162.5
2021-11-13 16:02:10,34.35002899169922,-5.946134090423584,8,8164.166666666667
2021-11-13 16:02:16,34.35002517700195,-5.946290016174316,8,8168.333333333334
2021-11-13 16:02:22,34.35001754760742,-5.946444034576416,8,8172.5
2021-11-13 16:02:28,34.35000991821289,-5.946601867675781,8,8175.833333333334
2021-11-13 16:02:34,34.350006103515625,-5.946753978729248,8,8179.166666666667
2021-11-13 16:02:40,34.350006103515625,-5.946906089782715,8,8183.333333333334
2021-11-13 16:02:46,34.35000228881836,-5.947059154510498,8,8185.0
2021-11-13 16:02:52,34.34999465942383,-5.94720983505249,8,8189.166666666667
2021-11-13 16:02:58,34.34999084472656,-5.947361946105957,8,8192.5
2021-11-13 16:03:04,34.3499870300293,-5.947512149810791,8,8197.5
2021-11-13 16:03:10,34.349979400634766,-5.9476637840271,8,8200.0
2021-11-13 16:03:16,34.349971771240234,-5.947816848754883,8,8204.166666666668
2021-11-13 16:03:22,34.34996795654297,-5.947969913482666,8,8209.166666666668
2021-11-13 16:03:28,34.34996032714844,-5.948122024536133,8,8210.833333333334
2021-11-13 16:03:34,34.349952697753906,-5.948273181915283,8,8215.833333333334
2021-11-13 16:03:40,34.349945068359375,-5.948421955108643,8,8217.5
2021-11-13 16:03:46,34.349937438964844,-5.948599815368652,8,8220.833333333334
2021-11-13 16:03:52,34.34992980957031,-5.948751926422119,8,8225.0
2021-11-13 16:03:58,34.34992218017578,-5.948904037475586,8,8226.666666666668
2021-11-13 16:04:04,34.34991836547852,-5.949055194854736,8,8231.666666666668
2021-11-13 16:04:10,34.349910736083984,-5.949203968048096,8,8234.166666666668
2021-11-13 16:04:16,34.34990692138672,-5.949329853057861,8,8237.5
2021-11-13 16:04:22,34.34990692138672,-5.949481010437012,8,8240.0
2021-11-13 16:04:28,34.34991455078125,-5.949629783630371,8,8241.666666666668
2021-11-13 16:04:34,34.34983825683594,-5.949737071990967,9,8243.333333333332
2021-11-13 16:04:40,34.34971237182617,-5.9497599601745605,8,8250.833333333332
2021-11-13 16:04:46,34.349586486816406,-5.949769973754883,8,8255.0
2021-11-13 16:04:52,34.34951400756836,-5.949643135070801,8,8259.166666666666
2021-11-13 16:04:58,34.349510192871094,-5.949480056762695,8,8261.666666666666
2021-11-13 16:05:04,34.34950637817383,-5.949309825897217,8,8265.0
2021-11-13 16:05:10,34.34951400756836,-5.949151992797852,7,8269.166666666666
2021-11-13 16:05:16,34.349517822265625,-5.948997020721436,8,8272.5
2021-11-13 16:05:22,34.349510192871094,-5.948832988739014,8,8276.666666666666
2021-11-13 16:05:28,34.34951400756836,-5.948678016662598,8,8280.0
2021-11-13 16:05:34,34.349517822265625,-5.948527812957764,8,8282.5
2021-11-13 16:05:40,34.349517822265625,-5.948376178741455,8,8286.666666666666
2021-11-13 16:05:46,34.34952545166016,-5.948225021362305,8,8290.0
2021-11-13 16:05:52,34.34952926635742,-5.948078155517578,8,8295.0
2021-11-13 16:05:58,34.34954071044922,-5.947926998138428,8,8297.5
2021-11-13 16:06:04,34.349544525146484,-5.9477739334106445,8,8300.833333333332
2021-11-13 16:06:10,34.349552154541016,-5.947620868682861,8,8305.0
2021-11-13 16:06:16,34.34955978393555,-5.947470188140869,8,8309.166666666668
2021-11-13 16:06:22,34.34956741333008,-5.9473161697387695,8,8312.5
2021-11-13 16:06:28,34.349571228027344,-5.947165012359619,8,8315.0
2021-11-13 16:06:34,34.34958267211914,-5.94701099395752,8,8319.166666666668
2021-11-13 16:06:40,34.34958267211914,-5.94685697555542,8,8323.333333333334
2021-11-13 16:06:46,34.34959030151367,-5.94670295715332,8,8327.5
2021-11-13 16:06:52,34.34959411621094,-5.94655179977417,8,8329.166666666668
2021-11-13 16:06:58,34.34960174560547,-5.946399211883545,8,8334.166666666668
2021-11-13 16:07:04,34.349605560302734,-5.9462480545043945,8,8336.666666666668
2021-11-13 16:07:10,34.349613189697266,-5.946105003356934,8,8341.666666666668
2021-11-13 16:07:16,34.34961700439453,-5.945960998535156,8,8344.166666666668
2021-11-13 16:07:22,34.349632263183594,-5.945812225341797,9,8348.333333333334
2021-11-13 16:07:28,34.34975814819336,-5.945794105529785,8,8352.5
2021-11-13 16:07:34,34.34988021850586,-5.945845127105713,9,8355.0
2021-11-13 16:07:40,34.35000228881836,-5.945917129516602,8,8359.166666666668
2021-11-13 16:07:46,34.35004806518555,-5.946070194244385,8,8361.666666666666
2021-11-13 16:07:52,34.35004806518555,-5.946230888366699,8,8365.833333333332
2021-11-13 16:07:58,34.35003662109375,-5.946387767791748,8,8368.333333333332
2021-11-13 16:08:04,34.35002899169922,-5.946540832519531,8,8372.5
2021-11-13 16:08:10,34.35002899169922,-5.946692943572998,8,8376.666666666666
2021-11-13 16:08:16,34.35002517700195,-5.946845054626465,8,8380.833333333332
2021-11-13 16:08:22,34.35002136230469,-5.946998119354248,8,8383.333333333332
2021-11-13 16:08:28,34.35001373291016,-5.947152137756348,8,8386.666666666666
2021-11-13 16:08:34,34.350006103515625,-5.947306156158447,8,8390.0
2021-11-13 16:08:40,34.35000228881836,-5.947457790374756,8,8393.333333333334
2021-11-13 16:08:46,34.34999084472656,-5.947608947753906,8,8395.833333333334
2021-11-13 16:08:52,34.349979400634766,-5.947760105133057,8,8399.166666666668
2021-11-13 16:08:58,34.3499755859375,-5.947909832000732,8,8403.333333333334
2021-11-13 16:09:04,34.349971771240234,-5.948061943054199,8,8405.833333333334
2021-11-13 16:09:10,34.3499641418457,-5.948212146759033,8,8410.0
2021-11-13 16:09:16,34.349952697753906,-5.948359966278076,8,8415.0
2021-11-13 16:09:22,34.349945068359375,-5.94851016998291,8,8417.5
2021-11-13 16:09:28,34.349937438964844,-5.948659896850586,8,8421.666666666666
2021-11-13 16:09:34,34.34993362426758,-5.948811054229736,8,8425.833333333332
2021-11-13 16:09:40,34.34992980957031,-5.94896411895752,8,8428.333333333332
2021-11-13 16:09:46,34.34992218017578,-5.949118137359619,8,8432.5
2021-11-13 16:09:52,34.34991836547852,-5.949269771575928,8,8435.0
2021-11-13 16:09:58,34.34991455078125,-5.949419975280762,8,8436.666666666666
2021-11-13 16:10:04,34.34992218017578,-5.949570178985596,8,8440.833333333332
2021-11-13 16:10:10,34.349891662597656,-5.949716091156006,8,8444.166666666666
2021-11-13 16:10:16,34.34977722167969,-5.9497389793396,5,8448.333333333332
2021-11-13 16:10:22,34.349666595458984,-5.949759006500244,8,8452.5
2021-11-13 16:10:28,34.349544525146484,-5.9497551918029785,9,8456.666666666666
2021-11-13 16:10:34,34.34947967529297,-5.949612140655518,8,8459.166666666666
2021-11-13 16:10:40,34.3494758605957,-5.949446201324463,8,8461.666666666666
2021-11-13 16:10:46,34.34947967529297,-5.949285984039307,8,8466.666666666666
2021-11-13 16:10:52,34.3494758605957,-5.949123859405518,8,8469.166666666666
2021-11-13 16:10:58,34.3494758605957,-5.948966979980469,8,8471.666666666668
2021-11-13 16:11:04,34.3494758605957,-5.948812007904053,8,8476.666666666668
2021-11-13 16:11:10,34.349483489990234,-5.948657989501953,8,8480.0
2021-11-13 16:11:16,34.3494873046875,-5.948503017425537,8,8482.5
2021-11-13 16:11:22,34.349491119384766,-5.948347091674805,8,8487.5
2021-11-13 16:11:28,34.3494987487793,-5.948196887969971,8,8490.833333333334
2021-11-13 16:11:34,34.34950256347656,-5.948047161102295,8,8495.833333333334
2021-11-13 16:11:40,34.349510192871094,-5.9478960037231445,7,8498.333333333334
2021-11-13 16:11:46,34.34951400756836,-5.947744846343994,8,8502.5
2021-11-13 16:11:52,34.349517822265625,-5.947597026824951,7,8505.833333333334
2021-11-13 16:11:58,34.34952163696289,-5.947443962097168,8,8509.166666666668
2021-11-13 16:12:04,34.34952545166016,-5.947292804718018,8,8514.166666666668
2021-11-13 16:12:10,34.34952926635742,-5.947144985198975,8,8516.666666666668
2021-11-13 16:12:16,34.34953308105469,-5.946998119354248,8,8520.833333333334
2021-11-13 16:12:22,34.34953689575195,-5.946846961975098,8,8525.833333333334
2021-11-13 16:12:28,34.349544525146484,-5.946697235107422,7,8527.5
2021-11-13 16:12:34,34.349552154541016,-5.946544170379639,8,8531.666666666668
2021-11-13 16:12:40,34.34956359863281,-5.946390151977539,8,8535.833333333334
2021-11-13 16:12:46,34.349571228027344,-5.946238994598389,8,8538.333333333334
2021-11-13 16:12:52,34.349578857421875,-5.946090221405029,8,8542.5
2021-11-13 16:12:58,34.349586486816406,-5.945934772491455,8,8546.666666666668
2021-11-13 16:13:04,34.34959030151367,-5.945792198181152,8,8550.833333333334
2021-11-13 16:13:10,34.34969711303711,-5.945804119110107,9,8555.0
2021-11-13 16:13:16,34.34968566894531,-5.94596004486084,8,8557.5
2021-11-13 16:13:22,34.34968185424805,-5.946105003356934,8,8560.833333333334
2021-11-13 16:13:28,34.34967422485352,-5.946259021759033,8,8565.833333333334
2021-11-13 16:13:34,34.34967041015625,-5.946413993835449,8,8569.166666666668
2021-11-13 16:13:40,34.34967041015625,-5.946568012237549,8,8572.5
2021-11-13 16:13:46,34.34967041015625,-5.946724891662598,8,8575.833333333334
2021-11-13 16:13:52,34.34967041015625,-5.946877956390381,8,8578.333333333334
2021-11-13 16:13:58,34.34967041015625,-5.947033882141113,8,8582.5
2021-11-13 16:14:04,34.349666595458984,-5.947188854217529,8,8586.666666666668
2021-11-13 16:14:10,34.34966278076172,-5.947343826293945,8,8589.166666666668
2021-11-13 16:14:16,34.34965515136719,-5.947494983673096,8,8594.166666666668
2021-11-13 16:14:22,34.34965133666992,-5.947641849517822,8,8598.333333333334
2021-11-13 16:14:28,34.349647521972656,-5.94779109954834,8,8600.833333333334
2021-11-13 16:14:34,34.34963607788086,-5.947937965393066,8,8604.166666666668
2021-11-13 16:14:40,34.34962844848633,-5.9480881690979,8,8610.0
2021-11-13 16:14:46,34.34962463378906,-5.948241233825684,8,8611.666666666668
2021-11-13 16:14:52,34.34962463378906,-5.948393821716309,8,8615.833333333334
2021-11-13 16:14:58,34.3496208190918,-5.948545932769775,8,8620.0
2021-11-13 16:15:04,34.3496208190918,-5.948698997497559,8,8622.5
2021-11-13 16:15:10,34.34961700439453,-5.948850154876709,8,8626.666666666666
2021-11-13 16:15:16,34.349609375,-5.949001789093018,8,8630.833333333332
2021-11-13 16:15:22,34.349605560302734,-5.949153900146484,7,8633.333333333332
2021-11-13 16:15:28,34.349605560302734,-5.949306964874268,8,8637.5
2021-11-13 16:15:34,34.3495979309082,-5.949459075927734,8,8641.666666666666
2021-11-13 16:15:40,34.3495979309082,-5.949607849121094,7,8645.833333333332
2021-11-13 16:15:46,34.349586486816406,-5.949750900268555,8,8650.0
2021-11-13 16:15:52,34.3494758605957,-5.949711799621582,7,8651.666666666668
2021-11-13 16:15:58,34.34944152832031,-5.949552059173584,8,8655.833333333334
2021-11-13 16:16:04,34.34944152832031,-5.949397087097168,7,8660.0
2021-11-13 16:16:10,34.34943389892578,-5.949235916137695,7,8664.166666666668
2021-11-13 16:16:16,34.34943771362305,-5.949090003967285,7,8666.666666666668
2021-11-13 16:16:22,34.34943771362305,-5.9489359855651855,8,8670.833333333334
2021-11-13 16:16:28,34.34944152832031,-5.948785781860352,8,8674.166666666668
2021-11-13 16:16:34,34.349449157714844,-5.948636054992676,8,8677.5
2021-11-13 16:16:40,34.349449157714844,-5.948483943939209,8,8680.833333333334
2021-11-13 16:16:46,34.349456787109375,-5.948334217071533,8,8685.833333333334
2021-11-13 16:16:52,34.34946823120117,-5.948183059692383,8,8690.0
2021-11-13 16:16:58,34.34947967529297,-5.948034763336182,8,8692.5
2021-11-13 16:17:04,34.349483489990234,-5.9478840827941895,8,8696.666666666668
2021-11-13 16:17:10,34.3494873046875,-5.947731971740723,8,8700.833333333334
2021-11-13 16:17:16,34.349491119384766,-5.947577953338623,8,8703.333333333334
2021-11-13 16:17:22,34.3494987487793,-5.947429180145264,8,8707.5
2021-11-13 16:17:28,34.34950637817383,-5.947278022766113,8,8710.833333333334
2021-11-13 16:17:34,34.34950637817383,-5.947125911712647,8,8715.0
2021-11-13 16:17:40,34.34951400756836,-5.94697380065918,8,8719.166666666668
2021-11-13 16:17:46,34.349517822265625,-5.946823120117188,8,8721.666666666668
2021-11-13 16:17:52,34.34952545166016,-5.946668148040772,8,8725.833333333334
2021-11-13 16:17:58,34.34952926635742,-5.946516990661621,8,8730.0
2021-11-13 16:18:04,34.34953689575195,-5.946369171142578,8,8732.5
2021-11-13 16:18:10,34.34954833984375,-5.946218967437744,8,8736.666666666668
2021-11-13 16:18:16,34.349552154541016,-5.946071147918701,8,8741.666666666668
2021-11-13 16:18:22,34.34955978393555,-5.945921897888184,8,8743.333333333334
2021-11-13 16:18:28,34.349586486816406,-5.945775985717773,9,8745.0
2021-11-13 16:18:34,34.349708557128906,-5.945810794830322,9,8750.0
2021-11-13 16:18:40,34.3497200012207,-5.945968151092529,8,8753.333333333334
2021-11-13 16:18:46,34.34971237182617,-5.946119785308838,7,8756.666666666668
2021-11-13 16:18:52,34.34970474243164,-5.946272850036621,7,8760.0
2021-11-13 16:18:58,34.349700927734375,-5.946424961090088,8,8765.0
2021-11-13 16:19:04,34.349700927734375,-5.946578979492188,8,8769.166666666668
2021-11-13 16:19:10,34.349700927734375,-5.946732044219971,8,8770.833333333334
2021-11-13 16:19:16,34.34969711303711,-5.946887016296387,8,8775.0
2021-11-13 16:19:22,34.34969711303711,-5.947038173675537,8,8779.166666666668
2021-11-13 16:19:28,34.349693298339844,-5.947188854217529,8,8781.666666666668
2021-11-13 16:19:34,34.34968566894531,-5.94733476638794,8,8785.833333333334
2021-11-13 16:19:40,34.34968185424805,-5.94748592376709,8,8790.833333333334
2021-11-13 16:19:46,34.34967422485352,-5.947638988494873,8,8794.166666666668
2021-11-13 16:19:52,34.34967041015625,-5.94779109954834,8,8795.833333333334
2021-11-13 16:19:58,34.34965896606445,-5.947944164276123,8,8800.0
2021-11-13 16:20:04,34.34965515136719,-5.948092937469482,8,8804.166666666668
2021-11-13 16:20:10,34.349647521972656,-5.948246002197266,8,8808.333333333334
2021-11-13 16:20:16,34.349647521972656,-5.948400974273682,8,8810.833333333334
2021-11-13 16:20:22,34.34964370727539,-5.948552131652832,8,8815.833333333334
2021-11-13 16:20:28,34.349639892578125,-5.948702812194824,8,8819.166666666668
2021-11-13 16:20:34,34.34963607788086,-5.948853969573975,8,8823.333333333334
2021-11-13 16:20:40,34.349632263183594,-5.949003219604492,8,8827.5
2021-11-13 16:20:46,34.34962844848633,-5.949152946472168,8,8829.166666666668
2021-11-13 16:20:52,34.34963607788086,-5.949304103851318,8,8832.5
2021-11-13 16:20:58,34.3496208190918,-5.949452877044678,8,8836.666666666668
2021-11-13 16:21:04,34.34962463378906,-5.949603080749512,7,8840.0
2021-11-13 16:21:10,34.349609375,-5.949748992919922,9,8842.5
2021-11-13 16:21:16,34.3494873046875,-5.949779987335205,9,8845.833333333334
2021-11-13 16:21:22,34.34943771362305,-5.94964599609375,8,8850.0
2021-11-13 16:21:28,34.34943008422852,-5.94949197769165,8,8854.166666666668
2021-11-13 16:21:34,34.34943389892578,-5.949338912963867,8,8856.666666666668
2021-11-13 16:21:40,34.34943771362305,-5.949183940887451,8,8861.666666666668
2021-11-13 16:21:46,34.34944534301758,-5.949029922485352,8,8863.333333333334
2021-11-13 16:21:52,34.349449157714844,-5.948876857757568,8,8866.666666666668
2021-11-13 16:21:58,34.349449157714844,-5.94872522354126,8,8870.833333333334
2021-11-13 16:22:04,34.34945297241211,-5.948573112487793,8,8875.0
2021-11-13 16:22:10,34.349456787109375,-5.948421955108643,8,8877.5
2021-11-13 16:22:16,34.349456787109375,-5.948267936706543,8,8881.666666666668
2021-11-13 16:22:22,34.34946823120117,-5.948113918304443,8,8886.666666666668
2021-11-13 16:22:28,34.3494758605957,-5.947963237762451,7,8889.166666666668
2021-11-13 16:22:34,34.34947967529297,-5.947809219360352,8,8892.5
2021-11-13 16:22:40,34.34947967529297,-5.947659015655518,8,8896.666666666668
2021-11-13 16:22:46,34.349483489990234,-5.947514057159424,7,8901.666666666668
2021-11-13 16:22:52,34.34949493408203,-5.947371006011963,7,8904.166666666668
2021-11-13 16:22:58,34.3494987487793,-5.9472270011901855,7,8909.166666666668
2021-11-13 16:23:04,34.3494987487793,-5.947083950042725,7,8913.333333333334
2021-11-13 16:23:10,34.34950256347656,-5.946937084197998,7,8915.833333333334
2021-11-13 16:23:16,34.349510192871094,-5.946791172027588,8,8919.166666666668
2021-11-13 16:23:22,34.34951400756836,-5.9466400146484375,8,8924.166666666668
2021-11-13 16:23:28,34.34952163696289,-5.946547031402588,1,8929.166666666668
2021-11-13 16:23:34,34.349517822265625,-5.9466071128845215,0,8935.0
2021-11-13 16:23:40,34.34952163696289,-5.94655704498291,7,8938.333333333334
2021-11-13 16:23:46,34.34952926635742,-5.946418762207031,7,8943.333333333332
2021-11-13 16:23:52,34.34953689575195,-5.946275234222412,7,8946.666666666666
2021-11-13 16:23:58,34.349544525146484,-5.946125984191895,8,8949.166666666666
2021-11-13 16:24:04,34.349552154541016,-5.945971012115479,8,8952.5
2021-11-13 16:24:10,34.34955596923828,-5.945817947387695,8,8957.5
2021-11-13 16:24:16,34.34963607788086,-5.945716857910156,9,8960.833333333332
2021-11-13 16:24:22,34.34974670410156,-5.945803165435791,9,8963.333333333332
2021-11-13 16:24:28,34.349761962890625,-5.945970058441162,9,8967.5
2021-11-13 16:24:34,34.349754333496094,-5.946127891540527,8,8970.0
2021-11-13 16:24:40,34.34974670410156,-5.946287155151367,8,8975.0
2021-11-13 16:24:46,34.3497428894043,-5.946444988250732,8,8978.333333333332
2021-11-13 16:24:52,34.34973907470703,-5.946602821350098,8,8982.5
2021-11-13 16:24:58,34.349735260009766,-5.946761131286621,8,8987.5
2021-11-13 16:25:04,34.349727630615234,-5.94691801071167,8,8992.5
2021-11-13 16:25:10,34.349727630615234,-5.947080135345459,9,8994.166666666666
2021-11-13 16:25:16,34.3497200012207,-5.947237014770508,8,8997.5
2021-11-13 16:25:22,34.34971237182617,-5.947394847869873,8,9002.5
2021-11-13 16:25:28,34.349708557128906,-5.9475507736206055,8,9006.666666666668
2021-11-13 16:25:34,34.349700927734375,-5.947707176208496,8,9010.0
2021-11-13 16:25:40,34.34969711303711,-5.947861194610596,8,9014.166666666668
2021-11-13 16:25:46,34.34968566894531,-5.948016166687012,8,9019.166666666668
2021-11-13 16:25:52,34.34968185424805,-5.948174953460693,8,9022.5
2021-11-13 16:25:58,34.34968185424805,-5.948332786560059,8,9025.0
2021-11-13 16:26:04,34.34967803955078,-5.948488235473633,8,9030.833333333334
2021-11-13 16:26:10,34.34967803955078,-5.948645114898682,8,9035.0
2021-11-13 16:26:16,34.34967422485352,-5.948802947998047,8,9038.333333333334
2021-11-13 16:26:22,34.34967041015625,-5.948958873748779,8,9041.666666666668
2021-11-13 16:26:28,34.34967041015625,-5.949112892150879,8,9043.333333333334
2021-11-13 16:26:34,34.34967041015625,-5.949267864227295,8,9045.0
2021-11-13 16:26:40,34.349666595458984,-5.9494218826293945,8,9052.5
2021-11-13 16:26:46,34.34966278076172,-5.949574947357178,8,9057.5
2021-11-13 16:26:52,34.34965896606445,-5.949728012084961,9,9060.833333333334
2021-11-13 16:26:58,34.34953689575195,-5.94979190826416,8,9065.833333333332
2021-11-13 16:27:04,34.34941864013672,-5.949746131896973,9,9069.166666666666
2021-11-13 16:27:10,34.349403381347656,-5.949584007263184,9,9071.666666666666
2021-11-13 16:27:16,34.349403381347656,-5.949429035186768,8,9076.666666666666
2021-11-13 16:27:22,34.34941101074219,-5.949272155761719,8,9080.0
2021-11-13 16:27:28,34.34940719604492,-5.949116230010986,8,9084.166666666666
2021-11-13 16:27:34,34.34941482543945,-5.948958873748779,8,9087.5
2021-11-13 16:27:40,34.34941482543945,-5.948799133300781,8,9091.666666666666
2021-11-13 16:27:46,34.34941864013672,-5.948638916015625,8,9095.833333333334
2021-11-13 16:27:52,34.349422454833984,-5.94848108291626,8,9100.0
2021-11-13 16:27:58,34.34943008422852,-5.948325157165527,8,9102.5
2021-11-13 16:28:04,34.34943771362305,-5.948172092437744,8,9106.666666666666
2021-11-13 16:28:10,34.34944152832031,-5.9480180740356445,8,9110.833333333332
2021-11-13 16:28:16,34.34944534301758,-5.9478631019592285,8,9115.833333333332
2021-11-13 16:28:22,34.349449157714844,-5.94770622253418,8,9118.333333333334
2021-11-13 16:28:28,34.34945297241211,-5.947547912597656,8,9121.666666666666
2021-11-13 16:28:34,34.34945297241211,-5.947393894195557,8,9126.666666666666
2021-11-13 16:28:40,34.349449157714844,-5.947234153747559,8,9130.833333333332
2021-11-13 16:28:46,34.349456787109375,-5.947075843811035,8,9135.0
2021-11-13 16:28:52,34.349464416503906,-5.946920871734619,8,9137.5
2021-11-13 16:28:58,34.34946823120117,-5.946764945983887,8,9142.5
2021-11-13 16:29:04,34.3494758605957,-5.946613788604736,8,9144.166666666666
2021-11-13 16:29:10,34.349483489990234,-5.946461200714111,8,9148.333333333332
2021-11-13 16:29:16,34.349491119384766,-5.946307182312012,8,9153.333333333332
2021-11-13 16:29:22,34.34950637817383,-5.946157932281494,8,9157.5
2021-11-13 16:29:28,34.349510192871094,-5.946002006530762,8,9160.833333333332
2021-11-13 16:29:34,34.34952163696289,-5.945847988128662,9,9164.166666666666
2021-11-13 16:29:40,34.34962844848633,-5.9457621574401855,9,9167.5
2021-11-13 16:29:46,34.34975051879883,-5.945827007293701,8,9170.833333333334
2021-11-13 16:29:52,34.34976577758789,-5.945985794067383,8,9173.333333333334
2021-11-13 16:29:58,34.34975814819336,-5.946140766143799,8,9175.833333333334
2021-11-13 16:30:04,34.349754333496094,-5.9462971687316895,8,9180.833333333334
2021-11-13 16:30:10,34.34975051879883,-5.946455001831055,8,9185.0
2021-11-13 16:30:16,34.34975051879883,-5.94661283493042,8,9189.166666666666
2021-11-13 16:30:22,34.3497428894043,-5.946771144866943,8,9191.666666666666
2021-11-13 16:30:28,34.3497428894043,-5.946928024291992,8,9195.833333333332
2021-11-13 16:30:34,34.349735260009766,-5.947082042694092,8,9200.0
2021-11-13 16:30:40,34.349727630615234,-5.947237014770508,8,9204.166666666666
2021-11-13 16:30:46,34.3497200012207,-5.947393894195557,8,9206.666666666666
2021-11-13 16:30:52,34.34971618652344,-5.94755220413208,8,9211.666666666666
2021-11-13 16:30:58,34.34971237182617,-5.9477081298828125,8,9215.0
2021-11-13 16:31:04,34.349700927734375,-5.947865009307861,8,9219.166666666666
2021-11-13 16:31:10,34.34969711303711,-5.9480180740356445,8,9220.833333333332
2021-11-13 16:31:16,34.349693298339844,-5.948173999786377,8,9225.0
2021-11-13 16:31:22,34.34968948364258,-5.948328971862793,8,9230.0
2021-11-13 16:31:28,34.34968948364258,-5.948484897613525,8,9232.5
2021-11-13 16:31:34,34.34968566894531,-5.948639869689941,8,9237.5
2021-11-13 16:31:40,34.34968566894531,-5.948791980743408,8,9240.833333333332
2021-11-13 16:31:46,34.34968185424805,-5.948946952819824,8,9244.166666666666
2021-11-13 16:31:52,34.34967422485352,-5.949100017547607,8,9247.5
2021-11-13 16:31:58,34.34967422485352,-5.949254989624023,8,9253.333333333332
2021-11-13 16:32:04,34.34967422485352,-5.949406147003174,8,9255.833333333332
2021-11-13 16:32:10,34.34967422485352,-5.949563026428223,8,9260.0
2021-11-13 16:32:16,34.34968948364258,-5.949718952178955,9,9265.0
2021-11-13 16:32:22,34.34956741333008,-5.949786186218262,8,9266.666666666668
2021-11-13 16:32:28,34.34944152832031,-5.949793815612793,7,9269.166666666668
2021-11-13 16:32:34,34.34931564331055,-5.94980001449585,8,9273.333333333332
2021-11-13 16:32:40,34.349205017089844,-5.949729919433594,9,9277.5
2021-11-13 16:32:46,34.34919738769531,-5.949578762054443,8,9280.833333333332
2021-11-13 16:32:52,34.34919738769531,-5.949418067932129,8,9285.0
2021-11-13 16:32:58,34.34919357299805,-5.949258804321289,8,9288.333333333332
2021-11-13 16:33:04,34.34919357299805,-5.949100971221924,8,9293.333333333332
2021-11-13 16:33:10,34.34919738769531,-5.948942184448242,8,9295.0
2021-11-13 16:33:16,34.34920120239258,-5.948785781860352,8,9299.166666666666
2021-11-13 16:33:22,34.349205017089844,-5.948628902435303,8,9303.333333333334
2021-11-13 16:33:28,34.34921646118164,-5.94847297668457,8,9307.5
2021-11-13 16:33:34,34.349220275878906,-5.948314189910889,8,9310.833333333334
2021-11-13 16:33:40,34.34922409057617,-5.948159217834473,8,9314.166666666668
2021-11-13 16:33:46,34.34922790527344,-5.948003768920898,8,9317.5
2021-11-13 16:33:52,34.34923553466797,-5.947851181030273,8,9321.666666666668
2021-11-13 16:33:58,34.3492431640625,-5.947696208953857,8,9324.166666666668
2021-11-13 16:34:04,34.34925079345703,-5.947541236877441,8,9329.166666666668
2021-11-13 16:34:10,34.34925079345703,-5.947383880615234,8,9333.333333333332
2021-11-13 16:34:16,34.3492546081543,-5.947227954864502,8,9337.5
2021-11-13 16:34:22,34.34926223754883,-5.947074890136719,8,9340.833333333332
2021-11-13 16:34:28,34.34926986694336,-5.946921825408936,8,9343.333333333332
2021-11-13 16:34:34,34.349273681640625,-5.946769237518311,8,9348.333333333332
2021-11-13 16:34:40,34.34927749633789,-5.946613788604736,8,9352.5
2021-11-13 16:34:46,34.34928131103516,-5.946461200714111,8,9355.833333333332
2021-11-13 16:34:52,34.34928894042969,-5.9463090896606445,8,9360.0
2021-11-13 16:34:58,34.34929275512695,-5.946156024932861,8,9363.333333333332
2021-11-13 16:35:04,34.34930419921875,-5.946000099182129,8,9367.5
2021-11-13 16:35:10,34.34931945800781,-5.945845127105713,8,9370.0
2021-11-13 16:35:16,34.34933090209961,-5.945693016052246,8,9375.0
2021-11-13 16:35:22,34.349422454833984,-5.945651054382324,7,9378.333333333332
2021-11-13 16:35:28,34.34952926635742,-5.945703029632568,8,9380.0
2021-11-13 16:35:34,34.349647521972656,-5.945737838745117,8,9383.333333333332
2021-11-13 16:35:40,34.34975814819336,-5.945806980133057,7,9385.0
2021-11-13 16:35:46,34.349796295166016,-5.945949077606201,8,9389.166666666668
2021-11-13 16:35:52,34.349788665771484,-5.946103096008301,8,9393.333333333332
2021-11-13 16:35:58,34.34978485107422,-5.946262836456299,8,9397.5
2021-11-13 16:36:04,34.34977722167969,-5.946420192718506,8,9401.666666666668
2021-11-13 16:36:10,34.34977340698242,-5.946576118469238,8,9405.0
2021-11-13 16:36:16,34.34977722167969,-5.946732997894287,8,9409.166666666668
2021-11-13 16:36:22,34.34976959228516,-5.946891784667969,8,9411.666666666668
2021-11-13 16:36:28,34.34976959228516,-5.947048187255859,8,9415.833333333332
2021-11-13 16:36:34,34.34975814819336,-5.947204113006592,8,9418.333333333334
2021-11-13 16:36:40,34.34975051879883,-5.947360038757324,8,9423.333333333334
2021-11-13 16:36:46,34.34974670410156,-5.94751501083374,8,9427.5
2021-11-13 16:36:52,34.349735260009766,-5.947669982910156,8,9431.666666666668
2021-11-13 16:36:58,34.3497314453125,-5.947826862335205,8,9434.166666666668
2021-11-13 16:37:04,34.34972381591797,-5.947980880737305,8,9439.166666666668
2021-11-13 16:37:10,34.34971618652344,-5.948136806488037,8,9442.5
2021-11-13 16:37:16,34.349708557128906,-5.948291778564453,8,9446.666666666668
2021-11-13 16:37:22,34.34970474243164,-5.948447227478027,8,9450.0
2021-11-13 16:37:28,34.34969711303711,-5.948602199554443,8,9454.166666666668
2021-11-13 16:37:34,34.34969711303711,-5.948758125305176,8,9458.333333333334
2021-11-13 16:37:40,34.34968948364258,-5.948911190032959,8,9462.5
2021-11-13 16:37:46,34.34968566894531,-5.949066162109375,8,9465.0
2021-11-13 16:37:52,34.34967422485352,-5.949216842651367,8,9469.166666666668
2021-11-13 16:37:58,34.349666595458984,-5.949368000030518,8,9473.333333333334
2021-11-13 16:38:04,34.34967041015625,-5.949521064758301,8,9478.333333333334
2021-11-13 16:38:10,34.34968566894531,-5.949676036834717,8,9480.833333333334
2021-11-13 16:38:16,34.3495979309082,-5.949779987335205,8,9484.166666666668
2021-11-13 16:38:22,34.34947204589844,-5.94980001449585,8,9488.333333333334
2021-11-13 16:38:28,34.3493537902832,-5.9498209953308105,8,9492.5
2021-11-13 16:38:34,34.3492317199707,-5.949842929840088,7,9496.666666666668
2021-11-13 16:38:40,34.34917449951172,-5.949713230133057,8,9499.166666666668
2021-11-13 16:38:46,34.34917068481445,-5.949560165405273,8,9502.5
2021-11-13 16:38:52,34.34917068481445,-5.94940185546875,8,9506.666666666668
2021-11-13 16:38:58,34.349178314208984,-5.949248790740967,8,9510.0
2021-11-13 16:39:04,34.349178314208984,-5.949096202850342,8,9515.0
2021-11-13 16:39:10,34.349178314208984,-5.948936939239502,8,9517.5
2021-11-13 16:39:16,34.34918212890625,-5.948781967163086,8,9521.666666666668
2021-11-13 16:39:22,34.34918975830078,-5.948627948760986,8,9525.0
2021-11-13 16:39:28,34.34919357299805,-5.9484710693359375,8,9529.166666666668
2021-11-13 16:39:34,34.34919738769531,-5.948314189910889,8,9532.5
2021-11-13 16:39:40,34.349205017089844,-5.948155879974365,8,9535.833333333334
2021-11-13 16:39:46,34.349212646484375,-5.948003768920898,8,9539.166666666668
2021-11-13 16:39:52,34.34921646118164,-5.94784688949585,8,9544.166666666668
2021-11-13 16:39:58,34.34922409057617,-5.947690963745117,8,9548.333333333334
2021-11-13 16:40:04,34.34922790527344,-5.947535991668701,8,9551.666666666668
2021-11-13 16:40:10,34.34923553466797,-5.947379112243652,8,9555.833333333334
2021-11-13 16:40:16,34.349239349365234,-5.94722318649292,8,9559.166666666668
2021-11-13 16:40:22,34.3492431640625,-5.94706916809082,8,9563.333333333334
2021-11-13 16:40:28,34.34925079345703,-5.946916103363037,8,9566.666666666668
2021-11-13 16:40:34,34.3492546081543,-5.94676399230957,8,9570.833333333334
2021-11-13 16:40:40,34.3492546081543,-5.946609973907471,8,9575.833333333334
2021-11-13 16:40:46,34.34925842285156,-5.946455001831055,9,9578.333333333334
2021-11-13 16:40:52,34.349266052246094,-5.946301937103272,8,9581.666666666666
2021-11-13 16:40:58,34.34927749633789,-5.946153163909912,8,9585.0
2021-11-13 16:41:04,34.34928512573242,-5.9459991455078125,8,9589.166666666666
2021-11-13 16:41:10,34.34929656982422,-5.945847034454346,8,9593.333333333334
2021-11-13 16:41:16,34.34929656982422,-5.945703983306885,6,9597.5
2021-11-13 16:41:22,34.34947204589844,-5.945693016052246,7,9600.833333333332
2021-11-13 16:41:28,34.34941864013672,-5.945785999298096,7,9604.166666666668
2021-11-13 16:41:34,34.34931182861328,-5.945763111114502,7,9606.666666666668
2021-11-13 16:41:40,34.34919738769531,-5.945716857910156,8,9610.0
2021-11-13 16:41:46,34.349082946777344,-5.945669174194336,8,9612.5
2021-11-13 16:41:52,34.34896469116211,-5.945620059967041,8,9615.833333333332
2021-11-13 16:41:58,34.348846435546875,-5.94557523727417,8,9619.166666666668
2021-11-13 16:42:04,34.34872817993164,-5.9455437660217285,8,9621.666666666668
2021-11-13 16:42:10,34.3486442565918,-5.94545316696167,8,9625.833333333332
2021-11-13 16:42:16,34.34871292114258,-5.945366859436035,6,9628.333333333332
2021-11-13 16:42:22,34.34872055053711,-5.945372104644775,0,9635.0
2021-11-13 16:42:28,34.34872055053711,-5.945368766784668,0,9636.666666666668
2021-11-13 16:42:34,34.34872055053711,-5.945368766784668,0,9643.333333333332
2021-11-13 16:42:40,34.34872055053711,-5.945368766784668,0,9648.333333333332
2021-11-13 16:42:46,34.34872055053711,-5.945368766784668,0,9650.833333333332
2021-11-13 16:42:52,34.34872055053711,-5.945368766784668,0,9661.666666666666
2021-11-13 16:42:58,34.34872055053711,-5.945368766784668,0,9667.5
2021-11-13 16:43:04,34.34872055053711,-5.945368766784668,0,9671.666666666666
2021-11-13 16:43:10,34.34872055053711,-5.945368766784668,0,9675.833333333332
2021-11-13 16:43:16,34.34872055053711,-5.945368766784668,0,9680.833333333332
2021-11-13 16:43:22,34.34872055053711,-5.945368766784668,0,9684.166666666666
2021-11-13 16:43:28,34.34872055053711,-5.945368766784668,0,9690.0
2021-11-13 16:43:34,34.34872055053711,-5.945368766784668,0,9695.833333333332
2021-11-13 16:43:40,34.34872055053711,-5.945368766784668,0,9698.333333333332
2021-11-13 16:43:46,34.34872055053711,-5.945368766784668,0,9702.5
2021-11-13 16:43:52,34.34872055053711,-5.945368766784668,0,9708.333333333332
2021-11-13 16:43:58,34.34872055053711,-5.945368766784668,0,9711.666666666668
2021-11-13 16:44:04,34.34872055053711,-5.945368766784668,0,9719.166666666668
2021-11-13 16:44:10,34.34872055053711,-5.945368766784668,0,9724.166666666668
2021-11-13 16:44:16,34.34872055053711,-5.945368766784668,0,9730.0
2021-11-13 16:44:22,34.34872055053711,-5.945368766784668,0,9733.333333333332
2021-11-13 16:44:28,34.34872055053711,-5.945368766784668,0,9741.666666666666
2021-11-13 16:44:34,34.34872055053711,-5.945368766784668,0,9746.666666666666
2021-11-13 16:44:40,34.34872055053711,-5.945368766784668,0,9750.0
2021-11-13 16:44:46,34.34872055053711,-5.945368766784668,0,9755.833333333332
2021-11-13 16:44:52,34.34872055053711,-5.945368766784668,0,9761.666666666666
2021-11-13 16:44:58,34.34872055053711,-5.945368766784668,0,9765.833333333332
2021-11-13 16:45:04,34.34872055053711,-5.945368766784668,0,9772.5
2021-11-13 16:45:10,34.34872055053711,-5.945368766784668,0,9777.5
2021-11-13 16:45:16,34.34872055053711,-5.945368766784668,0,9781.666666666666
2021-11-13 16:45:22,34.34872055053711,-5.945368766784668,0,9787.5
2021-11-13 16:45:28,34.34872055053711,-5.945368766784668,0,9790.833333333332
2021-11-13 16:45:34,34.34872055053711,-5.945368766784668,0,9796.666666666666
2021-11-13 16:45:40,34.34872055053711,-5.945368766784668,0,9801.666666666666
2021-11-13 16:45:46,34.34872055053711,-5.945368766784668,0,9809.166666666666
2021-11-13 16:45:52,34.34872055053711,-5.945368766784668,0,9812.5
2021-11-13 16:45:58,34.34872055053711,-5.945368766784668,0,9818.333333333332
2021-11-13 16:46:04,34.34872055053711,-5.945368766784668,0,9824.166666666666
2021-11-13 16:46:10,34.34872055053711,-5.945368766784668,0,9827.5
2021-11-13 16:46:16,34.34872055053711,-5.945368766784668,0,9831.666666666666
2021-11-13 16:46:22,34.34872055053711,-5.945368766784668,0,9835.0
2021-11-13 16:46:28,34.34872055053711,-5.945368766784668,0,9842.5
2021-11-13 16:46:34,34.34872055053711,-5.945368766784668,0,9849.166666666666
2021-11-13 16:46:40,34.34872055053711,-5.945368766784668,0,9855.0
2021-11-13 16:46:46,34.34872055053711,-5.945368766784668,0,9859.166666666666
2021-11-13 16:46:52,34.34872055053711,-5.945368766784668,0,9865.0
2021-11-13 16:46:58,34.34872055053711,-5.945368766784668,0,9868.333333333332
2021-11-13 16:47:04,34.34872055053711,-5.945368766784668,0,9875.0
2021-11-13 16:47:10,34.34872055053711,-5.945368766784668,0,9880.0
2021-11-13 16:47:16,34.34872055053711,-5.945368766784668,0,9883.333333333332
2021-11-13 16:47:22,34.34872055053711,-5.945368766784668,0,9888.333333333332
2021-11-13 16:47:28,34.34872055053711,-5.945368766784668,0,9893.333333333332
2021-11-13 16:47:34,34.34872055053711,-5.945368766784668,0,9901.666666666666
2021-11-13 16:47:40,34.34872055053711,-5.945368766784668,0,9905.833333333332
2021-11-13 16:47:46,34.34872055053711,-5.945368766784668,0,9909.166666666668
2021-11-13 16:47:52,34.34872055053711,-5.945368766784668,0,9913.333333333334
2021-11-13 16:47:58,34.34872055053711,-5.945368766784668,0,9919.166666666668
2021-11-13 16:48:04,34.34872055053711,-5.945368766784668,0,9922.5
2021-11-13 16:48:10,34.34872055053711,-5.945368766784668,0,9928.333333333334
2021-11-13 16:48:16,34.34872055053711,-5.945368766784668,0,9932.5
2021-11-13 16:48:22,34.34872055053711,-5.945368766784668,0,9938.333333333334
2021-11-13 16:48:28,34.34872055053711,-5.945368766784668,0,9943.333333333334
2021-11-13 16:48:34,34.34872055053711,-5.945368766784668,0,9950.0
2021-11-13 16:48:40,34.34872055053711,-5.945368766784668,0,9952.5
2021-11-13 16:48:46,34.34872055053711,-5.945368766784668,0,9955.833333333334
2021-11-13 16:48:52,34.34872055053711,-5.945368766784668,0,9962.5
2021-11-13 16:48:58,34.34872055053711,-5.945368766784668,0,9968.333333333334
2021-11-13 16:49:04,34.34872055053711,-5.945368766784668,0,9974.166666666666
2021-11-13 16:49:10,34.34872055053711,-5.945368766784668,0,9978.333333333334
2021-11-13 16:49:16,34.34872055053711,-5.945368766784668,0,9984.166666666666
2021-11-13 16:49:22,34.34872055053711,-5.945368766784668,0,9987.5
2021-11-13 16:49:28,34.34872055053711,-5.945368766784668,0,9993.333333333332
2021-11-13 16:49:34,34.34872055053711,-5.945368766784668,0,9997.5
2021-11-13 16:49:40,34.34872055053711,-5.945368766784668,0,10002.5
2021-11-13 16:49:46,34.34872055053711,-5.945368766784668,0,10009.166666666666
2021-11-13 16:49:52,34.34872055053711,-5.945368766784668,0,10013.333333333332
2021-11-13 16:49:58,34.34872055053711,-5.945368766784668,0,10018.333333333332
2021-11-13 16:50:04,34.34872055053711,-5.945368766784668,0,10025.0
2021-11-13 16:50:10,34.34872055053711,-5.945368766784668,0,10029.166666666666
2021-11-13 16:50:16,34.34872055053711,-5.945368766784668,0,10035.0
2021-11-13 16:50:22,34.34872055053711,-5.945368766784668,0,10040.833333333332
2021-11-13 16:50:28,34.34872055053711,-5.945368766784668,0,10045.0
2021-11-13 16:50:34,34.34872055053711,-5.945368766784668,0,10051.666666666666
2021-11-13 16:50:40,34.34872055053711,-5.945368766784668,0,10058.333333333332
2021-11-13 16:50:46,34.34872055053711,-5.945368766784668,0,10060.833333333332
2021-11-13 16:50:52,34.34872055053711,-5.945368766784668,0,10065.833333333332
2021-11-13 16:50:58,34.34872055053711,-5.945368766784668,0,10072.5
2021-11-13 16:51:04,34.34872055053711,-5.945368766784668,0,10079.166666666668
2021-11-13 16:51:10,34.34872055053711,-5.945368766784668,0,10083.333333333334
2021-11-13 16:51:16,34.34872055053711,-5.945368766784668,0,10086.666666666668
2021-11-13 16:51:22,34.34872055053711,-5.945368766784668,0,10090.0
2021-11-13 16:51:28,34.34872055053711,-5.945368766784668,0,10094.166666666668
2021-11-13 16:51:34,34.34872055053711,-5.945368766784668,0,10097.5
2021-11-13 16:51:40,34.34872055053711,-5.945368766784668,0,10105.833333333334
2021-11-13 16:51:46,34.34872055053711,-5.945368766784668,0,10109.166666666668
2021-11-13 16:51:52,34.34872055053711,-5.945368766784668,0,10117.5
2021-11-13 16:51:58,34.34872055053711,-5.945368766784668,0,10121.666666666668
2021-11-13 16:52:04,34.34872055053711,-5.945368766784668,0,10125.833333333334
2021-11-13 16:52:10,34.34872055053711,-5.945368766784668,0,10131.666666666668
2021-11-13 16:52:16,34.34872055053711,-5.945368766784668,0,10139.166666666668
2021-11-13 16:52:22,34.34872055053711,-5.945368766784668,0,10145.0
2021-11-13 16:52:28,34.34872055053711,-5.945368766784668,0,10152.5
2021-11-13 16:52:34,34.34872055053711,-5.945368766784668,0,10159.166666666666
2021-11-13 16:52:40,34.34872055053711,-5.945368766784668,0,10164.166666666666
2021-11-13 16:52:46,34.34872055053711,-5.945368766784668,0,10171.666666666666
2021-11-13 16:52:52,34.34872055053711,-5.945368766784668,0,10180.0
2021-11-13 16:52:58,34.34872055053711,-5.945368766784668,0,10182.5
2021-11-13 16:53:04,34.34872055053711,-5.945368766784668,0,10188.333333333334
2021-11-13 16:53:10,34.34872055053711,-5.945368766784668,0,10192.5
2021-11-13 16:53:16,34.34872055053711,-5.945368766784668,0,10196.666666666666
2021-11-13 16:53:22,34.34883499145508,-5.945419788360596,7,10204.166666666668
2021-11-13 16:53:28,34.34895324707031,-5.945475101470947,8,10206.666666666668
2021-11-13 16:53:34,34.34906768798828,-5.94553279876709,8,10210.0
2021-11-13 16:53:40,34.349178314208984,-5.945560932159424,7,10213.333333333334
2021-11-13 16:53:46,34.34928512573242,-5.945589065551758,6,10215.833333333334
2021-11-13 16:53:52,34.349342346191406,-5.945700168609619,8,10218.333333333334
2021-11-13 16:53:58,34.34933853149414,-5.945855140686035,8,10219.166666666668
2021-11-13 16:54:04,34.349334716796875,-5.946008205413818,8,10220.833333333334
2021-11-13 16:54:10,34.34933090209961,-5.946157932281494,8,10229.166666666668
2021-11-13 16:54:16,34.349327087402344,-5.946310043334961,8,10233.333333333334
2021-11-13 16:54:22,34.34932327270508,-5.946457862854004,8,10236.666666666668
2021-11-13 16:54:28,34.34931182861328,-5.946606159210205,8,10239.166666666668
2021-11-13 16:54:34,34.34930419921875,-5.946753978729248,8,10243.333333333334
2021-11-13 16:54:40,34.349300384521484,-5.946903228759766,8,10247.5
2021-11-13 16:54:46,34.349300384521484,-5.947053909301758,8,10251.666666666668
2021-11-13 16:54:52,34.34929656982422,-5.947203159332275,8,10254.166666666668
2021-11-13 16:54:58,34.34928894042969,-5.947350978851318,8,10259.166666666668
2021-11-13 16:55:04,34.34928512573242,-5.947502136230469,8,10262.5
2021-11-13 16:55:10,34.34927749633789,-5.947652816772461,8,10265.833333333334
2021-11-13 16:55:16,34.349273681640625,-5.947801113128662,8,10270.0
2021-11-13 16:55:22,34.34926986694336,-5.9479498863220215,8,10275.0
2021-11-13 16:55:28,34.34926223754883,-5.948100090026856,8,10277.5
2021-11-13 16:55:34,34.3492546081543,-5.948248863220215,8,10281.666666666668
2021-11-13 16:55:40,34.34925079345703,-5.948401927947998,8,10285.833333333334
2021-11-13 16:55:46,34.34925079345703,-5.948552131652832,8,10289.166666666666
2021-11-13 16:55:52,34.349246978759766,-5.948701858520508,8,10291.666666666666
2021-11-13 16:55:58,34.3492431640625,-5.948850154876709,8,10295.833333333332
2021-11-13 16:56:04,34.3492431640625,-5.948997020721436,8,10300.0
2021-11-13 16:56:10,34.349239349365234,-5.9491472244262695,7,10303.333333333332
2021-11-13 16:56:16,34.34923553466797,-5.949295997619629,8,10307.5
2021-11-13 16:56:22,34.34923553466797,-5.949447154998779,8,10310.0
2021-11-13 16:56:28,34.34922409057617,-5.949594974517822,8,10315.0
2021-11-13 16:56:34,34.3492317199707,-5.949739933013916,8,10318.333333333332
2021-11-13 16:56:40,34.34922409057617,-5.94980001449585,0,10321.666666666666
2021-11-13 16:56:46,34.34922790527344,-5.949799060821533,0,10325.0
2021-11-13 16:56:52,34.34922790527344,-5.9497971534729,0,10330.833333333332
2021-11-13 16:56:58,34.34922790527344,-5.9497971534729,0,10335.833333333332
2021-11-13 16:57:04,34.34922790527344,-5.9497971534729,0,10339.166666666666
2021-11-13 16:57:10,34.34922790527344,-5.9497971534729,0,10344.166666666666
2021-11-13 16:57:16,34.34922790527344,-5.9497971534729,0,10350.833333333332
2021-11-13 16:57:22,34.34922790527344,-5.9497971534729,0,10355.0
2021-11-13 16:57:28,34.34922790527344,-5.9497971534729,0,10356.666666666668
2021-11-13 16:57:34,34.34922790527344,-5.9497971534729,0,10358.333333333332
2021-11-13 16:57:40,34.34922790527344,-5.9497971534729,0,10371.666666666668
2021-11-13 16:57:46,34.34922790527344,-5.9497971534729,0,10375.833333333332
2021-11-13 16:57:52,34.34922790527344,-5.9497971534729,0,10380.0
2021-11-13 16:57:58,34.34922790527344,-5.9497971534729,0,10383.333333333332
2021-11-13 16:58:04,34.34922790527344,-5.9497971534729,0,10390.0
2021-11-13 16:58:10,34.34922790527344,-5.9497971534729,0,10395.833333333332
2021-11-13 16:58:16,34.34922790527344,-5.9497971534729,0,10400.0
2021-11-13 16:58:22,34.34922790527344,-5.9497971534729,0,10406.666666666668
2021-11-13 16:58:28,34.34922790527344,-5.9497971534729,0,10411.666666666668
2021-11-13 16:58:34,34.34922790527344,-5.9497971534729,0,10416.666666666668
2021-11-13 16:58:40,34.34922790527344,-5.9497971534729,0,10421.666666666668
2021-11-13 16:58:46,34.34922790527344,-5.9497971534729,0,10428.333333333332
2021-11-13 16:58:52,34.34922790527344,-5.9497971534729,0,10432.5
2021-11-13 16:58:58,34.34922790527344,-5.9497971534729,0,10438.333333333334
2021-11-13 16:59:04,34.34922790527344,-5.9497971534729,0,10443.333333333334
2021-11-13 16:59:10,34.34922790527344,-5.9497971534729,0,10446.666666666668
2021-11-13 16:59:16,34.34922790527344,-5.9497971534729,0,10452.5
2021-11-13 16:59:22,34.34922790527344,-5.9497971534729,0,10459.166666666668
2021-11-13 16:59:28,34.34922790527344,-5.9497971534729,0,10465.0
2021-11-13 16:59:34,34.34922790527344,-5.9497971534729,0,10467.5
2021-11-13 16:59:40,34.34922790527344,-5.9497971534729,0,10472.5
2021-11-13 16:59:46,34.34922790527344,-5.9497971534729,0,10477.5
2021-11-13 16:59:52,34.34922790527344,-5.9497971534729,0,10478.333333333334
2021-11-13 16:59:58,34.34922790527344,-5.9497971534729,0,10484.166666666668
2021-11-13 17:00:04,34.34922790527344,-5.9497971534729,0,10491.666666666668
2021-11-13 17:00:10,34.34922790527344,-5.9497971534729,0,10495.0
2021-11-13 17:00:16,34.34922790527344,-5.9497971534729,0,10498.333333333334
2021-11-13 17:00:22,34.34922790527344,-5.9497971534729,0,10499.166666666668
2021-11-13 17:00:28,34.34922790527344,-5.9497971534729,0,10510.833333333334
2021-11-13 17:00:34,34.34922790527344,-5.9497971534729,0,10517.5
2021-11-13 17:00:40,34.34922790527344,-5.9497971534729,0,10520.0
2021-11-13 17:00:46,34.34922790527344,-5.9497971534729,0,10521.666666666668
2021-11-13 17:00:52,34.34922790527344,-5.9497971534729,0,10527.5
2021-11-13 17:00:58,34.34922790527344,-5.9497971534729,0,10534.166666666668
2021-11-13 17:01:04,34.34922790527344,-5.9497971534729,0,10535.833333333334
2021-11-13 17:01:10,34.34922790527344,-5.9497971534729,0,10538.333333333334
2021-11-13 17:01:16,34.34922790527344,-5.9497971534729,0,10550.833333333334
2021-11-13 17:01:22,34.34922790527344,-5.9497971534729,0,10552.5
2021-11-13 17:01:28,34.34912872314453,-5.949498176574707,8,10555.833333333332
2021-11-13 17:01:34,34.34913635253906,-5.949349880218506,8,10560.833333333332
2021-11-13 17:01:40,34.349143981933594,-5.949204921722412,8,10564.166666666668
2021-11-13 17:01:46,34.34913635253906,-5.949056148529053,8,10566.666666666668
2021-11-13 17:01:52,34.34913635253906,-5.948905944824219,8,10571.666666666668
2021-11-13 17:01:58,34.34914016723633,-5.948757171630859,8,10574.166666666668
2021-11-13 17:02:04,34.34914779663086,-5.948606014251709,8,10578.333333333332
2021-11-13 17:02:10,34.34915542602539,-5.948454856872559,8,10583.333333333332
2021-11-13 17:02:16,34.34915542602539,-5.948299884796143,8,10585.833333333332
2021-11-13 17:02:22,34.349159240722656,-5.948145866394043,8,10590.0
2021-11-13 17:02:28,34.349159240722656,-5.947994232177734,8,10593.333333333332
2021-11-13 17:02:34,34.34916687011719,-5.947843074798584,8,10596.666666666666
2021-11-13 17:02:40,34.34917068481445,-5.947694778442383,8,10601.666666666666
2021-11-13 17:02:46,34.349178314208984,-5.947545051574707,7,10604.166666666666
2021-11-13 17:02:52,34.34918212890625,-5.947391033172607,8,10609.166666666666
2021-11-13 17:02:58,34.34918594360352,-5.947237014770508,8,10612.5
2021-11-13 17:03:04,34.34919357299805,-5.94708776473999,8,10615.0
2021-11-13 17:03:10,34.34920120239258,-5.9469380378723145,7,10619.166666666666
2021-11-13 17:03:16,34.349205017089844,-5.946788787841797,8,10623.333333333332
2021-11-13 17:03:22,34.34920883178711,-5.946639060974121,8,10626.666666666666
2021-11-13 17:03:28,34.34921646118164,-5.946489810943604,8,10630.0
2021-11-13 17:03:34,34.34922409057617,-5.946341037750244,8,10634.166666666666
2021-11-13 17:03:40,34.34922409057617,-5.946188926696777,8,10639.166666666666
2021-11-13 17:03:46,34.3492317199707,-5.946039199829102,8,10641.666666666666
2021-11-13 17:03:52,34.3492431640625,-5.945888996124268,8,10646.666666666666
2021-11-13 17:03:58,34.349239349365234,-5.94574499130249,8,10649.166666666666
2021-11-13 17:04:04,34.34932327270508,-5.945658206939697,9,10653.333333333332
2021-11-13 17:04:10,34.349365234375,-5.945796012878418,8,10656.666666666666
2021-11-13 17:04:16,34.349365234375,-5.945950031280518,8,10660.833333333332
2021-11-13 17:04:22,34.349361419677734,-5.946098804473877,8,10663.333333333332
2021-11-13 17:04:28,34.349361419677734,-5.946249008178711,8,10666.666666666666
2021-11-13 17:04:34,34.34935760498047,-5.94639778137207,8,10671.666666666666
2021-11-13 17:04:40,34.3493537902832,-5.946547985076904,8,10674.166666666666
2021-11-13 17:04:46,34.34934616088867,-5.946699142456055,8,10677.5
2021-11-13 17:04:52,34.349342346191406,-5.9468488693237305,8,10682.5
2021-11-13 17:04:58,34.34933853149414,-5.946998119354248,8,10685.833333333332
2021-11-13 17:05:04,34.349334716796875,-5.947146892547607,8,10689.166666666666
2021-11-13 17:05:10,34.349327087402344,-5.947297096252441,8,10693.333333333332
2021-11-13 17:05:16,34.34932327270508,-5.947445869445801,8,10695.0
2021-11-13 17:05:22,34.34931945800781,-5.947596073150635,8,10698.333333333334
2021-11-13 17:05:28,34.34931182861328,-5.947744846343994,8,10701.666666666668
2021-11-13 17:05:34,34.349308013916016,-5.9478960037231445,8,10706.666666666668
2021-11-13 17:05:40,34.349300384521484,-5.948043823242188,8,10710.833333333334
2021-11-13 17:05:46,34.34929656982422,-5.948194980621338,8,10715.0
2021-11-13 17:05:52,34.34929275512695,-5.948344230651856,8,10717.5
2021-11-13 17:05:58,34.34928894042969,-5.948495864868164,8,10720.833333333334
2021-11-13 17:06:04,34.34928512573242,-5.9486470222473145,8,10725.833333333334
2021-11-13 17:06:10,34.34927749633789,-5.948795795440674,8,10728.333333333334
2021-11-13 17:06:16,34.349273681640625,-5.948945045471191,8,10733.333333333334
2021-11-13 17:06:22,34.34926986694336,-5.949091911315918,8,10737.5
2021-11-13 17:06:28,34.349266052246094,-5.949240207672119,8,10739.166666666668
2021-11-13 17:06:34,34.34926986694336,-5.949387073516846,8,10740.0
2021-11-13 17:06:40,34.349266052246094,-5.9495368003845215,8,10744.166666666668
2021-11-13 17:06:46,34.34926986694336,-5.949686050415039,8,10751.666666666668
2021-11-13 17:06:52,34.349239349365234,-5.949810981750488,6,10754.166666666668
2021-11-13 17:06:58,34.3492317199707,-5.949825763702393,0,10757.5
2021-11-13 17:07:04,34.34923553466797,-5.949831962585449,0,10762.5
2021-11-13 17:07:10,34.3492317199707,-5.949831962585449,0,10768.333333333332
2021-11-13 17:07:16,34.3492317199707,-5.949831962585449,0,10770.833333333332
2021-11-13 17:07:22,34.3492317199707,-5.949831962585449,0,10777.5
2021-11-13 17:07:28,34.3492317199707,-5.949831962585449,0,10784.166666666666
2021-11-13 17:07:34,34.3492317199707,-5.949831962585449,0,10785.0
2021-11-13 17:07:40,34.3492317199707,-5.949831962585449,0,10797.5
2021-11-13 17:07:46,34.3492317199707,-5.949831962585449,0,10803.333333333332
2021-11-13 17:07:52,34.3492317199707,-5.949831962585449,0,10808.333333333332
2021-11-13 17:07:58,34.3492317199707,-5.949831962585449,0,10814.166666666666
2021-11-13 17:08:04,34.3492317199707,-5.949831962585449,0,10820.0
2021-11-13 17:08:10,34.3492317199707,-5.949831962585449,0,10823.333333333332
2021-11-13 17:08:16,34.3492317199707,-5.949831962585449,0,10830.833333333332
2021-11-13 17:08:22,34.3492317199707,-5.949831962585449,0,10835.833333333332
2021-11-13 17:08:28,34.3492317199707,-5.949831962585449,0,10839.166666666666
2021-11-13 17:08:34,34.3492317199707,-5.949831962585449,0,10843.333333333334
2021-11-13 17:08:40,34.3492317199707,-5.949831962585449,0,10849.166666666668
2021-11-13 17:08:46,34.3492317199707,-5.949831962585449,0,10855.0
2021-11-13 17:08:52,34.3492317199707,-5.949831962585449,0,10858.333333333334
2021-11-13 17:08:58,34.3492317199707,-5.949831962585449,0,10864.166666666668
2021-11-13 17:09:04,34.3492317199707,-5.949831962585449,0,10870.0
2021-11-13 17:09:10,34.3492317199707,-5.949831962585449,0,10875.0
2021-11-13 17:09:16,34.3492317199707,-5.949831962585449,0,10879.166666666668
2021-11-13 17:09:22,34.3492317199707,-5.949831962585449,0,10881.666666666666
2021-11-13 17:09:28,34.3492317199707,-5.949831962585449,0,10888.333333333332
2021-11-13 17:09:34,34.3492317199707,-5.949831962585449,0,10895.0
2021-11-13 17:09:40,34.3492317199707,-5.949831962585449,0,10900.0
2021-11-13 17:09:46,34.3492317199707,-5.949831962585449,0,10906.666666666666
2021-11-13 17:09:52,34.3492317199707,-5.949831962585449,0,10910.833333333334
2021-11-13 17:09:58,34.3492317199707,-5.949831962585449,0,10915.0
2021-11-13 17:10:04,34.3492317199707,-5.949831962585449,0,10920.833333333334
2021-11-13 17:10:10,34.3492317199707,-5.949831962585449,0,10925.0
2021-11-13 17:10:16,34.3492317199707,-5.949831962585449,0,10930.0
2021-11-13 17:10:22,34.3492317199707,-5.949831962585449,0,10935.833333333332
2021-11-13 17:10:28,34.3492317199707,-5.949831962585449,0,10939.166666666666
2021-11-13 17:10:34,34.3492317199707,-5.949831962585449,0,10944.166666666666
2021-11-13 17:10:40,34.3492317199707,-5.949831962585449,0,10950.0
2021-11-13 17:10:46,34.3492317199707,-5.949831962585449,0,10955.833333333332
2021-11-13 17:10:52,34.3492317199707,-5.949831962585449,0,10960.833333333332
2021-11-13 17:10:58,34.3492317199707,-5.949831962585449,0,10963.333333333332
2021-11-13 17:11:04,34.3492317199707,-5.949831962585449,0,10970.0
2021-11-13 17:11:10,34.3492317199707,-5.949831962585449,0,10974.166666666666
2021-11-13 17:11:16,34.3492317199707,-5.949831962585449,0,10977.5
2021-11-13 17:11:22,34.3492317199707,-5.949831962585449,0,10983.333333333332
2021-11-13 17:11:28,34.3492317199707,-5.949831962585449,0,10987.5
2021-11-13 17:11:34,34.3492317199707,-5.949831962585449,0,10992.5
2021-11-13 17:11:40,34.3492317199707,-5.949831962585449,0,10996.666666666666
2021-11-13 17:11:46,34.3492317199707,-5.949831962585449,0,11000.833333333332
2021-11-13 17:11:52,34.3492317199707,-5.949831962585449,0,11005.0
2021-11-13 17:11:58,34.3492317199707,-5.949831962585449,0,11010.833333333332
2021-11-13 17:12:04,34.3492317199707,-5.949831962585449,0,11013.333333333332
2021-11-13 17:12:10,34.3492317199707,-5.949831962585449,0,11018.333333333332
2021-11-13 17:12:16,34.3492317199707,-5.949831962585449,0,11024.166666666666
2021-11-13 17:12:22,34.3492317199707,-5.949831962585449,0,11030.0
2021-11-13 17:12:28,34.3492317199707,-5.949831962585449,0,11034.166666666666
2021-11-13 17:12:34,34.3492317199707,-5.949831962585449,0,11036.666666666666
2021-11-13 17:12:40,34.3492317199707,-5.949831962585449,0,11042.5
2021-11-13 17:12:46,34.3492317199707,-5.949831962585449,0,11046.666666666666
2021-11-13 17:12:52,34.3492317199707,-5.949831962585449,0,11050.833333333332
2021-11-13 17:12:58,34.3492317199707,-5.949831962585449,0,11055.833333333332
2021-11-13 17:13:04,34.3492317199707,-5.949831962585449,0,11060.0
2021-11-13 17:13:10,34.3492317199707,-5.949831962585449,0,11065.833333333332
2021-11-13 17:13:16,34.3492317199707,-5.949831962585449,0,11069.166666666666
2021-11-13 17:13:22,34.3492317199707,-5.949831962585449,0,11073.333333333332
2021-11-13 17:13:28,34.3492317199707,-5.949831962585449,0,11078.333333333332
2021-11-13 17:13:34,34.3492317199707,-5.949831962585449,0,11081.666666666668
2021-11-13 17:13:40,34.3492317199707,-5.949831962585449,0,11089.166666666668
2021-11-13 17:13:46,34.3492317199707,-5.949831962585449,0,11093.333333333332
2021-11-13 17:13:52,34.3492317199707,-5.949831962585449,0,11097.5
2021-11-13 17:13:58,34.3492317199707,-5.949831962585449,0,11101.666666666668
2021-11-13 17:14:04,34.3492317199707,-5.949831962585449,0,11105.833333333332
2021-11-13 17:14:10,34.3492317199707,-5.949831962585449,0,11110.833333333332
2021-11-13 17:14:16,34.3492317199707,-5.949831962585449,0,11113.333333333332
2021-11-13 17:14:22,34.3492317199707,-5.949831962585449,0,11120.0
2021-11-13 17:14:28,34.3492317199707,-5.949831962585449,0,11125.833333333332
2021-11-13 17:14:34,34.3492317199707,-5.949831962585449,0,11129.166666666668
2021-11-13 17:14:40,34.3492317199707,-5.949831962585449,0,11135.0
2021-11-13 17:14:46,34.3492317199707,-5.949831962585449,0,11140.0
2021-11-13 17:14:52,34.3492317199707,-5.949831962585449,0,11145.0
2021-11-13 17:14:58,34.3492317199707,-5.949831962585449,0,11148.333333333334
2021-11-13 17:15:04,34.3492317199707,-5.949831962585449,0,11153.333333333334
2021-11-13 17:15:10,34.3492317199707,-5.949831962585449,0,11159.166666666668
2021-11-13 17:15:16,34.3492317199707,-5.949831962585449,0,11164.166666666668
2021-11-13 17:15:22,34.3492317199707,-5.949831962585449,0,11170.0
2021-11-13 17:15:28,34.3492317199707,-5.949831962585449,0,11174.166666666668
2021-11-13 17:15:34,34.3492317199707,-5.949831962585449,0,11179.166666666668
2021-11-13 17:15:40,34.3492317199707,-5.949831962585449,0,11184.166666666668
2021-11-13 17:15:46,34.3492317199707,-5.949831962585449,0,11190.833333333332
2021-11-13 17:15:52,34.3492317199707,-5.949831962585449,0,11195.0
2021-11-13 17:15:58,34.3492317199707,-5.949831962585449,0,11199.166666666668
2021-11-13 17:16:04,34.3492317199707,-5.949831962585449,0,11205.833333333334
2021-11-13 17:16:10,34.3492317199707,-5.949831962585449,0,11210.0
2021-11-13 17:16:16,34.3492317199707,-5.949831962585449,0,11216.666666666668
2021-11-13 17:16:22,34.3492317199707,-5.949831962585449,0,11222.5
2021-11-13 17:16:28,34.3492317199707,-5.949831962585449,0,11227.5
2021-11-13 17:16:34,34.3492317199707,-5.949831962585449,0,11230.833333333332
2021-11-13 17:16:40,34.34914779663086,-5.9497389793396,7,11237.5
2021-11-13 17:16:46,34.34911346435547,-5.94960880279541,8,11240.833333333332
2021-11-13 17:16:52,34.3491096496582,-5.949464797973633,8,11244.166666666666
2021-11-13 17:16:58,34.34910583496094,-5.949314117431641,8,11248.333333333332
2021-11-13 17:17:04,34.34910583496094,-5.949164867401123,8,11251.666666666666
2021-11-13 17:17:10,34.34910583496094,-5.94901704788208,8,11255.0
2021-11-13 17:17:16,34.3491096496582,-5.948869228363037,8,11259.166666666666
2021-11-13 17:17:22,34.3491096496582,-5.948718070983887,8,11261.666666666666
2021-11-13 17:17:28,34.349117279052734,-5.948568820953369,7,11265.833333333332
2021-11-13 17:17:34,34.349117279052734,-5.94842004776001,8,11270.833333333332
2021-11-13 17:17:40,34.349117279052734,-5.948267936706543,8,11273.333333333332
2021-11-13 17:17:46,34.34912109375,-5.948116779327393,8,11277.5
2021-11-13 17:17:52,34.34912109375,-5.94796895980835,8,11280.833333333332
2021-11-13 17:17:58,34.3491325378418,-5.947821140289307,7,11284.166666666666
2021-11-13 17:18:04,34.34913635253906,-5.947671890258789,8,11288.333333333332
2021-11-13 17:18:10,34.34914016723633,-5.947525978088379,8,11290.833333333332
2021-11-13 17:18:16,34.349143981933594,-5.94737720489502,8,11295.833333333332
2021-11-13 17:18:22,34.34914779663086,-5.947228908538818,8,11300.0
2021-11-13 17:18:28,34.34915542602539,-5.947081089019775,8,11302.5
2021-11-13 17:18:34,34.349159240722656,-5.946932792663574,8,11306.666666666666
2021-11-13 17:18:40,34.34916305541992,-5.946784019470215,7,11310.833333333332
2021-11-13 17:18:46,34.34916305541992,-5.946637153625488,8,11313.333333333332
2021-11-13 17:18:52,34.34916687011719,-5.946489810943604,8,11315.833333333332
2021-11-13 17:18:58,34.34917449951172,-5.94634485244751,7,11320.0
2021-11-13 17:19:04,34.34918212890625,-5.946197986602783,8,11324.166666666668
2021-11-13 17:19:10,34.34918594360352,-5.946052074432373,8,11326.666666666668
2021-11-13 17:19:16,34.34919738769531,-5.945908069610596,7,11331.666666666668
2021-11-13 17:19:22,34.34919357299805,-5.9457621574401855,8,11335.0
2021-11-13 17:19:28,34.349273681640625,-5.945662021636963,9,11337.5
2021-11-13 17:19:34,34.34938049316406,-5.945755958557129,9,11342.5
2021-11-13 17:19:40,34.34938430786133,-5.945905208587647,8,11345.833333333332
2021-11-13 17:19:46,34.349395751953125,-5.946043968200684,8,11348.333333333332
2021-11-13 17:19:52,34.349403381347656,-5.94619083404541,8,11351.666666666668
2021-11-13 17:19:58,34.34939956665039,-5.946333885192871,8,11355.0
2021-11-13 17:20:04,34.34939193725586,-5.946478843688965,8,11359.166666666668
2021-11-13 17:20:10,34.34938430786133,-5.946627140045166,8,11363.333333333332
2021-11-13 17:20:16,34.349388122558594,-5.946771144866943,7,11365.833333333332
2021-11-13 17:20:22,34.34938430786133,-5.946916103363037,8,11370.0
2021-11-13 17:20:28,34.34938049316406,-5.947062015533447,8,11374.166666666668
2021-11-13 17:20:34,34.3493766784668,-5.947206020355225,7,11376.666666666668
2021-11-13 17:20:40,34.349369049072266,-5.947354793548584,8,11380.0
2021-11-13 17:20:46,34.349365234375,-5.947502136230469,8,11384.166666666668
2021-11-13 17:20:52,34.34935760498047,-5.947653770446777,8,11388.333333333332
2021-11-13 17:20:58,34.34934997558594,-5.947803020477295,8,11391.666666666668
2021-11-13 17:21:04,34.34934616088867,-5.947948932647705,8,11396.666666666668
2021-11-13 17:21:10,34.34933853149414,-5.948097229003906,8,11399.166666666668
2021-11-13 17:21:16,34.34933853149414,-5.948243141174316,8,11401.666666666668
2021-11-13 17:21:22,34.349334716796875,-5.948391914367676,8,11405.833333333334
2021-11-13 17:21:28,34.34932327270508,-5.948538780212402,8,11408.333333333334
2021-11-13 17:21:34,34.34931945800781,-5.948684215545654,8,11412.5
2021-11-13 17:21:40,34.34931945800781,-5.948832988739014,8,11416.666666666668
2021-11-13 17:21:46,34.34931182861328,-5.948972225189209,8,11420.833333333334
2021-11-13 17:21:52,34.349308013916016,-5.949113845825195,8,11423.333333333334
2021-11-13 17:21:58,34.34930419921875,-5.9492669105529785,8,11427.5
2021-11-13 17:22:04,34.349300384521484,-5.94941520690918,8,11430.833333333334
2021-11-13 17:22:10,34.34929656982422,-5.949559211730957,7,11435.0
2021-11-13 17:22:16,34.34930419921875,-5.949706077575684,8,11437.5
2021-11-13 17:22:22,34.34923553466797,-5.949818134307861,7,11442.5
2021-11-13 17:22:28,34.3491096496582,-5.949794769287109,8,11445.833333333334
2021-11-13 17:22:34,34.349082946777344,-5.949660778045654,4,11448.333333333334
2021-11-13 17:22:40,34.34907150268555,-5.949666976928711,0,11451.666666666668
2021-11-13 17:22:46,34.349063873291016,-5.949676036834717,0,11457.5
2021-11-13 17:22:52,34.349063873291016,-5.949676990509033,0,11460.833333333334
2021-11-13 17:22:58,34.349063873291016,-5.949676990509033,0,11465.833333333334
2021-11-13 17:23:04,34.349063873291016,-5.949676990509033,0,11470.833333333334
2021-11-13 17:23:10,34.349063873291016,-5.949676990509033,0,11472.5
2021-11-13 17:23:16,34.349063873291016,-5.949676990509033,0,11480.0
2021-11-13 17:23:22,34.349063873291016,-5.949676990509033,0,11484.166666666668
2021-11-13 17:23:28,34.349063873291016,-5.949676990509033,0,11489.166666666668
2021-11-13 17:23:34,34.349063873291016,-5.949676990509033,0,11495.0
2021-11-13 17:23:40,34.349063873291016,-5.949676990509033,0,11498.333333333334
2021-11-13 17:23:46,34.349063873291016,-5.949676990509033,0,11504.166666666668
2021-11-13 17:23:52,34.349063873291016,-5.949676990509033,0,11510.833333333334
2021-11-13 17:23:58,34.349063873291016,-5.949676990509033,0,11513.333333333334
2021-11-13 17:24:04,34.349063873291016,-5.949676990509033,0,11520.0
2021-11-13 17:24:10,34.349063873291016,-5.949676990509033,0,11525.0
2021-11-13 17:24:16,34.349063873291016,-5.949676990509033,0,11530.833333333334
2021-11-13 17:24:22,34.349063873291016,-5.949676990509033,0,11535.0
2021-11-13 17:24:28,34.349063873291016,-5.949676990509033,0,11540.833333333334
2021-11-13 17:24:34,34.349063873291016,-5.949676990509033,0,11546.666666666668
2021-11-13 17:24:40,34.349063873291016,-5.949676990509033,0,11553.333333333334
2021-11-13 17:24:46,34.349063873291016,-5.949676990509033,0,11560.833333333334
2021-11-13 17:24:52,34.349063873291016,-5.949676990509033,0,11565.0
2021-11-13 17:24:58,34.349063873291016,-5.949676990509033,0,11568.333333333334
2021-11-13 17:25:04,34.349063873291016,-5.949676990509033,0,11574.166666666668
2021-11-13 17:25:10,34.349063873291016,-5.949676990509033,0,11577.5
2021-11-13 17:25:16,34.349063873291016,-5.949676990509033,0,11581.666666666668
2021-11-13 17:25:22,34.34806060791016,-5.95006799697876,8,11586.666666666668
2021-11-13 17:25:28,34.34794616699219,-5.950084209442139,8,11589.166666666668
2021-11-13 17:25:34,34.34781265258789,-5.950100898742676,7,11592.5
2021-11-13 17:25:40,34.3476676940918,-5.95012092590332,9,11597.5
2021-11-13 17:25:46,34.347530364990234,-5.950141906738281,7,11600.833333333334
2021-11-13 17:25:52,34.34738540649414,-5.950163841247559,8,11602.5
2021-11-13 17:25:58,34.34723281860352,-5.95019006729126,7,11605.833333333334
2021-11-13 17:26:04,34.34709548950195,-5.950212001800537,8,11610.0
2021-11-13 17:26:10,34.346954345703125,-5.950233936309815,5,11615.0
2021-11-13 17:26:16,34.34681701660156,-5.950252056121826,8,11620.0
2021-11-13 17:26:22,34.3466911315918,-5.950264930725098,8,11625.833333333334
2021-11-13 17:26:28,34.34654998779297,-5.950291156768799,8,11630.0
2021-11-13 17:26:34,34.34641647338867,-5.95030689239502,7,11635.0
2021-11-13 17:26:40,34.346282958984375,-5.950326919555664,8,11640.0
2021-11-13 17:26:46,34.346153259277344,-5.950344085693359,8,11645.833333333334
2021-11-13 17:26:52,34.34600830078125,-5.950366973876953,8,11651.666666666668
2021-11-13 17:26:58,34.34587478637695,-5.950374126434326,7,11655.833333333334
2021-11-13 17:27:04,34.34574890136719,-5.95039701461792,6,11661.666666666668
2021-11-13 17:27:10,34.34562683105469,-5.950396060943604,7,11666.666666666668
2021-11-13 17:27:16,34.34551239013672,-5.950376033782959,6,11673.333333333334
2021-11-13 17:27:22,34.345401763916016,-5.950385093688965,6,11675.833333333334
2021-11-13 17:27:28,34.34531021118164,-5.95042085647583,5,11678.333333333334
2021-11-13 17:27:34,34.34526443481445,-5.950502872467041,6,11683.333333333334
2021-11-13 17:27:40,34.34519577026367,-5.950589179992676,6,11688.333333333334
2021-11-13 17:27:46,34.34501647949219,-5.950638771057129,5,11695.833333333334
2021-11-13 17:27:52,34.34497833251953,-5.950686931610107,1,11698.333333333334
2021-11-13 17:27:58,34.34497833251953,-5.950682163238525,0,11700.833333333334
2021-11-13 17:28:04,34.34497833251953,-5.950678825378418,0,11704.166666666668
2021-11-13 17:28:10,34.34497833251953,-5.950678825378418,0,11708.333333333334
2021-11-13 17:28:16,34.34497833251953,-5.950678825378418,0,11711.666666666668
2021-11-13 17:28:22,34.34497833251953,-5.950678825378418,0,11715.0
2021-11-13 17:28:28,34.34497833251953,-5.950678825378418,0,11719.166666666668
2021-11-13 17:28:34,34.34497833251953,-5.950678825378418,0,11724.166666666668
2021-11-13 17:28:40,34.34497833251953,-5.950678825378418,0,11730.0
2021-11-13 17:28:46,34.34497833251953,-5.950678825378418,0,11735.0
2021-11-13 17:28:52,34.34497833251953,-5.950678825378418,0,11737.5
2021-11-13 17:28:58,34.34497833251953,-5.950678825378418,0,11742.5
2021-11-13 17:29:04,34.34497833251953,-5.950678825378418,0,11745.833333333334
2021-11-13 17:29:10,34.34497833251953,-5.950678825378418,0,11746.666666666668
2021-11-13 17:29:16,34.34497833251953,-5.950678825378418,0,11749.166666666668
