Temps,Latitude,Longitude,Vitesse,Consommation (ml)
2021-11-14 13:14:05,34.3441047668457,-5.949885845184326,9,8.333333333333332
2021-11-14 13:14:11,34.34396743774414,-5.949824810028076,10,15.0
2021-11-14 13:14:17,34.34382629394531,-5.949769020080566,10,20.83333333333333
2021-11-14 13:14:23,34.34367752075195,-5.949720859527588,9,25.0
2021-11-14 13:14:29,34.343528747558594,-5.949666976928711,10,30.83333333333333
2021-11-14 13:14:35,34.343379974365234,-5.94962215423584,10,39.16666666666666
2021-11-14 13:14:41,34.343231201171875,-5.949571132659912,10,43.33333333333333
2021-11-14 13:14:47,34.34309005737305,-5.9495110511779785,10,47.49999999999999
2021-11-14 13:14:53,34.34294509887695,-5.949456214904785,9,49.16666666666666
2021-11-14 13:14:59,34.342803955078125,-5.949418067932129,10,56.66666666666666
2021-11-14 13:15:05,34.34267044067383,-5.949358940124512,9,63.33333333333332
2021-11-14 13:15:11,34.34253692626953,-5.9493021965026855,9,68.33333333333331
2021-11-14 13:15:17,34.342411041259766,-5.9492621421813965,8,71.66666666666664
2021-11-14 13:15:23,34.342281341552734,-5.949215888977051,8,78.33333333333331
2021-11-14 13:15:29,34.34214782714844,-5.949169158935547,9,85.83333333333334
2021-11-14 13:15:35,34.34201431274414,-5.9491119384765625,9,88.33333333333334
2021-11-14 13:15:41,34.34188461303711,-5.949049949645996,9,95.83333333333334
2021-11-14 13:15:47,34.34174346923828,-5.949008941650391,9,101.66666666666669
2021-11-14 13:15:53,34.34160232543945,-5.948958873748779,9,103.33333333333334
2021-11-14 13:15:59,34.34147644042969,-5.948927879333496,6,105.0
2021-11-14 13:16:05,34.341407775878906,-5.948854923248291,7,110.83333333333334
2021-11-14 13:16:11,34.34139633178711,-5.948739051818848,7,115.0
2021-11-14 13:16:17,34.34137725830078,-5.948637008666992,5,122.5
2021-11-14 13:16:23,34.341346740722656,-5.948526859283447,5,124.16666666666669
2021-11-14 13:16:29,34.341278076171875,-5.948480129241943,6,130.83333333333334
2021-11-14 13:16:35,34.3411865234375,-5.9484968185424805,6,134.16666666666669
2021-11-14 13:16:41,34.341068267822266,-5.948499202728272,8,137.50000000000003
2021-11-14 13:16:47,34.34096145629883,-5.948451995849609,7,145.00000000000003
2021-11-14 13:16:53,34.34086608886719,-5.948447227478027,6,150.83333333333337
2021-11-14 13:16:59,34.34077072143555,-5.948423862457275,6,153.33333333333337
2021-11-14 13:17:05,34.34067916870117,-5.9484028816223145,5,158.33333333333331
2021-11-14 13:17:11,34.340599060058594,-5.948390960693359,5,163.33333333333331
2021-11-14 13:17:17,34.3405876159668,-5.948384761810303,0,165.83333333333331
2021-11-14 13:17:23,34.34062576293945,-5.9484148025512695,0,170.83333333333331
2021-11-14 13:17:29,34.34063720703125,-5.948422908782959,0,173.33333333333331
2021-11-14 13:17:35,34.34064102172852,-5.948427200317383,0,180.8333333333333
2021-11-14 13:17:41,34.34064102172852,-5.948430061340332,0,185.0
2021-11-14 13:17:47,34.34064102172852,-5.948429107666016,0,188.3333333333333
2021-11-14 13:17:53,34.34064102172852,-5.948429107666016,0,193.3333333333333
2021-11-14 13:17:59,34.34064102172852,-5.948429107666016,0,198.3333333333333
2021-11-14 13:18:05,34.34064102172852,-5.948429107666016,0,200.8333333333333
2021-11-14 13:18:11,34.34064102172852,-5.948429107666016,0,206.66666666666663
2021-11-14 13:18:17,34.34064102172852,-5.948429107666016,0,211.66666666666663
2021-11-14 13:18:23,34.34064102172852,-5.948429107666016,0,213.3333333333333
2021-11-14 13:18:29,34.34064102172852,-5.948429107666016,0,217.5
2021-11-14 13:18:35,34.34064102172852,-5.948429107666016,0,222.5
2021-11-14 13:18:41,34.34064102172852,-5.948429107666016,0,225.8333333333333
2021-11-14 13:18:47,34.34064102172852,-5.948429107666016,0,230.0
2021-11-14 13:18:53,34.34064102172852,-5.948429107666016,0,234.16666666666663
2021-11-14 13:18:59,34.34064102172852,-5.948429107666016,0,240.0
2021-11-14 13:19:05,34.34064102172852,-5.948429107666016,0,244.16666666666663
2021-11-14 13:19:11,34.34064102172852,-5.948429107666016,0,250.0
2021-11-14 13:19:17,34.34064102172852,-5.948429107666016,0,254.16666666666663
2021-11-14 13:19:23,34.34064102172852,-5.948429107666016,0,256.66666666666663
2021-11-14 13:19:29,34.34064102172852,-5.948429107666016,0,259.1666666666667
2021-11-14 13:19:35,34.34064102172852,-5.948429107666016,0,264.1666666666667
2021-11-14 13:19:41,34.34064102172852,-5.948429107666016,0,267.5
2021-11-14 13:19:47,34.34064102172852,-5.948429107666016,0,274.1666666666667
2021-11-14 13:19:53,34.34064102172852,-5.948429107666016,0,278.33333333333337
2021-11-14 13:19:59,34.34064102172852,-5.948429107666016,0,280.00000000000006
2021-11-14 13:20:05,34.34064102172852,-5.948429107666016,0,286.66666666666674
2021-11-14 13:20:11,34.34064102172852,-5.948429107666016,0,290.8333333333334
2021-11-14 13:20:17,34.34064102172852,-5.948429107666016,0,298.33333333333337
2021-11-14 13:20:23,34.34064102172852,-5.948429107666016,0,300.83333333333337
2021-11-14 13:20:29,34.34064102172852,-5.948429107666016,0,308.33333333333337
2021-11-14 13:20:35,34.34064102172852,-5.948429107666016,0,315.00000000000006
2021-11-14 13:20:41,34.34064102172852,-5.948429107666016,0,318.33333333333337
2021-11-14 13:20:47,34.34064102172852,-5.948429107666016,0,320.83333333333337
2021-11-14 13:20:53,34.34064102172852,-5.948429107666016,0,325.83333333333337
2021-11-14 13:20:59,34.34064102172852,-5.948429107666016,0,329.1666666666667
2021-11-14 13:21:05,34.34064102172852,-5.948429107666016,0,334.1666666666667
2021-11-14 13:21:11,34.34064102172852,-5.948429107666016,0,337.5
2021-11-14 13:21:17,34.34064102172852,-5.948429107666016,0,343.3333333333333
2021-11-14 13:21:23,34.340660095214844,-5.948015213012695,9,347.5
2021-11-14 13:21:29,34.3406982421875,-5.9478440284729,9,349.1666666666667
2021-11-14 13:21:35,34.34074401855469,-5.947661876678467,10,352.5
2021-11-14 13:21:41,34.340782165527344,-5.947475910186768,10,356.6666666666667
2021-11-14 13:21:47,34.340824127197266,-5.947303771972656,9,360.83333333333337
2021-11-14 13:21:53,34.34086990356445,-5.947132110595703,9,364.1666666666667
2021-11-14 13:21:59,34.340911865234375,-5.946948051452637,10,367.5
2021-11-14 13:22:05,34.34095764160156,-5.946761131286621,10,370.8333333333333
2021-11-14 13:22:11,34.34101104736328,-5.946558952331543,11,375.0
2021-11-14 13:22:17,34.341060638427734,-5.946356773376465,11,379.1666666666667
2021-11-14 13:22:23,34.34111022949219,-5.946159839630127,11,385.0
2021-11-14 13:22:29,34.341156005859375,-5.945957183837891,11,390.8333333333333
2021-11-14 13:22:35,34.34120559692383,-5.945751190185547,11,397.5
2021-11-14 13:22:41,34.34125518798828,-5.945548057556152,11,400.83333333333337
2021-11-14 13:22:47,34.341304779052734,-5.945350170135498,11,405.83333333333337
2021-11-14 13:22:53,34.34135055541992,-5.945154190063477,11,412.50000000000006
2021-11-14 13:22:59,34.34139633178711,-5.944959163665772,11,417.50000000000006
2021-11-14 13:23:05,34.3414421081543,-5.944759845733643,11,424.16666666666674
2021-11-14 13:23:11,34.341487884521484,-5.944561958312988,11,430.8333333333334
2021-11-14 13:23:17,34.34153747558594,-5.94435977935791,11,435.8333333333334
2021-11-14 13:23:23,34.341583251953125,-5.94415807723999,11,440.8333333333334
2021-11-14 13:23:29,34.34162521362305,-5.94395112991333,11,446.6666666666667
2021-11-14 13:23:35,34.341670989990234,-5.943747997283936,11,451.6666666666667
2021-11-14 13:23:41,34.34171676635742,-5.943551063537598,11,457.5
2021-11-14 13:23:47,34.34176254272461,-5.943347930908203,11,462.5
2021-11-14 13:23:53,34.34181213378906,-5.943148136138916,11,465.8333333333333
2021-11-14 13:23:59,34.34187698364258,-5.942958831787109,11,470.8333333333333
2021-11-14 13:24:05,34.342010498046875,-5.942994117736816,6,475.0
2021-11-14 13:24:11,34.34210586547852,-5.943117141723633,11,479.1666666666667
2021-11-14 13:24:17,34.342071533203125,-5.943299770355225,11,482.5
2021-11-14 13:24:23,34.34202575683594,-5.9434919357299805,10,487.5
2021-11-14 13:24:29,34.341983795166016,-5.9436798095703125,10,492.5
2021-11-14 13:24:35,34.34193801879883,-5.943868160247803,11,495.0
2021-11-14 13:24:41,34.34189987182617,-5.944066047668457,11,502.5
2021-11-14 13:24:47,34.341854095458984,-5.944263935089111,11,505.8333333333333
2021-11-14 13:24:53,34.3418083190918,-5.944457054138184,11,511.6666666666666
2021-11-14 13:24:59,34.34176254272461,-5.944655895233154,11,516.6666666666666
2021-11-14 13:25:05,34.34171295166016,-5.944852828979492,11,520.8333333333334
2021-11-14 13:25:11,34.34166717529297,-5.945056915283203,11,525.0
2021-11-14 13:25:17,34.34162521362305,-5.945261001586914,11,531.6666666666666
2021-11-14 13:25:23,34.341575622558594,-5.945466041564941,11,535.0
2021-11-14 13:25:29,34.34152603149414,-5.945664882659912,11,542.5
2021-11-14 13:25:35,34.34148025512695,-5.945862770080566,11,545.8333333333334
2021-11-14 13:25:41,34.3414306640625,-5.946060180664063,11,551.6666666666667
2021-11-14 13:25:47,34.34138488769531,-5.946261882781982,11,556.6666666666667
2021-11-14 13:25:53,34.341331481933594,-5.946463108062744,11,560.8333333333334
2021-11-14 13:25:59,34.341285705566406,-5.9466657638549805,11,565.8333333333334
2021-11-14 13:26:05,34.34123992919922,-5.946864128112793,11,566.6666666666667
2021-11-14 13:26:11,34.341190338134766,-5.947060108184815,11,576.6666666666667
2021-11-14 13:26:17,34.34114456176758,-5.947257041931152,11,580.8333333333334
2021-11-14 13:26:23,34.34109115600586,-5.947454929351807,11,584.1666666666667
2021-11-14 13:26:29,34.341041564941406,-5.947649002075195,11,590.8333333333334
2021-11-14 13:26:35,34.34099578857422,-5.947845935821533,10,596.6666666666667
2021-11-14 13:26:41,34.3409538269043,-5.948016166687012,10,601.6666666666667
2021-11-14 13:26:47,34.34091567993164,-5.948185920715332,10,604.1666666666667
2021-11-14 13:26:53,34.34088516235352,-5.948369026184082,10,610.0
2021-11-14 13:26:59,34.340789794921875,-5.948468208312988,10,613.3333333333334
2021-11-14 13:27:05,34.34061813354492,-5.948410987854004,11,620.0
2021-11-14 13:27:11,34.34044647216797,-5.94835901260376,11,625.0
2021-11-14 13:27:17,34.34040832519531,-5.948197841644287,10,629.1666666666667
2021-11-14 13:27:23,34.340450286865234,-5.948010921478272,10,632.5
2021-11-14 13:27:29,34.34049224853516,-5.947822093963623,11,637.5
2021-11-14 13:27:35,34.34053039550781,-5.947630882263184,10,642.5
2021-11-14 13:27:41,34.340576171875,-5.947436809539795,11,645.0
2021-11-14 13:27:47,34.34062194824219,-5.947227954864502,11,652.5
2021-11-14 13:27:53,34.340667724609375,-5.947020053863525,12,658.3333333333334
2021-11-14 13:27:59,34.34071350097656,-5.946809768676758,11,664.1666666666667
2021-11-14 13:28:05,34.340763092041016,-5.946601867675781,10,669.1666666666667
2021-11-14 13:28:11,34.34081268310547,-5.946392059326172,11,675.0
2021-11-14 13:28:17,34.340858459472656,-5.946179866790772,11,680.8333333333333
2021-11-14 13:28:23,34.340911865234375,-5.945973873138428,11,685.0
2021-11-14 13:28:29,34.34096145629883,-5.945766925811768,11,693.3333333333333
2021-11-14 13:28:35,34.34101104736328,-5.945558071136475,12,699.1666666666666
2021-11-14 13:28:41,34.341060638427734,-5.945347785949707,11,705.0
2021-11-14 13:28:47,34.34110641479492,-5.9451398849487305,12,708.3333333333333
2021-11-14 13:28:53,34.34115982055664,-5.9449310302734375,12,715.8333333333333
2021-11-14 13:28:59,34.34121322631836,-5.944721221923828,11,721.6666666666665
2021-11-14 13:29:05,34.34126281738281,-5.944512844085693,11,726.6666666666667
2021-11-14 13:29:11,34.341312408447266,-5.9443039894104,11,732.5
2021-11-14 13:29:17,34.341365814208984,-5.944095134735107,11,739.1666666666667
2021-11-14 13:29:23,34.34141540527344,-5.943885803222656,12,741.6666666666667
2021-11-14 13:29:29,34.34146499633789,-5.9436750411987305,12,749.1666666666667
2021-11-14 13:29:35,34.34151840209961,-5.943465232849121,12,753.3333333333334
2021-11-14 13:29:41,34.34157180786133,-5.94325590133667,11,759.1666666666667
2021-11-14 13:29:47,34.34162521362305,-5.943045139312744,12,765.8333333333334
2021-11-14 13:29:53,34.341705322265625,-5.942885875701904,9,770.8333333333333
2021-11-14 13:29:59,34.34184646606445,-5.942945957183838,10,775.8333333333333
2021-11-14 13:30:05,34.34200668334961,-5.942986011505127,10,780.0
2021-11-14 13:30:11,34.34213638305664,-5.943078994750977,12,785.0
2021-11-14 13:30:17,34.34209442138672,-5.943270206451416,11,788.3333333333333
2021-11-14 13:30:23,34.34204864501953,-5.943470001220703,11,794.1666666666666
2021-11-14 13:30:29,34.342002868652344,-5.943671226501465,11,799.1666666666666
2021-11-14 13:30:35,34.34195327758789,-5.943879127502441,11,801.6666666666666
2021-11-14 13:30:41,34.3419075012207,-5.944077014923096,11,808.3333333333334
2021-11-14 13:30:47,34.34186172485352,-5.944282054901123,11,814.1666666666667
2021-11-14 13:30:53,34.341819763183594,-5.94448184967041,11,818.3333333333334
2021-11-14 13:30:59,34.34177780151367,-5.9446868896484375,11,824.1666666666667
2021-11-14 13:31:05,34.34172821044922,-5.944888114929199,11,830.0
2021-11-14 13:31:11,34.34168243408203,-5.94509220123291,11,835.0
2021-11-14 13:31:17,34.341636657714844,-5.945295810699463,11,838.3333333333333
2021-11-14 13:31:23,34.34159851074219,-5.945497989654541,11,845.0
2021-11-14 13:31:29,34.341552734375,-5.945699214935303,11,850.8333333333334
2021-11-14 13:31:35,34.34150695800781,-5.945900917053223,11,853.3333333333334
2021-11-14 13:31:41,34.341461181640625,-5.946104049682617,11,855.0
2021-11-14 13:31:47,34.34141540527344,-5.946303844451904,11,856.6666666666667
2021-11-14 13:31:53,34.34136962890625,-5.946506977081299,11,865.0
2021-11-14 13:31:59,34.3413200378418,-5.9467082023620605,11,877.5
2021-11-14 13:32:05,34.341278076171875,-5.946908950805664,11,880.8333333333334
2021-11-14 13:32:11,34.34123229980469,-5.947109222412109,11,885.8333333333334
2021-11-14 13:32:17,34.341182708740234,-5.94730806350708,11,890.8333333333334
2021-11-14 13:32:23,34.34113693237305,-5.947508811950684,11,896.6666666666667
2021-11-14 13:32:29,34.341087341308594,-5.9477081298828125,11,900.0
2021-11-14 13:32:35,34.34104537963867,-5.947897911071777,10,905.0
2021-11-14 13:32:41,34.341007232666016,-5.948071002960205,10,910.0
2021-11-14 13:32:47,34.340965270996094,-5.948245048522949,10,912.5
2021-11-14 13:32:53,34.34093475341797,-5.948421001434326,9,916.6666666666666
2021-11-14 13:32:59,34.34083938598633,-5.948442935943604,9,922.5
2021-11-14 13:33:05,34.34090805053711,-5.948284149169922,11,927.5
2021-11-14 13:33:11,34.34098052978516,-5.948095798492432,11,930.8333333333334
2021-11-14 13:33:17,34.341033935546875,-5.947900772094727,11,937.5
2021-11-14 13:33:23,34.34107971191406,-5.9477081298828125,11,942.5
2021-11-14 13:33:29,34.34111785888672,-5.947513103485107,11,946.6666666666669
2021-11-14 13:33:35,34.341163635253906,-5.947311878204346,11,950.8333333333336
2021-11-14 13:33:41,34.34121322631836,-5.947113037109375,11,953.3333333333336
2021-11-14 13:33:47,34.34126663208008,-5.946910858154297,11,959.1666666666669
2021-11-14 13:33:53,34.341312408447266,-5.9467082023620605,11,965.8333333333336
2021-11-14 13:33:59,34.34136199951172,-5.946507930755615,11,969.1666666666669
2021-11-14 13:34:05,34.3414421081543,-5.946415901184082,9,975.8333333333336
2021-11-14 13:34:11,34.34137725830078,-5.946559906005859,12,980.0
2021-11-14 13:34:17,34.34128952026367,-5.946743965148926,12,985.8333333333336
2021-11-14 13:34:23,34.34124755859375,-5.94695520401001,12,991.6666666666669
2021-11-14 13:34:29,34.3411979675293,-5.947163105010986,12,998.3333333333336
2021-11-14 13:34:35,34.34115982055664,-5.947368144989014,11,1001.6666666666669
2021-11-14 13:34:41,34.34111785888672,-5.94757080078125,11,1009.1666666666666
2021-11-14 13:34:47,34.341102600097656,-5.947776794433594,11,1012.5
2021-11-14 13:34:53,34.341060638427734,-5.94796895980835,10,1016.6666666666666
2021-11-14 13:34:59,34.340999603271484,-5.948154926300049,11,1020.8333333333331
2021-11-14 13:35:05,34.34095764160156,-5.948352813720703,11,1024.1666666666663
2021-11-14 13:35:11,34.3408317565918,-5.94847297668457,13,1029.1666666666663
2021-11-14 13:35:17,34.34067916870117,-5.948400020599365,10,1034.1666666666663
2021-11-14 13:35:23,34.340511322021484,-5.948379039764404,10,1037.5
2021-11-14 13:35:29,34.340362548828125,-5.948309898376465,9,1041.6666666666663
2021-11-14 13:35:35,34.34040451049805,-5.948143005371094,10,1046.6666666666663
2021-11-14 13:35:41,34.3404541015625,-5.947951793670654,11,1051.6666666666663
2021-11-14 13:35:47,34.34049606323242,-5.947768211364746,10,1054.1666666666663
2021-11-14 13:35:53,34.34054183959961,-5.947587013244629,10,1059.1666666666663
2021-11-14 13:35:59,34.3405876159668,-5.947389125823975,12,1064.1666666666663
2021-11-14 13:36:05,34.34063720703125,-5.947179794311523,11,1069.1666666666663
2021-11-14 13:36:11,34.34068298339844,-5.946977138519287,12,1072.5
2021-11-14 13:36:17,34.340728759765625,-5.946774005889893,11,1075.8333333333337
2021-11-14 13:36:23,34.34077835083008,-5.946570873260498,11,1083.3333333333337
2021-11-14 13:36:29,34.3408203125,-5.946371078491211,11,1088.3333333333337
2021-11-14 13:36:35,34.34086608886719,-5.946167945861816,11,1092.5
2021-11-14 13:36:41,34.340911865234375,-5.945972919464111,11,1098.3333333333337
2021-11-14 13:36:47,34.34095764160156,-5.945772171020508,11,1104.1666666666667
2021-11-14 13:36:53,34.34100341796875,-5.945570945739746,11,1108.3333333333337
2021-11-14 13:36:59,34.34104537963867,-5.945370197296143,11,1114.1666666666667
2021-11-14 13:37:05,34.341094970703125,-5.945172786712647,10,1120.8333333333337
2021-11-14 13:37:11,34.341148376464844,-5.944972991943359,11,1125.0
2021-11-14 13:37:17,34.34120178222656,-5.944770812988281,11,1131.6666666666663
2021-11-14 13:37:23,34.341251373291016,-5.9445672035217285,11,1137.5
2021-11-14 13:37:29,34.341346740722656,-5.944156169891357,11,1139.1666666666663
2021-11-14 13:37:35,34.34139633178711,-5.94395112991333,11,1140.8333333333333
2021-11-14 13:37:41,34.34143829345703,-5.943747043609619,11,1157.5
2021-11-14 13:37:47,34.34149169921875,-5.943549156188965,11,1162.5
2021-11-14 13:37:53,34.34153747558594,-5.943347930908203,11,1168.3333333333337
2021-11-14 13:37:59,34.34158706665039,-5.9431471824646,11,1172.5
2021-11-14 13:38:05,34.34162902832031,-5.94295597076416,9,1178.3333333333337
2021-11-14 13:38:11,34.34172821044922,-5.942914009094238,7,1183.3333333333337
2021-11-14 13:38:17,34.34166717529297,-5.943027019500732,10,1188.3333333333337
2021-11-14 13:38:23,34.34157943725586,-5.942924976348877,10,1191.6666666666667
2021-11-14 13:38:29,34.341697692871094,-5.9429240226745605,9,1194.1666666666667
2021-11-14 13:38:35,34.341651916503906,-5.943097114562988,11,1197.5
2021-11-14 13:38:41,34.341609954833984,-5.943299770355225,11,1204.1666666666667
2021-11-14 13:38:47,34.34156799316406,-5.943512916564941,12,1210.0
2021-11-14 13:38:53,34.341522216796875,-5.943718910217285,11,1214.1666666666667
2021-11-14 13:38:59,34.34146881103516,-5.943921089172363,11,1220.0
2021-11-14 13:39:05,34.34142303466797,-5.944127082824707,11,1225.0
2021-11-14 13:39:11,34.34138107299805,-5.944334983825684,12,1230.8333333333337
2021-11-14 13:39:17,34.34132766723633,-5.944541931152344,12,1235.0
2021-11-14 13:39:23,34.341278076171875,-5.944748878479004,11,1241.6666666666667
2021-11-14 13:39:29,34.34122467041016,-5.944952964782715,11,1247.5
2021-11-14 13:39:35,34.3411750793457,-5.945158004760742,11,1253.3333333333337
2021-11-14 13:39:41,34.34112930297852,-5.945365905761719,11,1258.3333333333337
2021-11-14 13:39:47,34.34107971191406,-5.94556999206543,11,1264.1666666666667
2021-11-14 13:39:53,34.34103012084961,-5.945777893066406,11,1271.6666666666667
2021-11-14 13:39:59,34.34098052978516,-5.945981025695801,11,1276.6666666666667
2021-11-14 13:40:05,34.3409309387207,-5.946183204650879,11,1282.5
2021-11-14 13:40:11,34.34088516235352,-5.946390151977539,11,1289.1666666666667
2021-11-14 13:40:17,34.3408317565918,-5.946596145629883,12,1292.5
2021-11-14 13:40:23,34.340782165527344,-5.946805000305176,12,1297.5
2021-11-14 13:40:29,34.34073257446289,-5.94700813293457,11,1304.1666666666667
2021-11-14 13:40:35,34.3406867980957,-5.947212219238281,11,1310.0
2021-11-14 13:40:41,34.34064102172852,-5.947418212890625,11,1316.6666666666667
2021-11-14 13:40:47,34.3405876159668,-5.947618007659912,10,1320.8333333333337
2021-11-14 13:40:53,34.340545654296875,-5.947795867919922,9,1325.0000000000002
2021-11-14 13:40:59,34.34049987792969,-5.947968006134033,9,1330.0000000000002
2021-11-14 13:41:05,34.3404541015625,-5.948142051696777,8,1332.5
2021-11-14 13:41:11,34.340423583984375,-5.948297023773193,8,1338.3333333333333
2021-11-14 13:41:17,34.34033203125,-5.948280811309815,8,1344.1666666666663
2021-11-14 13:41:23,34.34036636352539,-5.948130130767822,10,1345.8333333333333
2021-11-14 13:41:29,34.34041213989258,-5.947948932647705,10,1351.6666666666663
2021-11-14 13:41:35,34.3404541015625,-5.947770118713379,9,1355.0
2021-11-14 13:41:41,34.34049606323242,-5.947587013244629,10,1357.5
2021-11-14 13:41:47,34.34054183959961,-5.94740104675293,11,1363.3333333333333
2021-11-14 13:41:53,34.34059143066406,-5.947195053100586,11,1369.1666666666663
2021-11-14 13:41:59,34.34063720703125,-5.946988105773926,11,1372.5
2021-11-14 13:42:05,34.34068298339844,-5.946785926818848,11,1378.3333333333333
2021-11-14 13:42:11,34.340728759765625,-5.946587085723877,11,1383.3333333333333
2021-11-14 13:42:17,34.34077835083008,-5.946387767791748,11,1386.6666666666663
2021-11-14 13:42:23,34.34082794189453,-5.946189880371094,11,1393.3333333333333
2021-11-14 13:42:29,34.34086990356445,-5.9459991455078125,10,1399.1666666666663
2021-11-14 13:42:35,34.34091567993164,-5.945807933807373,10,1403.3333333333333
2021-11-14 13:42:41,34.34095764160156,-5.945621013641357,11,1407.5
2021-11-14 13:42:47,34.34100341796875,-5.945436000823975,10,1413.3333333333333
2021-11-14 13:42:53,34.34104537963867,-5.945247173309326,10,1417.5
2021-11-14 13:42:59,34.34109115600586,-5.94506311416626,10,1420.8333333333333
2021-11-14 13:43:05,34.34113693237305,-5.944867134094238,11,1428.3333333333333
2021-11-14 13:43:11,34.3411865234375,-5.944668769836426,11,1431.6666666666663
2021-11-14 13:43:17,34.34123611450195,-5.944470882415772,11,1438.3333333333333
2021-11-14 13:43:23,34.34128189086914,-5.944272994995117,11,1444.1666666666663
2021-11-14 13:43:29,34.34132766723633,-5.944077968597412,11,1446.6666666666663
2021-11-14 13:43:35,34.34137725830078,-5.943888187408447,11,1451.6666666666663
2021-11-14 13:43:41,34.34142303466797,-5.943695068359375,11,1457.5
2021-11-14 13:43:47,34.34147262573242,-5.943496227264404,11,1463.3333333333333
2021-11-14 13:43:53,34.341522216796875,-5.943294048309326,11,1469.1666666666663
2021-11-14 13:43:59,34.34157180786133,-5.943093776702881,11,1473.3333333333333
2021-11-14 13:44:05,34.34162902832031,-5.942914009094238,9,1477.5
2021-11-14 13:44:11,34.341732025146484,-5.942959785461426,9,1480.8333333333333
2021-11-14 13:44:17,34.34168243408203,-5.943140983581543,11,1482.5
2021-11-14 13:44:23,34.34163284301758,-5.943342208862305,12,1488.3333333333337
2021-11-14 13:44:29,34.341583251953125,-5.943542003631592,12,1495.0
2021-11-14 13:44:35,34.34153747558594,-5.943747997283936,12,1500.8333333333337
2021-11-14 13:44:41,34.341487884521484,-5.943955898284912,11,1505.8333333333337
2021-11-14 13:44:47,34.34144592285156,-5.944161891937256,11,1511.6666666666667
2021-11-14 13:44:53,34.34139633178711,-5.944365978240967,11,1515.0
2021-11-14 13:44:59,34.34134292602539,-5.944568157196045,11,1521.6666666666667
2021-11-14 13:45:05,34.34129333496094,-5.944767951965332,11,1527.5
2021-11-14 13:45:11,34.34124755859375,-5.94497013092041,11,1531.6666666666667
2021-11-14 13:45:17,34.3411979675293,-5.94517183303833,11,1538.3333333333337
2021-11-14 13:45:23,34.34115219116211,-5.945373058319092,11,1545.0
2021-11-14 13:45:29,34.341102600097656,-5.945580959320068,12,1551.6666666666667
2021-11-14 13:45:35,34.3410530090332,-5.945792198181152,12,1555.8333333333337
2021-11-14 13:45:41,34.340999603271484,-5.946002006530762,11,1565.0000000000002
2021-11-14 13:45:47,34.34095001220703,-5.946210861206055,11,1571.666666666667
2021-11-14 13:45:53,34.34090042114258,-5.946423053741455,12,1575.0
2021-11-14 13:45:59,34.340850830078125,-5.9466328620910645,12,1582.5
2021-11-14 13:46:05,34.340797424316406,-5.946843147277832,12,1588.3333333333333
2021-11-14 13:46:11,34.34075164794922,-5.947052001953125,12,1592.5
2021-11-14 13:46:17,34.340702056884766,-5.947264194488525,11,1599.1666666666663
2021-11-14 13:46:23,34.34064865112305,-5.947472095489502,11,1605.0
2021-11-14 13:46:29,34.340606689453125,-5.947676181793213,11,1610.0
2021-11-14 13:46:35,34.34056091308594,-5.947853088378906,10,1615.8333333333333
2021-11-14 13:46:41,34.340518951416016,-5.948036193847656,10,1619.1666666666663
2021-11-14 13:46:47,34.340476989746094,-5.948215007781982,10,1622.5
2021-11-14 13:46:53,34.34039306640625,-5.948338031768799,10,1627.5
2021-11-14 13:46:59,34.34030532836914,-5.948241233825684,8,1633.3333333333333
2021-11-14 13:47:05,34.340362548828125,-5.948074817657471,9,1636.6666666666663
2021-11-14 13:47:11,34.34040832519531,-5.947888851165772,10,1639.9999999999998
2021-11-14 13:47:17,34.34044647216797,-5.947700023651123,10,1644.9999999999998
2021-11-14 13:47:23,34.34049224853516,-5.947515964508057,10,1649.9999999999998
2021-11-14 13:47:29,34.340538024902344,-5.947325229644775,11,1655.0
2021-11-14 13:47:35,34.34058380126953,-5.9471211433410645,11,1658.3333333333337
2021-11-14 13:47:41,34.340633392333984,-5.946916103363037,11,1665.0
2021-11-14 13:47:47,34.34067916870117,-5.946712017059326,11,1668.3333333333337
2021-11-14 13:47:53,34.34072494506836,-5.946509838104248,11,1674.1666666666663
2021-11-14 13:47:59,34.34077453613281,-5.946307182312012,12,1680.0
2021-11-14 13:48:05,34.3408203125,-5.946105003356934,11,1685.8333333333333
2021-11-14 13:48:11,34.34086608886719,-5.945905208587647,11,1690.0
2021-11-14 13:48:17,34.34091567993164,-5.945703983306885,11,1696.6666666666663
2021-11-14 13:48:23,34.34096145629883,-5.945508003234863,11,1701.6666666666663
2021-11-14 13:48:29,34.34100341796875,-5.945306777954102,11,1708.3333333333337
2021-11-14 13:48:35,34.3410530090332,-5.945104122161865,11,1712.5
2021-11-14 13:48:41,34.34110641479492,-5.944900989532471,11,1719.1666666666663
2021-11-14 13:48:47,34.34115219116211,-5.94469690322876,11,1723.3333333333337
2021-11-14 13:48:53,34.34120178222656,-5.94449520111084,11,1728.3333333333337
2021-11-14 13:48:59,34.341251373291016,-5.9442901611328125,11,1733.3333333333337
2021-11-14 13:49:05,34.3412971496582,-5.944086074829102,11,1738.3333333333337
2021-11-14 13:49:11,34.34134292602539,-5.94388484954834,11,1743.3333333333337
2021-11-14 13:49:17,34.341392517089844,-5.943684101104736,11,1750.0
2021-11-14 13:49:23,34.34144592285156,-5.943479061126709,11,1753.3333333333337
2021-11-14 13:49:29,34.341495513916016,-5.943276882171631,11,1759.1666666666663
2021-11-14 13:49:35,34.3415412902832,-5.9430742263793945,11,1765.0
2021-11-14 13:49:41,34.34159851074219,-5.942887783050537,10,1768.3333333333333
2021-11-14 13:49:47,34.34174346923828,-5.942927837371826,10,1773.3333333333333
2021-11-14 13:49:53,34.341705322265625,-5.943116188049316,11,1778.3333333333337
2021-11-14 13:49:59,34.3416633605957,-5.943325996398926,11,1785.0
2021-11-14 13:50:05,34.34161376953125,-5.943534851074219,12,1790.0
2021-11-14 13:50:11,34.34156036376953,-5.943741798400879,11,1793.3333333333337
2021-11-14 13:50:17,34.34151077270508,-5.943947792053223,11,1799.1666666666663
2021-11-14 13:50:23,34.34146499633789,-5.944156169891357,11,1805.0
2021-11-14 13:50:29,34.3414192199707,-5.94436502456665,11,1808.3333333333333
2021-11-14 13:50:35,34.34136962890625,-5.944573879241943,11,1815.0
2021-11-14 13:50:41,34.3413200378418,-5.944779872894287,11,1819.1666666666667
2021-11-14 13:50:47,34.341278076171875,-5.9449849128723145,11,1825.8333333333333
2021-11-14 13:50:53,34.34122467041016,-5.945188045501709,11,1832.5
2021-11-14 13:50:59,34.34117889404297,-5.94539213180542,11,1837.5
2021-11-14 13:51:05,34.34112930297852,-5.945594787597656,11,1844.166666666667
2021-11-14 13:51:11,34.34107971191406,-5.945798873901367,11,1850.8333333333333
2021-11-14 13:51:17,34.341033935546875,-5.946005821228027,11,1855.8333333333333
2021-11-14 13:51:23,34.34098052978516,-5.9462080001831055,11,1860.0
2021-11-14 13:51:29,34.3409309387207,-5.946413040161133,11,1868.3333333333333
2021-11-14 13:51:35,34.34088134765625,-5.94661808013916,11,1874.166666666667
2021-11-14 13:51:41,34.3408317565918,-5.946824073791504,11,1878.3333333333333
2021-11-14 13:51:47,34.340782165527344,-5.947027206420898,11,1884.166666666667
2021-11-14 13:51:53,34.34073257446289,-5.947234153747559,11,1889.166666666667
2021-11-14 13:51:59,34.34068298339844,-5.947439193725586,11,1894.166666666667
2021-11-14 13:52:05,34.34064102172852,-5.947638988494873,11,1900.8333333333333
2021-11-14 13:52:11,34.34059143066406,-5.947828769683838,11,1905.8333333333333
2021-11-14 13:52:17,34.34054946899414,-5.948001861572266,9,1908.3333333333333
2021-11-14 13:52:23,34.34050369262695,-5.948187828063965,10,1912.5
2021-11-14 13:52:29,34.3404541015625,-5.948338985443115,8,1915.8333333333333
2021-11-14 13:52:35,34.34032440185547,-5.94832706451416,8,1921.6666666666667
2021-11-14 13:52:41,34.34031677246094,-5.948183059692383,9,1926.6666666666667
2021-11-14 13:52:47,34.340354919433594,-5.947994232177734,11,1931.6666666666667
2021-11-14 13:52:53,34.34040069580078,-5.9477949142456055,11,1937.5
2021-11-14 13:52:59,34.3404426574707,-5.947597980499268,11,1942.5
2021-11-14 13:53:05,34.34048843383789,-5.9474029541015625,11,1945.8333333333333
2021-11-14 13:53:11,34.34053421020508,-5.947202205657959,11,1951.6666666666667
2021-11-14 13:53:17,34.34058380126953,-5.947001934051514,11,1955.0
2021-11-14 13:53:23,34.34062957763672,-5.946804046630859,11,1960.8333333333333
2021-11-14 13:53:29,34.340675354003906,-5.946601867675781,11,1965.8333333333333
2021-11-14 13:53:35,34.340721130371094,-5.946404933929443,11,1970.8333333333333
2021-11-14 13:53:41,34.34077072143555,-5.94620418548584,11,1976.6666666666667
2021-11-14 13:53:47,34.3408203125,-5.946005821228027,11,1979.1666666666667
2021-11-14 13:53:53,34.34087371826172,-5.945793151855469,12,1987.5
2021-11-14 13:53:59,34.34092712402344,-5.945580005645752,12,1993.3333333333333
2021-11-14 13:54:05,34.340972900390625,-5.945370197296143,12,2000.8333333333333
2021-11-14 13:54:11,34.341026306152344,-5.945158004760742,12,2008.3333333333333
2021-11-14 13:54:17,34.3410758972168,-5.944941997528076,12,2012.5
2021-11-14 13:54:23,34.34112930297852,-5.94473123550415,11,2015.8333333333333
2021-11-14 13:54:29,34.341182708740234,-5.944517135620117,12,2024.166666666667
2021-11-14 13:54:35,34.34123229980469,-5.944300174713135,12,2030.0
2021-11-14 13:54:41,34.341285705566406,-5.944087028503418,12,2036.666666666667
2021-11-14 13:54:47,34.34133529663086,-5.943871021270752,12,2043.3333333333333
2021-11-14 13:54:53,34.34138488769531,-5.943657875061035,12,2047.5
2021-11-14 13:54:59,34.34143829345703,-5.943445205688477,12,2051.666666666667
2021-11-14 13:55:05,34.34149169921875,-5.943233966827393,12,2057.5
2021-11-14 13:55:11,34.34153747558594,-5.943023204803467,12,2063.333333333333
2021-11-14 13:55:17,34.34164047241211,-5.942887783050537,11,2068.333333333333
2021-11-14 13:55:23,34.34178161621094,-5.942966938018799,10,2069.166666666667
2021-11-14 13:55:29,34.34173583984375,-5.943157196044922,12,2075.0
2021-11-14 13:55:35,34.3416862487793,-5.943367958068848,12,2080.833333333333
2021-11-14 13:55:41,34.341636657714844,-5.943582057952881,12,2085.833333333333
2021-11-14 13:55:47,34.34158706665039,-5.943790912628174,12,2091.6666666666665
2021-11-14 13:55:53,34.3415412902832,-5.94399881362915,11,2095.0
2021-11-14 13:55:59,34.34149169921875,-5.944207191467285,11,2101.6666666666665
2021-11-14 13:56:05,34.34144592285156,-5.944414138793945,11,2107.5
2021-11-14 13:56:11,34.34139633178711,-5.944622039794922,12,2112.5
2021-11-14 13:56:17,34.34134292602539,-5.944828987121582,11,2116.6666666666665
2021-11-14 13:56:23,34.34129333496094,-5.945034980773926,12,2123.333333333333
2021-11-14 13:56:29,34.341243743896484,-5.945239067077637,11,2128.333333333333
2021-11-14 13:56:35,34.34119415283203,-5.945446014404297,11,2137.5
2021-11-14 13:56:41,34.34114456176758,-5.945652961730957,11,2141.6666666666665
2021-11-14 13:56:47,34.34109115600586,-5.945860862731934,12,2148.333333333333
2021-11-14 13:56:53,34.34104537963867,-5.94606876373291,11,2154.9999999999995
2021-11-14 13:56:59,34.34099197387695,-5.9462761878967285,11,2159.1666666666665
2021-11-14 13:57:05,34.3409423828125,-5.946484088897705,12,2166.666666666667
2021-11-14 13:57:11,34.34089660644531,-5.946694850921631,12,2173.333333333333
2021-11-14 13:57:17,34.34084701538086,-5.946900844573975,11,2177.5
2021-11-14 13:57:23,34.340797424316406,-5.947107791900635,12,2181.6666666666665
2021-11-14 13:57:29,34.34074783325195,-5.947318077087402,11,2189.1666666666665
2021-11-14 13:57:35,34.34069061279297,-5.947521209716797,11,2195.0
2021-11-14 13:57:41,34.34064102172852,-5.947718143463135,10,2200.833333333333
2021-11-14 13:57:47,34.34060287475586,-5.947889804840088,9,2205.833333333333
2021-11-14 13:57:53,34.340553283691406,-5.9480719566345215,10,2207.5
2021-11-14 13:57:59,34.340518951416016,-5.948256969451904,10,2210.833333333333
2021-11-14 13:58:05,34.34042739868164,-5.94835376739502,11,2215.833333333333
2021-11-14 13:58:11,34.34028244018555,-5.948314189910889,9,2222.5
2021-11-14 13:58:17,34.340274810791016,-5.948192119598389,9,2225.833333333333
2021-11-14 13:58:23,34.3403205871582,-5.948013782501221,11,2230.833333333333
2021-11-14 13:58:29,34.340362548828125,-5.947824001312256,11,2236.6666666666665
2021-11-14 13:58:35,34.34040832519531,-5.947632789611816,10,2239.1666666666665
2021-11-14 13:58:41,34.3404541015625,-5.947433948516846,12,2244.166666666667
2021-11-14 13:58:47,34.34049987792969,-5.947228908538818,11,2249.166666666667
2021-11-14 13:58:53,34.340545654296875,-5.947027206420898,11,2255.0
2021-11-14 13:58:59,34.34059524536133,-5.946817874908447,12,2259.166666666667
2021-11-14 13:59:05,34.34064483642578,-5.946609973907471,12,2265.0
2021-11-14 13:59:11,34.34069061279297,-5.946401119232178,12,2270.0
2021-11-14 13:59:17,34.34073638916016,-5.946187973022461,11,2275.833333333333
2021-11-14 13:59:23,34.340789794921875,-5.945979118347168,11,2282.5
2021-11-14 13:59:29,34.34083938598633,-5.945771217346191,12,2290.0
2021-11-14 13:59:35,34.34088897705078,-5.945560932159424,11,2294.166666666667
2021-11-14 13:59:41,34.3409423828125,-5.945353031158447,12,2300.0
2021-11-14 13:59:47,34.34099197387695,-5.945141792297363,11,2306.666666666667
2021-11-14 13:59:53,34.34104537963867,-5.94493293762207,11,2312.5
2021-11-14 13:59:59,34.341094970703125,-5.94472599029541,12,2316.666666666667
2021-11-14 14:00:05,34.341148376464844,-5.944517135620117,12,2321.666666666667
2021-11-14 14:00:11,34.34120559692383,-5.944310188293457,11,2329.166666666667
2021-11-14 14:00:17,34.34125518798828,-5.944095134735107,12,2334.166666666667
2021-11-14 14:00:23,34.341304779052734,-5.943881034851074,12,2340.833333333333
2021-11-14 14:00:29,34.34136199951172,-5.94366979598999,12,2345.833333333333
2021-11-14 14:00:35,34.34141159057617,-5.943457126617432,12,2351.666666666667
2021-11-14 14:00:41,34.34146499633789,-5.943243980407715,12,2358.333333333333
2021-11-14 14:00:47,34.34151077270508,-5.943030834197998,12,2364.166666666667
2021-11-14 14:00:53,34.34161376953125,-5.942881107330322,12,2367.5
2021-11-14 14:00:59,34.34178161621094,-5.942930221557617,11,2373.333333333333
2021-11-14 14:01:05,34.34177017211914,-5.943120002746582,11,2378.333333333333
2021-11-14 14:01:11,34.34172058105469,-5.943337917327881,12,2382.5
2021-11-14 14:01:17,34.341670989990234,-5.943554878234863,12,2390.0
2021-11-14 14:01:23,34.34162139892578,-5.94376802444458,12,2395.0
2021-11-14 14:01:29,34.34156799316406,-5.9439778327941895,11,2397.5
2021-11-14 14:01:35,34.341522216796875,-5.944190979003906,11,2403.333333333333
2021-11-14 14:01:41,34.34147262573242,-5.944400787353516,12,2410.0
2021-11-14 14:01:47,34.34142303466797,-5.94460916519165,11,2416.666666666667
2021-11-14 14:01:53,34.34137344360352,-5.944817066192627,12,2420.0
2021-11-14 14:01:59,34.34132766723633,-5.945023059844971,11,2427.5
2021-11-14 14:02:05,34.341278076171875,-5.945230007171631,12,2433.333333333333
2021-11-14 14:02:11,34.34122467041016,-5.945442199707031,12,2437.5
2021-11-14 14:02:17,34.3411750793457,-5.945652008056641,12,2443.333333333333
2021-11-14 14:02:23,34.34112548828125,-5.945862770080566,12,2451.666666666667
2021-11-14 14:02:29,34.3410758972168,-5.946074962615967,11,2458.333333333333
2021-11-14 14:02:35,34.34102249145508,-5.94628381729126,11,2464.166666666667
2021-11-14 14:02:41,34.34096908569336,-5.946488857269287,11,2470.0
2021-11-14 14:02:47,34.340919494628906,-5.946699142456055,11,2475.0
2021-11-14 14:02:53,34.34086990356445,-5.946901798248291,12,2480.833333333333
2021-11-14 14:02:59,34.3408203125,-5.947107791900635,11,2485.0
2021-11-14 14:03:05,34.34077835083008,-5.94730281829834,10,2491.666666666667
2021-11-14 14:03:11,34.34073638916016,-5.947478771209717,9,2495.0
2021-11-14 14:03:17,34.34069061279297,-5.947655200958252,11,2497.5
2021-11-14 14:03:23,34.34064483642578,-5.947854995727539,11,2504.166666666667
2021-11-14 14:03:29,34.34059524536133,-5.948051929473877,11,2507.5
2021-11-14 14:03:35,34.34054946899414,-5.948256015777588,11,2513.333333333333
2021-11-14 14:03:41,34.34047317504883,-5.948379993438721,9,2518.333333333333
2021-11-14 14:03:47,34.340328216552734,-5.948347091674805,10,2524.166666666667
2021-11-14 14:03:53,34.34021759033203,-5.948273181915283,7,2526.666666666667
2021-11-14 14:03:59,34.34025573730469,-5.948132991790772,10,2533.333333333333
2021-11-14 14:04:05,34.340309143066406,-5.947938919067383,11,2538.333333333333
2021-11-14 14:04:11,34.34035873413086,-5.947731018066406,11,2545.833333333333
2021-11-14 14:04:17,34.34040832519531,-5.947525024414063,11,2550.833333333333
2021-11-14 14:04:23,34.3404655456543,-5.947317123413086,12,2555.0
2021-11-14 14:04:29,34.34051513671875,-5.947103023529053,12,2561.666666666667
2021-11-14 14:04:35,34.3405647277832,-5.94688606262207,12,2567.5
2021-11-14 14:04:41,34.340614318847656,-5.946668148040772,12,2573.333333333333
2021-11-14 14:04:47,34.340667724609375,-5.946453094482422,12,2580.833333333333
2021-11-14 14:04:53,34.34071731567383,-5.94623613357544,12,2585.0
2021-11-14 14:04:59,34.34076690673828,-5.946022987365723,12,2592.5
2021-11-14 14:05:05,34.340816497802734,-5.945807933807373,12,2598.333333333333
2021-11-14 14:05:11,34.34086990356445,-5.945590972900391,12,2602.5
2021-11-14 14:05:17,34.34092330932617,-5.945382118225098,12,2610.0
2021-11-14 14:05:23,34.34097671508789,-5.945167064666748,12,2616.6666666666665
2021-11-14 14:05:29,34.34103012084961,-5.944952011108398,12,2623.333333333333
2021-11-14 14:05:35,34.34108352661133,-5.944742202758789,12,2627.5
2021-11-14 14:05:41,34.34114074707031,-5.944530963897705,11,2632.5
2021-11-14 14:05:47,34.341190338134766,-5.944322109222412,12,2640.0
2021-11-14 14:05:53,34.341243743896484,-5.944108009338379,12,2646.6666666666665
2021-11-14 14:05:59,34.341339111328125,-5.943685054779053,11,2648.333333333333
2021-11-14 14:06:05,34.34138870239258,-5.943472862243652,11,2662.5
2021-11-14 14:06:11,34.34143829345703,-5.943263053894043,11,2668.333333333333
2021-11-14 14:06:17,34.341487884521484,-5.943049907684326,12,2672.5
2021-11-14 14:06:23,34.341575622558594,-5.942887783050537,11,2678.333333333333
2021-11-14 14:06:29,34.34173583984375,-5.942938804626465,11,2682.5
2021-11-14 14:06:35,34.34183883666992,-5.943037986755371,11,2687.5
2021-11-14 14:06:41,34.3417854309082,-5.943230152130127,11,2690.833333333333
2021-11-14 14:06:47,34.34173583984375,-5.943432807922363,12,2695.833333333333
2021-11-14 14:06:53,34.34168243408203,-5.943641185760498,11,2702.5
2021-11-14 14:06:59,34.341636657714844,-5.943850994110107,12,2705.833333333333
2021-11-14 14:07:05,34.34158706665039,-5.9440598487854,12,2710.833333333333
2021-11-14 14:07:11,34.34153747558594,-5.944265842437744,11,2717.5
2021-11-14 14:07:17,34.341487884521484,-5.9444780349731445,12,2723.333333333333
2021-11-14 14:07:23,34.34143829345703,-5.944687843322754,11,2726.6666666666665
2021-11-14 14:07:29,34.34138870239258,-5.944897174835205,11,2734.166666666667
2021-11-14 14:07:35,34.34133529663086,-5.945104122161865,12,2740.0
2021-11-14 14:07:41,34.34128952026367,-5.945310115814209,11,2747.5
2021-11-14 14:07:47,34.34123992919922,-5.945511817932129,11,2751.666666666667
2021-11-14 14:07:53,34.341190338134766,-5.9457221031188965,12,2758.333333333333
2021-11-14 14:07:59,34.34114074707031,-5.945931911468506,12,2761.666666666667
2021-11-14 14:08:05,34.341087341308594,-5.946142196655273,12,2768.333333333333
2021-11-14 14:08:11,34.34103775024414,-5.94635009765625,12,2775.0
2021-11-14 14:08:17,34.34098434448242,-5.9465651512146,12,2782.5
2021-11-14 14:08:23,34.34093475341797,-5.946783065795898,12,2784.166666666667
2021-11-14 14:08:29,34.34088134765625,-5.946994781494141,12,2790.833333333333
2021-11-14 14:08:35,34.3408317565918,-5.947208881378174,12,2796.666666666667
2021-11-14 14:08:41,34.34077835083008,-5.947420120239258,12,2802.5
2021-11-14 14:08:47,34.340721130371094,-5.947632789611816,12,2807.5
2021-11-14 14:08:53,34.34067153930664,-5.9478440284729,11,2810.833333333333
2021-11-14 14:08:59,34.34061813354492,-5.948048114776611,12,2815.833333333333
2021-11-14 14:09:05,34.340572357177734,-5.948255062103272,11,2820.0
2021-11-14 14:09:11,34.34047317504883,-5.948365211486816,13,2824.166666666667
2021-11-14 14:09:17,34.34028625488281,-5.948317050933838,11,2829.166666666667
2021-11-14 14:09:23,34.340179443359375,-5.948215961456299,7,2834.166666666667
2021-11-14 14:09:29,34.340030670166016,-5.948176860809326,12,2839.166666666667
2021-11-14 14:09:35,34.34003448486328,-5.9479827880859375,11,2842.5
2021-11-14 14:09:41,34.340087890625,-5.947780132293701,11,2847.5
2021-11-14 14:09:47,34.34013748168945,-5.947580814361572,11,2852.5
2021-11-14 14:09:53,34.34019088745117,-5.947379112243652,11,2856.6666666666665
2021-11-14 14:09:59,34.34024810791016,-5.947172164916992,12,2863.333333333333
2021-11-14 14:10:05,34.340301513671875,-5.946961879730225,12,2868.333333333333
2021-11-14 14:10:11,34.34035873413086,-5.946756839752197,11,2874.1666666666665
2021-11-14 14:10:17,34.34040832519531,-5.946547985076904,12,2878.333333333333
2021-11-14 14:10:23,34.3404655456543,-5.9463419914245605,11,2884.1666666666665
2021-11-14 14:10:29,34.340518951416016,-5.9461350440979,12,2890.833333333333
2021-11-14 14:10:35,34.340572357177734,-5.945923805236816,12,2895.0
2021-11-14 14:10:41,34.34061813354492,-5.945706844329834,12,2901.6666666666665
2021-11-14 14:10:47,34.34067153930664,-5.945496082305908,12,2905.833333333333
2021-11-14 14:10:53,34.34072494506836,-5.945282936096191,12,2911.6666666666665
2021-11-14 14:10:59,34.340782165527344,-5.945074081420898,12,2915.0
2021-11-14 14:11:05,34.34083938598633,-5.944862842559815,12,2921.6666666666665
2021-11-14 14:11:11,34.34089279174805,-5.944647789001465,12,2927.5
2021-11-14 14:11:17,34.34095001220703,-5.944437980651856,12,2934.1666666666665
2021-11-14 14:11:23,34.34100341796875,-5.944228172302246,11,2938.333333333333
2021-11-14 14:11:29,34.341060638427734,-5.944016933441162,12,2944.1666666666665
2021-11-14 14:11:35,34.341156005859375,-5.943600177764893,11,2947.5
2021-11-14 14:11:41,34.34120559692383,-5.943397045135498,11,2960.833333333333
2021-11-14 14:11:47,34.34125518798828,-5.9431891441345215,11,2965.833333333333
2021-11-14 14:11:53,34.34130859375,-5.942986965179443,11,2971.6666666666665
2021-11-14 14:11:59,34.34139633178711,-5.94281816482544,12,2975.0
2021-11-14 14:12:05,34.3415641784668,-5.942886829376221,12,2979.1666666666665
2021-11-14 14:12:11,34.34173583984375,-5.942944049835205,12,2984.1666666666665
2021-11-14 14:12:17,34.34184265136719,-5.943056106567383,12,2990.0
2021-11-14 14:12:23,34.34178924560547,-5.943266868591309,12,2995.0
2021-11-14 14:12:29,34.34174346923828,-5.943483829498291,12,2999.1666666666665
2021-11-14 14:12:35,34.34169006347656,-5.943699836730957,12,3005.0
2021-11-14 14:12:41,34.341644287109375,-5.94391393661499,12,3010.833333333333
2021-11-14 14:12:47,34.34159851074219,-5.9441351890563965,12,3018.333333333333
2021-11-14 14:12:53,34.3415412902832,-5.944351196289063,12,3022.5
2021-11-14 14:12:59,34.341487884521484,-5.9445672035217285,12,3029.1666666666665
2021-11-14 14:13:05,34.341434478759766,-5.9447832107543945,12,3036.6666666666665
2021-11-14 14:13:11,34.34138488769531,-5.944995880126953,12,3041.6666666666665
2021-11-14 14:13:17,34.34133529663086,-5.9452080726623535,12,3050.0
2021-11-14 14:13:23,34.34128189086914,-5.945423126220703,12,3058.333333333333
2021-11-14 14:13:29,34.34123229980469,-5.945641994476318,12,3062.5
2021-11-14 14:13:35,34.34117889404297,-5.945864200592041,12,3070.0
2021-11-14 14:13:41,34.34112930297852,-5.946088790893555,13,3077.5
2021-11-14 14:13:47,34.341068267822266,-5.946319103240967,13,3081.6666666666665
2021-11-14 14:13:53,34.341007232666016,-5.946547985076904,13,3090.0
2021-11-14 14:13:59,34.34095001220703,-5.946781158447266,13,3097.5
2021-11-14 14:14:05,34.34089279174805,-5.947013854980469,13,3105.0
2021-11-14 14:14:11,34.34083938598633,-5.947249889373779,13,3109.1666666666665
2021-11-14 14:14:17,34.340782165527344,-5.947490215301514,13,3115.833333333333
2021-11-14 14:14:23,34.340728759765625,-5.947731018066406,13,3121.6666666666665
2021-11-14 14:14:29,34.340675354003906,-5.947972774505615,13,3127.5
2021-11-14 14:14:35,34.34061813354492,-5.948208808898926,13,3132.5
2021-11-14 14:14:41,34.34050750732422,-5.94838809967041,14,3141.666666666667
2021-11-14 14:14:47,34.34032440185547,-5.948334217071533,12,3147.5
2021-11-14 14:14:53,34.34017562866211,-5.948203086853027,12,3152.5
2021-11-14 14:14:59,34.34000396728516,-5.948188781738281,11,3159.166666666667
2021-11-14 14:15:05,34.34001922607422,-5.94799280166626,12,3162.5
2021-11-14 14:15:11,34.34006881713867,-5.947766780853272,13,3170.0
2021-11-14 14:15:17,34.34012985229492,-5.947532176971436,13,3175.0
2021-11-14 14:15:23,34.34019088745117,-5.94730281829834,13,3183.333333333333
2021-11-14 14:15:29,34.34025192260742,-5.947073936462402,13,3190.0
2021-11-14 14:15:35,34.340309143066406,-5.946844100952148,13,3196.666666666667
2021-11-14 14:15:41,34.34036636352539,-5.946615219116211,13,3201.666666666667
2021-11-14 14:15:47,34.340423583984375,-5.946389198303223,12,3209.166666666667
2021-11-14 14:15:53,34.34047317504883,-5.946162223815918,12,3215.0
2021-11-14 14:15:59,34.34053421020508,-5.9459381103515625,13,3219.166666666667
2021-11-14 14:16:05,34.3405876159668,-5.945713996887207,12,3225.0
2021-11-14 14:16:11,34.34064102172852,-5.945494174957275,13,3231.666666666667
2021-11-14 14:16:17,34.34069061279297,-5.945274829864502,12,3236.666666666667
2021-11-14 14:16:23,34.34075164794922,-5.945059776306152,12,3242.5
2021-11-14 14:16:29,34.3408088684082,-5.944839954376221,12,3247.5
2021-11-14 14:16:35,34.34086608886719,-5.944620132446289,12,3253.333333333333
2021-11-14 14:16:41,34.34092330932617,-5.944399833679199,12,3260.0
2021-11-14 14:16:47,34.34098052978516,-5.9441819190979,12,3265.833333333333
2021-11-14 14:16:53,34.34103775024414,-5.943964958190918,12,3270.0
2021-11-14 14:16:59,34.34109115600586,-5.943747997283936,12,3276.666666666667
2021-11-14 14:17:05,34.34114074707031,-5.943530082702637,12,3283.333333333333
2021-11-14 14:17:11,34.341190338134766,-5.9433112144470215,12,3287.5
2021-11-14 14:17:17,34.34124755859375,-5.9430928230285645,12,3293.333333333333
2021-11-14 14:17:23,34.34130096435547,-5.9428791999816895,12,3300.0
2021-11-14 14:17:29,34.34139633178711,-5.942797183990479,6,3304.1666666666665
2021-11-14 14:17:35,34.341365814208984,-5.942902088165283,8,3313.333333333333
2021-11-14 14:17:41,34.341270446777344,-5.942819118499756,8,3318.333333333333
2021-11-14 14:17:47,34.341365814208984,-5.942777156829834,8,3330.0
2021-11-14 14:17:53,34.34135055541992,-5.942934989929199,11,3338.333333333333
2021-11-14 14:17:59,34.341304779052734,-5.943142890930176,12,3343.333333333333
2021-11-14 14:18:05,34.34125518798828,-5.943352222442627,12,3350.0
2021-11-14 14:18:11,34.34120178222656,-5.943562984466553,12,3355.0
2021-11-14 14:18:17,34.341148376464844,-5.943771839141846,11,3358.333333333333
2021-11-14 14:18:23,34.341094970703125,-5.943981170654297,11,3365.0
2021-11-14 14:18:29,34.341041564941406,-5.944190979003906,12,3371.6666666666665
2021-11-14 14:18:35,34.34098815917969,-5.944398880004883,12,3375.833333333333
2021-11-14 14:18:41,34.34093475341797,-5.944608211517334,12,3381.6666666666665
2021-11-14 14:18:47,34.34088134765625,-5.944815158843994,12,3386.6666666666665
2021-11-14 14:18:53,34.3408317565918,-5.945022106170654,12,3390.833333333333
2021-11-14 14:18:59,34.34077835083008,-5.9452290534973145,11,3397.5
2021-11-14 14:19:05,34.340721130371094,-5.945435047149658,12,3403.333333333333
2021-11-14 14:19:11,34.340667724609375,-5.94562578201294,9,3409.1666666666665
2021-11-14 14:19:17,34.34062576293945,-5.945828914642334,11,3413.333333333333
2021-11-14 14:19:23,34.34056854248047,-5.946030139923096,11,3416.6666666666665
2021-11-14 14:19:29,34.34051513671875,-5.946235179901123,12,3421.6666666666665
2021-11-14 14:19:35,34.3404655456543,-5.946438789367676,11,3429.1666666666665
2021-11-14 14:19:41,34.340415954589844,-5.9466400146484375,11,3434.1666666666665
2021-11-14 14:19:47,34.340370178222656,-5.946840763092041,11,3438.333333333333
2021-11-14 14:19:53,34.3403205871582,-5.947037220001221,11,3443.333333333333
2021-11-14 14:19:59,34.34027099609375,-5.947229862213135,11,3448.333333333333
2021-11-14 14:20:05,34.34021759033203,-5.947432994842529,11,3451.6666666666665
2021-11-14 14:20:11,34.34016799926758,-5.947627067565918,11,3458.333333333333
2021-11-14 14:20:17,34.340118408203125,-5.94781494140625,10,3464.1666666666665
2021-11-14 14:20:23,34.340065002441406,-5.948001861572266,10,3467.5
2021-11-14 14:20:29,34.34001922607422,-5.948163986206055,6,3472.5
2021-11-14 14:20:35,34.33993911743164,-5.94814395904541,6,3479.1666666666665
2021-11-14 14:20:41,34.3399658203125,-5.947999954223633,11,3482.5
2021-11-14 14:20:47,34.34001922607422,-5.9478068351745605,11,3487.5
2021-11-14 14:20:53,34.34007263183594,-5.947610855102539,11,3492.5
2021-11-14 14:20:59,34.34012222290039,-5.947422981262207,11,3497.5
2021-11-14 14:21:05,34.34017562866211,-5.947226047515869,11,3500.0
2021-11-14 14:21:11,34.34022903442383,-5.947022914886475,11,3505.833333333333
2021-11-14 14:21:17,34.34028625488281,-5.946828842163086,10,3510.0
2021-11-14 14:21:23,34.340335845947266,-5.946630954742432,11,3515.833333333333
2021-11-14 14:21:29,34.34038162231445,-5.946430206298828,11,3519.166666666667
2021-11-14 14:21:35,34.34043502807617,-5.946227073669434,11,3524.166666666667
2021-11-14 14:21:41,34.34048843383789,-5.946023941040039,11,3528.333333333333
2021-11-14 14:21:47,34.340538024902344,-5.945821762084961,11,3535.0
2021-11-14 14:21:53,34.3405876159668,-5.945621013641357,11,3538.333333333333
2021-11-14 14:21:59,34.34063720703125,-5.945419788360596,11,3542.5
2021-11-14 14:22:05,34.3406867980957,-5.945219993591309,11,3545.833333333333
2021-11-14 14:22:11,34.34074020385742,-5.945017814636231,11,3553.333333333333
2021-11-14 14:22:17,34.34079360961914,-5.944814205169678,11,3555.0
2021-11-14 14:22:23,34.340843200683594,-5.944606781005859,11,3563.333333333333
2021-11-14 14:22:29,34.34089660644531,-5.944403171539307,11,3568.333333333333
2021-11-14 14:22:35,34.34095001220703,-5.944198131561279,12,3571.666666666667
2021-11-14 14:22:41,34.341007232666016,-5.943995952606201,11,3577.5
2021-11-14 14:22:47,34.341060638427734,-5.943793773651123,11,3581.6666666666665
2021-11-14 14:22:53,34.34110641479492,-5.94359016418457,11,3587.5
2021-11-14 14:22:59,34.34115219116211,-5.94338321685791,11,3593.333333333333
2021-11-14 14:23:05,34.34120178222656,-5.943174839019775,11,3599.1666666666665
2021-11-14 14:23:11,34.34125518798828,-5.942965984344482,12,3603.333333333333
2021-11-14 14:23:17,34.34132385253906,-5.942774772644043,10,3609.1666666666665
2021-11-14 14:23:23,34.3414192199707,-5.942853927612305,10,3616.6666666666665
2021-11-14 14:23:29,34.34136199951172,-5.943047046661377,12,3620.0
2021-11-14 14:23:35,34.34130859375,-5.943262100219727,12,3626.6666666666665
2021-11-14 14:23:41,34.34125518798828,-5.943472862243652,12,3631.6666666666665
2021-11-14 14:23:47,34.34120559692383,-5.9436869621276855,12,3637.5
2021-11-14 14:23:53,34.34115219116211,-5.943902969360352,12,3642.5
2021-11-14 14:23:59,34.341102600097656,-5.944115161895752,12,3647.5
2021-11-14 14:24:05,34.3410530090332,-5.944328784942627,12,3653.333333333333
2021-11-14 14:24:11,34.34099578857422,-5.944540023803711,11,3660.0
2021-11-14 14:24:17,34.340946197509766,-5.944746017456055,12,3665.0
2021-11-14 14:24:23,34.34089279174805,-5.944952964782715,11,3669.166666666667
2021-11-14 14:24:29,34.34083938598633,-5.945161819458008,12,3675.8333333333335
2021-11-14 14:24:35,34.340782165527344,-5.945371150970459,12,3682.5
2021-11-14 14:24:41,34.34072494506836,-5.945578098297119,11,3685.8333333333335
2021-11-14 14:24:47,34.340675354003906,-5.945789813995361,11,3691.666666666667
2021-11-14 14:24:53,34.34062194824219,-5.94599723815918,11,3697.5
2021-11-14 14:24:59,34.34056091308594,-5.946205139160156,11,3705.0
2021-11-14 14:25:05,34.34050750732422,-5.946407794952393,11,3708.3333333333335
2021-11-14 14:25:11,34.340457916259766,-5.946620941162109,11,3714.166666666667
2021-11-14 14:25:17,34.34040832519531,-5.946831226348877,11,3720.8333333333335
2021-11-14 14:25:23,34.34035110473633,-5.947037220001221,12,3724.166666666667
2021-11-14 14:25:29,34.34029769897461,-5.94724178314209,11,3729.166666666667
2021-11-14 14:25:35,34.34024429321289,-5.947447776794434,11,3735.8333333333335
2021-11-14 14:25:41,34.34019088745117,-5.947646141052246,11,3739.166666666667
2021-11-14 14:25:47,34.34013748168945,-5.94784688949585,11,3746.666666666667
2021-11-14 14:25:53,34.340087890625,-5.948049068450928,11,3750.0
2021-11-14 14:25:59,34.34000396728516,-5.948214054107666,11,3755.0
2021-11-14 14:26:05,34.33992004394531,-5.948105812072754,10,3760.0
2021-11-14 14:26:11,34.3399772644043,-5.947916030883789,12,3765.0
2021-11-14 14:26:17,34.34003448486328,-5.947702884674072,12,3770.8333333333335
2021-11-14 14:26:23,34.340084075927734,-5.94749116897583,12,3776.666666666667
2021-11-14 14:26:29,34.340145111083984,-5.947280883789063,12,3781.666666666667
2021-11-14 14:26:35,34.34020233154297,-5.947065830230713,12,3785.8333333333335
2021-11-14 14:26:41,34.34025192260742,-5.946853160858154,11,3790.8333333333335
2021-11-14 14:26:47,34.34030532836914,-5.946640968322754,12,3797.5
2021-11-14 14:26:53,34.34035873413086,-5.946433067321777,12,3803.3333333333335
2021-11-14 14:26:59,34.34040451049805,-5.946220874786377,12,3810.0
2021-11-14 14:27:05,34.340457916259766,-5.946010112762451,12,3815.0
2021-11-14 14:27:11,34.340511322021484,-5.945797920227051,12,3820.0
2021-11-14 14:27:17,34.34056854248047,-5.945586204528809,12,3825.0
2021-11-14 14:27:23,34.34062194824219,-5.945376873016357,12,3830.0
2021-11-14 14:27:29,34.340675354003906,-5.945165157318115,11,3834.166666666667
2021-11-14 14:27:35,34.340728759765625,-5.944953918457031,11,3842.5
2021-11-14 14:27:41,34.34078598022461,-5.94474983215332,12,3847.5
2021-11-14 14:27:47,34.34083557128906,-5.944540977478027,11,3851.666666666667
2021-11-14 14:27:53,34.34089279174805,-5.944332122802734,11,3857.5
2021-11-14 14:27:59,34.34095001220703,-5.944126129150391,12,3864.166666666667
2021-11-14 14:28:05,34.340999603271484,-5.943915843963623,11,3870.0
2021-11-14 14:28:11,34.34104919433594,-5.94370698928833,12,3874.166666666667
2021-11-14 14:28:17,34.34109878540039,-5.94350004196167,11,3879.166666666667
2021-11-14 14:28:23,34.34114456176758,-5.943294048309326,11,3885.0
2021-11-14 14:28:29,34.34119415283203,-5.94308614730835,11,3888.333333333334
2021-11-14 14:28:35,34.341243743896484,-5.942880153656006,11,3894.166666666667
2021-11-14 14:28:41,34.34135055541992,-5.942761898040772,10,3900.0
2021-11-14 14:28:47,34.34140396118164,-5.942906856536865,11,3902.5
2021-11-14 14:28:53,34.34135818481445,-5.943116188049316,12,3907.5
2021-11-14 14:28:59,34.34130859375,-5.943326950073242,12,3913.333333333334
2021-11-14 14:29:05,34.34125518798828,-5.943542003631592,12,3919.166666666667
2021-11-14 14:29:11,34.34120178222656,-5.943756103515625,12,3925.0
2021-11-14 14:29:17,34.341148376464844,-5.943968772888184,12,3930.0
2021-11-14 14:29:23,34.341094970703125,-5.944187164306641,12,3935.8333333333335
2021-11-14 14:29:29,34.34104537963867,-5.944400787353516,12,3942.5
2021-11-14 14:29:35,34.34099197387695,-5.944622993469238,12,3949.166666666667
2021-11-14 14:29:41,34.34093475341797,-5.944836139678955,12,3952.5
2021-11-14 14:29:47,34.340877532958984,-5.945048809051514,12,3959.166666666667
2021-11-14 14:29:53,34.340824127197266,-5.945261955261231,12,3965.8333333333335
2021-11-14 14:29:59,34.34076690673828,-5.9454779624938965,12,3970.8333333333335
2021-11-14 14:30:05,34.34071350097656,-5.945693016052246,11,3977.500000000001
2021-11-14 14:30:11,34.34066390991211,-5.945908069610596,12,3982.500000000001
2021-11-14 14:30:17,34.340606689453125,-5.946119785308838,12,3990.000000000001
2021-11-14 14:30:23,34.34054946899414,-5.9463300704956055,12,3995.000000000001
2021-11-14 14:30:29,34.34049987792969,-5.946543216705322,12,4001.6666666666665
2021-11-14 14:30:35,34.34044647216797,-5.946755886077881,12,4007.500000000001
2021-11-14 14:30:41,34.34039306640625,-5.946969985961914,12,4013.3333333333335
2021-11-14 14:30:47,34.340335845947266,-5.947177886962891,11,4017.500000000001
2021-11-14 14:30:53,34.34027862548828,-5.947391986846924,12,4024.166666666667
2021-11-14 14:30:59,34.34022521972656,-5.947604179382324,12,4030.000000000001
2021-11-14 14:31:05,34.340171813964844,-5.947813987731934,11,4034.166666666667
2021-11-14 14:31:11,34.340118408203125,-5.948022842407227,11,4040.000000000001
2021-11-14 14:31:17,34.34006881713867,-5.948191165924072,8,4045.000000000001
2021-11-14 14:31:23,34.339927673339844,-5.948182106018066,9,4050.8333333333335
2021-11-14 14:31:29,34.33991241455078,-5.948047161102295,10,4053.3333333333335
2021-11-14 14:31:35,34.33995819091797,-5.94785213470459,12,4059.166666666667
2021-11-14 14:31:41,34.34000778198242,-5.94764518737793,11,4062.500000000001
2021-11-14 14:31:47,34.34005355834961,-5.947443008422852,11,4068.3333333333335
2021-11-14 14:31:53,34.34011459350586,-5.947237968444824,12,4073.3333333333335
2021-11-14 14:31:59,34.34017562866211,-5.947024822235107,12,4080.000000000001
2021-11-14 14:32:05,34.340232849121094,-5.946813106536865,12,4083.3333333333335
2021-11-14 14:32:11,34.34028244018555,-5.946595191955566,12,4089.166666666667
2021-11-14 14:32:17,34.34033966064453,-5.94638204574585,12,4095.833333333333
2021-11-14 14:32:23,34.34039306640625,-5.946169853210449,12,4100.0
2021-11-14 14:32:29,34.3404426574707,-5.945958137512207,12,4107.5
2021-11-14 14:32:35,34.34049224853516,-5.945742130279541,12,4109.166666666666
2021-11-14 14:32:41,34.340545654296875,-5.945526123046875,12,4110.833333333333
2021-11-14 14:32:47,34.340599060058594,-5.945315837860107,12,4117.5
2021-11-14 14:32:53,34.3407096862793,-5.944906234741211,11,4133.333333333333
2021-11-14 14:32:59,34.34076690673828,-5.944697856903076,12,4139.166666666666
2021-11-14 14:33:05,34.340816497802734,-5.9444899559021,11,4145.0
2021-11-14 14:33:11,34.34086990356445,-5.94428014755249,12,4151.666666666667
2021-11-14 14:33:17,34.34092712402344,-5.944075107574463,11,4155.833333333333
2021-11-14 14:33:23,34.34097671508789,-5.943868160247803,11,4161.666666666667
2021-11-14 14:33:29,34.341026306152344,-5.943655967712402,12,4168.333333333333
2021-11-14 14:33:35,34.3410758972168,-5.9434428215026855,12,4170.833333333333
2021-11-14 14:33:41,34.34112548828125,-5.943233013153076,12,4176.666666666667
2021-11-14 14:33:47,34.3411750793457,-5.943023204803467,12,4184.166666666667
2021-11-14 14:33:53,34.34122848510742,-5.942821979522705,11,4187.5
2021-11-14 14:33:59,34.34134292602539,-5.942741870880127,8,4192.5
2021-11-14 14:34:05,34.34143829345703,-5.942821025848389,8,4198.333333333334
2021-11-14 14:34:11,34.34141540527344,-5.942972183227539,7,4203.333333333334
2021-11-14 14:34:17,34.3414192199707,-5.943000793457031,0,4207.5
2021-11-14 14:34:23,34.3414192199707,-5.943002223968506,0,4210.833333333334
2021-11-14 14:34:29,34.3414192199707,-5.943002223968506,0,4215.0
2021-11-14 14:34:35,34.3414192199707,-5.943002223968506,0,4221.666666666666
2021-11-14 14:34:41,34.3414192199707,-5.943002223968506,0,4222.5
2021-11-14 14:34:47,34.3414192199707,-5.943002223968506,0,4225.833333333334
2021-11-14 14:34:53,34.3414192199707,-5.943002223968506,0,4235.833333333334
2021-11-14 14:34:59,34.3414192199707,-5.943002223968506,0,4245.0
2021-11-14 14:35:05,34.3414192199707,-5.943002223968506,0,4248.333333333334
2021-11-14 14:35:11,34.3414192199707,-5.943002223968506,0,4250.0
2021-11-14 14:35:17,34.3414192199707,-5.943002223968506,0,4257.5
2021-11-14 14:35:23,34.3414192199707,-5.943002223968506,0,4261.666666666666
2021-11-14 14:35:29,34.3414192199707,-5.943002223968506,0,4269.166666666667
2021-11-14 14:35:35,34.3414192199707,-5.943002223968506,0,4271.666666666667
2021-11-14 14:35:41,34.3414192199707,-5.943002223968506,0,4280.0
2021-11-14 14:35:47,34.3414192199707,-5.943002223968506,0,4280.833333333334
2021-11-14 14:35:53,34.3414192199707,-5.943002223968506,0,4288.333333333334
2021-11-14 14:35:59,34.3414192199707,-5.943002223968506,0,4289.166666666667
2021-11-14 14:36:05,34.3414192199707,-5.943002223968506,0,4294.166666666667
2021-11-14 14:36:11,34.3414192199707,-5.943002223968506,0,4297.5
2021-11-14 14:36:17,34.3414192199707,-5.943002223968506,0,4300.833333333334
2021-11-14 14:36:23,34.3414192199707,-5.943002223968506,0,4306.666666666667
2021-11-14 14:36:29,34.3414192199707,-5.943002223968506,0,4311.666666666667
2021-11-14 14:36:35,34.3414192199707,-5.943002223968506,0,4312.5
2021-11-14 14:36:41,34.3414192199707,-5.943002223968506,0,4318.333333333334
2021-11-14 14:36:47,34.3414192199707,-5.943002223968506,0,4325.0
2021-11-14 14:36:53,34.3414192199707,-5.943002223968506,0,4330.0
2021-11-14 14:36:59,34.3414192199707,-5.943002223968506,0,4335.833333333334
2021-11-14 14:37:05,34.3414192199707,-5.943002223968506,0,4340.0
2021-11-14 14:37:11,34.3414192199707,-5.943002223968506,0,4342.5
2021-11-14 14:37:17,34.3414192199707,-5.943002223968506,0,4346.666666666667
2021-11-14 14:37:23,34.3414192199707,-5.943002223968506,0,4351.666666666667
2021-11-14 14:37:29,34.3414192199707,-5.943002223968506,0,4355.833333333334
2021-11-14 14:37:35,34.3414192199707,-5.943002223968506,0,4356.666666666667
2021-11-14 14:37:41,34.3414192199707,-5.943002223968506,0,4361.666666666667
2021-11-14 14:37:47,34.3414192199707,-5.943002223968506,0,4368.333333333334
2021-11-14 14:37:53,34.3414192199707,-5.943002223968506,0,4375.0
2021-11-14 14:37:59,34.3414192199707,-5.943002223968506,0,4380.0
2021-11-14 14:38:05,34.3414192199707,-5.943002223968506,0,4382.5
2021-11-14 14:38:11,34.3414192199707,-5.943002223968506,0,4385.833333333334
2021-11-14 14:38:17,34.3414192199707,-5.943002223968506,0,4392.5
2021-11-14 14:38:23,34.3414192199707,-5.943002223968506,0,4396.666666666667
2021-11-14 14:38:29,34.3414192199707,-5.943002223968506,0,4402.5
2021-11-14 14:38:35,34.3414192199707,-5.943002223968506,0,4405.833333333334
2021-11-14 14:38:41,34.3414192199707,-5.943002223968506,0,4410.833333333333
2021-11-14 14:38:47,34.3414192199707,-5.943002223968506,0,4415.833333333333
2021-11-14 14:38:53,34.3414192199707,-5.943002223968506,0,4419.166666666666
2021-11-14 14:38:59,34.3414192199707,-5.943002223968506,0,4422.5
2021-11-14 14:39:05,34.3414192199707,-5.943002223968506,0,4428.333333333334
2021-11-14 14:39:11,34.3414192199707,-5.943002223968506,0,4432.5
2021-11-14 14:39:17,34.3414192199707,-5.943002223968506,0,4436.666666666666
2021-11-14 14:39:23,34.3414192199707,-5.943002223968506,0,4441.666666666666
2021-11-14 14:39:29,34.3414192199707,-5.943002223968506,0,4447.5
2021-11-14 14:39:35,34.3414192199707,-5.943002223968506,0,4455.0
2021-11-14 14:39:41,34.3414192199707,-5.943002223968506,0,4459.166666666666
2021-11-14 14:39:47,34.3414192199707,-5.943002223968506,0,4462.5
2021-11-14 14:39:53,34.3414192199707,-5.943002223968506,0,4466.666666666666
2021-11-14 14:39:59,34.3414192199707,-5.943002223968506,0,4471.666666666666
2021-11-14 14:40:05,34.3414192199707,-5.943002223968506,0,4478.333333333333
2021-11-14 14:40:11,34.3414192199707,-5.943002223968506,0,4483.333333333333
2021-11-14 14:40:17,34.3414192199707,-5.943002223968506,0,4486.666666666667
2021-11-14 14:40:23,34.3414192199707,-5.943002223968506,0,4490.833333333334
2021-11-14 14:40:29,34.3414192199707,-5.943002223968506,0,4499.166666666667
2021-11-14 14:40:35,34.3414192199707,-5.943002223968506,0,4502.5
2021-11-14 14:40:41,34.34141540527344,-5.943060874938965,9,4509.166666666667
2021-11-14 14:40:47,34.341365814208984,-5.9432477951049805,11,4514.166666666667
2021-11-14 14:40:53,34.34131622314453,-5.943451881408691,11,4520.833333333334
2021-11-14 14:40:59,34.341270446777344,-5.943655967712402,11,4525.0
2021-11-14 14:41:05,34.341217041015625,-5.943861961364746,11,4530.833333333334
2021-11-14 14:41:11,34.34117126464844,-5.944067001342773,12,4535.833333333334
2021-11-14 14:41:17,34.34111785888672,-5.944272041320801,11,4541.666666666667
2021-11-14 14:41:23,34.341068267822266,-5.94448184967041,11,4545.833333333334
2021-11-14 14:41:29,34.34101486206055,-5.94468879699707,11,4551.666666666667
2021-11-14 14:41:35,34.34096145629883,-5.944892883300781,11,4556.666666666667
2021-11-14 14:41:41,34.34090805053711,-5.945093154907227,11,4562.5
2021-11-14 14:41:47,34.340850830078125,-5.94529390335083,11,4566.666666666667
2021-11-14 14:41:53,34.340797424316406,-5.945493221282959,11,4571.666666666666
2021-11-14 14:41:59,34.34074783325195,-5.9456939697265625,11,4577.5
2021-11-14 14:42:05,34.340702056884766,-5.945898056030273,12,4581.666666666666
2021-11-14 14:42:11,34.34065246582031,-5.946102142333984,11,4589.166666666666
2021-11-14 14:42:17,34.34060287475586,-5.946303844451904,11,4595.833333333333
2021-11-14 14:42:23,34.340553283691406,-5.946500778198242,11,4598.333333333333
2021-11-14 14:42:29,34.34050369262695,-5.946704864501953,11,4605.0
2021-11-14 14:42:35,34.340450286865234,-5.946903228759766,12,4610.833333333333
2021-11-14 14:42:41,34.34040069580078,-5.947103977203369,11,4615.833333333333
2021-11-14 14:42:47,34.34035110473633,-5.94730281829834,11,4621.666666666666
2021-11-14 14:42:53,34.340293884277344,-5.9474968910217285,11,4625.0
2021-11-14 14:42:59,34.340240478515625,-5.947693824768066,11,4630.833333333333
2021-11-14 14:43:05,34.34019088745117,-5.947892189025879,11,4636.666666666666
2021-11-14 14:43:11,34.34014129638672,-5.94809103012085,11,4640.0
2021-11-14 14:43:17,34.340049743652344,-5.948208808898926,9,4644.166666666666
2021-11-14 14:43:23,34.339900970458984,-5.948174953460693,9,4648.333333333333
2021-11-14 14:43:29,34.339881896972656,-5.948041915893555,10,4652.5
2021-11-14 14:43:35,34.33993148803711,-5.947857856750488,11,4656.666666666667
2021-11-14 14:43:41,34.3399772644043,-5.94766902923584,10,4660.0
2021-11-14 14:43:47,34.34002685546875,-5.947484970092773,10,4665.833333333334
2021-11-14 14:43:53,34.34007263183594,-5.947298049926758,10,4668.333333333334
2021-11-14 14:43:59,34.34012985229492,-5.947107791900635,11,4675.0
2021-11-14 14:44:05,34.340187072753906,-5.946916103363037,11,4678.333333333334
2021-11-14 14:44:11,34.340232849121094,-5.946716785430908,11,4684.166666666667
2021-11-14 14:44:17,34.34028625488281,-5.946520805358887,11,4688.333333333334
2021-11-14 14:44:23,34.34033966064453,-5.9463210105896,11,4694.166666666667
2021-11-14 14:44:29,34.34038543701172,-5.946116924285889,11,4697.5
2021-11-14 14:44:35,34.34043884277344,-5.945919036865234,11,4703.333333333334
2021-11-14 14:44:41,34.34049224853516,-5.945717811584473,11,4709.166666666667
2021-11-14 14:44:47,34.34054183959961,-5.9455180168151855,11,4713.333333333334
2021-11-14 14:44:53,34.34059143066406,-5.945318222045898,11,4715.833333333334
2021-11-14 14:44:59,34.34064102172852,-5.9451189041137695,11,4721.666666666667
2021-11-14 14:45:05,34.3406867980957,-5.944918155670166,11,4727.5
2021-11-14 14:45:11,34.34074401855469,-5.944716930389404,11,4732.5
2021-11-14 14:45:17,34.34079360961914,-5.944519996643066,11,4738.333333333334
2021-11-14 14:45:23,34.34084701538086,-5.944324970245361,11,4744.166666666667
2021-11-14 14:45:29,34.340904235839844,-5.944129943847656,11,4747.5
2021-11-14 14:45:35,34.34095764160156,-5.943934917449951,11,4751.666666666667
2021-11-14 14:45:41,34.34100341796875,-5.943733215332031,11,4757.5
2021-11-14 14:45:47,34.34104919433594,-5.9435319900512695,11,4762.5
2021-11-14 14:45:53,34.341094970703125,-5.943325996398926,11,4765.833333333333
2021-11-14 14:45:59,34.34114074707031,-5.943122863769531,11,4771.666666666666
2021-11-14 14:46:05,34.341190338134766,-5.942917823791504,11,4776.666666666666
2021-11-14 14:46:11,34.34125518798828,-5.942739963531494,11,4780.833333333333
2021-11-14 14:46:17,34.34138488769531,-5.942759037017822,6,4785.833333333333
2021-11-14 14:46:23,34.34148406982422,-5.942856788635254,10,4790.833333333333
2021-11-14 14:46:29,34.3414306640625,-5.943050861358643,12,4793.333333333333
2021-11-14 14:46:35,34.34138107299805,-5.943264007568359,12,4800.0
2021-11-14 14:46:41,34.341331481933594,-5.943479061126709,12,4805.833333333334
2021-11-14 14:46:47,34.34128189086914,-5.943690776824951,12,4810.0
2021-11-14 14:46:53,34.34123229980469,-5.943902969360352,12,4817.5
2021-11-14 14:46:59,34.341182708740234,-5.944114208221436,12,4824.166666666667
2021-11-14 14:47:05,34.34113311767578,-5.944324016571045,12,4828.333333333333
2021-11-14 14:47:11,34.34107971191406,-5.944533824920654,12,4835.0
2021-11-14 14:47:17,34.34103012084961,-5.9447431564331055,12,4840.833333333333
2021-11-14 14:47:23,34.34098052978516,-5.944945812225342,11,4844.166666666667
2021-11-14 14:47:29,34.340919494628906,-5.945147037506104,11,4850.833333333334
2021-11-14 14:47:35,34.34086990356445,-5.945353031158447,11,4855.833333333334
2021-11-14 14:47:41,34.3408203125,-5.945558071136475,11,4860.833333333334
2021-11-14 14:47:47,34.34077072143555,-5.945765018463135,12,4866.666666666667
2021-11-14 14:47:53,34.34071731567383,-5.945978164672852,12,4873.333333333334
2021-11-14 14:47:59,34.34066390991211,-5.946187973022461,12,4877.5
2021-11-14 14:48:05,34.340606689453125,-5.9463958740234375,12,4884.166666666667
2021-11-14 14:48:11,34.34056091308594,-5.946611881256104,11,4890.833333333334
2021-11-14 14:48:17,34.34050750732422,-5.94681978225708,12,4895.0
2021-11-14 14:48:23,34.340457916259766,-5.9470391273498535,12,4904.166666666666
2021-11-14 14:48:29,34.34040069580078,-5.9472479820251465,12,4907.5
2021-11-14 14:48:35,34.34034729003906,-5.947461128234863,12,4913.333333333334
2021-11-14 14:48:41,34.340293884277344,-5.947659969329834,11,4919.166666666666
2021-11-14 14:48:47,34.340240478515625,-5.947858810424805,11,4925.833333333334
2021-11-14 14:48:53,34.34018325805664,-5.948058128356934,11,4929.166666666666
2021-11-14 14:48:59,34.34008026123047,-5.948198795318604,11,4934.166666666666
2021-11-14 14:49:05,34.33991622924805,-5.948172092437744,10,4937.5
2021-11-14 14:49:11,34.33985137939453,-5.948060035705566,9,4939.166666666666
2021-11-14 14:49:17,34.33990859985352,-5.947874069213867,12,4943.333333333334
2021-11-14 14:49:23,34.339962005615234,-5.9476637840271,12,4949.166666666666
2021-11-14 14:49:29,34.34001541137695,-5.947452068328857,12,4954.166666666666
2021-11-14 14:49:35,34.3400764465332,-5.94724178314209,12,4960.833333333334
2021-11-14 14:49:41,34.34013748168945,-5.947031021118164,12,4967.5
2021-11-14 14:49:47,34.34019470214844,-5.94681978225708,11,4970.833333333334
2021-11-14 14:49:53,34.34024810791016,-5.946602821350098,12,4976.666666666666
2021-11-14 14:49:59,34.34030532836914,-5.946385860443115,12,4982.5
2021-11-14 14:50:05,34.34035873413086,-5.946169853210449,12,4989.166666666666
2021-11-14 14:50:11,34.34040832519531,-5.945950031280518,12,4995.0
2021-11-14 14:50:17,34.34046173095703,-5.945733070373535,12,5000.0
2021-11-14 14:50:23,34.340511322021484,-5.9455180168151855,12,5005.833333333334
2021-11-14 14:50:29,34.3405647277832,-5.945301055908203,11,5011.666666666667
2021-11-14 14:50:35,34.34062194824219,-5.945090770721436,12,5015.0
2021-11-14 14:50:41,34.340675354003906,-5.944881916046143,11,5021.666666666667
2021-11-14 14:50:47,34.34073257446289,-5.94467306137085,12,5027.5
2021-11-14 14:50:53,34.34078598022461,-5.944460868835449,12,5035.0
2021-11-14 14:50:59,34.340843200683594,-5.944250106811523,12,5037.5
2021-11-14 14:51:05,34.34090042114258,-5.94403886795044,12,5044.166666666667
2021-11-14 14:51:11,34.34095001220703,-5.943827152252197,12,5050.0
2021-11-14 14:51:17,34.340999603271484,-5.9436140060424805,12,5055.0
2021-11-14 14:51:23,34.34104919433594,-5.94340181350708,11,5060.833333333334
2021-11-14 14:51:29,34.341094970703125,-5.943190097808838,11,5066.666666666667
2021-11-14 14:51:35,34.34114456176758,-5.942975997924805,12,5071.666666666667
2021-11-14 14:51:41,34.34120178222656,-5.942760944366455,12,5075.0
2021-11-14 14:51:47,34.34134292602539,-5.942783832550049,10,5080.833333333334
2021-11-14 14:51:53,34.341522216796875,-5.9427900314331055,11,5085.833333333334
2021-11-14 14:51:59,34.341487884521484,-5.9429931640625,12,5091.666666666667
2021-11-14 14:52:05,34.34143829345703,-5.943213939666748,12,5095.0
2021-11-14 14:52:11,34.34138488769531,-5.943440914154053,13,5101.666666666667
2021-11-14 14:52:17,34.341331481933594,-5.943665981292725,12,5109.166666666666
2021-11-14 14:52:23,34.34127426147461,-5.9438958168029785,13,5115.833333333333
2021-11-14 14:52:29,34.34122085571289,-5.94412088394165,12,5120.0
2021-11-14 14:52:35,34.341163635253906,-5.944344997406006,12,5127.5
2021-11-14 14:52:41,34.341102600097656,-5.944563865661621,12,5135.0
2021-11-14 14:52:47,34.34104919433594,-5.94478702545166,12,5139.166666666666
2021-11-14 14:52:53,34.34099197387695,-5.945005893707275,12,5145.833333333333
2021-11-14 14:52:59,34.3409309387207,-5.945230007171631,12,5152.5
2021-11-14 14:53:05,34.34087371826172,-5.945446014404297,11,5157.5
2021-11-14 14:53:11,34.3408203125,-5.945663928985596,12,5165.0
2021-11-14 14:53:17,34.34077072143555,-5.945889949798584,13,5171.666666666667
2021-11-14 14:53:23,34.34071350097656,-5.94611406326294,12,5176.666666666667
2021-11-14 14:53:29,34.34065246582031,-5.9463372230529785,12,5184.166666666667
2021-11-14 14:53:35,34.34059143066406,-5.9465651512146,13,5190.0
2021-11-14 14:53:41,34.340538024902344,-5.946793079376221,13,5196.666666666667
2021-11-14 14:53:47,34.340476989746094,-5.947014808654785,12,5204.166666666667
2021-11-14 14:53:53,34.340415954589844,-5.947237014770508,13,5210.833333333333
2021-11-14 14:53:59,34.340362548828125,-5.947460174560547,12,5214.166666666667
2021-11-14 14:54:05,34.34030532836914,-5.947683811187744,12,5220.0
2021-11-14 14:54:11,34.34024810791016,-5.947904109954834,12,5226.666666666667
2021-11-14 14:54:17,34.34019470214844,-5.948122024536133,12,5232.5
2021-11-14 14:54:23,34.340084075927734,-5.948173999786377,8,5235.833333333333
2021-11-14 14:54:29,34.340213775634766,-5.948081016540527,14,5241.666666666667
2021-11-14 14:54:35,34.3403205871582,-5.94821310043335,12,5247.5
2021-11-14 14:54:41,34.34021759033203,-5.948190212249756,11,5252.5
2021-11-14 14:54:47,34.34027862548828,-5.947994232177734,12,5255.0
2021-11-14 14:54:53,34.34033203125,-5.947783946990967,12,5261.666666666666
2021-11-14 14:54:59,34.34038162231445,-5.947566032409668,12,5269.166666666666
2021-11-14 14:55:05,34.34043884277344,-5.947357177734375,12,5275.0
2021-11-14 14:55:11,34.34049224853516,-5.947145938873291,12,5279.166666666666
2021-11-14 14:55:17,34.340545654296875,-5.946932792663574,12,5285.833333333333
2021-11-14 14:55:23,34.34059524536133,-5.946715831756592,12,5291.666666666666
2021-11-14 14:55:29,34.34064483642578,-5.946503162384033,12,5296.666666666666
2021-11-14 14:55:35,34.3406982421875,-5.946286201477051,12,5302.5
2021-11-14 14:55:41,34.34074783325195,-5.946071147918701,12,5310.0
2021-11-14 14:55:47,34.34080505371094,-5.945858001708984,12,5313.333333333333
2021-11-14 14:55:53,34.34085464477539,-5.945641994476318,12,5318.333333333333
2021-11-14 14:55:59,34.34090805053711,-5.945425033569336,12,5323.333333333333
2021-11-14 14:56:05,34.34095764160156,-5.945207118988037,12,5333.333333333333
2021-11-14 14:56:11,34.34101104736328,-5.944986820220947,12,5339.166666666666
2021-11-14 14:56:17,34.341064453125,-5.944766998291016,12,5343.333333333333
2021-11-14 14:56:23,34.341121673583984,-5.944546222686768,12,5349.166666666666
2021-11-14 14:56:29,34.34120559692383,-5.94435977935791,11,5355.0
2021-11-14 14:56:35,34.341190338134766,-5.944516181945801,13,5361.666666666666
2021-11-14 14:56:41,34.3410758972168,-5.944704055786133,13,5368.333333333333
2021-11-14 14:56:47,34.34101104736328,-5.944921016693115,13,5374.166666666666
2021-11-14 14:56:53,34.3409538269043,-5.945143222808838,13,5380.833333333333
2021-11-14 14:56:59,34.34090042114258,-5.945364952087402,13,5385.833333333333
2021-11-14 14:57:05,34.340843200683594,-5.945584774017334,12,5390.833333333333
2021-11-14 14:57:11,34.34079360961914,-5.945805072784424,12,5396.666666666666
2021-11-14 14:57:17,34.34074401855469,-5.946024894714356,12,5404.166666666666
2021-11-14 14:57:23,34.34069061279297,-5.946243762969971,12,5410.0
2021-11-14 14:57:29,34.34063720703125,-5.946462154388428,12,5417.5
2021-11-14 14:57:35,34.34059143066406,-5.94667911529541,12,5420.833333333333
2021-11-14 14:57:41,34.34054183959961,-5.946897983551025,12,5427.5
2021-11-14 14:57:47,34.34048843383789,-5.947116851806641,12,5432.5
2021-11-14 14:57:53,34.340431213378906,-5.947326183319092,12,5439.166666666666
2021-11-14 14:57:59,34.34037399291992,-5.947537899017334,12,5443.333333333334
2021-11-14 14:58:05,34.34032440185547,-5.947750091552734,12,5450.0
2021-11-14 14:58:11,34.340267181396484,-5.947955131530762,11,5453.333333333334
2021-11-14 14:58:17,34.340065002441406,-5.94823694229126,10,5464.166666666666
2021-11-14 14:58:23,34.33991241455078,-5.948198795318604,10,5467.5
2021-11-14 14:58:29,34.33976745605469,-5.948138236999512,9,5470.0
2021-11-14 14:58:35,34.33965301513672,-5.948040008544922,10,5473.333333333334
2021-11-14 14:58:41,34.33969497680664,-5.947855949401856,11,5477.5
2021-11-14 14:58:47,34.339752197265625,-5.947653770446777,11,5480.0
2021-11-14 14:58:53,34.339813232421875,-5.947450160980225,11,5485.833333333334
2021-11-14 14:58:59,34.339866638183594,-5.947245121002197,11,5491.666666666666
2021-11-14 14:59:05,34.33992004394531,-5.9470319747924805,12,5496.666666666666
2021-11-14 14:59:11,34.3399772644043,-5.946824073791504,12,5500.0
2021-11-14 14:59:17,34.34003448486328,-5.94661283493042,12,5505.833333333334
2021-11-14 14:59:23,34.340087890625,-5.946407794952393,11,5510.833333333334
2021-11-14 14:59:29,34.34014129638672,-5.946203231811523,11,5516.666666666666
2021-11-14 14:59:35,34.34019470214844,-5.945994853973389,11,5520.0
2021-11-14 14:59:41,34.34025192260742,-5.945784091949463,12,5525.0
2021-11-14 14:59:47,34.34030532836914,-5.94556999206543,11,5529.166666666666
2021-11-14 14:59:53,34.34035873413086,-5.945356845855713,12,5535.833333333334
2021-11-14 14:59:59,34.34041213989258,-5.945145130157471,12,5540.833333333334
2021-11-14 15:00:05,34.3404655456543,-5.944922924041748,12,5547.5
2021-11-14 15:00:11,34.34052276611328,-5.9447021484375,12,5551.666666666667
2021-11-14 15:00:17,34.340579986572266,-5.944482803344727,12,5558.333333333334
2021-11-14 15:00:23,34.340633392333984,-5.944264888763428,12,5565.0
2021-11-14 15:00:29,34.34069061279297,-5.9440460205078125,12,5569.166666666667
2021-11-14 15:00:35,34.34074783325195,-5.943828105926514,12,5575.0
2021-11-14 15:00:41,34.34080505371094,-5.943611145019531,12,5582.5
2021-11-14 15:00:47,34.34086227416992,-5.943390846252441,12,5587.5
2021-11-14 15:00:53,34.340919494628906,-5.943177223205566,12,5593.333333333334
2021-11-14 15:00:59,34.34097671508789,-5.94296407699585,12,5599.166666666666
2021-11-14 15:01:05,34.34103012084961,-5.942753791809082,11,5604.166666666667
2021-11-14 15:01:11,34.34114074707031,-5.942645072937012,12,5608.333333333334
2021-11-14 15:01:17,34.341102600097656,-5.942776203155518,9,5615.833333333334
2021-11-14 15:01:23,34.34099578857422,-5.942690849304199,10,5620.0
2021-11-14 15:01:29,34.34108352661133,-5.942628860473633,10,5622.5
2021-11-14 15:01:35,34.34104537963867,-5.94281816482544,12,5627.5
2021-11-14 15:01:41,34.34099578857422,-5.943039894104004,12,5633.333333333334
2021-11-14 15:01:47,34.340938568115234,-5.943258762359619,12,5637.5
2021-11-14 15:01:53,34.34088134765625,-5.943477153778076,12,5644.166666666667
2021-11-14 15:01:59,34.340824127197266,-5.943695068359375,12,5649.166666666667
2021-11-14 15:02:05,34.34076690673828,-5.94391393661499,12,5656.666666666667
2021-11-14 15:02:11,34.3407096862793,-5.944130897521973,12,5663.333333333334
2021-11-14 15:02:17,34.34065628051758,-5.944349765777588,12,5668.333333333334
2021-11-14 15:02:23,34.340599060058594,-5.944565773010254,12,5674.166666666667
2021-11-14 15:02:29,34.34054183959961,-5.944780826568604,12,5680.833333333334
2021-11-14 15:02:35,34.340484619140625,-5.94499397277832,12,5687.5
2021-11-14 15:02:41,34.34042739868164,-5.945207118988037,12,5692.5
2021-11-14 15:02:47,34.34037399291992,-5.94542407989502,12,5699.166666666667
2021-11-14 15:02:53,34.34032440185547,-5.945638179779053,12,5703.333333333333
2021-11-14 15:02:59,34.340267181396484,-5.9458489418029785,12,5710.0
2021-11-14 15:03:05,34.340213775634766,-5.946063995361328,12,5715.833333333333
2021-11-14 15:03:11,34.34015274047852,-5.9462761878967285,12,5722.5
2021-11-14 15:03:17,34.3400993347168,-5.9464921951293945,12,5726.666666666667
2021-11-14 15:03:23,34.34004211425781,-5.946706771850586,12,5733.333333333333
2021-11-14 15:03:29,34.33998107910156,-5.946919918060303,12,5740.0
2021-11-14 15:03:35,34.339927673339844,-5.947132110595703,12,5743.333333333333
2021-11-14 15:03:41,34.339874267578125,-5.947346210479736,12,5750.0
2021-11-14 15:03:47,34.339813232421875,-5.947555065155029,12,5755.833333333333
2021-11-14 15:03:53,34.33975601196289,-5.947770118713379,12,5759.166666666666
2021-11-14 15:03:59,34.33970642089844,-5.9479851722717285,11,5765.833333333333
2021-11-14 15:04:05,34.33961486816406,-5.94802188873291,7,5771.666666666666
2021-11-14 15:04:11,34.33966827392578,-5.947885990142822,11,5782.5
2021-11-14 15:04:17,34.3397216796875,-5.947665214538574,12,5787.5
2021-11-14 15:04:23,34.33977127075195,-5.947449207305908,11,5792.5
2021-11-14 15:04:29,34.33983612060547,-5.947234153747559,13,5800.833333333334
2021-11-14 15:04:35,34.33989334106445,-5.94701099395752,12,5807.5
2021-11-14 15:04:41,34.3399543762207,-5.946788787841797,12,5811.666666666667
2021-11-14 15:04:47,34.34001541137695,-5.946568012237549,12,5816.666666666667
2021-11-14 15:04:53,34.3400764465332,-5.946347236633301,12,5824.166666666667
2021-11-14 15:04:59,34.34013366699219,-5.946126937866211,12,5827.5
2021-11-14 15:05:05,34.340187072753906,-5.945906162261963,12,5835.0
2021-11-14 15:05:11,34.34024429321289,-5.945687770843506,12,5840.833333333334
2021-11-14 15:05:17,34.340301513671875,-5.945469856262207,12,5845.833333333334
2021-11-14 15:05:23,34.34035873413086,-5.945251941680908,12,5853.333333333334
2021-11-14 15:05:29,34.34041213989258,-5.945034980773926,12,5856.666666666667
2021-11-14 15:05:35,34.3404655456543,-5.944815158843994,12,5863.333333333334
2021-11-14 15:05:41,34.34052276611328,-5.944598197937012,12,5870.0
2021-11-14 15:05:47,34.340576171875,-5.944379806518555,12,5875.833333333334
2021-11-14 15:05:53,34.34062957763672,-5.94416093826294,12,5882.5
2021-11-14 15:05:59,34.34069061279297,-5.94394588470459,12,5885.833333333334
2021-11-14 15:06:05,34.34074401855469,-5.943728923797607,12,5891.666666666666
2021-11-14 15:06:11,34.34080123901367,-5.943511009216309,12,5897.5
2021-11-14 15:06:17,34.340858459472656,-5.943295001983643,12,5904.166666666666
2021-11-14 15:06:23,34.34091567993164,-5.943077087402344,12,5907.5
2021-11-14 15:06:29,34.340972900390625,-5.942859172821045,12,5914.166666666666
2021-11-14 15:06:35,34.34112548828125,-5.942674160003662,9,5917.5
2021-11-14 15:06:41,34.34107208251953,-5.9428558349609375,13,5931.666666666666
2021-11-14 15:06:47,34.34101486206055,-5.943068981170654,13,5939.166666666666
2021-11-14 15:06:53,34.34096145629883,-5.943276882171631,12,5945.0
2021-11-14 15:06:59,34.340904235839844,-5.943490028381348,12,5950.0
2021-11-14 15:07:05,34.34084701538086,-5.943702220916748,12,5955.0
2021-11-14 15:07:11,34.34079360961914,-5.94391393661499,12,5961.666666666666
2021-11-14 15:07:17,34.34073638916016,-5.944125175476074,12,5967.5
2021-11-14 15:07:23,34.34067916870117,-5.944334983825684,12,5971.666666666666
2021-11-14 15:07:29,34.34062194824219,-5.944546222686768,12,5979.166666666667
2021-11-14 15:07:35,34.34056854248047,-5.944756984710693,11,5985.0
2021-11-14 15:07:41,34.340511322021484,-5.944968223571777,12,5989.166666666667
2021-11-14 15:07:47,34.34046173095703,-5.94517993927002,12,5995.0
2021-11-14 15:07:53,34.34040832519531,-5.94539213180542,12,5999.166666666667
2021-11-14 15:07:59,34.340354919433594,-5.9456048011779785,12,6007.5
2021-11-14 15:08:05,34.34030532836914,-5.945819854736328,12,6014.166666666667
2021-11-14 15:08:11,34.34024810791016,-5.946029186248779,12,6019.166666666667
2021-11-14 15:08:17,34.34019470214844,-5.9462409019470215,12,6025.833333333334
2021-11-14 15:08:23,34.34013366699219,-5.9464521408081055,12,6029.166666666666
2021-11-14 15:08:29,34.340084075927734,-5.946667194366455,12,6035.833333333334
2021-11-14 15:08:35,34.34002685546875,-5.9468770027160645,12,6042.5
2021-11-14 15:08:41,34.33997344970703,-5.947090148925781,12,6049.166666666666
2021-11-14 15:08:47,34.33991622924805,-5.947305202484131,12,6052.5
2021-11-14 15:08:53,34.33985137939453,-5.947511196136475,12,6057.5
2021-11-14 15:08:59,34.33979797363281,-5.947725772857666,12,6063.333333333334
2021-11-14 15:09:05,34.339744567871094,-5.94793701171875,12,6070.0
2021-11-14 15:09:11,34.33964538574219,-5.948060989379883,11,6074.166666666666
2021-11-14 15:09:17,34.33963394165039,-5.947879791259766,11,6077.5
2021-11-14 15:09:23,34.339683532714844,-5.947677135467529,12,6082.5
2021-11-14 15:09:29,34.33973693847656,-5.947470188140869,12,6085.833333333333
2021-11-14 15:09:35,34.33980178833008,-5.947269916534424,11,6092.5
2021-11-14 15:09:41,34.33985900878906,-5.947066783905029,11,6095.833333333333
2021-11-14 15:09:47,34.33991622924805,-5.9468607902526855,11,6101.666666666666
2021-11-14 15:09:53,34.339969635009766,-5.946654796600342,11,6108.333333333333
2021-11-14 15:09:59,34.34002685546875,-5.946455001831055,12,6110.833333333333
2021-11-14 15:10:05,34.34008026123047,-5.946252822875977,11,6115.833333333333
2021-11-14 15:10:11,34.34012985229492,-5.946054935455322,11,6120.833333333333
2021-11-14 15:10:17,34.340179443359375,-5.9458489418029785,11,6127.5
2021-11-14 15:10:23,34.340232849121094,-5.9456400871276855,11,6133.333333333333
2021-11-14 15:10:29,34.34027862548828,-5.945431232452393,11,6136.666666666666
2021-11-14 15:10:35,34.34032440185547,-5.9452290534973145,11,6142.5
2021-11-14 15:10:41,34.34037399291992,-5.945026874542236,11,6148.333333333333
2021-11-14 15:10:47,34.34042739868164,-5.944821834564209,11,6151.666666666666
2021-11-14 15:10:53,34.34048080444336,-5.944612979888916,12,6157.5
2021-11-14 15:10:59,34.34053421020508,-5.944406986236572,11,6165.0
2021-11-14 15:11:05,34.34058380126953,-5.9442009925842285,11,6169.166666666666
2021-11-14 15:11:11,34.34063720703125,-5.943991184234619,11,6175.0
2021-11-14 15:11:17,34.34069061279297,-5.943778991699219,11,6180.0
2021-11-14 15:11:23,34.34074783325195,-5.943571090698242,12,6185.0
2021-11-14 15:11:29,34.34080123901367,-5.943366050720215,12,6190.0
2021-11-14 15:11:35,34.34086227416992,-5.943161010742188,12,6195.833333333333
2021-11-14 15:11:41,34.34091567993164,-5.94295597076416,11,6201.666666666666
2021-11-14 15:11:47,34.340965270996094,-5.9427490234375,11,6205.0
2021-11-14 15:11:53,34.34108352661133,-5.942634105682373,11,6210.0
2021-11-14 15:11:59,34.341094970703125,-5.942800998687744,11,6214.166666666666
2021-11-14 15:12:05,34.34104537963867,-5.943000793457031,12,6220.833333333333
2021-11-14 15:12:11,34.34099578857422,-5.943203926086426,11,6224.166666666666
2021-11-14 15:12:17,34.340938568115234,-5.943411827087402,12,6230.833333333333
2021-11-14 15:12:23,34.34088134765625,-5.943624973297119,12,6235.833333333333
2021-11-14 15:12:29,34.34082794189453,-5.943841934204102,12,6240.0
2021-11-14 15:12:35,34.34077453613281,-5.944060802459717,12,6246.666666666666
2021-11-14 15:12:41,34.340721130371094,-5.944276809692383,12,6252.5
2021-11-14 15:12:47,34.34066390991211,-5.944492816925049,12,6258.333333333333
2021-11-14 15:12:53,34.34061050415039,-5.944705009460449,12,6264.166666666666
2021-11-14 15:12:59,34.340553283691406,-5.944918155670166,12,6270.833333333333
2021-11-14 15:13:05,34.34049987792969,-5.945130825042725,12,6275.0
2021-11-14 15:13:11,34.34044647216797,-5.945341110229492,12,6280.833333333333
2021-11-14 15:13:17,34.34039688110352,-5.945552825927734,12,6286.666666666666
2021-11-14 15:13:23,34.34033966064453,-5.945763111114502,12,6294.166666666666
2021-11-14 15:13:29,34.34029006958008,-5.945974826812744,12,6298.333333333333
2021-11-14 15:13:35,34.34023666381836,-5.946183204650879,12,6304.166666666666
2021-11-14 15:13:41,34.340179443359375,-5.946393013000488,12,6310.833333333333
2021-11-14 15:13:47,34.34012222290039,-5.946603775024414,12,6317.5
2021-11-14 15:13:53,34.340065002441406,-5.946818828582764,12,6321.666666666666
2021-11-14 15:13:59,34.34001159667969,-5.947031021118164,12,6327.5
2021-11-14 15:14:05,34.339962005615234,-5.94724178314209,12,6333.333333333333
2021-11-14 15:14:11,34.339900970458984,-5.947453022003174,12,6336.666666666666
2021-11-14 15:14:17,34.33984375,-5.947659015655518,11,6345.0
2021-11-14 15:14:23,34.339786529541016,-5.947865009307861,12,6350.833333333333
2021-11-14 15:14:29,34.33972930908203,-5.948058128356934,9,6354.166666666666
2021-11-14 15:14:35,34.33959197998047,-5.948054790496826,11,6358.333333333333
2021-11-14 15:14:41,34.339595794677734,-5.947879791259766,11,6361.666666666667
2021-11-14 15:14:47,34.33964157104492,-5.947678089141846,11,6365.0
2021-11-14 15:14:53,34.33969497680664,-5.947465896606445,12,6370.833333333334
2021-11-14 15:14:59,34.339752197265625,-5.947258949279785,12,6375.0
2021-11-14 15:15:05,34.339805603027344,-5.947045803070068,12,6380.833333333334
2021-11-14 15:15:11,34.33986282348633,-5.946831226348877,11,6384.166666666667
2021-11-14 15:15:17,34.33992004394531,-5.946621894836426,11,6390.0
2021-11-14 15:15:23,34.3399772644043,-5.946404933929443,12,6393.333333333334
2021-11-14 15:15:29,34.34003829956055,-5.946197986602783,12,6400.833333333334
2021-11-14 15:15:35,34.340091705322266,-5.945992946624756,12,6405.0
2021-11-14 15:15:41,34.340145111083984,-5.945790767669678,11,6411.666666666667
2021-11-14 15:15:47,34.34020233154297,-5.945580005645752,11,6416.666666666667
2021-11-14 15:15:53,34.34025192260742,-5.945376873016357,12,6420.833333333334
2021-11-14 15:15:59,34.340309143066406,-5.94517183303833,11,6427.5
2021-11-14 15:16:05,34.34035873413086,-5.94496488571167,11,6432.5
2021-11-14 15:16:11,34.34041213989258,-5.944756031036377,11,6437.5
2021-11-14 15:16:17,34.34046173095703,-5.9445481300354,11,6444.166666666667
2021-11-14 15:16:23,34.340511322021484,-5.944338798522949,12,6447.5
2021-11-14 15:16:29,34.3405647277832,-5.944131851196289,11,6453.333333333334
2021-11-14 15:16:35,34.34062194824219,-5.9439239501953125,12,6459.166666666667
2021-11-14 15:16:41,34.340675354003906,-5.943716049194336,11,6462.5
2021-11-14 15:16:47,34.340728759765625,-5.943507194519043,12,6469.166666666667
2021-11-14 15:16:53,34.340782165527344,-5.943299770355225,11,6474.166666666667
2021-11-14 15:16:59,34.34083557128906,-5.9430928230285645,11,6480.0
2021-11-14 15:17:05,34.34088134765625,-5.942885875701904,11,6483.333333333334
2021-11-14 15:17:11,34.34093475341797,-5.942677021026611,11,6488.333333333334
2021-11-14 15:17:17,34.34107208251953,-5.942626953125,11,6495.0
2021-11-14 15:17:23,34.34114074707031,-5.942739963531494,9,6498.333333333334
2021-11-14 15:17:29,34.34109115600586,-5.942920207977295,12,6506.666666666667
2021-11-14 15:17:35,34.341041564941406,-5.943140029907227,12,6512.5
2021-11-14 15:17:41,34.34098052978516,-5.94335412979126,12,6518.333333333334
2021-11-14 15:17:47,34.34092330932617,-5.943572998046875,12,6525.0
2021-11-14 15:17:53,34.34086608886719,-5.943786144256592,12,6529.166666666667
2021-11-14 15:17:59,34.3408088684082,-5.943999767303467,12,6535.833333333334
2021-11-14 15:18:05,34.34075927734375,-5.944218158721924,12,6542.5
2021-11-14 15:18:11,34.340702056884766,-5.944430828094482,12,6548.333333333334
2021-11-14 15:18:17,34.34064865112305,-5.944643974304199,12,6552.5
2021-11-14 15:18:23,34.34059143066406,-5.944859981536865,12,6558.333333333334
2021-11-14 15:18:29,34.340538024902344,-5.945073127746582,12,6562.5
2021-11-14 15:18:35,34.34048843383789,-5.945288181304932,12,6571.666666666667
2021-11-14 15:18:41,34.34043502807617,-5.945505142211914,12,6577.5
2021-11-14 15:18:47,34.34038162231445,-5.9457221031188965,12,6583.333333333334
2021-11-14 15:18:53,34.340328216552734,-5.945940017700195,12,6587.5
2021-11-14 15:18:59,34.340274810791016,-5.9461541175842285,12,6594.166666666667
2021-11-14 15:19:05,34.3402214050293,-5.946363925933838,12,6600.833333333334
2021-11-14 15:19:11,34.34016418457031,-5.9465742111206055,12,6604.166666666667
2021-11-14 15:19:17,34.34010696411133,-5.946784019470215,12,6610.0
2021-11-14 15:19:23,34.34005355834961,-5.947000980377197,12,6615.833333333334
2021-11-14 15:19:29,34.339996337890625,-5.947214126586914,12,6621.666666666667
2021-11-14 15:19:35,34.339935302734375,-5.947428226470947,12,6627.5
2021-11-14 15:19:41,34.33987808227539,-5.94763708114624,12,6630.833333333334
2021-11-14 15:19:47,34.33982467651367,-5.947850227355957,12,6635.833333333334
2021-11-14 15:19:53,34.33977127075195,-5.94806718826294,12,6643.333333333334
2021-11-14 15:19:59,34.339595794677734,-5.948042869567871,13,6648.333333333334
2021-11-14 15:20:05,34.339595794677734,-5.947847843170166,11,6650.833333333334
2021-11-14 15:20:11,34.339637756347656,-5.94763708114624,11,6656.666666666667
2021-11-14 15:20:17,34.339691162109375,-5.947422027587891,12,6663.333333333334
2021-11-14 15:20:23,34.339744567871094,-5.947218894958496,11,6668.333333333334
2021-11-14 15:20:29,34.33980178833008,-5.947000980377197,12,6672.5
2021-11-14 15:20:35,34.3398551940918,-5.946774005889893,12,6678.333333333334
2021-11-14 15:20:41,34.33991622924805,-5.9465532302856445,12,6685.0
2021-11-14 15:20:47,34.339969635009766,-5.9463419914245605,12,6690.0
2021-11-14 15:20:53,34.34002685546875,-5.9461188316345215,12,6695.833333333334
2021-11-14 15:20:59,34.340084075927734,-5.945896148681641,12,6703.333333333334
2021-11-14 15:21:05,34.340126037597656,-5.945671081542969,12,6707.5
2021-11-14 15:21:11,34.340187072753906,-5.945450782775879,13,6712.5
2021-11-14 15:21:17,34.34024429321289,-5.945236206054688,11,6719.166666666666
2021-11-14 15:21:23,34.34030532836914,-5.945022106170654,12,6725.833333333333
2021-11-14 15:21:29,34.340362548828125,-5.944803237915039,12,6730.833333333333
2021-11-14 15:21:35,34.34041976928711,-5.944584846496582,12,6736.666666666666
2021-11-14 15:21:41,34.34046936035156,-5.944374084472656,12,6741.666666666666
2021-11-14 15:21:47,34.34052658081055,-5.944159030914307,12,6745.833333333333
2021-11-14 15:21:53,34.34058380126953,-5.9439377784729,12,6750.833333333333
2021-11-14 15:21:59,34.34063720703125,-5.943717002868652,12,6757.5
2021-11-14 15:22:05,34.3406982421875,-5.943498134613037,12,6763.333333333333
2021-11-14 15:22:11,34.340755462646484,-5.943278789520264,12,6766.666666666666
2021-11-14 15:22:17,34.3408088684082,-5.943061828613281,12,6772.5
2021-11-14 15:22:23,34.34086227416992,-5.942843914031982,12,6778.333333333333
2021-11-14 15:22:29,34.3409309387207,-5.942636013031006,13,6781.666666666666
2021-11-14 15:22:35,34.341121673583984,-5.9426679611206055,12,6788.333333333333
2021-11-14 15:22:41,34.341121673583984,-5.942870140075684,12,6794.166666666666
2021-11-14 15:22:47,34.341060638427734,-5.943087100982666,13,6800.833333333333
2021-11-14 15:22:53,34.340999603271484,-5.943314075469971,13,6805.0
2021-11-14 15:22:59,34.34093475341797,-5.943539142608643,13,6812.5
2021-11-14 15:23:05,34.340877532958984,-5.9437689781188965,13,6820.833333333333
2021-11-14 15:23:11,34.340816497802734,-5.943994998931885,12,6825.833333333333
2021-11-14 15:23:17,34.340763092041016,-5.944222927093506,13,6831.666666666666
2021-11-14 15:23:23,34.34070587158203,-5.944450855255127,13,6840.833333333333
2021-11-14 15:23:29,34.34064483642578,-5.944676876068115,12,6848.333333333334
2021-11-14 15:23:35,34.34058380126953,-5.944908142089844,13,6852.5
2021-11-14 15:23:41,34.34053421020508,-5.945137023925781,12,6860.0
2021-11-14 15:23:47,34.34048080444336,-5.945362091064453,12,6865.0
2021-11-14 15:23:53,34.340423583984375,-5.945586204528809,13,6872.5
2021-11-14 15:23:59,34.340370178222656,-5.945816993713379,13,6880.833333333334
2021-11-14 15:24:05,34.34031295776367,-5.946045875549316,13,6886.666666666666
2021-11-14 15:24:11,34.34025955200195,-5.946269035339356,12,6890.0
2021-11-14 15:24:17,34.34020233154297,-5.946493148803711,12,6898.333333333334
2021-11-14 15:24:23,34.340145111083984,-5.946715831756592,13,6905.0
2021-11-14 15:24:29,34.340084075927734,-5.946936130523682,12,6910.833333333334
2021-11-14 15:24:35,34.340030670166016,-5.947164058685303,13,6917.5
2021-11-14 15:24:41,34.3399658203125,-5.947385787963867,13,6924.166666666666
2021-11-14 15:24:47,34.339900970458984,-5.947607040405273,12,6928.333333333333
2021-11-14 15:24:53,34.33984375,-5.947813987731934,12,6935.0
2021-11-14 15:24:59,34.33979415893555,-5.948026180267334,12,6940.833333333333
2021-11-14 15:25:05,34.339656829833984,-5.948063850402832,11,6944.166666666666
2021-11-14 15:25:11,34.339500427246094,-5.947984218597412,11,6948.333333333333
2021-11-14 15:25:17,34.33937072753906,-5.947885036468506,10,6952.5
2021-11-14 15:25:23,34.33941650390625,-5.947665214538574,13,6957.5
2021-11-14 15:25:29,34.339473724365234,-5.947442054748535,12,6961.666666666666
2021-11-14 15:25:35,34.33952713012695,-5.947216987609863,12,6967.5
2021-11-14 15:25:41,34.3395881652832,-5.946996212005615,12,6975.0
2021-11-14 15:25:47,34.33964538574219,-5.946774959564209,12,6980.833333333334
2021-11-14 15:25:53,34.339698791503906,-5.946549892425537,13,6985.0
2021-11-14 15:25:59,34.33975982666016,-5.946328163146973,12,6990.833333333333
2021-11-14 15:26:05,34.339813232421875,-5.946105003356934,12,6995.833333333334
2021-11-14 15:26:11,34.33987045288086,-5.945880889892578,12,7003.333333333334
2021-11-14 15:26:17,34.339927673339844,-5.945664882659912,11,7007.5
2021-11-14 15:26:23,34.33998489379883,-5.945444107055664,12,7013.333333333334
2021-11-14 15:26:29,34.34003829956055,-5.945219039916992,12,7020.833333333334
2021-11-14 15:26:35,34.34009552001953,-5.944993019104004,12,7026.666666666666
2021-11-14 15:26:41,34.34014892578125,-5.944771766662598,12,7032.5
2021-11-14 15:26:47,34.340206146240234,-5.944553852081299,12,7037.5
2021-11-14 15:26:53,34.34026336669922,-5.944332122802734,12,7044.166666666666
2021-11-14 15:26:59,34.3403205871582,-5.944107055664063,12,7050.0
2021-11-14 15:27:05,34.34037780761719,-5.943889141082764,13,7057.5
2021-11-14 15:27:11,34.340431213378906,-5.943666934967041,12,7061.666666666666
2021-11-14 15:27:17,34.34048843383789,-5.943446159362793,12,7068.333333333334
2021-11-14 15:27:23,34.34054183959961,-5.9432220458984375,13,7075.0
2021-11-14 15:27:29,34.34059524536133,-5.943002223968506,12,7081.666666666666
2021-11-14 15:27:35,34.34064483642578,-5.942780017852783,12,7089.166666666666
2021-11-14 15:27:41,34.3407096862793,-5.942564010620117,12,7092.5
2021-11-14 15:27:47,34.34088134765625,-5.942577838897705,12,7098.333333333333
2021-11-14 15:27:53,34.3410530090332,-5.942648887634277,12,7103.333333333333
2021-11-14 15:27:59,34.34115219116211,-5.9427809715271,12,7107.5
2021-11-14 15:28:05,34.341087341308594,-5.943005084991455,13,7112.5
2021-11-14 15:28:11,34.34103775024414,-5.943236827850342,13,7119.166666666666
2021-11-14 15:28:17,34.34097671508789,-5.943465232849121,13,7126.666666666666
2021-11-14 15:28:23,34.340919494628906,-5.94368314743042,12,7130.833333333333
2021-11-14 15:28:29,34.34086990356445,-5.943912029266357,12,7138.333333333334
2021-11-14 15:28:35,34.3408203125,-5.944140911102295,13,7145.0
2021-11-14 15:28:41,34.34076690673828,-5.944372177124023,13,7151.666666666666
2021-11-14 15:28:47,34.34071350097656,-5.9446001052856445,12,7159.166666666666
2021-11-14 15:28:53,34.34065246582031,-5.944825172424316,13,7164.166666666666
2021-11-14 15:28:59,34.340599060058594,-5.945052146911621,12,7170.833333333333
2021-11-14 15:29:05,34.340545654296875,-5.945274829864502,12,7177.5
2021-11-14 15:29:11,34.34048843383789,-5.945491790771484,12,7181.666666666666
2021-11-14 15:29:17,34.34043502807617,-5.945714950561523,12,7189.166666666666
2021-11-14 15:29:23,34.34038162231445,-5.945939064025879,12,7195.833333333333
2021-11-14 15:29:29,34.34032440185547,-5.9461588859558105,12,7200.0
2021-11-14 15:29:35,34.34026336669922,-5.946376800537109,12,7206.666666666666
2021-11-14 15:29:41,34.3402099609375,-5.946599006652832,12,7214.166666666666
2021-11-14 15:29:47,34.34014892578125,-5.946816921234131,12,7220.0
2021-11-14 15:29:53,34.340091705322266,-5.947031021118164,12,7225.833333333334
2021-11-14 15:29:59,34.340030670166016,-5.947253227233887,12,7232.5
2021-11-14 15:30:05,34.339969635009766,-5.947474002838135,12,7239.166666666667
2021-11-14 15:30:11,34.33990859985352,-5.947691917419434,12,7244.166666666667
2021-11-14 15:30:17,34.3398551940918,-5.947910785675049,12,7248.333333333334
2021-11-14 15:30:23,34.33980941772461,-5.948101997375488,10,7254.166666666667
2021-11-14 15:30:29,34.339683532714844,-5.94806718826294,10,7258.333333333334
2021-11-14 15:30:35,34.339542388916016,-5.94797420501709,11,7261.666666666667
2021-11-14 15:30:41,34.33938980102539,-5.947953224182129,11,7265.0
2021-11-14 15:30:47,34.33938217163086,-5.947780132293701,11,7270.0
2021-11-14 15:30:53,34.33942413330078,-5.947565078735352,13,7275.833333333334
2021-11-14 15:30:59,34.339473724365234,-5.947353839874268,12,7279.166666666667
2021-11-14 15:31:05,34.33952713012695,-5.947143077850342,12,7285.0
2021-11-14 15:31:11,34.33958435058594,-5.946929931640625,12,7291.666666666667
2021-11-14 15:31:17,34.33963394165039,-5.946722030639648,11,7295.0
2021-11-14 15:31:23,34.33968734741211,-5.9465107917785645,13,7301.666666666667
2021-11-14 15:31:29,34.33974075317383,-5.946298122406006,12,7306.666666666667
2021-11-14 15:31:35,34.33979797363281,-5.9460859298706055,12,7310.0
2021-11-14 15:31:41,34.33985137939453,-5.945868015289307,12,7318.333333333334
2021-11-14 15:31:47,34.33990478515625,-5.945662021636963,11,7325.0
2021-11-14 15:31:53,34.33995819091797,-5.945448875427246,12,7328.333333333334
2021-11-14 15:31:59,34.34001159667969,-5.9452338218688965,11,7334.166666666667
2021-11-14 15:32:05,34.340065002441406,-5.945022106170654,12,7339.166666666667
2021-11-14 15:32:11,34.340118408203125,-5.944808006286621,12,7346.666666666667
2021-11-14 15:32:17,34.34016799926758,-5.944591999053955,12,7352.5
2021-11-14 15:32:23,34.3402214050293,-5.944375991821289,12,7355.833333333334
2021-11-14 15:32:29,34.340274810791016,-5.94416618347168,12,7364.166666666667
2021-11-14 15:32:35,34.34033203125,-5.943949222564697,12,7369.166666666667
2021-11-14 15:32:41,34.34038543701172,-5.943737030029297,12,7372.5
2021-11-14 15:32:47,34.3404426574707,-5.943521976470947,12,7379.166666666667
2021-11-14 15:32:53,34.34049987792969,-5.943312168121338,12,7385.0
2021-11-14 15:32:59,34.340553283691406,-5.943099021911621,11,7392.5
2021-11-14 15:33:05,34.34060287475586,-5.942885875701904,12,7395.833333333333
2021-11-14 15:33:11,34.34065246582031,-5.942669868469238,12,7400.833333333333
2021-11-14 15:33:17,34.34076690673828,-5.942546844482422,11,7405.833333333333
2021-11-14 15:33:23,34.34092330932617,-5.942636013031006,11,7410.833333333333
2021-11-14 15:33:29,34.34109878540039,-5.942670822143555,11,7415.0
2021-11-14 15:33:35,34.341182708740234,-5.942815780639648,12,7418.333333333333
2021-11-14 15:33:41,34.34112930297852,-5.9430317878723145,12,7425.0
2021-11-14 15:33:47,34.34107971191406,-5.943253040313721,12,7430.0
2021-11-14 15:33:53,34.34102249145508,-5.943469047546387,12,7434.166666666667
2021-11-14 15:33:59,34.34096908569336,-5.943685054779053,12,7440.833333333334
2021-11-14 15:34:05,34.340911865234375,-5.943896770477295,12,7445.833333333334
2021-11-14 15:34:11,34.340858459472656,-5.944110870361328,12,7452.5
2021-11-14 15:34:17,34.3408088684082,-5.944327831268311,12,7456.666666666667
2021-11-14 15:34:23,34.34075164794922,-5.944540023803711,12,7461.666666666667
2021-11-14 15:34:29,34.340694427490234,-5.944752216339111,12,7466.666666666667
2021-11-14 15:34:35,34.34063720703125,-5.94496488571167,12,7473.333333333333
2021-11-14 15:34:41,34.340579986572266,-5.945181846618652,12,7479.166666666666
2021-11-14 15:34:47,34.34052658081055,-5.94538688659668,11,7483.333333333333
2021-11-14 15:34:53,34.34046936035156,-5.94559383392334,11,7490.0
2021-11-14 15:34:59,34.340415954589844,-5.94580602645874,12,7494.166666666667
2021-11-14 15:35:05,34.34035873413086,-5.946020126342773,12,7500.0
2021-11-14 15:35:11,34.34030532836914,-5.946232795715332,12,7504.166666666666
2021-11-14 15:35:17,34.34025955200195,-5.946444988250732,12,7510.0
2021-11-14 15:35:23,34.340206146240234,-5.946657180786133,12,7516.666666666667
2021-11-14 15:35:29,34.34016036987305,-5.946868896484375,12,7522.5
2021-11-14 15:35:35,34.34010314941406,-5.947076797485352,12,7525.0
2021-11-14 15:35:41,34.34004592895508,-5.947286128997803,11,7532.5
2021-11-14 15:35:47,34.339988708496094,-5.947494983673096,12,7536.666666666666
2021-11-14 15:35:53,34.339935302734375,-5.947703838348389,11,7542.5
2021-11-14 15:35:59,34.33988571166992,-5.947904109954834,11,7545.833333333333
2021-11-14 15:36:05,34.33982849121094,-5.948081016540527,8,7551.666666666667
2021-11-14 15:36:11,34.339725494384766,-5.9481120109558105,7,7557.5
2021-11-14 15:36:17,34.3395881652832,-5.948023796081543,9,7563.333333333334
2021-11-14 15:36:23,34.33945846557617,-5.947957992553711,8,7568.333333333334
2021-11-14 15:36:29,34.33936309814453,-5.947959899902344,0,7573.333333333334
2021-11-14 15:36:35,34.3393669128418,-5.947961807250977,0,7579.166666666667
2021-11-14 15:36:41,34.3393669128418,-5.947963237762451,0,7583.333333333334
2021-11-14 15:36:47,34.3393669128418,-5.947963237762451,0,7586.666666666667
2021-11-14 15:36:53,34.3393669128418,-5.947963237762451,0,7589.166666666667
2021-11-14 15:36:59,34.3393669128418,-5.947963237762451,0,7595.0
2021-11-14 15:37:05,34.3393669128418,-5.947963237762451,0,7599.166666666667
2021-11-14 15:37:11,34.3393669128418,-5.947963237762451,0,7604.166666666666
2021-11-14 15:37:17,34.3393669128418,-5.947963237762451,0,7607.5
2021-11-14 15:37:23,34.3393669128418,-5.947963237762451,0,7611.666666666666
2021-11-14 15:37:29,34.3393669128418,-5.947963237762451,0,7614.166666666666
2021-11-14 15:37:35,34.3393669128418,-5.947963237762451,0,7624.166666666666
2021-11-14 15:37:41,34.3393669128418,-5.947963237762451,0,7626.666666666666
2021-11-14 15:37:47,34.3393669128418,-5.947963237762451,0,7630.0
2021-11-14 15:37:53,34.3393669128418,-5.947963237762451,0,7635.0
2021-11-14 15:37:59,34.3393669128418,-5.947963237762451,0,7639.166666666667
2021-11-14 15:38:05,34.3393669128418,-5.947963237762451,0,7641.666666666667
2021-11-14 15:38:11,34.3393669128418,-5.947963237762451,0,7646.666666666667
2021-11-14 15:38:17,34.3393669128418,-5.947963237762451,0,7652.5
2021-11-14 15:38:23,34.3393669128418,-5.947963237762451,0,7658.333333333334
2021-11-14 15:38:29,34.3393669128418,-5.947963237762451,0,7660.0
2021-11-14 15:38:35,34.3393669128418,-5.947963237762451,0,7664.166666666667
2021-11-14 15:38:41,34.3393669128418,-5.947963237762451,0,7666.666666666667
2021-11-14 15:38:47,34.3393669128418,-5.947963237762451,0,7673.333333333334
2021-11-14 15:38:53,34.3393669128418,-5.947963237762451,0,7677.5
2021-11-14 15:38:59,34.3393669128418,-5.947963237762451,0,7680.0
2021-11-14 15:39:05,34.3393669128418,-5.947963237762451,0,7685.833333333334
2021-11-14 15:39:11,34.3393669128418,-5.947963237762451,0,7687.5
2021-11-14 15:39:17,34.3393669128418,-5.947963237762451,0,7690.0
2021-11-14 15:39:23,34.3393669128418,-5.947963237762451,0,7702.5
2021-11-14 15:39:29,34.3393669128418,-5.947963237762451,0,7703.333333333334
2021-11-14 15:39:35,34.3393669128418,-5.947963237762451,0,7710.0
2021-11-14 15:39:41,34.3393669128418,-5.947963237762451,0,7713.333333333334
2021-11-14 15:39:47,34.3393669128418,-5.947963237762451,0,7720.0
2021-11-14 15:39:53,34.3393669128418,-5.947963237762451,0,7726.666666666666
2021-11-14 15:39:59,34.3393669128418,-5.947963237762451,0,7730.833333333334
2021-11-14 15:40:05,34.3393669128418,-5.947963237762451,0,7735.833333333334
2021-11-14 15:40:11,34.3393669128418,-5.947963237762451,0,7739.166666666666
2021-11-14 15:40:17,34.3393669128418,-5.947963237762451,0,7745.0
2021-11-14 15:40:23,34.3393669128418,-5.947963237762451,0,7749.166666666666
2021-11-14 15:40:29,34.3393669128418,-5.947963237762451,0,7752.5
2021-11-14 15:40:35,34.3393669128418,-5.947963237762451,0,7759.166666666666
2021-11-14 15:40:41,34.33932113647461,-5.947834014892578,10,7765.833333333334
2021-11-14 15:40:47,34.33941650390625,-5.947476863861084,11,7771.666666666666
2021-11-14 15:40:53,34.33945846557617,-5.947294235229492,8,7780.0
2021-11-14 15:40:59,34.33949279785156,-5.94715690612793,8,7785.0
2021-11-14 15:41:05,34.339542388916016,-5.946963787078857,11,7791.666666666667
2021-11-14 15:41:11,34.33959197998047,-5.946756839752197,12,7796.666666666667
2021-11-14 15:41:17,34.33964538574219,-5.946554183959961,11,7800.833333333334
2021-11-14 15:41:23,34.339698791503906,-5.94635009765625,11,7806.666666666667
2021-11-14 15:41:29,34.339744567871094,-5.946144104003906,11,7813.333333333334
2021-11-14 15:41:35,34.33979797363281,-5.945943832397461,11,7817.5
2021-11-14 15:41:41,34.33985137939453,-5.945743083953857,11,7822.500000000001
2021-11-14 15:41:47,34.339900970458984,-5.9455389976501465,11,7826.666666666667
2021-11-14 15:41:53,34.3399543762207,-5.945334911346436,11,7835.0
2021-11-14 15:41:59,34.34000396728516,-5.945131778717041,11,7840.833333333334
2021-11-14 15:42:05,34.340057373046875,-5.944931983947754,11,7844.166666666668
2021-11-14 15:42:11,34.34010696411133,-5.944726943969727,11,7850.0
2021-11-14 15:42:17,34.34015655517578,-5.944523811340332,11,7856.666666666668
2021-11-14 15:42:23,34.34025955200195,-5.944118976593018,11,7858.333333333334
2021-11-14 15:42:29,34.34031295776367,-5.943915843963623,11,7871.666666666668
2021-11-14 15:42:35,34.34036636352539,-5.94371509552002,11,7875.833333333334
2021-11-14 15:42:41,34.340415954589844,-5.943511009216309,11,7882.5
2021-11-14 15:42:47,34.3404655456543,-5.943309783935547,11,7885.833333333334
2021-11-14 15:42:53,34.340518951416016,-5.943107128143311,11,7893.333333333334
2021-11-14 15:42:59,34.34056854248047,-5.9429030418396,11,7896.666666666667
2021-11-14 15:43:05,34.340614318847656,-5.942697048187256,11,7901.666666666667
2021-11-14 15:43:11,34.34067916870117,-5.942543983459473,7,7907.5
2021-11-14 15:43:17,34.34068298339844,-5.942811012268066,11,7918.333333333334
2021-11-14 15:43:23,34.34064102172852,-5.943023204803467,12,7923.333333333334
2021-11-14 15:43:29,34.3405876159668,-5.9432291984558105,12,7930.0
2021-11-14 15:43:35,34.340538024902344,-5.943436145782471,11,7935.0
2021-11-14 15:43:41,34.34048843383789,-5.943642139434815,12,7939.166666666667
2021-11-14 15:43:47,34.34043502807617,-5.943843841552734,12,7945.0
2021-11-14 15:43:53,34.34038162231445,-5.944049835205078,11,7950.0
2021-11-14 15:43:59,34.34033203125,-5.944259166717529,12,7956.666666666666
2021-11-14 15:44:05,34.34027862548828,-5.9444661140441895,11,7960.0
2021-11-14 15:44:11,34.34022903442383,-5.944671154022217,11,7965.0
2021-11-14 15:44:17,34.340179443359375,-5.9448771476745605,12,7972.5
2021-11-14 15:44:23,34.340126037597656,-5.945084095001221,12,7978.333333333334
2021-11-14 15:44:29,34.34007263183594,-5.945291042327881,11,7982.5
2021-11-14 15:44:35,34.340023040771484,-5.945495128631592,11,7985.833333333334
2021-11-14 15:44:41,34.3399658203125,-5.945697784423828,12,7994.166666666667
2021-11-14 15:44:47,34.33991241455078,-5.94589900970459,11,8000.000000000001
2021-11-14 15:44:53,34.33985900878906,-5.946106910705566,11,8003.333333333334
2021-11-14 15:44:59,34.339805603027344,-5.946311950683594,11,8009.166666666667
2021-11-14 15:45:05,34.339752197265625,-5.946513175964356,11,8015.000000000001
2021-11-14 15:45:11,34.33970260620117,-5.946716785430908,11,8020.000000000001
2021-11-14 15:45:17,34.33964920043945,-5.946926116943359,12,8025.833333333334
2021-11-14 15:45:23,34.339599609375,-5.947132110595703,12,8030.000000000001
2021-11-14 15:45:29,34.33954620361328,-5.947340965270996,11,8035.833333333334
2021-11-14 15:45:35,34.33949279785156,-5.947541236877441,11,8038.333333333334
2021-11-14 15:45:41,34.339439392089844,-5.947744846343994,11,8045.000000000001
2021-11-14 15:45:47,34.33938980102539,-5.9479289054870605,9,8050.000000000001
2021-11-14 15:45:53,34.33929443359375,-5.94796085357666,8,8055.0
2021-11-14 15:45:59,34.33931350708008,-5.947793006896973,11,8058.333333333334
2021-11-14 15:46:05,34.3393669128418,-5.947595119476318,11,8064.166666666668
2021-11-14 15:46:11,34.339412689208984,-5.947388172149658,11,8069.166666666668
2021-11-14 15:46:17,34.33946228027344,-5.947181224822998,11,8074.166666666668
2021-11-14 15:46:23,34.33951568603516,-5.946976184844971,11,8079.166666666668
2021-11-14 15:46:29,34.33956527709961,-5.946773052215576,11,8083.333333333334
2021-11-14 15:46:35,34.33961486816406,-5.946568965911865,11,8088.333333333334
2021-11-14 15:46:41,34.33966827392578,-5.946363925933838,12,8094.166666666668
2021-11-14 15:46:47,34.3397216796875,-5.946160793304443,11,8099.166666666668
2021-11-14 15:46:53,34.33977508544922,-5.945959091186523,11,8102.5
2021-11-14 15:46:59,34.33982849121094,-5.9457550048828125,11,8109.166666666668
2021-11-14 15:47:05,34.33987808227539,-5.945552825927734,11,8115.833333333334
2021-11-14 15:47:11,34.339927673339844,-5.945345878601074,11,8119.166666666668
2021-11-14 15:47:17,34.3399772644043,-5.945143222808838,11,8125.0
2021-11-14 15:47:23,34.340023040771484,-5.94494104385376,11,8131.666666666668
2021-11-14 15:47:29,34.34008026123047,-5.944738864898682,11,8136.666666666668
2021-11-14 15:47:35,34.34012985229492,-5.944537162780762,11,8142.5
2021-11-14 15:47:41,34.340179443359375,-5.944334030151367,11,8146.666666666668
2021-11-14 15:47:47,34.34022903442383,-5.944129943847656,11,8152.5
2021-11-14 15:47:53,34.34027862548828,-5.9439311027526855,11,8159.166666666668
2021-11-14 15:47:59,34.34033203125,-5.943727970123291,11,8164.166666666668
2021-11-14 15:48:05,34.34038162231445,-5.9435248374938965,11,8166.666666666668
2021-11-14 15:48:11,34.34043502807617,-5.943321228027344,12,8175.0
2021-11-14 15:48:17,34.34048843383789,-5.943119049072266,11,8178.333333333334
2021-11-14 15:48:23,34.340538024902344,-5.942914009094238,12,8184.166666666668
2021-11-14 15:48:29,34.3405876159668,-5.94271183013916,11,8190.0
2021-11-14 15:48:35,34.34066390991211,-5.942535877227783,10,8194.166666666668
2021-11-14 15:48:41,34.34074783325195,-5.942648887634277,11,8196.666666666668
2021-11-14 15:48:47,34.340694427490234,-5.94284200668335,11,8201.666666666668
2021-11-14 15:48:53,34.34064865112305,-5.943048000335693,11,8205.0
2021-11-14 15:48:59,34.340599060058594,-5.9432549476623535,12,8210.833333333334
2021-11-14 15:49:05,34.340553283691406,-5.943460941314697,11,8216.666666666666
2021-11-14 15:49:11,34.34050369262695,-5.943665981292725,11,8222.5
2021-11-14 15:49:17,34.34044647216797,-5.943868160247803,11,8225.833333333334
2021-11-14 15:49:23,34.34039688110352,-5.9440741539001465,11,8230.833333333334
2021-11-14 15:49:29,34.34034729003906,-5.944279193878174,11,8236.666666666666
2021-11-14 15:49:35,34.340301513671875,-5.944486141204834,11,8242.5
2021-11-14 15:49:41,34.34025192260742,-5.944692134857178,11,8246.666666666666
2021-11-14 15:49:47,34.3401985168457,-5.944892883300781,11,8251.666666666666
2021-11-14 15:49:53,34.340145111083984,-5.945096969604492,11,8257.5
2021-11-14 15:49:59,34.340091705322266,-5.945300102233887,11,8260.833333333334
2021-11-14 15:50:05,34.34004211425781,-5.945505142211914,11,8267.5
2021-11-14 15:50:11,34.33999252319336,-5.945705890655518,11,8274.166666666668
2021-11-14 15:50:17,34.339935302734375,-5.945901870727539,11,8277.5
2021-11-14 15:50:23,34.339881896972656,-5.946104049682617,11,8284.166666666668
2021-11-14 15:50:29,34.3398323059082,-5.946308135986328,11,8289.166666666668
2021-11-14 15:50:35,34.339778900146484,-5.946516036987305,11,8294.166666666668
2021-11-14 15:50:41,34.339725494384766,-5.946719169616699,11,8300.0
2021-11-14 15:50:47,34.33966827392578,-5.946918964385986,11,8303.333333333332
2021-11-14 15:50:53,34.33961868286133,-5.947125911712647,12,8308.333333333332
2021-11-14 15:50:59,34.33955764770508,-5.947330951690674,12,8314.166666666668
2021-11-14 15:51:05,34.339508056640625,-5.947535991668701,11,8319.166666666668
2021-11-14 15:51:11,34.339454650878906,-5.947738170623779,11,8324.166666666668
2021-11-14 15:51:17,34.33940124511719,-5.947943210601807,11,8327.5
2021-11-14 15:51:23,34.339256286621094,-5.947947025299072,9,8332.5
2021-11-14 15:51:29,34.33928298950195,-5.947750091552734,13,8335.833333333332
2021-11-14 15:51:35,34.33934020996094,-5.947546005249023,12,8341.666666666666
2021-11-14 15:51:41,34.339393615722656,-5.9473371505737305,12,8345.0
2021-11-14 15:51:47,34.339447021484375,-5.947132110595703,11,8351.666666666666
2021-11-14 15:51:53,34.33950424194336,-5.946928024291992,12,8356.666666666666
2021-11-14 15:51:59,34.339561462402344,-5.946719169616699,12,8360.833333333332
2021-11-14 15:52:05,34.33961868286133,-5.9465107917785645,12,8367.5
2021-11-14 15:52:11,34.33967208862305,-5.946300029754639,11,8374.166666666666
2021-11-14 15:52:17,34.339717864990234,-5.946090221405029,11,8378.333333333332
2021-11-14 15:52:23,34.33977127075195,-5.945878982543945,11,8385.0
2021-11-14 15:52:29,34.33982467651367,-5.94566822052002,12,8390.833333333332
2021-11-14 15:52:35,34.33987808227539,-5.945458889007568,12,8395.0
2021-11-14 15:52:41,34.339927673339844,-5.945249080657959,12,8396.666666666666
2021-11-14 15:52:47,34.3399772644043,-5.945036888122559,12,8408.333333333332
2021-11-14 15:52:53,34.340030670166016,-5.944828987121582,11,8412.5
2021-11-14 15:52:59,34.34008026123047,-5.944618225097656,11,8416.666666666666
2021-11-14 15:53:05,34.34012985229492,-5.944408893585205,12,8423.333333333334
2021-11-14 15:53:11,34.34018325805664,-5.944199085235596,12,8427.5
2021-11-14 15:53:17,34.34023666381836,-5.943988800048828,11,8434.166666666668
2021-11-14 15:53:23,34.340293884277344,-5.943779945373535,11,8440.0
2021-11-14 15:53:29,34.34035110473633,-5.943570137023926,11,8445.0
2021-11-14 15:53:35,34.34040069580078,-5.943360805511475,12,8451.666666666668
2021-11-14 15:53:41,34.340457916259766,-5.943150043487549,12,8455.0
2021-11-14 15:53:47,34.340511322021484,-5.94294023513794,12,8460.833333333334
2021-11-14 15:53:53,34.34055709838867,-5.942729949951172,12,8467.5
2021-11-14 15:53:59,34.34062957763672,-5.9425368309021,12,8474.166666666668
2021-11-14 15:54:05,34.34077072143555,-5.94259786605835,11,8476.666666666668
2021-11-14 15:54:11,34.34073638916016,-5.942807197570801,12,8480.0
2021-11-14 15:54:17,34.340694427490234,-5.943019866943359,11,8486.666666666668
2021-11-14 15:54:23,34.34063720703125,-5.943227767944336,12,8490.833333333334
2021-11-14 15:54:29,34.34058380126953,-5.94343900680542,12,8496.666666666668
2021-11-14 15:54:35,34.34052658081055,-5.943648815155029,12,8502.5
2021-11-14 15:54:41,34.34047317504883,-5.943854808807373,11,8506.666666666668
2021-11-14 15:54:47,34.34041976928711,-5.944065093994141,12,8511.666666666668
2021-11-14 15:54:53,34.34037399291992,-5.94427490234375,11,8517.5
2021-11-14 15:54:59,34.3403205871582,-5.94448184967041,12,8522.5
2021-11-14 15:55:05,34.340267181396484,-5.94468879699707,12,8529.166666666668
2021-11-14 15:55:11,34.340213775634766,-5.944893836975098,12,8531.666666666668
2021-11-14 15:55:17,34.34015655517578,-5.945100784301758,11,8539.166666666668
2021-11-14 15:55:23,34.34010314941406,-5.945303916931152,11,8543.333333333334
2021-11-14 15:55:29,34.34005355834961,-5.94551420211792,12,8549.166666666666
2021-11-14 15:55:35,34.34000015258789,-5.9457221031188965,11,8553.333333333332
2021-11-14 15:55:41,34.339942932128906,-5.945927143096924,12,8560.0
2021-11-14 15:55:47,34.33988571166992,-5.946133136749268,12,8563.333333333332
2021-11-14 15:55:53,34.3398323059082,-5.946338176727295,12,8568.333333333332
2021-11-14 15:55:59,34.33978271484375,-5.946543216705322,11,8574.166666666666
2021-11-14 15:56:05,34.3397331237793,-5.946752071380615,12,8580.833333333332
2021-11-14 15:56:11,34.33967971801758,-5.946958065032959,12,8585.0
2021-11-14 15:56:17,34.339622497558594,-5.947166919708252,12,8589.166666666666
2021-11-14 15:56:23,34.339569091796875,-5.94737720489502,11,8595.0
2021-11-14 15:56:29,34.33951568603516,-5.947580814361572,12,8600.0
2021-11-14 15:56:35,34.33945846557617,-5.947789192199707,11,8604.166666666666
2021-11-14 15:56:41,34.33938980102539,-5.947943210601807,8,8609.166666666666
2021-11-14 15:56:47,34.3392448425293,-5.947935104370117,11,8615.0
2021-11-14 15:56:53,34.33926010131836,-5.947771072387695,10,8618.333333333334
2021-11-14 15:56:59,34.33931350708008,-5.947569847106934,12,8624.166666666668
2021-11-14 15:57:05,34.3393669128418,-5.947359085083008,12,8628.333333333334
2021-11-14 15:57:11,34.33942031860352,-5.947146892547607,12,8633.333333333334
2021-11-14 15:57:17,34.3394775390625,-5.946937084197998,12,8639.166666666668
2021-11-14 15:57:23,34.33953094482422,-5.946722984313965,12,8643.333333333334
2021-11-14 15:57:29,34.33958053588867,-5.9465107917785645,12,8649.166666666668
2021-11-14 15:57:35,34.339691162109375,-5.946084976196289,12,8660.0
2021-11-14 15:57:41,34.339744567871094,-5.945874214172363,12,8665.833333333334
2021-11-14 15:57:47,34.33980178833008,-5.945662021636963,11,8670.833333333334
2021-11-14 15:57:53,34.3398551940918,-5.945450782775879,12,8677.5
2021-11-14 15:57:59,34.33990478515625,-5.94523811340332,12,8682.5
2021-11-14 15:58:05,34.33995056152344,-5.94502592086792,12,8688.333333333332
2021-11-14 15:58:11,34.34000396728516,-5.944816112518311,11,8694.166666666668
2021-11-14 15:58:17,34.34005355834961,-5.944604873657227,12,8699.166666666668
2021-11-14 15:58:23,34.34010314941406,-5.944396018981934,11,8705.0
2021-11-14 15:58:29,34.34015655517578,-5.944188117980957,12,8710.0
2021-11-14 15:58:35,34.340206146240234,-5.943982124328613,12,8715.833333333334
2021-11-14 15:58:41,34.34025955200195,-5.943772792816162,12,8719.166666666668
2021-11-14 15:58:47,34.34031295776367,-5.943565845489502,12,8725.0
2021-11-14 15:58:53,34.34036636352539,-5.943357944488525,12,8730.833333333334
2021-11-14 15:58:59,34.34041976928711,-5.943149089813232,12,8736.666666666668
2021-11-14 15:59:05,34.34046936035156,-5.942941188812256,11,8743.333333333334
2021-11-14 15:59:11,34.340518951416016,-5.942731857299805,12,8747.5
2021-11-14 15:59:17,34.340579986572266,-5.942539215087891,10,8753.333333333334
2021-11-14 15:59:23,34.34072494506836,-5.942553043365479,10,8755.0
2021-11-14 15:59:29,34.34078598022461,-5.942699909210205,11,8759.166666666668
2021-11-14 15:59:35,34.34075164794922,-5.942896842956543,11,8763.333333333334
2021-11-14 15:59:41,34.34070587158203,-5.943097114562988,11,8765.833333333334
2021-11-14 15:59:47,34.34065246582031,-5.943302154541016,11,8772.5
2021-11-14 15:59:53,34.340599060058594,-5.943509101867676,11,8774.166666666668
2021-11-14 15:59:59,34.34054183959961,-5.943717956542969,11,8782.5
2021-11-14 16:00:05,34.340484619140625,-5.94392204284668,12,8787.5
2021-11-14 16:00:11,34.34043502807617,-5.944128036499023,11,8793.333333333334
2021-11-14 16:00:17,34.34038162231445,-5.944334983825684,12,8799.166666666668
2021-11-14 16:00:23,34.34031295776367,-5.944532871246338,12,8804.166666666668
2021-11-14 16:00:29,34.34028244018555,-5.944736957550049,11,8809.166666666668
2021-11-14 16:00:35,34.34022521972656,-5.944942951202393,11,8815.0
2021-11-14 16:00:41,34.34016799926758,-5.94515323638916,12,8820.833333333334
2021-11-14 16:00:47,34.34011459350586,-5.9453630447387695,12,8824.166666666668
2021-11-14 16:00:53,34.34006118774414,-5.945571899414063,12,8830.0
2021-11-14 16:00:59,34.34000778198242,-5.945777893066406,12,8835.833333333334
2021-11-14 16:01:05,34.33995056152344,-5.945984840393066,12,8841.666666666668
2021-11-14 16:01:11,34.33989334106445,-5.94619083404541,12,8846.666666666668
2021-11-14 16:01:17,34.339839935302734,-5.946403980255127,12,8852.5
2021-11-14 16:01:23,34.33979034423828,-5.946613788604736,11,8856.666666666668
2021-11-14 16:01:29,34.33973693847656,-5.946821212768555,11,8862.5
2021-11-14 16:01:35,34.339683532714844,-5.947028160095215,11,8868.333333333332
2021-11-14 16:01:41,34.339630126953125,-5.947230815887451,12,8871.666666666668
2021-11-14 16:01:47,34.33958053588867,-5.947436809539795,11,8877.5
2021-11-14 16:01:53,34.339534759521484,-5.947636127471924,11,8881.666666666668
2021-11-14 16:01:59,34.3394889831543,-5.947781085968018,7,8888.333333333334
2021-11-14 16:02:05,34.33945083618164,-5.947893142700195,5,8895.833333333334
2021-11-14 16:02:11,34.33945083618164,-5.947909832000732,0,8900.0
2021-11-14 16:02:17,34.339454650878906,-5.94791316986084,0,8901.666666666668
