Temps,Latitude,Longitude,Vitesse,Consommation (ml)
2021-11-17 08:19:47,34.35865783691406,-5.917452812194824,0,7.5
2021-11-17 08:19:53,34.35865783691406,-5.917452812194824,0,11.666666666666668
2021-11-17 08:19:59,34.35865783691406,-5.917452812194824,0,16.666666666666668
2021-11-17 08:20:05,34.35865783691406,-5.917452812194824,0,21.666666666666668
2021-11-17 08:20:11,34.35865783691406,-5.917452812194824,0,26.666666666666668
2021-11-17 08:20:17,34.35865783691406,-5.917452812194824,0,32.5
2021-11-17 08:20:23,34.35865783691406,-5.917452812194824,0,37.5
2021-11-17 08:20:29,34.35865783691406,-5.917452812194824,0,39.16666666666666
2021-11-17 08:20:35,34.35865783691406,-5.917452812194824,0,42.5
2021-11-17 08:20:41,34.35865783691406,-5.917452812194824,0,48.333333333333336
2021-11-17 08:20:47,34.35865783691406,-5.917452812194824,0,54.16666666666667
2021-11-17 08:20:53,34.35865783691406,-5.917452812194824,0,60.833333333333336
2021-11-17 08:20:59,34.35865783691406,-5.917452812194824,0,66.66666666666667
2021-11-17 08:21:05,34.35865783691406,-5.917452812194824,0,70.83333333333334
2021-11-17 08:21:11,34.35865783691406,-5.917452812194824,0,71.66666666666666
2021-11-17 08:21:17,34.35865783691406,-5.917452812194824,0,76.66666666666666
2021-11-17 08:21:23,34.35865783691406,-5.917452812194824,0,77.49999999999999
2021-11-17 08:21:29,34.35865783691406,-5.917452812194824,0,85.83333333333331
2021-11-17 08:21:35,34.35865783691406,-5.917452812194824,0,87.49999999999999
2021-11-17 08:21:41,34.35865783691406,-5.917452812194824,0,95.83333333333331
2021-11-17 08:21:47,34.35865783691406,-5.917452812194824,0,104.16666666666664
2021-11-17 08:21:53,34.35865783691406,-5.917452812194824,0,105.83333333333331
2021-11-17 08:21:59,34.35865783691406,-5.917452812194824,0,114.16666666666669
2021-11-17 08:22:05,34.35865783691406,-5.917452812194824,0,115.0
2021-11-17 08:22:11,34.35865783691406,-5.917452812194824,0,118.33333333333331
2021-11-17 08:22:17,34.35865783691406,-5.917452812194824,0,127.5
2021-11-17 08:22:23,34.35865783691406,-5.917452812194824,0,133.33333333333334
2021-11-17 08:22:29,34.35865783691406,-5.917452812194824,0,143.33333333333334
2021-11-17 08:22:35,34.35865783691406,-5.917452812194824,0,149.16666666666669
2021-11-17 08:22:41,34.35865783691406,-5.917452812194824,0,150.00000000000003
2021-11-17 08:22:47,34.35865783691406,-5.917452812194824,0,150.83333333333331
2021-11-17 08:22:53,34.35865783691406,-5.917452812194824,0,156.66666666666666
2021-11-17 08:22:59,34.35865783691406,-5.917452812194824,0,163.33333333333331
2021-11-17 08:23:05,34.35865783691406,-5.917452812194824,0,172.49999999999997
2021-11-17 08:23:11,34.35865783691406,-5.917452812194824,0,188.3333333333333
2021-11-17 08:23:17,34.35865783691406,-5.917452812194824,0,195.8333333333333
2021-11-17 08:23:23,34.35865783691406,-5.917452812194824,0,198.3333333333333
2021-11-17 08:23:29,34.35865783691406,-5.917452812194824,0,199.16666666666663
2021-11-17 08:23:35,34.35865783691406,-5.917452812194824,0,200.0
2021-11-17 08:23:41,34.35865783691406,-5.917452812194824,0,200.83333333333331
2021-11-17 08:23:47,34.35865783691406,-5.917452812194824,0,201.66666666666669
2021-11-17 08:23:53,34.35865783691406,-5.917452812194824,0,205.83333333333331
2021-11-17 08:23:59,34.35865783691406,-5.917452812194824,0,222.5
2021-11-17 08:24:05,34.35865783691406,-5.917452812194824,0,230.83333333333331
2021-11-17 08:24:11,34.35865783691406,-5.917452812194824,0,233.33333333333331
2021-11-17 08:24:17,34.35865783691406,-5.917452812194824,0,242.5
2021-11-17 08:24:23,34.35865783691406,-5.917452812194824,0,252.5
2021-11-17 08:24:29,34.35865783691406,-5.917452812194824,0,255.0
2021-11-17 08:24:35,34.35865783691406,-5.917452812194824,0,261.66666666666663
2021-11-17 08:24:41,34.35865783691406,-5.917452812194824,0,264.99999999999994
2021-11-17 08:24:47,34.35865783691406,-5.917452812194824,0,265.83333333333326
2021-11-17 08:24:53,34.35865783691406,-5.917452812194824,0,280.83333333333326
2021-11-17 08:24:59,34.35865783691406,-5.917452812194824,0,282.49999999999994
2021-11-17 08:25:05,34.35865783691406,-5.917452812194824,0,289.16666666666663
2021-11-17 08:25:11,34.35865783691406,-5.917452812194824,0,290.83333333333337
2021-11-17 08:25:17,34.35865783691406,-5.917452812194824,0,291.6666666666667
2021-11-17 08:25:23,34.35865783691406,-5.917452812194824,0,292.5
2021-11-17 08:25:29,34.35865783691406,-5.917452812194824,0,295.0
2021-11-17 08:25:35,34.35865783691406,-5.917452812194824,0,305.8333333333333
2021-11-17 08:25:41,34.35879898071289,-5.9168219566345215,8,309.16666666666663
2021-11-17 08:25:47,34.35893249511719,-5.916837215423584,8,312.49999999999994
2021-11-17 08:25:53,34.35908126831055,-5.916910171508789,11,318.33333333333326
2021-11-17 08:25:59,34.35922622680664,-5.9169921875,10,320.0
2021-11-17 08:26:05,34.3593864440918,-5.917079925537109,11,323.3333333333333
2021-11-17 08:26:11,34.359519958496094,-5.917197227478027,11,325.8333333333333
2021-11-17 08:26:17,34.35966491699219,-5.917317867279053,11,327.5
2021-11-17 08:26:23,34.35980987548828,-5.917440891265869,11,331.6666666666667
2021-11-17 08:26:29,34.359954833984375,-5.917555809020996,11,334.1666666666667
2021-11-17 08:26:35,34.36009216308594,-5.917675971984863,11,335.83333333333337
2021-11-17 08:26:41,34.360233306884766,-5.9178009033203125,10,339.1666666666667
2021-11-17 08:26:47,34.360321044921875,-5.917919158935547,6,340.0
2021-11-17 08:26:53,34.36040496826172,-5.917926788330078,5,345.8333333333333
2021-11-17 08:26:59,34.36041641235352,-5.917825222015381,6,355.0
2021-11-17 08:27:05,34.36040115356445,-5.917699813842773,8,363.3333333333333
2021-11-17 08:27:11,34.36050796508789,-5.917642116546631,8,375.8333333333333
2021-11-17 08:27:17,34.360626220703125,-5.917730808258057,10,384.1666666666666
2021-11-17 08:27:23,34.360774993896484,-5.917858123779297,12,393.3333333333333
2021-11-17 08:27:29,34.36091995239258,-5.917983055114746,11,400.8333333333333
2021-11-17 08:27:35,34.36122131347656,-5.918230056762695,11,405.83333333333337
2021-11-17 08:27:41,34.361366271972656,-5.918348789215088,11,412.50000000000006
2021-11-17 08:27:47,34.361515045166016,-5.918467998504639,11,415.00000000000006
2021-11-17 08:27:53,34.36166000366211,-5.918590068817139,12,425.00000000000006
2021-11-17 08:27:59,34.36180877685547,-5.918713092803955,12,430.00000000000006
2021-11-17 08:28:05,34.361961364746094,-5.918828010559082,11,436.66666666666674
2021-11-17 08:28:11,34.36211013793945,-5.918953895568848,12,440.8333333333334
2021-11-17 08:28:17,34.362266540527344,-5.91909122467041,11,446.66666666666674
2021-11-17 08:28:23,34.36241149902344,-5.919218063354492,12,453.3333333333333
2021-11-17 08:28:29,34.36256408691406,-5.919343948364258,12,459.1666666666666
2021-11-17 08:28:35,34.36271667480469,-5.919473171234131,12,463.3333333333333
2021-11-17 08:28:41,34.36286926269531,-5.919609069824219,12,466.6666666666666
2021-11-17 08:28:47,34.36301803588867,-5.919736862182617,12,471.6666666666666
2021-11-17 08:28:53,34.3631706237793,-5.919877052307129,12,480.8333333333333
2021-11-17 08:28:59,34.36331558227539,-5.920010089874268,11,489.1666666666666
2021-11-17 08:29:05,34.36345672607422,-5.920122146606445,11,495.0
2021-11-17 08:29:11,34.36359786987305,-5.920226097106934,10,499.1666666666667
2021-11-17 08:29:17,34.363731384277344,-5.920334815979004,11,506.6666666666667
2021-11-17 08:29:23,34.36387252807617,-5.9204511642456055,11,513.3333333333334
2021-11-17 08:29:29,34.3640022277832,-5.920567989349365,10,520.8333333333334
2021-11-17 08:29:35,34.364139556884766,-5.92067813873291,11,524.1666666666667
2021-11-17 08:29:41,34.36428451538086,-5.92080020904541,12,529.1666666666667
2021-11-17 08:29:47,34.36443328857422,-5.920918941497803,11,533.3333333333334
2021-11-17 08:29:53,34.36456298828125,-5.921029090881348,9,539.1666666666667
2021-11-17 08:29:59,34.36469268798828,-5.921051025390625,8,547.5
2021-11-17 08:30:05,34.364830017089844,-5.921064853668213,9,552.5
2021-11-17 08:30:11,34.36499786376953,-5.921126842498779,11,559.1666666666666
2021-11-17 08:30:17,34.36516189575195,-5.921164035797119,11,564.1666666666666
2021-11-17 08:30:23,34.36532974243164,-5.921174049377441,11,571.6666666666666
2021-11-17 08:30:29,34.365501403808594,-5.921195983886719,11,580.0
2021-11-17 08:30:35,34.36567687988281,-5.921212196350098,11,583.3333333333334
2021-11-17 08:30:41,34.365848541259766,-5.921225070953369,11,587.5
2021-11-17 08:30:47,34.366024017333984,-5.921225070953369,11,597.5
2021-11-17 08:30:53,34.36620330810547,-5.921209812164307,11,604.1666666666666
2021-11-17 08:30:59,34.36637878417969,-5.92118501663208,11,608.3333333333333
2021-11-17 08:31:05,34.36656188964844,-5.921151161193848,12,614.1666666666666
2021-11-17 08:31:11,34.366737365722656,-5.921110153198242,11,615.8333333333333
2021-11-17 08:31:17,34.36690139770508,-5.921060085296631,11,619.9999999999999
2021-11-17 08:31:23,34.367061614990234,-5.921002864837647,11,625.8333333333333
2021-11-17 08:31:29,34.367225646972656,-5.920930862426758,11,633.3333333333333
2021-11-17 08:31:35,34.36738204956055,-5.920845031738281,11,641.6666666666666
2021-11-17 08:31:41,34.367523193359375,-5.920756816864014,10,645.8333333333333
2021-11-17 08:31:47,34.36766815185547,-5.920673847198486,11,653.3333333333333
2021-11-17 08:31:53,34.36782455444336,-5.920594215393066,11,662.4999999999999
2021-11-17 08:31:59,34.367977142333984,-5.920492172241211,12,665.8333333333333
2021-11-17 08:32:05,34.36812973022461,-5.920379161834717,12,666.6666666666666
2021-11-17 08:32:11,34.36827850341797,-5.920252799987793,12,668.3333333333333
2021-11-17 08:32:17,34.36842346191406,-5.920125961303711,11,671.6666666666666
2021-11-17 08:32:23,34.368560791015625,-5.91999101638794,12,675.0
2021-11-17 08:32:29,34.36869430541992,-5.9198408126831055,11,683.3333333333333
2021-11-17 08:32:35,34.36882019042969,-5.919686794281006,12,688.3333333333333
2021-11-17 08:32:41,34.36905670166016,-5.919353008270264,12,690.0
2021-11-17 08:32:47,34.369163513183594,-5.919179916381836,12,691.6666666666667
2021-11-17 08:32:53,34.369266510009766,-5.918997764587402,12,693.3333333333334
2021-11-17 08:32:59,34.36935806274414,-5.918806076049805,12,695.0
2021-11-17 08:33:05,34.36944961547852,-5.918612003326416,12,697.5
2021-11-17 08:33:11,34.36952590942383,-5.918417930603027,11,698.3333333333333
2021-11-17 08:33:17,34.36960983276367,-5.918193817138672,14,701.6666666666666
2021-11-17 08:33:23,34.36968231201172,-5.91795015335083,14,704.1666666666666
2021-11-17 08:33:29,34.369747161865234,-5.917703151702881,14,707.5
2021-11-17 08:33:35,34.36981201171875,-5.917455196380615,14,714.1666666666666
2021-11-17 08:33:41,34.369850158691406,-5.917198181152344,14,720.0
2021-11-17 08:33:47,34.36988830566406,-5.916937828063965,14,728.3333333333333
2021-11-17 08:33:53,34.36990737915039,-5.916669845581055,14,732.5
2021-11-17 08:33:59,34.36991500854492,-5.916399002075195,14,740.0
2021-11-17 08:34:05,34.369903564453125,-5.916134834289551,14,743.3333333333333
2021-11-17 08:34:11,34.369873046875,-5.915894985198975,13,750.8333333333333
2021-11-17 08:34:17,34.369842529296875,-5.915647983551025,13,758.3333333333333
2021-11-17 08:34:23,34.36981201171875,-5.915409088134766,12,761.6666666666666
2021-11-17 08:34:29,34.3697624206543,-5.915205001831055,11,775.8333333333333
2021-11-17 08:34:35,34.369728088378906,-5.914995193481445,12,785.8333333333333
2021-11-17 08:34:41,34.36967086791992,-5.914772033691406,12,788.3333333333333
2021-11-17 08:34:47,34.369606018066406,-5.914539813995361,13,794.1666666666667
2021-11-17 08:34:53,34.36954498291016,-5.914297103881836,13,802.5
2021-11-17 08:34:59,34.3695182800293,-5.914050102233887,14,806.6666666666667
2021-11-17 08:35:05,34.369529724121094,-5.913777828216553,15,811.6666666666667
2021-11-17 08:35:11,34.36954116821289,-5.913496017456055,15,816.6666666666667
2021-11-17 08:35:17,34.369564056396484,-5.913214206695557,15,821.6666666666667
2021-11-17 08:35:23,34.36960983276367,-5.912930011749268,15,825.0
2021-11-17 08:35:29,34.36967086791992,-5.912650108337402,15,828.3333333333333
2021-11-17 08:35:35,34.36973190307617,-5.912378787994385,15,833.3333333333334
2021-11-17 08:35:41,34.36981201171875,-5.912114143371582,15,835.8333333333334
2021-11-17 08:35:47,34.369911193847656,-5.911863803863525,15,840.0
2021-11-17 08:35:53,34.37002944946289,-5.911612987518311,16,843.3333333333334
2021-11-17 08:35:59,34.37014389038086,-5.911358833312988,16,845.8333333333334
2021-11-17 08:36:05,34.370269775390625,-5.91111421585083,15,849.1666666666667
2021-11-17 08:36:11,34.37041091918945,-5.910882949829102,16,854.1666666666667
2021-11-17 08:36:17,34.37057113647461,-5.910665988922119,15,856.6666666666667
2021-11-17 08:36:23,34.37074279785156,-5.910470962524414,15,858.3333333333334
2021-11-17 08:36:29,34.37091827392578,-5.910276889801025,15,864.1666666666667
2021-11-17 08:36:35,34.37108612060547,-5.91008996963501,15,867.5
2021-11-17 08:36:41,34.37126541137695,-5.909921169281006,14,868.3333333333333
2021-11-17 08:36:47,34.371456146240234,-5.909769058227539,15,873.3333333333333
2021-11-17 08:36:53,34.37165451049805,-5.909625053405762,15,876.6666666666666
2021-11-17 08:36:59,34.37186050415039,-5.909491062164307,15,882.5
2021-11-17 08:37:05,34.372074127197266,-5.909368991851807,15,886.6666666666666
2021-11-17 08:37:11,34.37229919433594,-5.909276008605957,15,891.6666666666667
2021-11-17 08:37:17,34.37252426147461,-5.909196853637695,15,894.1666666666667
2021-11-17 08:37:23,34.37275695800781,-5.909135818481445,15,895.0
2021-11-17 08:37:29,34.37299346923828,-5.909090042114258,15,897.5
2021-11-17 08:37:35,34.37322998046875,-5.909071922302246,15,900.8333333333331
2021-11-17 08:37:41,34.373470306396484,-5.909057140350342,15,902.5
2021-11-17 08:37:47,34.37370681762695,-5.909056186676025,15,904.1666666666669
2021-11-17 08:37:53,34.37394714355469,-5.90906286239624,15,907.5
2021-11-17 08:37:59,34.37418365478516,-5.90907621383667,15,910.8333333333334
2021-11-17 08:38:05,34.374420166015625,-5.909084796905518,15,913.3333333333334
2021-11-17 08:38:11,34.37464904785156,-5.90907096862793,14,915.0
2021-11-17 08:38:17,34.374855041503906,-5.908949851989746,14,919.1666666666669
2021-11-17 08:38:23,34.37504196166992,-5.908825874328613,14,924.1666666666669
2021-11-17 08:38:29,34.37522506713867,-5.908697128295898,14,926.6666666666669
2021-11-17 08:38:35,34.37541961669922,-5.908562183380127,14,935.0
2021-11-17 08:38:41,34.3756217956543,-5.908426761627197,15,940.0
2021-11-17 08:38:47,34.375823974609375,-5.908292770385742,14,947.5
2021-11-17 08:38:53,34.37601852416992,-5.908164978027344,14,953.3333333333334
2021-11-17 08:38:59,34.3762092590332,-5.908033847808838,14,959.1666666666669
2021-11-17 08:39:05,34.37640380859375,-5.907907009124756,14,963.3333333333334
2021-11-17 08:39:11,34.376590728759766,-5.907790184020996,12,967.5
2021-11-17 08:39:17,34.37675476074219,-5.907689094543457,12,969.1666666666669
2021-11-17 08:39:23,34.37691879272461,-5.907596111297607,10,980.0
2021-11-17 08:39:29,34.377071380615234,-5.907486915588379,12,989.1666666666669
2021-11-17 08:39:35,34.37723922729492,-5.907374858856201,12,995.0
2021-11-17 08:39:41,34.37739944458008,-5.907260894775391,12,1000.0
2021-11-17 08:39:47,34.3775520324707,-5.907153129577637,10,1007.5
2021-11-17 08:39:53,34.37763977050781,-5.907092094421387,4,1009.1666666666669
2021-11-17 08:39:59,34.37767028808594,-5.906991958618164,8,1015.0
2021-11-17 08:40:05,34.37760162353516,-5.90684986114502,9,1017.5
2021-11-17 08:40:11,34.377525329589844,-5.906704902648926,10,1021.6666666666669
2021-11-17 08:40:17,34.37744903564453,-5.906562805175781,9,1031.6666666666667
2021-11-17 08:40:23,34.37741470336914,-5.9064249992370605,6,1040.0
2021-11-17 08:40:29,34.37746047973633,-5.906343936920166,2,1044.1666666666667
2021-11-17 08:40:35,34.377471923828125,-5.906332969665527,0,1046.6666666666667
2021-11-17 08:40:41,34.377471923828125,-5.906333923339844,0,1049.1666666666667
2021-11-17 08:40:47,34.37746810913086,-5.906336784362793,0,1054.1666666666667
2021-11-17 08:40:53,34.37746810913086,-5.906335830688477,0,1062.5
2021-11-17 08:40:59,34.37746047973633,-5.90633487701416,0,1070.0
2021-11-17 08:41:05,34.377464294433594,-5.906336784362793,0,1073.3333333333337
2021-11-17 08:41:11,34.377464294433594,-5.906336784362793,0,1076.6666666666663
2021-11-17 08:41:17,34.377464294433594,-5.906336784362793,0,1081.6666666666663
2021-11-17 08:41:23,34.377464294433594,-5.906336784362793,0,1085.8333333333333
2021-11-17 08:41:29,34.377464294433594,-5.906336784362793,0,1090.0
2021-11-17 08:41:35,34.377464294433594,-5.906336784362793,0,1093.3333333333333
2021-11-17 08:41:41,34.377464294433594,-5.906336784362793,0,1096.6666666666663
2021-11-17 08:41:47,34.377464294433594,-5.906336784362793,0,1105.0
2021-11-17 08:41:53,34.377464294433594,-5.906336784362793,0,1106.6666666666663
2021-11-17 08:41:59,34.377464294433594,-5.906336784362793,0,1115.0
2021-11-17 08:42:05,34.377464294433594,-5.906336784362793,0,1119.1666666666663
2021-11-17 08:42:11,34.377464294433594,-5.906336784362793,0,1120.8333333333333
2021-11-17 08:42:17,34.377464294433594,-5.906336784362793,0,1125.0
2021-11-17 08:42:23,34.377464294433594,-5.906336784362793,0,1134.1666666666663
2021-11-17 08:42:29,34.377464294433594,-5.906336784362793,0,1136.6666666666663
2021-11-17 08:42:35,34.377464294433594,-5.906336784362793,0,1143.333333333333
2021-11-17 08:42:41,34.377464294433594,-5.906336784362793,0,1147.4999999999998
2021-11-17 08:42:47,34.377464294433594,-5.906336784362793,0,1150.8333333333337
2021-11-17 08:42:53,34.377464294433594,-5.906336784362793,0,1153.3333333333337
2021-11-17 08:42:59,34.377464294433594,-5.906336784362793,0,1158.3333333333337
2021-11-17 08:43:05,34.377464294433594,-5.906336784362793,0,1162.5
2021-11-17 08:43:11,34.377464294433594,-5.906336784362793,0,1166.6666666666663
2021-11-17 08:43:17,34.377464294433594,-5.906336784362793,0,1170.8333333333333
2021-11-17 08:43:23,34.377464294433594,-5.906336784362793,0,1175.0
2021-11-17 08:43:29,34.377464294433594,-5.906336784362793,0,1180.0
2021-11-17 08:43:35,34.377464294433594,-5.906336784362793,0,1184.1666666666663
2021-11-17 08:43:41,34.377464294433594,-5.906336784362793,0,1186.6666666666663
2021-11-17 08:43:47,34.377464294433594,-5.906336784362793,0,1192.5
2021-11-17 08:43:53,34.377464294433594,-5.906336784362793,0,1195.8333333333337
2021-11-17 08:43:59,34.377464294433594,-5.906336784362793,0,1199.1666666666667
2021-11-17 08:44:05,34.377464294433594,-5.906336784362793,0,1201.6666666666667
2021-11-17 08:44:11,34.377464294433594,-5.906336784362793,0,1205.0
2021-11-17 08:44:17,34.377464294433594,-5.906336784362793,0,1209.1666666666667
2021-11-17 08:44:23,34.377464294433594,-5.906336784362793,0,1211.6666666666663
2021-11-17 08:44:29,34.377464294433594,-5.906336784362793,0,1217.5
2021-11-17 08:44:35,34.377464294433594,-5.906336784362793,0,1221.6666666666663
2021-11-17 08:44:41,34.377464294433594,-5.906336784362793,0,1227.5
2021-11-17 08:44:47,34.377464294433594,-5.906336784362793,0,1230.8333333333333
2021-11-17 08:44:53,34.377464294433594,-5.906336784362793,0,1235.0
2021-11-17 08:44:59,34.377464294433594,-5.906336784362793,0,1240.0
2021-11-17 08:45:05,34.377464294433594,-5.906336784362793,0,1242.5
2021-11-17 08:45:11,34.377464294433594,-5.906336784362793,0,1248.3333333333333
2021-11-17 08:45:17,34.377464294433594,-5.906336784362793,0,1253.3333333333333
2021-11-17 08:45:23,34.377464294433594,-5.906336784362793,0,1258.3333333333333
2021-11-17 08:45:29,34.377464294433594,-5.906336784362793,0,1261.6666666666663
2021-11-17 08:45:35,34.377464294433594,-5.906336784362793,0,1267.5
2021-11-17 08:45:41,34.377464294433594,-5.906336784362793,0,1272.5
2021-11-17 08:45:47,34.377464294433594,-5.906336784362793,0,1274.1666666666663
2021-11-17 08:45:53,34.377464294433594,-5.906336784362793,0,1280.0
2021-11-17 08:45:59,34.377464294433594,-5.906336784362793,0,1285.0
2021-11-17 08:46:05,34.377464294433594,-5.906336784362793,0,1289.1666666666667
2021-11-17 08:46:11,34.377464294433594,-5.906336784362793,0,1294.1666666666667
2021-11-17 08:46:17,34.377464294433594,-5.906336784362793,0,1300.0
2021-11-17 08:46:23,34.377464294433594,-5.906336784362793,0,1304.1666666666667
2021-11-17 08:46:29,34.377464294433594,-5.906336784362793,0,1309.1666666666667
2021-11-17 08:46:35,34.377464294433594,-5.906336784362793,0,1310.8333333333337
2021-11-17 08:46:41,34.377593994140625,-5.906369209289551,8,1316.6666666666667
2021-11-17 08:46:47,34.37740707397461,-5.906468868255615,8,1317.5
2021-11-17 08:46:53,34.3773193359375,-5.906314849853516,10,1340.8333333333333
2021-11-17 08:46:59,34.37725830078125,-5.9061479568481445,11,1344.1666666666663
2021-11-17 08:47:05,34.37737274169922,-5.906189918518066,10,1349.1666666666663
2021-11-17 08:47:11,34.37727355957031,-5.906326770782471,10,1351.6666666666663
2021-11-17 08:47:17,34.377140045166016,-5.906426906585693,10,1353.3333333333333
2021-11-17 08:47:23,34.37688064575195,-5.906620979309082,10,1369.1666666666663
2021-11-17 08:47:29,34.37675857543945,-5.90672779083252,10,1375.8333333333333
2021-11-17 08:47:35,34.37662887573242,-5.906826972961426,10,1380.0
2021-11-17 08:47:41,34.376495361328125,-5.906905174255371,11,1382.5
2021-11-17 08:47:47,34.37638092041016,-5.90675687789917,11,1391.6666666666663
2021-11-17 08:47:53,34.37641143798828,-5.906592845916748,10,1395.8333333333333
2021-11-17 08:47:59,34.37654495239258,-5.906473159790039,11,1404.1666666666663
2021-11-17 08:48:05,34.376670837402344,-5.90636682510376,9,1410.8333333333333
2021-11-17 08:48:11,34.37678909301758,-5.906269073486328,10,1414.1666666666663
2021-11-17 08:48:17,34.376922607421875,-5.906164169311523,10,1421.6666666666663
2021-11-17 08:48:23,34.3770637512207,-5.906062126159668,10,1427.5
2021-11-17 08:48:29,34.3772087097168,-5.906073093414307,10,1432.5
2021-11-17 08:48:35,34.37733840942383,-5.906191825866699,11,1437.5
2021-11-17 08:48:41,34.37733459472656,-5.906349182128906,10,1441.6666666666663
2021-11-17 08:48:47,34.377193450927734,-5.9064531326293945,11,1447.5
2021-11-17 08:48:53,34.37705612182617,-5.906556129455566,10,1451.6666666666663
2021-11-17 08:48:59,34.37692642211914,-5.906658172607422,10,1460.8333333333333
2021-11-17 08:49:05,34.376792907714844,-5.906763076782227,10,1466.6666666666663
2021-11-17 08:49:11,34.37666320800781,-5.906863212585449,10,1470.0
2021-11-17 08:49:17,34.37652587890625,-5.906959056854248,11,1475.8333333333333
2021-11-17 08:49:23,34.37638092041016,-5.906854152679443,11,1481.6666666666663
2021-11-17 08:49:29,34.37632751464844,-5.906665802001953,11,1490.0
2021-11-17 08:49:35,34.37643814086914,-5.906513214111328,11,1496.6666666666663
2021-11-17 08:49:41,34.37657928466797,-5.906397819519043,11,1500.8333333333333
2021-11-17 08:49:47,34.3767204284668,-5.906283855438232,11,1509.1666666666663
2021-11-17 08:49:53,34.37686538696289,-5.906166076660156,11,1516.6666666666663
2021-11-17 08:49:59,34.37700653076172,-5.906056880950928,10,1523.3333333333337
2021-11-17 08:50:05,34.37716293334961,-5.905995845794678,10,1529.1666666666667
2021-11-17 08:50:11,34.377288818359375,-5.906108856201172,10,1533.3333333333337
2021-11-17 08:50:17,34.37739181518555,-5.906263828277588,11,1535.0
2021-11-17 08:50:23,34.377315521240234,-5.906414985656738,11,1542.5
2021-11-17 08:50:29,34.37717056274414,-5.906521797180176,11,1549.1666666666667
2021-11-17 08:50:35,34.37702178955078,-5.906632900238037,11,1555.0
2021-11-17 08:50:41,34.37687683105469,-5.906737804412842,10,1560.0
2021-11-17 08:50:47,34.376747131347656,-5.906839847564697,10,1567.5
2021-11-17 08:50:53,34.37662506103516,-5.906929016113281,10,1573.3333333333333
2021-11-17 08:50:59,34.37647247314453,-5.906973838806152,11,1580.8333333333333
2021-11-17 08:51:05,34.376365661621094,-5.906816959381104,11,1585.0
2021-11-17 08:51:11,34.37631607055664,-5.906624794006348,11,1590.8333333333333
2021-11-17 08:51:17,34.37642288208008,-5.906476020812988,11,1596.6666666666663
2021-11-17 08:51:23,34.37656021118164,-5.906360149383545,11,1602.5
2021-11-17 08:51:29,34.3766975402832,-5.906243801116943,11,1607.5
2021-11-17 08:51:35,34.3768424987793,-5.906125068664551,11,1615.0
2021-11-17 08:51:41,34.376983642578125,-5.906015872955322,11,1623.3333333333337
2021-11-17 08:51:47,34.377140045166016,-5.9059600830078125,10,1625.8333333333337
2021-11-17 08:51:53,34.377105712890625,-5.906103134155273,11,1630.8333333333337
2021-11-17 08:51:59,34.376956939697266,-5.906210899353027,11,1638.3333333333337
2021-11-17 08:52:05,34.3768196105957,-5.906322002410889,11,1642.5
2021-11-17 08:52:11,34.37668228149414,-5.906437873840332,11,1651.6666666666663
2021-11-17 08:52:17,34.37654495239258,-5.906550884246826,11,1659.1666666666663
2021-11-17 08:52:23,34.37641143798828,-5.90666389465332,11,1664.1666666666663
2021-11-17 08:52:29,34.37629318237305,-5.906562805175781,12,1672.5
2021-11-17 08:52:35,34.37641525268555,-5.906423091888428,11,1678.3333333333333
2021-11-17 08:52:41,34.376564025878906,-5.906295776367188,12,1686.6666666666663
2021-11-17 08:52:47,34.376712799072266,-5.906174182891846,12,1691.6666666666663
2021-11-17 08:52:53,34.376861572265625,-5.906055927276611,12,1700.0
2021-11-17 08:52:59,34.37701416015625,-5.905941009521484,11,1706.6666666666663
2021-11-17 08:53:05,34.377159118652344,-5.90601110458374,12,1712.5
2021-11-17 08:53:11,34.3770637512207,-5.906171798706055,10,1715.8333333333337
2021-11-17 08:53:17,34.37691879272461,-5.906285762786865,12,1721.6666666666667
2021-11-17 08:53:23,34.37677383422852,-5.906402111053467,11,1725.0
2021-11-17 08:53:29,34.37662887573242,-5.906518936157227,12,1730.8333333333337
2021-11-17 08:53:35,34.376487731933594,-5.90664005279541,10,1748.3333333333337
2021-11-17 08:53:41,34.376338958740234,-5.906704902648926,11,1754.166666666667
2021-11-17 08:53:47,34.376277923583984,-5.90651798248291,12,1760.0000000000002
2021-11-17 08:53:53,34.37640380859375,-5.906373977661133,12,1765.8333333333337
2021-11-17 08:53:59,34.37655258178711,-5.906252861022949,11,1774.1666666666667
2021-11-17 08:54:05,34.37670135498047,-5.906130790710449,11,1781.6666666666667
2021-11-17 08:54:11,34.376861572265625,-5.906023025512695,12,1785.8333333333337
2021-11-17 08:54:17,34.37701797485352,-5.905916213989258,11,1792.5
2021-11-17 08:54:23,34.377166748046875,-5.905879974365234,8,1797.5
2021-11-17 08:54:29,34.37723922729492,-5.906009197235107,10,1801.6666666666663
2021-11-17 08:54:35,34.37714385986328,-5.906154155731201,11,1809.1666666666663
2021-11-17 08:54:41,34.37685775756836,-5.906384944915772,11,1822.5
2021-11-17 08:54:47,34.376708984375,-5.906498908996582,12,1829.166666666667
2021-11-17 08:54:53,34.37656021118164,-5.906620025634766,12,1837.5
2021-11-17 08:54:59,34.37641906738281,-5.906745910644531,11,1844.166666666667
2021-11-17 08:55:05,34.37628555297852,-5.906630992889404,12,1851.666666666667
2021-11-17 08:55:11,34.37628936767578,-5.906435966491699,12,1859.166666666667
2021-11-17 08:55:17,34.376441955566406,-5.906404972076416,13,1865.0
2021-11-17 08:55:23,34.37653350830078,-5.906597137451172,11,1870.0
2021-11-17 08:55:29,34.37662124633789,-5.906785011291504,12,1878.3333333333333
2021-11-17 08:55:35,34.37670135498047,-5.906978130340576,11,1882.5
2021-11-17 08:55:41,34.37678146362305,-5.90717077255249,11,1890.8333333333333
2021-11-17 08:55:47,34.37686920166016,-5.9073591232299805,12,1897.5
2021-11-17 08:55:53,34.37691879272461,-5.907567024230957,12,1905.8333333333333
2021-11-17 08:55:59,34.376792907714844,-5.90753984451294,12,1910.0
2021-11-17 08:56:05,34.376705169677734,-5.907344818115234,12,1916.6666666666667
2021-11-17 08:56:11,34.376617431640625,-5.907148838043213,12,1924.1666666666667
2021-11-17 08:56:17,34.37652587890625,-5.906953811645508,12,1930.8333333333333
2021-11-17 08:56:23,34.376434326171875,-5.906753063201904,12,1935.8333333333333
2021-11-17 08:56:29,34.37633514404297,-5.906558036804199,12,1945.0
2021-11-17 08:56:35,34.37633514404297,-5.9063591957092285,12,1951.6666666666663
2021-11-17 08:56:41,34.37649154663086,-5.906435966491699,11,1955.833333333333
2021-11-17 08:56:47,34.376583099365234,-5.90663480758667,12,1964.1666666666663
2021-11-17 08:56:53,34.37667465209961,-5.906826019287109,12,1971.6666666666663
2021-11-17 08:56:59,34.37676239013672,-5.907026767730713,12,1980.0
2021-11-17 08:57:05,34.376853942871094,-5.907227039337158,12,1990.0
2021-11-17 08:57:11,34.3769416809082,-5.9074320793151855,12,1995.8333333333333
2021-11-17 08:57:17,34.37688446044922,-5.907628059387207,13,2005.0
2021-11-17 08:57:23,34.376739501953125,-5.907526969909668,12,2010.8333333333333
2021-11-17 08:57:29,34.37665939331055,-5.907323837280273,12,2015.8333333333333
2021-11-17 08:57:35,34.376564025878906,-5.907127857208252,12,2023.3333333333333
2021-11-17 08:57:41,34.3764762878418,-5.906929969787598,12,2031.666666666667
2021-11-17 08:57:47,34.37638473510742,-5.906733989715576,12,2036.666666666667
2021-11-17 08:57:53,34.376277923583984,-5.906542778015137,12,2045.8333333333333
2021-11-17 08:57:59,34.37633514404297,-5.906365871429443,12,2051.666666666667
2021-11-17 08:58:05,34.3764762878418,-5.906339168548584,8,2056.666666666667
2021-11-17 08:58:11,34.3765754699707,-5.906519889831543,12,2060.0
2021-11-17 08:58:17,34.37665939331055,-5.906711101531982,12,2066.666666666667
2021-11-17 08:58:23,34.37675094604492,-5.906905174255371,11,2075.833333333333
2021-11-17 08:58:29,34.37683868408203,-5.90709400177002,12,2080.0
2021-11-17 08:58:35,34.37692642211914,-5.907293796539307,12,2086.6666666666665
2021-11-17 08:58:41,34.37699508666992,-5.907487869262695,10,2095.0
2021-11-17 08:58:47,34.37687301635742,-5.90762996673584,12,2101.666666666667
2021-11-17 08:58:53,34.376739501953125,-5.9075798988342285,11,2106.666666666667
2021-11-17 08:58:59,34.376651763916016,-5.907381057739258,12,2112.5
2021-11-17 08:59:05,34.376564025878906,-5.907186985015869,12,2118.333333333333
2021-11-17 08:59:11,34.3764762878418,-5.906991004943848,12,2125.833333333333
2021-11-17 08:59:17,34.37638473510742,-5.906799793243408,12,2132.5
2021-11-17 08:59:23,34.37628555297852,-5.9066162109375,11,2139.166666666667
2021-11-17 08:59:29,34.37624740600586,-5.906435012817383,11,2146.666666666667
2021-11-17 08:59:35,34.37637710571289,-5.906538009643555,12,2150.0
2021-11-17 08:59:41,34.37647247314453,-5.906732082366943,12,2155.833333333333
2021-11-17 08:59:47,34.37656021118164,-5.906921863555908,12,2164.166666666667
2021-11-17 08:59:53,34.376644134521484,-5.90711784362793,12,2171.666666666667
2021-11-17 08:59:59,34.376731872558594,-5.907314777374268,12,2179.166666666667
2021-11-17 09:00:05,34.3768196105957,-5.907508850097656,11,2183.333333333333
2021-11-17 09:00:11,34.376800537109375,-5.907691955566406,12,2190.833333333333
2021-11-17 09:00:17,34.37668991088867,-5.907553195953369,10,2196.666666666667
2021-11-17 09:00:23,34.376609802246094,-5.9073638916015625,11,2200.833333333333
2021-11-17 09:00:29,34.376522064208984,-5.907169818878174,12,2207.5
2021-11-17 09:00:35,34.376434326171875,-5.906974792480469,12,2215.0
2021-11-17 09:00:41,34.376346588134766,-5.906784057617188,11,2221.6666666666665
2021-11-17 09:00:47,34.37625503540039,-5.9065937995910645,11,2228.333333333333
2021-11-17 09:00:53,34.37628936767578,-5.906411170959473,12,2232.5
2021-11-17 09:00:59,34.37643814086914,-5.906315803527832,9,2236.6666666666665
2021-11-17 09:01:05,34.37657928466797,-5.90625,11,2242.5
2021-11-17 09:01:11,34.37668991088867,-5.9064040184021,11,2248.333333333333
2021-11-17 09:01:17,34.37678527832031,-5.906586170196533,11,2253.333333333333
2021-11-17 09:01:23,34.3769645690918,-5.9069600105285645,11,2267.5
2021-11-17 09:01:29,34.377044677734375,-5.9071478843688965,11,2273.333333333333
2021-11-17 09:01:35,34.37712860107422,-5.907332897186279,10,2280.833333333333
2021-11-17 09:01:41,34.3770751953125,-5.907488822937012,11,2287.5
2021-11-17 09:01:47,34.37690353393555,-5.907508850097656,12,2293.333333333333
2021-11-17 09:01:53,34.376808166503906,-5.907320022583008,12,2298.333333333333
2021-11-17 09:01:59,34.37671661376953,-5.907132148742676,11,2305.833333333333
2021-11-17 09:02:05,34.37662887573242,-5.906942844390869,11,2313.333333333333
2021-11-17 09:02:11,34.37654113769531,-5.906757831573486,12,2319.166666666667
2021-11-17 09:02:17,34.376461029052734,-5.906589984893799,11,2326.666666666667
2021-11-17 09:02:23,34.376399993896484,-5.906394958496094,12,2334.166666666667
2021-11-17 09:02:29,34.37654113769531,-5.906239986419678,12,2338.333333333333
2021-11-17 09:02:35,34.376678466796875,-5.906326770782471,11,2344.166666666667
2021-11-17 09:02:41,34.37678146362305,-5.906510829925537,11,2351.666666666667
2021-11-17 09:02:47,34.37687683105469,-5.906699180603027,12,2355.833333333333
2021-11-17 09:02:53,34.3769645690918,-5.906890869140625,12,2364.1666666666665
2021-11-17 09:02:59,34.37705612182617,-5.9070820808410645,12,2371.6666666666665
2021-11-17 09:03:05,34.37714385986328,-5.9072699546813965,11,2378.333333333333
2021-11-17 09:03:11,34.377132415771484,-5.907461166381836,12,2383.333333333333
2021-11-17 09:03:17,34.3769645690918,-5.907569885253906,12,2390.833333333333
2021-11-17 09:03:23,34.37682342529297,-5.907439231872559,11,2397.5
2021-11-17 09:03:29,34.376731872558594,-5.90724515914917,11,2402.5
2021-11-17 09:03:35,34.376644134521484,-5.907054901123047,11,2410.0
2021-11-17 09:03:41,34.376556396484375,-5.906867980957031,11,2418.333333333333
2021-11-17 09:03:47,34.37647247314453,-5.906678199768066,12,2425.833333333333
2021-11-17 09:03:53,34.37638854980469,-5.906489849090576,12,2431.6666666666665
2021-11-17 09:03:59,34.37646484375,-5.9063029289245605,12,2438.333333333333
2021-11-17 09:04:05,34.37662124633789,-5.906202793121338,11,2445.833333333333
2021-11-17 09:04:11,34.376739501953125,-5.9063568115234375,11,2449.1666666666665
2021-11-17 09:04:17,34.3768310546875,-5.906542778015137,11,2456.6666666666665
2021-11-17 09:04:23,34.37692642211914,-5.90672779083252,12,2464.1666666666665
2021-11-17 09:04:29,34.37702560424805,-5.906909942626953,11,2469.1666666666665
2021-11-17 09:04:35,34.37711334228516,-5.907098770141602,11,2476.6666666666665
2021-11-17 09:04:41,34.377197265625,-5.907281875610352,11,2481.6666666666665
2021-11-17 09:04:47,34.37715148925781,-5.907427787780762,13,2489.1666666666665
2021-11-17 09:04:53,34.377044677734375,-5.907265186309815,11,2493.333333333333
2021-11-17 09:04:59,34.376956939697266,-5.907081127166748,11,2500.833333333333
2021-11-17 09:05:05,34.37686920166016,-5.906897068023682,11,2505.833333333333
2021-11-17 09:05:11,34.37678146362305,-5.906713008880615,11,2512.5
2021-11-17 09:05:17,34.376686096191406,-5.906529903411865,12,2520.0
2021-11-17 09:05:23,34.3765869140625,-5.9063591957092285,11,2525.0
2021-11-17 09:05:29,34.37662124633789,-5.906181812286377,13,2531.6666666666665
2021-11-17 09:05:35,34.37675857543945,-5.906301021575928,11,2537.5
2021-11-17 09:05:41,34.37684631347656,-5.906486988067627,11,2545.0
2021-11-17 09:05:47,34.37693786621094,-5.906675815582275,12,2550.833333333333
2021-11-17 09:05:53,34.37702941894531,-5.906861782073975,12,2558.333333333333
2021-11-17 09:05:59,34.37712097167969,-5.907052040100098,12,2563.333333333333
2021-11-17 09:06:05,34.37720489501953,-5.907230854034424,10,2571.666666666667
2021-11-17 09:06:11,34.377193450927734,-5.907413959503174,12,2579.166666666667
2021-11-17 09:06:17,34.37704086303711,-5.907330989837647,12,2585.0
2021-11-17 09:06:23,34.376949310302734,-5.9071431159973145,11,2588.333333333333
2021-11-17 09:06:29,34.376861572265625,-5.906954765319824,12,2595.833333333333
2021-11-17 09:06:35,34.37677001953125,-5.906764030456543,12,2602.5
2021-11-17 09:06:41,34.37667465209961,-5.906577110290527,11,2610.833333333333
2021-11-17 09:06:47,34.37656784057617,-5.9064040184021,12,2620.0
2021-11-17 09:06:53,34.376617431640625,-5.906209945678711,12,2628.333333333333
2021-11-17 09:06:59,34.376792907714844,-5.906123161315918,12,2632.5
2021-11-17 09:07:05,34.37691879272461,-5.906289100646973,12,2639.166666666667
2021-11-17 09:07:11,34.37700653076172,-5.906475067138672,11,2645.0
2021-11-17 09:07:17,34.37709426879883,-5.906664848327637,11,2650.0
2021-11-17 09:07:23,34.37718200683594,-5.906842231750488,11,2657.5
2021-11-17 09:07:29,34.37726974487305,-5.90702486038208,11,2664.166666666667
2021-11-17 09:07:35,34.37735366821289,-5.907217979431152,12,2672.5
2021-11-17 09:07:41,34.37726211547852,-5.907389163970947,12,2678.333333333333
2021-11-17 09:07:47,34.37709426879883,-5.907454013824463,11,2684.1666666666665
2021-11-17 09:07:53,34.376991271972656,-5.907275199890137,12,2688.333333333333
2021-11-17 09:07:59,34.37689971923828,-5.907090187072754,11,2695.833333333333
2021-11-17 09:08:05,34.37680435180664,-5.906904220581055,12,2705.0
2021-11-17 09:08:11,34.376705169677734,-5.906714916229248,11,2712.5
2021-11-17 09:08:17,34.37660598754883,-5.906531810760498,11,2717.5
2021-11-17 09:08:23,34.37651824951172,-5.906346797943115,12,2723.333333333333
2021-11-17 09:08:29,34.37664031982422,-5.906179904937744,12,2727.5
2021-11-17 09:08:35,34.37681198120117,-5.906094074249268,12,2735.833333333333
2021-11-17 09:08:41,34.37693786621094,-5.906243801116943,12,2742.5
2021-11-17 09:08:47,34.37702560424805,-5.906416893005371,11,2749.1666666666665
2021-11-17 09:08:53,34.37711334228516,-5.906601905822754,11,2756.6666666666665
2021-11-17 09:08:59,34.37720489501953,-5.906789779663086,12,2760.0
2021-11-17 09:09:05,34.377296447753906,-5.906980991363525,12,2769.1666666666665
2021-11-17 09:09:11,34.377384185791016,-5.907173156738281,12,2777.5
2021-11-17 09:09:17,34.37730026245117,-5.907341003417969,12,2782.5
2021-11-17 09:09:23,34.37713623046875,-5.9074578285217285,12,2789.1666666666665
2021-11-17 09:09:29,34.37699508666992,-5.907371044158936,12,2795.0
2021-11-17 09:09:35,34.37691116333008,-5.907176971435547,12,2801.6666666666665
2021-11-17 09:09:41,34.3768196105957,-5.906984806060791,11,2806.6666666666665
2021-11-17 09:09:47,34.37672805786133,-5.906793117523193,12,2815.0
2021-11-17 09:09:53,34.37662506103516,-5.9066009521484375,12,2823.333333333333
2021-11-17 09:09:59,34.37652587890625,-5.906408786773682,12,2830.0
2021-11-17 09:10:05,34.37657165527344,-5.906219005584717,13,2835.0
2021-11-17 09:10:11,34.37673568725586,-5.906109809875488,12,2842.5
2021-11-17 09:10:17,34.376895904541016,-5.906001091003418,12,2849.1666666666665
2021-11-17 09:10:23,34.37703323364258,-5.906114101409912,12,2853.333333333333
2021-11-17 09:10:29,34.37712860107422,-5.9062981605529785,11,2855.833333333333
2021-11-17 09:10:35,34.377220153808594,-5.906485080718994,12,2866.6666666666665
2021-11-17 09:10:41,34.377315521240234,-5.906671047210693,11,2870.833333333333
2021-11-17 09:10:47,34.37740707397461,-5.906861782073975,12,2878.333333333333
2021-11-17 09:10:53,34.377498626708984,-5.907052993774414,11,2886.666666666667
2021-11-17 09:10:59,34.377464294433594,-5.907240867614746,12,2893.333333333333
2021-11-17 09:11:05,34.3773078918457,-5.90717887878418,11,2897.5
2021-11-17 09:11:11,34.37722396850586,-5.906988143920898,11,2905.833333333333
2021-11-17 09:11:17,34.377132415771484,-5.906796932220459,12,2910.0
2021-11-17 09:11:23,34.377037048339844,-5.906618118286133,11,2918.333333333333
2021-11-17 09:11:29,34.37694549560547,-5.906435966491699,10,2925.0
2021-11-17 09:11:35,34.37686538696289,-5.906263828277588,10,2930.833333333333
2021-11-17 09:11:41,34.3768310546875,-5.906067848205566,13,2938.333333333333
2021-11-17 09:11:47,34.37699890136719,-5.905984878540039,13,2942.5
2021-11-17 09:11:53,34.377105712890625,-5.906157970428467,11,2949.166666666667
2021-11-17 09:11:59,34.37717056274414,-5.906304836273193,9,2955.0
2021-11-17 09:12:05,34.377254486083984,-5.906473159790039,11,2961.666666666667
2021-11-17 09:12:11,34.37733840942383,-5.9066481590271,10,2968.333333333333
2021-11-17 09:12:17,34.37742614746094,-5.906830787658691,12,2975.0
2021-11-17 09:12:23,34.37751770019531,-5.907020092010498,11,2980.0
2021-11-17 09:12:29,34.377498626708984,-5.907209873199463,12,2989.166666666667
2021-11-17 09:12:35,34.37733840942383,-5.907268047332764,13,2995.833333333333
2021-11-17 09:12:41,34.377227783203125,-5.907094955444336,12,3001.666666666667
2021-11-17 09:12:47,34.37713623046875,-5.906906127929688,12,3005.833333333333
2021-11-17 09:12:53,34.37704086303711,-5.906722068786621,12,3014.166666666667
2021-11-17 09:12:59,34.376949310302734,-5.906540870666504,11,3020.833333333333
2021-11-17 09:13:05,34.37685775756836,-5.906361103057861,12,3028.333333333333
2021-11-17 09:13:11,34.37675857543945,-5.906178951263428,12,3033.333333333333
2021-11-17 09:13:17,34.37688446044922,-5.906094074249268,12,3040.0
2021-11-17 09:13:23,34.37699508666992,-5.906269073486328,11,3046.666666666667
2021-11-17 09:13:29,34.37706756591797,-5.90642786026001,9,3050.0
2021-11-17 09:13:35,34.37714767456055,-5.906599998474121,10,3058.333333333333
2021-11-17 09:13:41,34.37723159790039,-5.906768798828125,11,3065.0
2021-11-17 09:13:47,34.3773193359375,-5.906952857971191,11,3069.166666666667
2021-11-17 09:13:53,34.377403259277344,-5.907129764556885,10,3075.0
2021-11-17 09:13:59,34.37735748291016,-5.907309055328369,12,3081.6666666666665
2021-11-17 09:14:05,34.37722396850586,-5.907168865203857,12,3085.833333333333
2021-11-17 09:14:11,34.37713623046875,-5.906991004943848,12,3090.0
2021-11-17 09:14:17,34.377044677734375,-5.906808853149414,12,3096.666666666667
2021-11-17 09:14:23,34.376953125,-5.906621932983398,11,3101.666666666667
2021-11-17 09:14:29,34.37686920166016,-5.906464099884033,11,3108.333333333333
2021-11-17 09:14:35,34.37677383422852,-5.906293869018555,11,3114.166666666667
2021-11-17 09:14:41,34.37675476074219,-5.906103134155273,12,3118.333333333333
2021-11-17 09:14:47,34.37691879272461,-5.905991077423096,11,3126.666666666667
2021-11-17 09:14:53,34.37708282470703,-5.906053066253662,12,3130.833333333333
2021-11-17 09:14:59,34.377174377441406,-5.906229972839356,11,3138.333333333333
2021-11-17 09:15:05,34.37726593017578,-5.906411170959473,12,3144.166666666667
2021-11-17 09:15:11,34.37735366821289,-5.906599998474121,12,3150.833333333333
2021-11-17 09:15:17,34.37744903564453,-5.9067888259887695,11,3159.166666666667
2021-11-17 09:15:23,34.37753677368164,-5.906979084014893,12,3164.166666666667
2021-11-17 09:15:29,34.37757110595703,-5.907173156738281,12,3171.666666666667
2021-11-17 09:15:35,34.3774528503418,-5.90708589553833,10,3176.6666666666665
2021-11-17 09:15:41,34.37736892700195,-5.906894207000732,12,3185.0
2021-11-17 09:15:47,34.377281188964844,-5.906704902648926,11,3192.5
2021-11-17 09:15:53,34.37718200683594,-5.906517028808594,12,3196.6666666666665
2021-11-17 09:15:59,34.37709045410156,-5.906329154968262,11,3204.1666666666665
2021-11-17 09:16:05,34.37703323364258,-5.906216144561768,8,3211.6666666666665
2021-11-17 09:16:11,34.376953125,-5.906040191650391,12,3215.833333333333
2021-11-17 09:16:17,34.377079010009766,-5.905969142913818,12,3224.1666666666665
2021-11-17 09:16:23,34.37718963623047,-5.90618896484375,11,3229.1666666666665
2021-11-17 09:16:29,34.37727737426758,-5.906367778778076,11,3236.6666666666665
2021-11-17 09:16:35,34.3774528503418,-5.906730175018311,11,3245.833333333333
2021-11-17 09:16:41,34.377525329589844,-5.906885147094727,11,3251.6666666666665
2021-11-17 09:16:47,34.37761306762695,-5.907061100006104,11,3255.833333333333
2021-11-17 09:16:53,34.37751770019531,-5.90720796585083,12,3262.5
2021-11-17 09:16:59,34.37740707397461,-5.907043933868408,11,3269.1666666666665
2021-11-17 09:17:05,34.377315521240234,-5.906857013702393,12,3276.6666666666665
2021-11-17 09:17:11,34.377220153808594,-5.9066691398620605,11,3283.333333333333
2021-11-17 09:17:17,34.377132415771484,-5.906484127044678,11,3288.333333333333
2021-11-17 09:17:23,34.377052307128906,-5.906301021575928,10,3295.833333333333
2021-11-17 09:17:29,34.37697219848633,-5.906161785125732,10,3302.5
2021-11-17 09:17:35,34.3769416809082,-5.905972003936768,12,3307.5
2021-11-17 09:17:41,34.377098083496094,-5.905933856964111,12,3316.6666666666665
2021-11-17 09:17:47,34.377193450927734,-5.9061198234558105,12,3320.0
2021-11-17 09:17:53,34.377288818359375,-5.906301975250244,12,3322.5
2021-11-17 09:17:59,34.377376556396484,-5.906485080718994,11,3325.833333333333
2021-11-17 09:18:05,34.37746810913086,-5.9066691398620605,12,3337.5
2021-11-17 09:18:11,34.3775634765625,-5.906859874725342,12,3345.0
2021-11-17 09:18:17,34.37765121459961,-5.907044887542725,11,3350.0
2021-11-17 09:18:23,34.37753677368164,-5.907197952270508,12,3355.833333333333
2021-11-17 09:18:29,34.37739562988281,-5.90709400177002,12,3362.5
2021-11-17 09:18:35,34.3773078918457,-5.906905174255371,12,3366.6666666666665
2021-11-17 09:18:41,34.37721252441406,-5.906719207763672,12,3374.1666666666665
2021-11-17 09:18:47,34.37712860107422,-5.906528949737549,12,3380.0
2021-11-17 09:18:53,34.37703323364258,-5.906343936920166,12,3387.5
2021-11-17 09:18:59,34.37692642211914,-5.906166076660156,12,3395.0
2021-11-17 09:19:05,34.37692642211914,-5.9059739112854,12,3398.333333333333
2021-11-17 09:19:11,34.37709426879883,-5.905913829803467,12,3406.666666666667
2021-11-17 09:19:17,34.3772087097168,-5.906083106994629,12,3410.833333333333
2021-11-17 09:19:23,34.3773078918457,-5.90627384185791,12,3415.0
2021-11-17 09:19:29,34.37739944458008,-5.906467914581299,12,3422.5
2021-11-17 09:19:35,34.377498626708984,-5.906664848327637,12,3426.666666666667
2021-11-17 09:19:41,34.37759017944336,-5.90685510635376,12,3434.166666666667
2021-11-17 09:19:47,34.37767791748047,-5.907049179077148,12,3440.0
2021-11-17 09:19:53,34.37753677368164,-5.9071879386901855,12,3447.5
2021-11-17 09:19:59,34.37737274169922,-5.907299995422363,12,3451.666666666667
2021-11-17 09:20:05,34.3772087097168,-5.907410144805908,12,3459.166666666667
2021-11-17 09:20:11,34.37704086303711,-5.907524108886719,12,3463.333333333333
2021-11-17 09:20:17,34.37688064575195,-5.9076361656188965,12,3470.0
2021-11-17 09:20:23,34.37675094604492,-5.907628059387207,9,3475.0
2021-11-17 09:20:29,34.37687683105469,-5.907556056976318,11,3481.666666666667
2021-11-17 09:20:35,34.377044677734375,-5.9074578285217285,13,3486.666666666667
2021-11-17 09:20:41,34.37720489501953,-5.907340049743652,12,3495.0
2021-11-17 09:20:47,34.37736892700195,-5.9072370529174805,12,3502.5
2021-11-17 09:20:53,34.37752914428711,-5.907127857208252,11,3505.0
2021-11-17 09:20:59,34.377689361572266,-5.9070258140563965,12,3513.333333333333
2021-11-17 09:21:05,34.3778190612793,-5.906904220581055,10,3517.5
2021-11-17 09:21:11,34.37792205810547,-5.906753063201904,12,3525.0
2021-11-17 09:21:17,34.37795639038086,-5.906897068023682,12,3530.0
2021-11-17 09:21:23,34.37782669067383,-5.906781196594238,12,3535.0
2021-11-17 09:21:29,34.37772750854492,-5.906590938568115,12,3541.666666666667
2021-11-17 09:21:35,34.37763595581055,-5.90640115737915,12,3549.166666666667
2021-11-17 09:21:41,34.377525329589844,-5.906240940093994,11,3555.0
2021-11-17 09:21:47,34.37744903564453,-5.906112194061279,2,3558.333333333334
2021-11-17 09:21:53,34.37744903564453,-5.906116008758545,0,3562.5
2021-11-17 09:21:59,34.377445220947266,-5.9061150550842285,0,3568.333333333333
2021-11-17 09:22:05,34.37744903564453,-5.906116008758545,0,3570.833333333333
2021-11-17 09:22:11,34.37744903564453,-5.906116008758545,0,3578.333333333333
2021-11-17 09:22:17,34.37744903564453,-5.906116008758545,0,3584.1666666666665
2021-11-17 09:22:23,34.37744903564453,-5.906116008758545,0,3588.333333333333
2021-11-17 09:22:29,34.37744903564453,-5.906116008758545,0,3591.6666666666665
2021-11-17 09:22:35,34.377384185791016,-5.905972957611084,9,3596.6666666666665
2021-11-17 09:22:41,34.37730407714844,-5.905819892883301,9,3602.5
2021-11-17 09:22:47,34.37722396850586,-5.905663013458252,10,3607.5
2021-11-17 09:22:53,34.37714767456055,-5.905510902404785,9,3613.333333333333
2021-11-17 09:22:59,34.377071380615234,-5.905354976654053,10,3618.333333333333
2021-11-17 09:23:05,34.37699508666992,-5.905206203460693,9,3623.333333333333
2021-11-17 09:23:11,34.376914978027344,-5.905051231384277,10,3629.1666666666665
2021-11-17 09:23:17,34.37683868408203,-5.9048991203308105,10,3634.1666666666665
2021-11-17 09:23:23,34.37676239013672,-5.904738903045654,10,3640.0
2021-11-17 09:23:29,34.37668991088867,-5.9045820236206055,10,3646.6666666666665
2021-11-17 09:23:35,34.37661361694336,-5.904425144195557,9,3652.5
2021-11-17 09:23:41,34.37654113769531,-5.904263973236084,10,3657.5
2021-11-17 09:23:47,34.37646484375,-5.904112815856934,9,3664.166666666667
2021-11-17 09:23:53,34.37638854980469,-5.903964996337891,9,3670.0
2021-11-17 09:23:59,34.376319885253906,-5.903804779052734,9,3674.166666666667
2021-11-17 09:24:05,34.37624740600586,-5.903646945953369,9,3680.8333333333335
2021-11-17 09:24:11,34.37617874145508,-5.903491973876953,9,3685.8333333333335
2021-11-17 09:24:17,34.376102447509766,-5.903334140777588,9,3690.0
2021-11-17 09:24:23,34.376033782958984,-5.903170108795166,9,3693.3333333333335
2021-11-17 09:24:29,34.37596130371094,-5.9030070304870605,10,3698.3333333333335
2021-11-17 09:24:35,34.37588882446289,-5.902851104736328,9,3704.166666666667
2021-11-17 09:24:41,34.37581253051758,-5.902698040008545,9,3710.0
2021-11-17 09:24:47,34.37574005126953,-5.902550220489502,9,3714.166666666667
2021-11-17 09:24:53,34.37566375732422,-5.902397155761719,9,3720.0
2021-11-17 09:24:59,34.37561798095703,-5.902293205261231,6,3725.8333333333335
2021-11-17 09:25:05,34.375526428222656,-5.902109146118164,12,3731.666666666667
2021-11-17 09:25:11,34.37543869018555,-5.901919841766357,11,3735.0
2021-11-17 09:25:17,34.37535095214844,-5.90172815322876,12,3740.833333333333
2021-11-17 09:25:23,34.375267028808594,-5.901534080505371,11,3749.1666666666665
2021-11-17 09:25:29,34.375179290771484,-5.901340961456299,12,3755.0
2021-11-17 09:25:35,34.37508773803711,-5.901157855987549,11,3760.833333333333
2021-11-17 09:25:41,34.3749885559082,-5.900980949401856,11,3768.333333333333
2021-11-17 09:25:47,34.375118255615234,-5.900966167449951,11,3772.5
2021-11-17 09:25:53,34.37517547607422,-5.901172161102295,11,3775.833333333333
2021-11-17 09:25:59,34.37525177001953,-5.901362895965576,11,3781.6666666666665
2021-11-17 09:26:05,34.37533950805664,-5.901548862457275,11,3792.5
2021-11-17 09:26:11,34.375431060791016,-5.901738166809082,11,3796.6666666666665
2021-11-17 09:26:17,34.37551498413086,-5.901933193206787,11,3803.333333333333
2021-11-17 09:26:23,34.37559509277344,-5.902116775512695,11,3810.0
2021-11-17 09:26:29,34.37568283081055,-5.902299880981445,11,3816.6666666666665
2021-11-17 09:26:35,34.37577438354492,-5.902484893798828,12,3825.833333333333
2021-11-17 09:26:41,34.375858306884766,-5.902675151824951,11,3830.0
2021-11-17 09:26:47,34.375946044921875,-5.902857780456543,12,3837.500000000001
2021-11-17 09:26:53,34.37602996826172,-5.9030442237854,11,3843.3333333333335
2021-11-17 09:26:59,34.37611770629883,-5.903233051300049,12,3846.666666666667
2021-11-17 09:27:05,34.37620544433594,-5.903418064117432,11,3851.666666666667
2021-11-17 09:27:11,34.37628555297852,-5.903597831726074,11,3857.500000000001
2021-11-17 09:27:17,34.376373291015625,-5.903777122497559,11,3863.3333333333335
2021-11-17 09:27:23,34.376461029052734,-5.903962135314941,11,3869.166666666667
2021-11-17 09:27:29,34.37654113769531,-5.904143810272217,11,3873.3333333333335
2021-11-17 09:27:35,34.37662506103516,-5.90432596206665,11,3879.1666666666665
2021-11-17 09:27:41,34.376712799072266,-5.904513835906982,12,3885.8333333333335
2021-11-17 09:27:47,34.37679672241211,-5.904705047607422,12,3890.000000000001
2021-11-17 09:27:53,34.37688446044922,-5.904891014099121,11,3898.3333333333335
2021-11-17 09:27:59,34.37697219848633,-5.905070781707764,11,3904.166666666667
2021-11-17 09:28:05,34.37705612182617,-5.905241012573242,10,3906.666666666667
2021-11-17 09:28:11,34.37713623046875,-5.905407905578613,10,3912.500000000001
2021-11-17 09:28:17,34.37720489501953,-5.905557155609131,9,3916.666666666667
2021-11-17 09:28:23,34.377288818359375,-5.905718803405762,10,3922.5
2021-11-17 09:28:29,34.37738037109375,-5.9058918952941895,11,3927.5
2021-11-17 09:28:35,34.37748718261719,-5.906044960021973,10,3930.833333333334
2021-11-17 09:28:41,34.37759017944336,-5.906206130981445,11,3936.666666666667
2021-11-17 09:28:47,34.37766647338867,-5.906391143798828,11,3941.666666666667
2021-11-17 09:28:53,34.37775039672852,-5.906571865081787,11,3946.666666666667
2021-11-17 09:28:59,34.37786865234375,-5.906731128692627,11,3955.833333333334
2021-11-17 09:29:05,34.3779296875,-5.906904220581055,11,3963.333333333334
2021-11-17 09:29:11,34.37779998779297,-5.906847953796387,11,3967.5
2021-11-17 09:29:17,34.37770080566406,-5.906679153442383,11,3974.166666666667
2021-11-17 09:29:23,34.37761306762695,-5.906503200531006,11,3981.666666666667
2021-11-17 09:29:29,34.37752151489258,-5.906328201293945,11,3986.666666666667
2021-11-17 09:29:35,34.37742614746094,-5.90615701675415,12,3992.5
2021-11-17 09:29:41,34.37733459472656,-5.905972003936768,12,3998.333333333333
2021-11-17 09:29:47,34.37724304199219,-5.905810832977295,10,4002.5
2021-11-17 09:29:53,34.37715148925781,-5.905652046203613,11,4008.333333333333
2021-11-17 09:29:59,34.37704849243164,-5.905480861663818,11,4013.3333333333335
2021-11-17 09:30:05,34.37696075439453,-5.905303955078125,11,4019.166666666667
2021-11-17 09:30:11,34.37687683105469,-5.905126094818115,11,4024.166666666667
2021-11-17 09:30:17,34.37678527832031,-5.904938220977783,12,4032.5
2021-11-17 09:30:23,34.37672424316406,-5.904751777648926,9,4038.3333333333335
2021-11-17 09:30:29,34.376644134521484,-5.904586791992188,11,4040.8333333333335
2021-11-17 09:30:35,34.376556396484375,-5.904408931732178,11,4048.3333333333335
2021-11-17 09:30:41,34.376468658447266,-5.904222011566162,12,4051.666666666667
2021-11-17 09:30:47,34.37638854980469,-5.9040398597717285,10,4055.0
2021-11-17 09:30:53,34.37630081176758,-5.903855800628662,11,4060.833333333334
2021-11-17 09:30:59,34.37621307373047,-5.903679847717285,10,4066.666666666667
2021-11-17 09:31:05,34.37613677978516,-5.903501987457275,11,4071.666666666667
2021-11-17 09:31:11,34.37605667114258,-5.903326988220215,11,4075.833333333334
2021-11-17 09:31:17,34.37596130371094,-5.903142929077148,11,4080.833333333334
2021-11-17 09:31:23,34.37588119506836,-5.902960777282715,12,4085.833333333334
2021-11-17 09:31:29,34.37579727172852,-5.902781009674072,11,4090.0
2021-11-17 09:31:35,34.37571334838867,-5.9025959968566895,12,4095.8333333333335
2021-11-17 09:31:41,34.37562561035156,-5.902409076690674,11,4102.5
2021-11-17 09:31:47,34.37553405761719,-5.902223110198975,11,4109.166666666667
2021-11-17 09:31:53,34.37544631958008,-5.902037143707275,12,4112.5
2021-11-17 09:31:59,34.37535858154297,-5.901848793029785,12,4117.5
2021-11-17 09:32:05,34.37527847290039,-5.901665210723877,12,4122.5
2021-11-17 09:32:11,34.37519836425781,-5.9014811515808105,11,4128.333333333334
2021-11-17 09:32:17,34.3751106262207,-5.90130090713501,12,4135.833333333334
2021-11-17 09:32:23,34.375022888183594,-5.901116847991943,11,4141.666666666667
2021-11-17 09:32:29,34.37496566772461,-5.900920867919922,11,4147.5
2021-11-17 09:32:35,34.37510299682617,-5.900949001312256,12,4151.666666666667
2021-11-17 09:32:41,34.375179290771484,-5.901145935058594,12,4157.5
2021-11-17 09:32:47,34.37525939941406,-5.901334762573242,11,4165.0
2021-11-17 09:32:53,34.37534713745117,-5.901522159576416,11,4169.166666666667
2021-11-17 09:32:59,34.375431060791016,-5.901704788208008,10,4176.666666666667
2021-11-17 09:33:05,34.375518798828125,-5.901889801025391,12,4185.0
2021-11-17 09:33:11,34.3755989074707,-5.902070999145508,11,4191.666666666667
2021-11-17 09:33:17,34.37569046020508,-5.902253150939941,11,4195.833333333334
2021-11-17 09:33:23,34.37577819824219,-5.902438163757324,11,4201.666666666667
2021-11-17 09:33:29,34.3758659362793,-5.90262508392334,10,4210.0
2021-11-17 09:33:35,34.375953674316406,-5.902810096740723,11,4215.0
2021-11-17 09:33:41,34.37603759765625,-5.902996063232422,11,4222.5
2021-11-17 09:33:47,34.37612533569336,-5.9031901359558105,11,4229.166666666667
2021-11-17 09:33:53,34.37621307373047,-5.903372764587402,11,4234.166666666667
2021-11-17 09:33:59,34.37630081176758,-5.90355396270752,11,4237.5
2021-11-17 09:34:05,34.37639236450195,-5.903738975524902,11,4242.5
2021-11-17 09:34:11,34.3764762878418,-5.903923988342285,11,4248.333333333334
2021-11-17 09:34:17,34.37656021118164,-5.904108047485352,11,4253.333333333334
2021-11-17 09:34:23,34.376644134521484,-5.904288768768311,11,4257.5
2021-11-17 09:34:29,34.376731872558594,-5.9044718742370605,11,4265.0
2021-11-17 09:34:35,34.37681579589844,-5.904660224914551,12,4272.5
2021-11-17 09:34:41,34.376895904541016,-5.904839992523193,11,4279.166666666667
2021-11-17 09:34:47,34.37698745727539,-5.905022144317627,11,4285.833333333334
2021-11-17 09:34:53,34.3770751953125,-5.905200004577637,11,4290.0
2021-11-17 09:34:59,34.377159118652344,-5.905370235443115,11,4295.0
2021-11-17 09:35:05,34.37725067138672,-5.905545234680176,11,4301.666666666667
2021-11-17 09:35:11,34.37733459472656,-5.905718803405762,11,4308.333333333334
2021-11-17 09:35:17,34.37742614746094,-5.905892848968506,11,4313.333333333334
2021-11-17 09:35:23,34.37754440307617,-5.9060540199279785,12,4319.166666666667
2021-11-17 09:35:29,34.37763977050781,-5.906241893768311,11,4326.666666666667
2021-11-17 09:35:35,34.37772750854492,-5.906428813934326,11,4332.5
2021-11-17 09:35:41,34.37781524658203,-5.906609058380127,11,4339.166666666667
2021-11-17 09:35:47,34.377925872802734,-5.906772136688232,11,4344.166666666667
2021-11-17 09:35:53,34.3779296875,-5.906947135925293,10,4352.5
2021-11-17 09:35:59,34.37778854370117,-5.90688419342041,11,4358.333333333334
2021-11-17 09:36:05,34.37769317626953,-5.906704902648926,12,4362.5
2021-11-17 09:36:11,34.37760543823242,-5.906519889831543,10,4370.833333333334
2021-11-17 09:36:17,34.377525329589844,-5.90634298324585,10,4375.833333333334
2021-11-17 09:36:23,34.377418518066406,-5.906187057495117,11,4377.5
2021-11-17 09:36:29,34.377323150634766,-5.906013011932373,10,4384.166666666667
2021-11-17 09:36:35,34.37723159790039,-5.9058451652526855,10,4389.166666666667
2021-11-17 09:36:41,34.37717056274414,-5.9057230949401855,0,4391.666666666667
2021-11-17 09:36:47,34.377174377441406,-5.905725002288818,0,4398.333333333334
2021-11-17 09:36:53,34.377174377441406,-5.905728816986084,0,4401.666666666667
2021-11-17 09:36:59,34.37717056274414,-5.905726909637451,0,4403.333333333334
2021-11-17 09:37:05,34.37717056274414,-5.905725955963135,0,4405.833333333334
2021-11-17 09:37:11,34.37717056274414,-5.905725955963135,0,4410.0
2021-11-17 09:37:17,34.37717056274414,-5.905725955963135,0,4415.833333333334
2021-11-17 09:37:23,34.37717056274414,-5.905725955963135,0,4421.666666666667
2021-11-17 09:37:29,34.37717056274414,-5.905725955963135,0,4425.833333333334
2021-11-17 09:37:35,34.37717056274414,-5.905725955963135,0,4430.0
2021-11-17 09:37:41,34.37717056274414,-5.905725955963135,0,4434.166666666667
2021-11-17 09:37:47,34.37717056274414,-5.905725955963135,0,4436.666666666667
2021-11-17 09:37:53,34.37717056274414,-5.905725955963135,0,4438.333333333334
2021-11-17 09:37:59,34.37712860107422,-5.905665874481201,7,4443.333333333334
2021-11-17 09:38:05,34.37706756591797,-5.905538082122803,8,4453.333333333334
2021-11-17 09:38:11,34.37699890136719,-5.905389785766602,9,4459.166666666667
2021-11-17 09:38:17,34.37693405151367,-5.905241012573242,9,4465.833333333334
2021-11-17 09:38:23,34.37686920166016,-5.905086040496826,9,4470.833333333334
2021-11-17 09:38:29,34.376800537109375,-5.904926776885986,9,4479.166666666667
2021-11-17 09:38:35,34.376747131347656,-5.904778003692627,9,4486.666666666667
2021-11-17 09:38:41,34.37667465209961,-5.904638767242432,8,4493.333333333334
2021-11-17 09:38:47,34.3765869140625,-5.904490947723389,10,4498.333333333334
2021-11-17 09:38:53,34.37651062011719,-5.90433406829834,10,4505.0
2021-11-17 09:38:59,34.37643814086914,-5.904178142547607,9,4512.5
2021-11-17 09:39:05,34.376365661621094,-5.904029846191406,9,4515.833333333334
2021-11-17 09:39:11,34.37628936767578,-5.903882026672363,9,4522.5
2021-11-17 09:39:17,34.376216888427734,-5.903721809387207,11,4529.166666666667
2021-11-17 09:39:23,34.37614440917969,-5.903565883636475,9,4533.333333333334
2021-11-17 09:39:29,34.37608337402344,-5.903419017791748,9,4537.5
2021-11-17 09:39:35,34.37601852416992,-5.90328311920166,8,4544.166666666666
2021-11-17 09:39:41,34.375953674316406,-5.903132915496826,8,4547.5
2021-11-17 09:39:47,34.37589645385742,-5.902979850769043,9,4552.5
2021-11-17 09:39:53,34.375831604003906,-5.902823925018311,10,4559.166666666666
2021-11-17 09:39:59,34.37575912475586,-5.902667999267578,9,4563.333333333333
2021-11-17 09:40:05,34.37569808959961,-5.902516841888428,9,4569.166666666666
2021-11-17 09:40:11,34.37565994262695,-5.90237283706665,9,4572.5
2021-11-17 09:40:17,34.37577819824219,-5.902394771575928,11,4578.333333333333
2021-11-17 09:40:23,34.37578582763672,-5.902565956115723,9,4581.666666666666
2021-11-17 09:40:29,34.375823974609375,-5.9027299880981445,10,4587.5
2021-11-17 09:40:35,34.375885009765625,-5.902888774871826,9,4595.0
2021-11-17 09:40:41,34.37594985961914,-5.903048992156982,9,4600.0
2021-11-17 09:40:47,34.37601852416992,-5.903195858001709,9,4605.833333333333
2021-11-17 09:40:53,34.376094818115234,-5.903349876403809,9,4612.5
2021-11-17 09:40:59,34.37616729736328,-5.903503894805908,9,4615.833333333333
2021-11-17 09:41:05,34.37623977661133,-5.903653144836426,9,4620.833333333333
2021-11-17 09:41:11,34.37632751464844,-5.903777122497559,9,4626.666666666666
2021-11-17 09:41:17,34.376441955566406,-5.903889179229736,9,4632.5
2021-11-17 09:41:23,34.37636184692383,-5.903958797454834,9,4636.666666666666
2021-11-17 09:41:29,34.3763427734375,-5.903788089752197,9,4640.833333333333
2021-11-17 09:41:35,34.37640380859375,-5.903625965118408,9,4647.5
2021-11-17 09:41:41,34.3764533996582,-5.903469085693359,9,4650.833333333333
2021-11-17 09:41:47,34.376522064208984,-5.903346061706543,9,4656.666666666666
2021-11-17 09:41:53,34.37656021118164,-5.903470993041992,10,4662.5
2021-11-17 09:41:59,34.37646484375,-5.90360689163208,9,4669.166666666666
2021-11-17 09:42:05,34.37640380859375,-5.903769016265869,9,4678.333333333333
2021-11-17 09:42:11,34.37630844116211,-5.903717994689941,10,4682.5
2021-11-17 09:42:17,34.37635803222656,-5.903544902801514,9,4687.5
2021-11-17 09:42:23,34.3764533996582,-5.903440952301025,9,4690.833333333333
2021-11-17 09:42:29,34.37649154663086,-5.90361213684082,10,4696.666666666666
2021-11-17 09:42:35,34.376434326171875,-5.903788089752197,10,4703.333333333333
2021-11-17 09:42:41,34.376304626464844,-5.903797149658203,10,4706.666666666666
2021-11-17 09:42:47,34.37629699707031,-5.9036149978637695,10,4711.666666666666
2021-11-17 09:42:53,34.3763313293457,-5.903449058532715,8,4718.333333333334
2021-11-17 09:42:59,34.37643814086914,-5.903409004211426,9,4721.666666666666
2021-11-17 09:43:05,34.37639617919922,-5.903573989868164,9,4726.666666666666
2021-11-17 09:43:11,34.37633514404297,-5.903730869293213,9,4733.333333333334
2021-11-17 09:43:17,34.37627029418945,-5.903627872467041,9,4739.166666666666
2021-11-17 09:43:23,34.37629699707031,-5.903453826904297,9,4744.166666666666
2021-11-17 09:43:29,34.376407623291016,-5.903447151184082,10,4747.5
2021-11-17 09:43:35,34.376365661621094,-5.903614044189453,10,4753.333333333334
2021-11-17 09:43:41,34.376251220703125,-5.9036359786987305,10,4757.5
2021-11-17 09:43:47,34.376220703125,-5.903468132019043,8,4763.333333333334
2021-11-17 09:43:53,34.37614822387695,-5.90330982208252,10,4770.0
2021-11-17 09:43:59,34.37614440917969,-5.903132915496826,9,4773.333333333334
2021-11-17 09:44:05,34.37617492675781,-5.9029741287231445,9,4779.166666666667
2021-11-17 09:44:11,34.37624740600586,-5.903089046478272,10,4784.166666666667
2021-11-17 09:44:17,34.376216888427734,-5.903256893157959,9,4790.833333333334
2021-11-17 09:44:23,34.37617492675781,-5.903421878814697,10,4797.5
2021-11-17 09:44:29,34.3760986328125,-5.903317928314209,9,4800.833333333334
2021-11-17 09:44:35,34.376102447509766,-5.903143882751465,9,4806.666666666667
2021-11-17 09:44:41,34.37614440917969,-5.902997970581055,10,4810.833333333334
2021-11-17 09:44:47,34.37624740600586,-5.903110980987549,9,4817.5
2021-11-17 09:44:53,34.37624740600586,-5.903279781341553,9,4822.5
2021-11-17 09:44:59,34.37620162963867,-5.903439998626709,9,4827.5
2021-11-17 09:45:05,34.376075744628906,-5.903347969055176,9,4832.5
2021-11-17 09:45:11,34.37605667114258,-5.903173923492432,9,4837.5
2021-11-17 09:45:17,34.3760871887207,-5.903025150299072,10,4842.5
2021-11-17 09:45:23,34.376163482666016,-5.903148174285889,10,4849.166666666666
2021-11-17 09:45:29,34.37614440917969,-5.903316974639893,9,4854.166666666666
2021-11-17 09:45:35,34.37602996826172,-5.903271198272705,10,4857.5
2021-11-17 09:45:41,34.37600326538086,-5.90310001373291,8,4861.666666666666
2021-11-17 09:45:47,34.37605285644531,-5.902960777282715,10,4868.333333333334
2021-11-17 09:45:53,34.37615966796875,-5.903076171875,10,4871.666666666666
2021-11-17 09:45:59,34.37615203857422,-5.903253078460693,9,4878.333333333333
2021-11-17 09:46:05,34.37617111206055,-5.903426170349121,9,4884.166666666666
2021-11-17 09:46:11,34.3762092590332,-5.90358304977417,9,4888.333333333333
2021-11-17 09:46:17,34.376277923583984,-5.90373420715332,10,4891.666666666666
2021-11-17 09:46:23,34.3763542175293,-5.903891086578369,10,4897.5
2021-11-17 09:46:29,34.376426696777344,-5.904047012329102,10,4900.833333333333
2021-11-17 09:46:35,34.37649154663086,-5.904202938079834,9,4908.333333333333
2021-11-17 09:46:41,34.37656784057617,-5.9043498039245605,9,4915.833333333333
2021-11-17 09:46:47,34.37664031982422,-5.904504776000977,10,4919.166666666666
2021-11-17 09:46:53,34.37671661376953,-5.904662132263184,10,4926.666666666666
2021-11-17 09:46:59,34.37678527832031,-5.904811859130859,9,4930.0
2021-11-17 09:47:05,34.376853942871094,-5.904962062835693,9,4935.833333333333
2021-11-17 09:47:11,34.376922607421875,-5.905109882354736,9,4942.5
2021-11-17 09:47:17,34.376991271972656,-5.905261993408203,9,4945.833333333333
2021-11-17 09:47:23,34.3770637512207,-5.9054107666015625,9,4953.333333333333
2021-11-17 09:47:29,34.37713623046875,-5.905559062957764,9,4960.0
2021-11-17 09:47:35,34.377220153808594,-5.905706882476807,10,4965.0
2021-11-17 09:47:41,34.377296447753906,-5.9058518409729,9,4970.0
2021-11-17 09:47:47,34.377384185791016,-5.905981063842773,9,4975.0
2021-11-17 09:47:53,34.37750244140625,-5.906071186065674,9,4979.166666666666
2021-11-17 09:47:59,34.37760925292969,-5.906176090240479,10,4986.666666666666
2021-11-17 09:48:05,34.37752914428711,-5.906310081481934,9,4991.666666666666
2021-11-17 09:48:11,34.377418518066406,-5.906225204467773,9,4995.0
2021-11-17 09:48:17,34.377349853515625,-5.906074047088623,9,5000.0
2021-11-17 09:48:23,34.37742233276367,-5.905920028686523,9,5003.333333333333
2021-11-17 09:48:29,34.37751007080078,-5.905785083770752,9,5007.5
2021-11-17 09:48:35,34.37760543823242,-5.905653953552246,9,5014.166666666666
2021-11-17 09:48:41,34.37765121459961,-5.905777931213379,10,5020.0
2021-11-17 09:48:47,34.377525329589844,-5.905861854553223,9,5026.666666666666
2021-11-17 09:48:53,34.37738037109375,-5.905896186828613,10,5030.833333333333
2021-11-17 09:48:59,34.37723159790039,-5.9058990478515625,9,5036.666666666666
2021-11-17 09:49:05,34.37709045410156,-5.90594482421875,10,5040.833333333333
2021-11-17 09:49:11,34.376991271972656,-5.90607500076294,9,5048.333333333334
2021-11-17 09:49:17,34.37688064575195,-5.906078815460205,10,5052.5
2021-11-17 09:49:23,34.37698745727539,-5.905969142913818,10,5056.666666666666
2021-11-17 09:49:29,34.37712097167969,-5.905909061431885,9,5066.666666666666
2021-11-17 09:49:35,34.37725067138672,-5.905881881713867,9,5071.666666666666
2021-11-17 09:49:41,34.377384185791016,-5.9058518409729,9,5077.5
2021-11-17 09:49:47,34.37749481201172,-5.90573787689209,9,5084.166666666666
2021-11-17 09:49:53,34.37757873535156,-5.905832767486572,10,5087.5
2021-11-17 09:49:59,34.377471923828125,-5.905947208404541,10,5094.166666666666
2021-11-17 09:50:05,34.37732696533203,-5.9059600830078125,9,5100.0
2021-11-17 09:50:11,34.37718963623047,-5.905985832214356,10,5105.0
2021-11-17 09:50:17,34.3770637512207,-5.906033992767334,9,5108.333333333334
2021-11-17 09:50:23,34.37712478637695,-5.905919075012207,8,5114.166666666666
2021-11-17 09:50:29,34.37724304199219,-5.905866146087647,8,5119.166666666666
2021-11-17 09:50:35,34.37735366821289,-5.905909061431885,8,5123.333333333334
2021-11-17 09:50:41,34.37747573852539,-5.905994892120361,9,5130.833333333334
2021-11-17 09:50:47,34.37760543823242,-5.906087875366211,10,5137.5
2021-11-17 09:50:53,34.37763977050781,-5.906252861022949,10,5141.666666666667
2021-11-17 09:50:59,34.37751770019531,-5.906345844268799,10,5147.5
2021-11-17 09:51:05,34.37739181518555,-5.906268119812012,10,5152.5
2021-11-17 09:51:11,34.37728500366211,-5.906140804290772,8,5157.5
2021-11-17 09:51:17,34.377193450927734,-5.906003952026367,9,5161.666666666667
2021-11-17 09:51:23,34.37721633911133,-5.905841827392578,8,5167.5
2021-11-17 09:51:29,34.37726211547852,-5.905704021453857,6,5171.666666666667
2021-11-17 09:51:35,34.37738800048828,-5.905728816986084,9,5179.166666666666
2021-11-17 09:51:41,34.37744903564453,-5.905882835388184,9,5182.5
2021-11-17 09:51:47,34.37733459472656,-5.905984878540039,10,5186.666666666666
2021-11-17 09:51:53,34.37724304199219,-5.905879974365234,10,5190.833333333333
2021-11-17 09:51:59,34.3772087097168,-5.9057297706604,7,5195.0
2021-11-17 09:52:05,34.37714385986328,-5.9055891036987305,9,5203.333333333333
2021-11-17 09:52:11,34.37705993652344,-5.905436992645264,9,5208.333333333333
2021-11-17 09:52:17,34.37700653076172,-5.905279159545898,10,5212.5
2021-11-17 09:52:23,34.37692642211914,-5.905127048492432,10,5218.333333333334
2021-11-17 09:52:29,34.3769416809082,-5.904990196228027,9,5225.833333333334
2021-11-17 09:52:35,34.37702178955078,-5.90510892868042,9,5231.666666666667
2021-11-17 09:52:41,34.37708282470703,-5.9052581787109375,9,5235.0
2021-11-17 09:52:47,34.37715530395508,-5.905412197113037,9,5241.666666666667
2021-11-17 09:52:53,34.37722396850586,-5.905566215515137,9,5248.333333333334
2021-11-17 09:52:59,34.37730407714844,-5.90571403503418,10,5252.5
2021-11-17 09:53:05,34.37738800048828,-5.905855178833008,9,5256.666666666666
2021-11-17 09:53:11,34.37743377685547,-5.906021118164063,9,5262.5
2021-11-17 09:53:17,34.37746810913086,-5.906186103820801,10,5269.166666666666
2021-11-17 09:53:23,34.37734603881836,-5.906198024749756,10,5275.0
2021-11-17 09:53:29,34.37730407714844,-5.906027793884277,9,5278.333333333334
2021-11-17 09:53:35,34.37727737426758,-5.905856132507324,9,5283.333333333334
2021-11-17 09:53:41,34.37722396850586,-5.905698776245117,9,5290.0
2021-11-17 09:53:47,34.37715530395508,-5.905546188354492,9,5294.166666666666
2021-11-17 09:53:53,34.377079010009766,-5.905386924743652,9,5300.833333333334
2021-11-17 09:53:59,34.37700271606445,-5.905237197875977,9,5306.666666666667
2021-11-17 09:54:05,34.37692642211914,-5.90508508682251,9,5314.166666666667
2021-11-17 09:54:11,34.37685012817383,-5.904932022094727,9,5320.0
2021-11-17 09:54:17,34.376766204833984,-5.904777050018311,10,5323.333333333333
2021-11-17 09:54:23,34.37668228149414,-5.904626846313477,10,5330.0
2021-11-17 09:54:29,34.3765983581543,-5.904475212097168,9,5335.833333333333
2021-11-17 09:54:35,34.376522064208984,-5.904318809509277,10,5343.333333333333
2021-11-17 09:54:41,34.37644958496094,-5.904166221618652,9,5345.833333333333
2021-11-17 09:54:47,34.37636947631836,-5.90399980545044,9,5353.333333333333
2021-11-17 09:54:53,34.37629318237305,-5.903844833374023,9,5359.166666666666
2021-11-17 09:54:59,34.376216888427734,-5.9036970138549805,9,5365.0
2021-11-17 09:55:05,34.37615203857422,-5.903544902801514,9,5368.333333333334
2021-11-17 09:55:11,34.37608337402344,-5.903395175933838,9,5375.0
2021-11-17 09:55:17,34.37602233886719,-5.903243064880371,9,5380.833333333334
2021-11-17 09:55:23,34.375953674316406,-5.903090953826904,9,5385.0
2021-11-17 09:55:29,34.375885009765625,-5.902937889099121,9,5390.833333333334
2021-11-17 09:55:35,34.37582015991211,-5.902781963348389,9,5395.833333333334
2021-11-17 09:55:41,34.375755310058594,-5.902629852294922,9,5401.666666666667
2021-11-17 09:55:47,34.37569046020508,-5.902476787567139,9,5405.833333333334
2021-11-17 09:55:53,34.37561798095703,-5.902322769165039,9,5413.333333333334
2021-11-17 09:55:59,34.37554931640625,-5.902167797088623,9,5417.5
2021-11-17 09:56:05,34.3754768371582,-5.902011871337891,9,5423.333333333334
2021-11-17 09:56:11,34.37540817260742,-5.901857852935791,9,5430.833333333334
2021-11-17 09:56:17,34.37534713745117,-5.9017109870910645,9,5434.166666666667
2021-11-17 09:56:23,34.375282287597656,-5.901552200317383,9,5441.666666666667
2021-11-17 09:56:29,34.375205993652344,-5.901398181915283,9,5447.5
2021-11-17 09:56:35,34.3751335144043,-5.901243209838867,10,5452.5
2021-11-17 09:56:41,34.37506484985352,-5.901090145111084,9,5459.166666666667
2021-11-17 09:56:47,34.374996185302734,-5.9009318351745605,9,5465.0
2021-11-17 09:56:53,34.37498474121094,-5.90076208114624,8,5470.833333333334
2021-11-17 09:56:59,34.37498092651367,-5.900737762451172,0,5474.166666666667
2021-11-17 09:57:05,34.37498092651367,-5.900747776031494,0,5475.0
2021-11-17 09:57:11,34.374977111816406,-5.900753021240234,0,5478.333333333333
2021-11-17 09:57:17,34.374977111816406,-5.900753021240234,0,5484.166666666666
2021-11-17 09:57:23,34.37497329711914,-5.900557041168213,11,5485.0
2021-11-17 09:57:29,34.374977111816406,-5.900349140167236,12,5488.333333333333
2021-11-17 09:57:35,34.374977111816406,-5.900132179260254,12,5499.166666666666
2021-11-17 09:57:41,34.374996185302734,-5.899915218353272,11,5515.833333333333
2021-11-17 09:57:47,34.3749885559082,-5.899703025817871,11,5520.833333333333
2021-11-17 09:57:53,34.37509536743164,-5.8995890617370605,12,5527.5
2021-11-17 09:57:59,34.37520217895508,-5.8997721672058105,11,5531.666666666666
2021-11-17 09:58:05,34.37529754638672,-5.899948120117188,10,5539.166666666666
2021-11-17 09:58:11,34.375389099121094,-5.900135040283203,11,5544.166666666666
2021-11-17 09:58:17,34.3754768371582,-5.900327205657959,11,5550.0
2021-11-17 09:58:23,34.37556457519531,-5.900516033172607,12,5551.666666666666
2021-11-17 09:58:29,34.37565231323242,-5.900702953338623,11,5554.166666666666
2021-11-17 09:58:35,34.37574005126953,-5.900887966156006,11,5569.166666666666
2021-11-17 09:58:41,34.375823974609375,-5.9010748863220215,11,5572.5
2021-11-17 09:58:47,34.37590789794922,-5.901264190673828,11,5579.166666666666
2021-11-17 09:58:53,34.375999450683594,-5.901445865631104,11,5585.833333333333
2021-11-17 09:58:59,34.37607955932617,-5.901630878448486,11,5591.666666666666
2021-11-17 09:59:05,34.376163482666016,-5.901809215545654,11,5596.666666666666
2021-11-17 09:59:11,34.376243591308594,-5.90199089050293,11,5602.5
2021-11-17 09:59:17,34.37633514404297,-5.90217399597168,10,5609.166666666666
2021-11-17 09:59:23,34.37641525268555,-5.902350902557373,11,5613.333333333333
2021-11-17 09:59:29,34.37649917602539,-5.90253210067749,11,5620.833333333333
2021-11-17 09:59:35,34.376583099365234,-5.902716159820557,11,5626.666666666667
2021-11-17 09:59:41,34.37666320800781,-5.902894020080566,11,5633.333333333334
2021-11-17 09:59:47,34.376739501953125,-5.903079986572266,11,5637.5
2021-11-17 09:59:53,34.376827239990234,-5.903264999389648,11,5643.333333333334
2021-11-17 09:59:59,34.376914978027344,-5.903450965881348,11,5650.833333333334
2021-11-17 10:00:05,34.37700271606445,-5.90363883972168,11,5657.5
2021-11-17 10:00:11,34.37709426879883,-5.903828144073486,11,5662.5
2021-11-17 10:00:17,34.3771858215332,-5.904016971588135,11,5669.166666666667
2021-11-17 10:00:23,34.37726974487305,-5.904205799102783,11,5676.666666666667
2021-11-17 10:00:29,34.377349853515625,-5.904394149780273,11,5682.5
2021-11-17 10:00:35,34.37743377685547,-5.9045820236206055,11,5686.666666666667
2021-11-17 10:00:41,34.377525329589844,-5.904767990112305,11,5693.333333333334
2021-11-17 10:00:47,34.37761306762695,-5.904953002929688,11,5700.0
2021-11-17 10:00:53,34.37770080566406,-5.905144214630127,11,5705.0
2021-11-17 10:00:59,34.37779235839844,-5.905334949493408,11,5711.666666666667
2021-11-17 10:01:05,34.37788391113281,-5.9055280685424805,11,5715.833333333334
2021-11-17 10:01:11,34.377960205078125,-5.9056901931762695,10,5721.666666666667
2021-11-17 10:01:17,34.37804412841797,-5.905869007110596,11,5728.333333333334
2021-11-17 10:01:23,34.37812805175781,-5.906054973602295,11,5731.666666666666
2021-11-17 10:01:29,34.37821578979492,-5.906227111816406,11,5738.333333333334
2021-11-17 10:01:35,34.3783073425293,-5.90639591217041,10,5745.0
2021-11-17 10:01:41,34.37842559814453,-5.906545162200928,11,5750.833333333334
2021-11-17 10:01:47,34.37836456298828,-5.906652927398682,10,5753.333333333334
2021-11-17 10:01:53,34.3782844543457,-5.9064788818359375,11,5757.5
2021-11-17 10:01:59,34.37818145751953,-5.90630578994751,11,5762.5
2021-11-17 10:02:05,34.378082275390625,-5.906122207641602,11,5770.0
2021-11-17 10:02:11,34.37799835205078,-5.905943870544434,11,5777.5
2021-11-17 10:02:17,34.37790298461914,-5.905759811401367,11,5785.0
2021-11-17 10:02:23,34.37781524658203,-5.905572891235352,11,5788.333333333333
2021-11-17 10:02:29,34.377723693847656,-5.905385971069336,11,5795.833333333333
2021-11-17 10:02:35,34.37763595581055,-5.90519905090332,11,5804.166666666666
2021-11-17 10:02:41,34.37754821777344,-5.9050140380859375,11,5808.333333333333
2021-11-17 10:02:47,34.37746047973633,-5.904828071594238,11,5815.833333333333
2021-11-17 10:02:53,34.37737274169922,-5.9046502113342285,11,5819.166666666666
2021-11-17 10:02:59,34.37728500366211,-5.904467105865479,11,5826.666666666666
2021-11-17 10:03:05,34.377201080322266,-5.9042840003967285,11,5833.333333333333
2021-11-17 10:03:11,34.37712478637695,-5.904098987579346,11,5838.333333333333
2021-11-17 10:03:17,34.37705993652344,-5.903907775878906,11,5846.666666666666
2021-11-17 10:03:23,34.37697982788086,-5.903719902038574,11,5853.333333333333
2021-11-17 10:03:29,34.376895904541016,-5.903535842895508,11,5857.5
2021-11-17 10:03:35,34.376808166503906,-5.903354167938232,11,5864.166666666666
2021-11-17 10:03:41,34.37671661376953,-5.903168201446533,11,5871.666666666666
2021-11-17 10:03:47,34.37662506103516,-5.9029860496521,11,5877.5
2021-11-17 10:03:53,34.37653732299805,-5.902801036834717,11,5885.0
2021-11-17 10:03:59,34.37645721435547,-5.90261697769165,11,5889.166666666666
2021-11-17 10:04:05,34.37636947631836,-5.902432918548584,11,5895.833333333333
2021-11-17 10:04:11,34.37628173828125,-5.902245998382568,11,5902.5
2021-11-17 10:04:17,34.376197814941406,-5.902060031890869,11,5910.0
2021-11-17 10:04:23,34.37611389160156,-5.9018731117248535,12,5915.833333333333
2021-11-17 10:04:29,34.37602615356445,-5.901690006256104,11,5920.0
2021-11-17 10:04:35,34.37594985961914,-5.901503086090088,12,5929.166666666666
2021-11-17 10:04:41,34.37586212158203,-5.901315212249756,11,5934.166666666666
2021-11-17 10:04:47,34.375770568847656,-5.901126861572266,11,5941.666666666666
2021-11-17 10:04:53,34.375675201416016,-5.900946140289307,11,5949.166666666666
2021-11-17 10:04:59,34.37557601928711,-5.900769233703613,11,5953.333333333333
2021-11-17 10:05:05,34.3754768371582,-5.900594234466553,11,5960.833333333333
2021-11-17 10:05:11,34.3753776550293,-5.900417804718018,11,5968.333333333334
2021-11-17 10:05:17,34.37527847290039,-5.900242805480957,11,5973.333333333334
2021-11-17 10:05:23,34.375186920166016,-5.900055885314941,12,5980.833333333334
2021-11-17 10:05:29,34.3751220703125,-5.899857997894287,11,5987.5
2021-11-17 10:05:35,34.37506103515625,-5.899672031402588,10,5995.0
2021-11-17 10:05:41,34.37501525878906,-5.899487018585205,11,6001.666666666667
2021-11-17 10:05:47,34.375144958496094,-5.899534225463867,11,6005.833333333334
2021-11-17 10:05:53,34.37523651123047,-5.899724960327148,11,6010.0
2021-11-17 10:05:59,34.37532424926758,-5.899905204772949,11,6017.5
2021-11-17 10:06:05,34.37541198730469,-5.900086879730225,11,6024.166666666667
2021-11-17 10:06:11,34.3754997253418,-5.900271892547607,11,6029.166666666667
2021-11-17 10:06:17,34.375579833984375,-5.900454998016357,11,6034.166666666667
2021-11-17 10:06:23,34.375667572021484,-5.900639057159424,11,6042.5
2021-11-17 10:06:29,34.375755310058594,-5.90082597732544,11,6049.166666666667
2021-11-17 10:06:35,34.37583923339844,-5.901010990142822,10,6053.333333333334
2021-11-17 10:06:41,34.37593078613281,-5.9011969566345215,11,6059.166666666667
2021-11-17 10:06:47,34.37602233886719,-5.90138578414917,11,6068.333333333334
2021-11-17 10:06:53,34.3761100769043,-5.901570796966553,11,6071.666666666666
2021-11-17 10:06:59,34.37620162963867,-5.901754856109619,11,6080.0
2021-11-17 10:07:05,34.37629318237305,-5.901939868927002,11,6085.833333333334
2021-11-17 10:07:11,34.37638092041016,-5.902123928070068,11,6090.0
2021-11-17 10:07:17,34.376468658447266,-5.902309894561768,11,6096.666666666666
2021-11-17 10:07:23,34.37655258178711,-5.902493953704834,11,6104.166666666666
2021-11-17 10:07:29,34.37664031982422,-5.902676105499268,11,6110.833333333334
2021-11-17 10:07:35,34.37672424316406,-5.902862071990967,11,6115.0
2021-11-17 10:07:41,34.376808166503906,-5.90304708480835,11,6122.5
2021-11-17 10:07:47,34.37689208984375,-5.903227806091309,11,6130.0
2021-11-17 10:07:53,34.376976013183594,-5.903409004211426,11,6133.333333333334
2021-11-17 10:07:59,34.3770637512207,-5.903587818145752,11,6140.833333333334
2021-11-17 10:08:05,34.37714767456055,-5.903769016265869,11,6147.5
2021-11-17 10:08:11,34.377227783203125,-5.903953075408936,11,6151.666666666667
2021-11-17 10:08:17,34.37731170654297,-5.904132843017578,11,6159.166666666667
2021-11-17 10:08:23,34.37739562988281,-5.904315948486328,11,6166.666666666666
2021-11-17 10:08:29,34.37748336791992,-5.904501914978027,11,6170.0
2021-11-17 10:08:35,34.37757110595703,-5.904681205749512,11,6177.5
2021-11-17 10:08:41,34.377655029296875,-5.904866218566895,11,6185.0
2021-11-17 10:08:47,34.37773132324219,-5.905048847198486,10,6189.166666666666
2021-11-17 10:08:53,34.3778190612793,-5.90523099899292,11,6195.0
2021-11-17 10:08:59,34.37790298461914,-5.905415058135986,11,6201.666666666666
2021-11-17 10:09:05,34.377986907958984,-5.905594825744629,10,6207.5
2021-11-17 10:09:11,34.378074645996094,-5.905776977539063,11,6212.5
2021-11-17 10:09:17,34.3781623840332,-5.905959129333496,11,6220.0
2021-11-17 10:09:23,34.37825012207031,-5.906136989593506,11,6225.833333333334
2021-11-17 10:09:29,34.37833404541016,-5.906313896179199,10,6230.0
2021-11-17 10:09:35,34.378440856933594,-5.906476020812988,11,6238.333333333334
2021-11-17 10:09:41,34.37843704223633,-5.906658172607422,11,6242.5
2021-11-17 10:09:47,34.37827682495117,-5.906754016876221,11,6248.333333333334
2021-11-17 10:09:53,34.37815475463867,-5.906628131866455,12,6254.166666666666
2021-11-17 10:09:59,34.37806701660156,-5.90644121170044,11,6260.833333333334
2021-11-17 10:10:05,34.37797927856445,-5.906256198883057,11,6267.5
2021-11-17 10:10:11,34.37788391113281,-5.906078815460205,11,6271.666666666667
2021-11-17 10:10:17,34.37779998779297,-5.905901908874512,11,6276.666666666667
2021-11-17 10:10:23,34.377708435058594,-5.905716896057129,12,6283.333333333334
2021-11-17 10:10:29,34.377620697021484,-5.9055280685424805,11,6287.5
2021-11-17 10:10:35,34.37752914428711,-5.905344009399414,11,6295.0
2021-11-17 10:10:41,34.37743377685547,-5.905156135559082,11,6300.833333333334
2021-11-17 10:10:47,34.37735366821289,-5.904965877532959,11,6308.333333333334
2021-11-17 10:10:53,34.37726974487305,-5.904780864715576,12,6312.5
2021-11-17 10:10:59,34.3771858215332,-5.904595851898193,11,6319.166666666667
2021-11-17 10:11:05,34.377098083496094,-5.904411792755127,11,6325.833333333334
2021-11-17 10:11:11,34.377010345458984,-5.904225826263428,11,6332.5
2021-11-17 10:11:17,34.37692642211914,-5.904037952423096,11,6336.666666666667
2021-11-17 10:11:23,34.3768424987793,-5.903853893280029,11,6344.166666666667
2021-11-17 10:11:29,34.37675476074219,-5.903666019439697,11,6347.5
2021-11-17 10:11:35,34.376670837402344,-5.9034810066223145,11,6355.0
2021-11-17 10:11:41,34.376583099365234,-5.903294086456299,11,6362.5
2021-11-17 10:11:47,34.37649917602539,-5.903110980987549,11,6369.166666666666
2021-11-17 10:11:53,34.37641906738281,-5.902928829193115,11,6375.833333333333
2021-11-17 10:11:59,34.37633514404297,-5.902748107910156,11,6381.666666666666
2021-11-17 10:12:05,34.376243591308594,-5.902556896209717,11,6390.833333333333
2021-11-17 10:12:11,34.376155853271484,-5.902377128601074,11,6399.166666666666
2021-11-17 10:12:17,34.37607192993164,-5.902194976806641,11,6403.333333333333
2021-11-17 10:12:23,34.37598419189453,-5.902011871337891,11,6408.333333333333
2021-11-17 10:12:29,34.37590026855469,-5.901827812194824,11,6419.166666666666
2021-11-17 10:12:35,34.37581253051758,-5.901640892028809,12,6424.166666666666
2021-11-17 10:12:41,34.375732421875,-5.901454925537109,11,6429.166666666666
2021-11-17 10:12:47,34.37564468383789,-5.901271820068359,11,6436.666666666666
2021-11-17 10:12:53,34.37555694580078,-5.901082992553711,12,6440.833333333333
2021-11-17 10:12:59,34.375465393066406,-5.900901794433594,11,6448.333333333333
2021-11-17 10:13:05,34.3753776550293,-5.900715827941895,12,6455.0
2021-11-17 10:13:11,34.37528991699219,-5.900527000427246,12,6463.333333333334
2021-11-17 10:13:17,34.37520217895508,-5.900333881378174,12,6469.166666666666
2021-11-17 10:13:23,34.37511444091797,-5.900145053863525,12,6472.5
2021-11-17 10:13:29,34.37503433227539,-5.899951934814453,11,6480.833333333333
2021-11-17 10:13:35,34.37500762939453,-5.899741172790527,11,6487.5
2021-11-17 10:13:41,34.375083923339844,-5.899552822113037,11,6494.166666666666
2021-11-17 10:13:47,34.375205993652344,-5.899404048919678,12,6500.833333333334
2021-11-17 10:13:53,34.37530517578125,-5.899543762207031,11,6505.0
2021-11-17 10:13:59,34.37517547607422,-5.899694919586182,12,6510.833333333334
2021-11-17 10:14:05,34.375022888183594,-5.8996758460998535,11,6517.5
2021-11-17 10:14:11,34.3751106262207,-5.899538993835449,12,6523.333333333334
2021-11-17 10:14:17,34.3752555847168,-5.899672985076904,11,6527.5
2021-11-17 10:14:23,34.37535095214844,-5.899855136871338,11,6535.833333333334
2021-11-17 10:14:29,34.37544631958008,-5.900040149688721,11,6541.666666666666
2021-11-17 10:14:35,34.37553405761719,-5.900228023529053,11,6545.833333333334
2021-11-17 10:14:41,34.37562561035156,-5.900414943695068,11,6551.666666666666
2021-11-17 10:14:47,34.37571334838867,-5.900600910186768,11,6560.0
2021-11-17 10:14:53,34.37580108642578,-5.900784015655518,11,6566.666666666666
2021-11-17 10:14:59,34.37588882446289,-5.900969982147217,11,6571.666666666666
2021-11-17 10:15:05,34.375980377197266,-5.9011549949646,11,6576.666666666666
2021-11-17 10:15:11,34.37606430053711,-5.901340961456299,11,6584.166666666666
2021-11-17 10:15:17,34.37615203857422,-5.901526927947998,11,6590.833333333333
2021-11-17 10:15:23,34.37623977661133,-5.9017109870910645,11,6597.5
2021-11-17 10:15:29,34.37632751464844,-5.901895046234131,11,6601.666666666666
2021-11-17 10:15:35,34.37641143798828,-5.90208101272583,11,6609.166666666666
2021-11-17 10:15:41,34.37649917602539,-5.902270793914795,11,6615.0
2021-11-17 10:15:47,34.376583099365234,-5.902460098266602,12,6622.5
2021-11-17 10:15:53,34.376670837402344,-5.902647018432617,11,6626.666666666666
2021-11-17 10:15:59,34.37675476074219,-5.902838230133057,11,6633.333333333333
2021-11-17 10:16:05,34.376834869384766,-5.903026103973389,11,6640.0
2021-11-17 10:16:11,34.37691879272461,-5.903205871582031,11,6646.666666666666
2021-11-17 10:16:17,34.377010345458984,-5.903384208679199,11,6652.5
2021-11-17 10:16:23,34.37709426879883,-5.903562068939209,10,6657.5
2021-11-17 10:16:29,34.37717819213867,-5.903742790222168,11,6664.166666666666
2021-11-17 10:16:35,34.37726211547852,-5.903921127319336,11,6670.833333333333
2021-11-17 10:16:41,34.37734603881836,-5.904101848602295,11,6675.833333333333
2021-11-17 10:16:47,34.37742614746094,-5.904281139373779,11,6682.5
2021-11-17 10:16:53,34.37751007080078,-5.9044599533081055,11,6688.333333333333
2021-11-17 10:16:59,34.37759780883789,-5.904641151428223,11,6695.833333333333
2021-11-17 10:17:05,34.377685546875,-5.904825210571289,11,6700.0
2021-11-17 10:17:11,34.37777328491211,-5.905008792877197,11,6708.333333333333
2021-11-17 10:17:17,34.37785720825195,-5.90519380569458,11,6711.666666666666
2021-11-17 10:17:23,34.37794494628906,-5.905375003814697,10,6720.0
2021-11-17 10:17:29,34.378028869628906,-5.905564785003662,11,6726.666666666666
2021-11-17 10:17:35,34.378196716308594,-5.905918121337891,11,6730.833333333333
2021-11-17 10:17:41,34.37827682495117,-5.90609884262085,11,6745.0
2021-11-17 10:17:47,34.378360748291016,-5.9062819480896,11,6749.166666666666
2021-11-17 10:17:53,34.37845993041992,-5.906445026397705,11,6756.666666666666
2021-11-17 10:17:59,34.37849044799805,-5.906623840332031,11,6763.333333333334
2021-11-17 10:18:05,34.37833786010742,-5.906743049621582,11,6767.5
2021-11-17 10:18:11,34.378173828125,-5.906752109527588,12,6775.0
2021-11-17 10:18:17,34.378082275390625,-5.906569957733154,10,6779.166666666667
2021-11-17 10:18:23,34.37799453735352,-5.906384944915772,11,6785.833333333334
2021-11-17 10:18:29,34.377906799316406,-5.906206130981445,11,6793.333333333334
2021-11-17 10:18:35,34.37781524658203,-5.906024932861328,11,6796.666666666667
2021-11-17 10:18:41,34.37772750854492,-5.905846118927002,11,6802.5
2021-11-17 10:18:47,34.37764358520508,-5.905659198760986,12,6807.5
2021-11-17 10:18:53,34.3775520324707,-5.9054718017578125,11,6815.833333333334
2021-11-17 10:18:59,34.37746810913086,-5.905294895172119,11,6820.0
2021-11-17 10:19:05,34.37738037109375,-5.90510892868042,11,6827.5
2021-11-17 10:19:11,34.37730026245117,-5.904922962188721,10,6834.166666666667
2021-11-17 10:19:17,34.37721633911133,-5.9047369956970215,11,6840.833333333334
2021-11-17 10:19:23,34.377132415771484,-5.904562950134277,11,6845.0
2021-11-17 10:19:29,34.37704849243164,-5.904386043548584,11,6851.666666666666
2021-11-17 10:19:35,34.3769645690918,-5.90420389175415,11,6859.166666666667
2021-11-17 10:19:41,34.37688064575195,-5.904019832611084,11,6865.0
2021-11-17 10:19:47,34.376800537109375,-5.90384578704834,11,6870.833333333334
2021-11-17 10:19:53,34.3767204284668,-5.90367317199707,10,6875.833333333334
2021-11-17 10:19:59,34.37664031982422,-5.90349817276001,11,6885.0
2021-11-17 10:20:05,34.376548767089844,-5.903320789337158,11,6888.333333333334
2021-11-17 10:20:11,34.37646484375,-5.903145790100098,10,6895.0
2021-11-17 10:20:17,34.37638473510742,-5.902972221374512,11,6901.666666666667
2021-11-17 10:20:23,34.376304626464844,-5.902795791625977,11,6908.333333333334
2021-11-17 10:20:29,34.376220703125,-5.902612209320068,11,6914.166666666667
2021-11-17 10:20:35,34.37613677978516,-5.902431011199951,10,6921.666666666667
2021-11-17 10:20:41,34.37605667114258,-5.902252197265625,11,6930.0
2021-11-17 10:20:47,34.375972747802734,-5.9020771980285645,11,6934.166666666667
2021-11-17 10:20:53,34.37588882446289,-5.901895999908447,11,6940.833333333334
2021-11-17 10:20:59,34.37580490112305,-5.901713848114014,11,6946.666666666667
2021-11-17 10:21:05,34.3757209777832,-5.901533126831055,11,6950.833333333334
2021-11-17 10:21:11,34.375640869140625,-5.90135383605957,10,6957.5
2021-11-17 10:21:17,34.37555313110352,-5.901175022125244,11,6965.0
2021-11-17 10:21:23,34.37546920776367,-5.900999069213867,11,6970.833333333333
2021-11-17 10:21:29,34.37539291381836,-5.900822162628174,11,6977.5
2021-11-17 10:21:35,34.37531280517578,-5.900646209716797,10,6981.666666666666
2021-11-17 10:21:41,34.37522888183594,-5.900472164154053,11,6989.166666666666
2021-11-17 10:21:47,34.37514877319336,-5.900294780731201,11,6993.333333333333
2021-11-17 10:21:53,34.37506484985352,-5.900116920471191,11,7000.833333333333
2021-11-17 10:21:59,34.374996185302734,-5.899930000305176,11,7008.333333333334
2021-11-17 10:22:05,34.37498092651367,-5.899722099304199,11,7011.666666666667
2021-11-17 10:22:11,34.374996185302734,-5.899512767791748,12,7018.333333333334
2021-11-17 10:22:17,34.37515640258789,-5.899484157562256,11,7022.5
2021-11-17 10:22:23,34.37528610229492,-5.899652004241943,11,7027.5
2021-11-17 10:22:29,34.37538528442383,-5.899837017059326,11,7029.166666666667
2021-11-17 10:22:35,34.3754768371582,-5.900021076202393,11,7040.833333333334
2021-11-17 10:22:41,34.37556838989258,-5.900206089019775,11,7044.166666666667
2021-11-17 10:22:47,34.37565612792969,-5.900393009185791,11,7052.5
2021-11-17 10:22:53,34.3757438659668,-5.90057897567749,11,7057.5
2021-11-17 10:22:59,34.37582778930664,-5.900763988494873,11,7064.166666666667
2021-11-17 10:23:05,34.37591552734375,-5.900947093963623,11,7067.5
2021-11-17 10:23:11,34.375999450683594,-5.901130199432373,11,7075.0
2021-11-17 10:23:17,34.3760871887207,-5.901309013366699,11,7082.5
2021-11-17 10:23:23,34.37616729736328,-5.901491165161133,11,7086.666666666667
2021-11-17 10:23:29,34.37625503540039,-5.901671886444092,11,7093.333333333334
2021-11-17 10:23:35,34.376338958740234,-5.901852130889893,11,7100.0
2021-11-17 10:23:41,34.376426696777344,-5.902029037475586,11,7105.0
2021-11-17 10:23:47,34.37651062011719,-5.902205944061279,11,7109.166666666667
2021-11-17 10:23:53,34.3765983581543,-5.902385234832764,11,7115.833333333334
2021-11-17 10:23:59,34.37668228149414,-5.90256404876709,10,7123.333333333334
2021-11-17 10:24:05,34.376766204833984,-5.902742862701416,11,7127.5
2021-11-17 10:24:11,34.37685012817383,-5.902929782867432,11,7135.0
2021-11-17 10:24:17,34.37693405151367,-5.903110980987549,11,7139.166666666667
2021-11-17 10:24:23,34.37701797485352,-5.903286933898926,10,7146.666666666666
2021-11-17 10:24:29,34.377098083496094,-5.9034600257873535,11,7153.333333333333
2021-11-17 10:24:35,34.37718200683594,-5.903642177581787,11,7159.166666666666
2021-11-17 10:24:41,34.37726211547852,-5.903817176818848,10,7165.0
2021-11-17 10:24:47,34.377342224121094,-5.903995990753174,11,7172.5
2021-11-17 10:24:53,34.37742614746094,-5.904173851013184,11,7178.333333333333
2021-11-17 10:24:59,34.37751007080078,-5.904355049133301,10,7184.166666666667
2021-11-17 10:25:05,34.37759017944336,-5.9045281410217285,10,7188.333333333333
2021-11-17 10:25:11,34.3776741027832,-5.904705047607422,11,7192.5
2021-11-17 10:25:17,34.37775802612305,-5.90487813949585,10,7201.666666666666
2021-11-17 10:25:23,34.377838134765625,-5.905055046081543,11,7208.333333333333
2021-11-17 10:25:29,34.3779182434082,-5.905232906341553,10,7213.333333333333
2021-11-17 10:25:35,34.37799835205078,-5.90541410446167,11,7218.333333333333
2021-11-17 10:25:41,34.378074645996094,-5.90558385848999,9,7225.833333333333
2021-11-17 10:25:47,34.37815856933594,-5.905753135681152,11,7230.0
2021-11-17 10:25:53,34.37824630737305,-5.905937194824219,11,7236.666666666666
2021-11-17 10:25:59,34.37833023071289,-5.906116962432861,11,7243.333333333333
2021-11-17 10:26:05,34.37841033935547,-5.906289100646973,11,7250.0
2021-11-17 10:26:11,34.37851333618164,-5.906451225280762,11,7255.0
2021-11-17 10:26:17,34.37850570678711,-5.906651020050049,12,7260.833333333333
2021-11-17 10:26:23,34.37833404541016,-5.90661096572876,11,7267.5
2021-11-17 10:26:29,34.37822723388672,-5.906431198120117,11,7275.0
2021-11-17 10:26:35,34.37812423706055,-5.906248092651367,12,7279.166666666666
2021-11-17 10:26:41,34.37802505493164,-5.906067848205566,11,7285.833333333333
2021-11-17 10:26:47,34.37793731689453,-5.905881881713867,11,7291.666666666667
2021-11-17 10:26:53,34.37785339355469,-5.905700206756592,11,7298.333333333334
2021-11-17 10:26:59,34.37776184082031,-5.905515193939209,11,7305.0
2021-11-17 10:27:05,34.3776741027832,-5.905327796936035,11,7309.166666666667
2021-11-17 10:27:11,34.37757873535156,-5.90514612197876,11,7316.666666666667
2021-11-17 10:27:17,34.37748718261719,-5.904962062835693,11,7321.666666666667
2021-11-17 10:27:23,34.377403259277344,-5.904778003692627,11,7326.666666666667
2021-11-17 10:27:29,34.37731170654297,-5.904594898223877,11,7334.166666666667
2021-11-17 10:27:35,34.37722396850586,-5.904408931732178,11,7340.0
2021-11-17 10:27:41,34.377140045166016,-5.904226779937744,10,7345.833333333334
2021-11-17 10:27:47,34.377071380615234,-5.90403413772583,11,7351.666666666667
2021-11-17 10:27:53,34.37699508666992,-5.903843879699707,11,7357.5
2021-11-17 10:27:59,34.376914978027344,-5.903663158416748,11,7364.166666666667
2021-11-17 10:28:05,34.37682342529297,-5.903480052947998,12,7368.333333333334
2021-11-17 10:28:11,34.376739501953125,-5.903302192687988,11,7375.0
2021-11-17 10:28:17,34.376651763916016,-5.903120994567871,12,7381.666666666667
2021-11-17 10:28:23,34.376564025878906,-5.902937889099121,11,7388.333333333333
2021-11-17 10:28:29,34.37648010253906,-5.902756214141846,11,7395.0
2021-11-17 10:28:35,34.37639617919922,-5.9025750160217285,11,7399.166666666667
2021-11-17 10:28:41,34.37631607055664,-5.902392864227295,11,7405.0
2021-11-17 10:28:47,34.3762321472168,-5.90221118927002,11,7412.5
2021-11-17 10:28:53,34.37614440917969,-5.902032852172852,11,7415.833333333333
2021-11-17 10:28:59,34.376060485839844,-5.90185022354126,11,7423.333333333333
2021-11-17 10:29:05,34.375980377197266,-5.901669025421143,11,7430.0
2021-11-17 10:29:11,34.37589645385742,-5.901484966278076,11,7433.333333333334
2021-11-17 10:29:17,34.375816345214844,-5.901301860809326,11,7440.0
2021-11-17 10:29:23,34.375732421875,-5.901122093200684,11,7447.5
2021-11-17 10:29:29,34.37564849853516,-5.900938987731934,11,7451.666666666667
2021-11-17 10:29:35,34.37556838989258,-5.900757789611816,11,7456.666666666667
2021-11-17 10:29:41,34.375484466552734,-5.900574207305908,11,7464.166666666667
2021-11-17 10:29:47,34.37540817260742,-5.900393962860107,11,7470.0
2021-11-17 10:29:53,34.375335693359375,-5.900208950042725,11,7477.5
2021-11-17 10:29:59,34.37525939941406,-5.900023937225342,11,7483.333333333334
2021-11-17 10:30:05,34.37518310546875,-5.899841785430908,11,7490.833333333334
2021-11-17 10:30:11,34.37511444091797,-5.899650096893311,11,7495.833333333334
2021-11-17 10:30:17,34.37504959106445,-5.899454116821289,11,7500.833333333334
2021-11-17 10:30:23,34.37516021728516,-5.899366855621338,12,7508.333333333334
2021-11-17 10:30:29,34.375267028808594,-5.899546146392822,11,7511.666666666666
2021-11-17 10:30:35,34.3753662109375,-5.899730205535889,11,7520.0
2021-11-17 10:30:41,34.37546157836914,-5.899915218353272,11,7525.833333333334
2021-11-17 10:30:47,34.37555313110352,-5.900096893310547,10,7530.833333333333
2021-11-17 10:30:53,34.37564468383789,-5.900284767150879,11,7536.666666666666
2021-11-17 10:30:59,34.375728607177734,-5.900471210479736,11,7544.166666666666
2021-11-17 10:31:05,34.37581253051758,-5.900652885437012,11,7550.0
2021-11-17 10:31:11,34.37589645385742,-5.9008331298828125,11,7554.166666666666
2021-11-17 10:31:17,34.3759880065918,-5.901013851165772,11,7561.666666666666
2021-11-17 10:31:23,34.37607192993164,-5.901194095611572,11,7568.333333333333
2021-11-17 10:31:29,34.376155853271484,-5.901373863220215,10,7575.833333333333
2021-11-17 10:31:35,34.37623596191406,-5.901549816131592,11,7580.0
2021-11-17 10:31:41,34.37631607055664,-5.901727199554443,11,7585.833333333334
2021-11-17 10:31:47,34.37639617919922,-5.901902198791504,10,7593.333333333334
2021-11-17 10:31:53,34.37648010253906,-5.902085781097412,11,7600.0
2021-11-17 10:31:59,34.376564025878906,-5.902266979217529,11,7605.0
2021-11-17 10:32:05,34.376644134521484,-5.902450084686279,11,7609.166666666666
2021-11-17 10:32:11,34.37672424316406,-5.902630805969238,11,7617.5
2021-11-17 10:32:17,34.37681579589844,-5.902814865112305,11,7621.666666666666
2021-11-17 10:32:23,34.37689971923828,-5.902999877929688,11,7630.0
2021-11-17 10:32:29,34.376991271972656,-5.9031829833984375,11,7636.666666666666
2021-11-17 10:32:35,34.377071380615234,-5.903359889984131,11,7640.833333333333
2021-11-17 10:32:41,34.37715530395508,-5.903540134429932,11,7648.333333333333
2021-11-17 10:32:47,34.37723922729492,-5.903726100921631,11,7654.166666666666
2021-11-17 10:32:53,34.3773193359375,-5.903899192810059,11,7661.666666666666
2021-11-17 10:32:59,34.37739944458008,-5.904073238372803,11,7668.333333333333
2021-11-17 10:33:05,34.37747573852539,-5.90424394607544,11,7672.5
2021-11-17 10:33:11,34.37755584716797,-5.9044189453125,11,7678.333333333333
2021-11-17 10:33:17,34.37763595581055,-5.904595851898193,11,7685.833333333334
2021-11-17 10:33:23,34.377723693847656,-5.904777050018311,11,7692.5
2021-11-17 10:33:29,34.377803802490234,-5.904952049255371,11,7697.5
2021-11-17 10:33:35,34.377891540527344,-5.905124187469482,10,7704.166666666666
2021-11-17 10:33:41,34.37797546386719,-5.905302047729492,11,7710.0
2021-11-17 10:33:47,34.3780632019043,-5.905477046966553,11,7715.0
2021-11-17 10:33:53,34.37815475463867,-5.905655860900879,11,7721.666666666666
2021-11-17 10:33:59,34.37823867797852,-5.90583610534668,11,7729.166666666667
2021-11-17 10:34:05,34.378326416015625,-5.9060139656066895,11,7735.0
2021-11-17 10:34:11,34.37841033935547,-5.906192779541016,11,7738.333333333334
2021-11-17 10:34:17,34.37849426269531,-5.906371116638184,11,7745.833333333334
2021-11-17 10:34:23,34.37853240966797,-5.906569957733154,12,7751.666666666667
2021-11-17 10:34:29,34.37839889526367,-5.906713962554932,11,7755.833333333334
2021-11-17 10:34:35,34.378257751464844,-5.90679407119751,10,7760.833333333334
2021-11-17 10:34:41,34.37813186645508,-5.906713962554932,10,7766.666666666667
2021-11-17 10:34:47,34.37804412841797,-5.906544208526611,12,7770.0
2021-11-17 10:34:53,34.37794876098633,-5.906354904174805,12,7778.333333333334
2021-11-17 10:34:59,34.37785339355469,-5.90616512298584,11,7785.833333333334
2021-11-17 10:35:05,34.37776184082031,-5.905978202819824,11,7792.5
2021-11-17 10:35:11,34.37766647338867,-5.905789852142334,12,7796.666666666667
2021-11-17 10:35:17,34.37757873535156,-5.905594825744629,12,7803.333333333334
2021-11-17 10:35:23,34.37748718261719,-5.905409812927246,11,7810.833333333334
2021-11-17 10:35:29,34.37739562988281,-5.905223846435547,11,7817.5
2021-11-17 10:35:35,34.3773078918457,-5.905035018920898,12,7822.5
2021-11-17 10:35:41,34.377220153808594,-5.904843807220459,11,7830.0
2021-11-17 10:35:47,34.377132415771484,-5.90465784072876,11,7838.333333333333
2021-11-17 10:35:53,34.377044677734375,-5.904480934143066,11,7845.0
2021-11-17 10:35:59,34.37696075439453,-5.904290199279785,11,7849.166666666666
2021-11-17 10:36:05,34.376861572265625,-5.904067039489746,11,7860.0
2021-11-17 10:36:11,34.37677001953125,-5.903879165649414,11,7865.833333333333
2021-11-17 10:36:17,34.376686096191406,-5.903690814971924,11,7870.833333333333
2021-11-17 10:36:23,34.3765983581543,-5.903503894805908,12,7876.666666666666
2021-11-17 10:36:29,34.376522064208984,-5.90334415435791,11,7882.5
2021-11-17 10:36:35,34.376434326171875,-5.903157234191895,12,7891.666666666666
2021-11-17 10:36:41,34.376346588134766,-5.902966976165772,11,7896.666666666666
2021-11-17 10:36:47,34.376258850097656,-5.902780055999756,12,7904.166666666666
2021-11-17 10:36:53,34.37617874145508,-5.902589797973633,11,7911.666666666666
2021-11-17 10:36:59,34.37609100341797,-5.90240478515625,11,7915.833333333334
2021-11-17 10:37:05,34.37600326538086,-5.902221202850342,11,7925.0
2021-11-17 10:37:11,34.37591552734375,-5.902039051055908,11,7930.0
2021-11-17 10:37:17,34.37582778930664,-5.901854038238525,11,7937.5
2021-11-17 10:37:23,34.37574005126953,-5.901669979095459,11,7943.333333333333
2021-11-17 10:37:29,34.37565994262695,-5.901484966278076,11,7951.666666666667
2021-11-17 10:37:35,34.375572204589844,-5.901302814483643,11,7955.833333333333
2021-11-17 10:37:41,34.37548828125,-5.901123046875,11,7962.5
2021-11-17 10:37:47,34.37540435791016,-5.900938987731934,11,7969.166666666666
2021-11-17 10:37:53,34.37532043457031,-5.900759220123291,11,7976.666666666666
2021-11-17 10:37:59,34.3752326965332,-5.900577068328857,11,7980.833333333333
2021-11-17 10:38:05,34.37514877319336,-5.90039587020874,11,7988.333333333333
2021-11-17 10:38:11,34.37506103515625,-5.900214195251465,11,7995.0
2021-11-17 10:38:17,34.37499237060547,-5.900032043457031,10,8001.666666666666
2021-11-17 10:38:23,34.37512969970703,-5.900046825408936,12,8006.666666666666
2021-11-17 10:38:29,34.37522506713867,-5.900238990783691,11,8011.666666666666
2021-11-17 10:38:35,34.37532043457031,-5.900428771972656,11,8018.333333333333
2021-11-17 10:38:41,34.37541198730469,-5.9006171226501465,11,8025.0
2021-11-17 10:38:47,34.37550354003906,-5.900801181793213,11,8029.166666666666
2021-11-17 10:38:53,34.37559127807617,-5.900987148284912,11,8036.666666666666
2021-11-17 10:38:59,34.37567901611328,-5.901172161102295,11,8044.166666666666
2021-11-17 10:39:05,34.37576675415039,-5.90135383605957,11,8051.666666666666
2021-11-17 10:39:11,34.375850677490234,-5.901537895202637,11,8055.833333333332
2021-11-17 10:39:17,34.375938415527344,-5.901724815368652,11,8063.333333333332
2021-11-17 10:39:23,34.37602233886719,-5.901907920837402,11,8070.0
2021-11-17 10:39:29,34.37610626220703,-5.902091979980469,11,8076.666666666666
2021-11-17 10:39:35,34.37618637084961,-5.902276039123535,11,8080.833333333333
2021-11-17 10:39:41,34.37627410888672,-5.902454853057861,11,8088.333333333333
2021-11-17 10:39:47,34.37635040283203,-5.902637004852295,11,8094.166666666667
2021-11-17 10:39:53,34.376441955566406,-5.9028191566467285,11,8100.0
2021-11-17 10:39:59,34.37652587890625,-5.903007984161377,11,8106.666666666667
2021-11-17 10:40:05,34.37661361694336,-5.903191089630127,11,8114.166666666667
2021-11-17 10:40:11,34.3766975402832,-5.903374195098877,11,8118.333333333333
2021-11-17 10:40:17,34.37678146362305,-5.903560161590576,11,8126.666666666667
2021-11-17 10:40:23,34.37687301635742,-5.903736114501953,11,8130.833333333334
2021-11-17 10:40:29,34.3769645690918,-5.903916835784912,11,8137.5
2021-11-17 10:40:35,34.37704086303711,-5.904099941253662,11,8145.0
2021-11-17 10:40:41,34.37712478637695,-5.904283046722412,11,8149.166666666666
2021-11-17 10:40:47,34.37720489501953,-5.9044599533081055,11,8157.5
2021-11-17 10:40:53,34.37729263305664,-5.904640197753906,11,8165.0
2021-11-17 10:40:59,34.37737274169922,-5.904825210571289,11,8169.166666666666
2021-11-17 10:41:05,34.3774528503418,-5.905012130737305,11,8175.833333333334
2021-11-17 10:41:11,34.37752914428711,-5.905200004577637,11,8183.333333333334
2021-11-17 10:41:17,34.37761688232422,-5.905378818511963,11,8190.833333333334
2021-11-17 10:41:23,34.3776969909668,-5.905557155609131,11,8195.0
2021-11-17 10:41:29,34.377784729003906,-5.905735969543457,11,8202.5
2021-11-17 10:41:35,34.37787628173828,-5.905917167663574,11,8206.666666666666
2021-11-17 10:41:41,34.377960205078125,-5.906095027923584,11,8214.166666666666
2021-11-17 10:41:47,34.37804412841797,-5.906272888183594,11,8220.833333333334
2021-11-17 10:41:53,34.37812423706055,-5.906451225280762,11,8225.0
2021-11-17 10:41:59,34.37820053100586,-5.9066338539123535,11,8232.5
2021-11-17 10:42:05,34.37821578979492,-5.906819820404053,11,8235.0
2021-11-17 10:42:11,34.378055572509766,-5.906900882720947,11,8244.166666666666
2021-11-17 10:42:17,34.37794494628906,-5.906761169433594,9,8249.166666666666
2021-11-17 10:42:23,34.3779296875,-5.9067230224609375,0,8254.166666666666
2021-11-17 10:42:29,34.377925872802734,-5.9067230224609375,0,8260.0
2021-11-17 10:42:35,34.377925872802734,-5.9067230224609375,0,8263.333333333334
2021-11-17 10:42:41,34.377925872802734,-5.9067230224609375,0,8269.166666666668
2021-11-17 10:42:47,34.377925872802734,-5.9067230224609375,0,8270.833333333332
2021-11-17 10:42:53,34.377925872802734,-5.9067230224609375,0,8274.166666666668
2021-11-17 10:42:59,34.377925872802734,-5.9067230224609375,0,8276.666666666668
2021-11-17 10:43:05,34.377925872802734,-5.9067230224609375,0,8281.666666666668
2021-11-17 10:43:11,34.377925872802734,-5.9067230224609375,0,8284.166666666668
2021-11-17 10:43:17,34.377925872802734,-5.9067230224609375,0,8290.0
2021-11-17 10:43:23,34.377925872802734,-5.9067230224609375,0,8293.333333333334
2021-11-17 10:43:29,34.377925872802734,-5.9067230224609375,0,8295.833333333334
2021-11-17 10:43:35,34.377925872802734,-5.9067230224609375,0,8300.833333333334
2021-11-17 10:43:41,34.377925872802734,-5.9067230224609375,0,8304.166666666668
2021-11-17 10:43:47,34.377925872802734,-5.9067230224609375,0,8307.5
2021-11-17 10:43:53,34.377925872802734,-5.9067230224609375,0,8310.0
2021-11-17 10:43:59,34.377925872802734,-5.9067230224609375,0,8315.0
2021-11-17 10:44:05,34.377925872802734,-5.9067230224609375,0,8321.666666666668
2021-11-17 10:44:11,34.377925872802734,-5.9067230224609375,0,8327.5
2021-11-17 10:44:17,34.377925872802734,-5.9067230224609375,0,8331.666666666668
2021-11-17 10:44:23,34.377925872802734,-5.9067230224609375,0,8335.0
2021-11-17 10:44:29,34.377925872802734,-5.9067230224609375,0,8341.666666666666
2021-11-17 10:44:35,34.377925872802734,-5.9067230224609375,0,8345.0
2021-11-17 10:44:41,34.377925872802734,-5.9067230224609375,0,8350.0
2021-11-17 10:44:47,34.377925872802734,-5.9067230224609375,0,8353.333333333334
2021-11-17 10:44:53,34.377925872802734,-5.9067230224609375,0,8358.333333333334
2021-11-17 10:44:59,34.377925872802734,-5.9067230224609375,0,8363.333333333334
2021-11-17 10:45:05,34.377925872802734,-5.9067230224609375,0,8367.5
2021-11-17 10:45:11,34.377925872802734,-5.9067230224609375,0,8372.5
2021-11-17 10:45:17,34.377925872802734,-5.9067230224609375,0,8377.5
2021-11-17 10:45:23,34.377925872802734,-5.9067230224609375,0,8382.5
2021-11-17 10:45:29,34.377925872802734,-5.9067230224609375,0,8385.833333333332
2021-11-17 10:45:35,34.377925872802734,-5.9067230224609375,0,8391.666666666668
2021-11-17 10:45:41,34.377925872802734,-5.9067230224609375,0,8397.5
2021-11-17 10:45:47,34.377925872802734,-5.9067230224609375,0,8403.333333333334
2021-11-17 10:45:53,34.377925872802734,-5.9067230224609375,0,8406.666666666668
2021-11-17 10:45:59,34.377925872802734,-5.9067230224609375,0,8410.0
2021-11-17 10:46:05,34.377925872802734,-5.9067230224609375,0,8415.0
2021-11-17 10:46:11,34.377925872802734,-5.9067230224609375,0,8418.333333333334
2021-11-17 10:46:17,34.377925872802734,-5.9067230224609375,0,8423.333333333334
2021-11-17 10:46:23,34.377925872802734,-5.9067230224609375,0,8426.666666666668
2021-11-17 10:46:29,34.377925872802734,-5.9067230224609375,0,8433.333333333334
2021-11-17 10:46:35,34.377925872802734,-5.9067230224609375,0,8439.166666666668
2021-11-17 10:46:41,34.377925872802734,-5.9067230224609375,0,8445.833333333334
2021-11-17 10:46:47,34.377925872802734,-5.9067230224609375,0,8449.166666666668
2021-11-17 10:46:53,34.377925872802734,-5.9067230224609375,0,8452.5
2021-11-17 10:46:59,34.377925872802734,-5.9067230224609375,0,8457.5
2021-11-17 10:47:05,34.377925872802734,-5.9067230224609375,0,8459.166666666668
2021-11-17 10:47:11,34.377925872802734,-5.9067230224609375,0,8463.333333333332
2021-11-17 10:47:17,34.377925872802734,-5.9067230224609375,0,8467.5
2021-11-17 10:47:23,34.377925872802734,-5.9067230224609375,0,8471.666666666668
2021-11-17 10:47:29,34.377925872802734,-5.9067230224609375,0,8477.5
2021-11-17 10:47:35,34.377925872802734,-5.9067230224609375,0,8484.166666666668
2021-11-17 10:47:41,34.377925872802734,-5.9067230224609375,0,8487.5
2021-11-17 10:47:47,34.377925872802734,-5.9067230224609375,0,8491.666666666668
2021-11-17 10:47:53,34.377925872802734,-5.9067230224609375,0,8496.666666666668
2021-11-17 10:47:59,34.37782287597656,-5.906529903411865,10,8507.5
2021-11-17 10:48:05,34.377742767333984,-5.906355857849121,11,8513.333333333332
2021-11-17 10:48:11,34.377662658691406,-5.906177997589111,11,8517.5
2021-11-17 10:48:17,34.37757873535156,-5.905995845794678,11,8525.0
2021-11-17 10:48:23,34.37749481201172,-5.905817031860352,11,8530.0
2021-11-17 10:48:29,34.37741470336914,-5.905638217926025,11,8535.833333333332
2021-11-17 10:48:35,34.3773307800293,-5.905460834503174,11,8539.166666666666
2021-11-17 10:48:41,34.37724685668945,-5.9052839279174805,11,8545.833333333332
2021-11-17 10:48:47,34.37716293334961,-5.90510892868042,11,8553.333333333332
2021-11-17 10:48:53,34.37708282470703,-5.904932975769043,10,8556.666666666666
2021-11-17 10:48:59,34.37700653076172,-5.9047532081604,11,8563.333333333332
2021-11-17 10:49:05,34.376922607421875,-5.9045729637146,11,8570.0
2021-11-17 10:49:11,34.37683868408203,-5.904396057128906,11,8573.333333333334
2021-11-17 10:49:17,34.37675857543945,-5.904219150543213,11,8579.166666666668
2021-11-17 10:49:23,34.37667465209961,-5.904038906097412,11,8586.666666666668
2021-11-17 10:49:29,34.376590728759766,-5.903861999511719,11,8591.666666666668
2021-11-17 10:49:35,34.37651062011719,-5.903683185577393,11,8595.833333333334
2021-11-17 10:49:41,34.376426696777344,-5.903508186340332,11,8602.5
2021-11-17 10:49:47,34.3763427734375,-5.903326034545898,11,8609.166666666668
2021-11-17 10:49:53,34.37625503540039,-5.9031500816345215,11,8615.833333333334
2021-11-17 10:49:59,34.37616729736328,-5.902965068817139,11,8620.833333333334
2021-11-17 10:50:05,34.37608337402344,-5.902784824371338,11,8625.0
2021-11-17 10:50:11,34.37600326538086,-5.902606010437012,11,8631.666666666668
2021-11-17 10:50:17,34.375919342041016,-5.902430057525635,11,8636.666666666668
2021-11-17 10:50:23,34.37583923339844,-5.902254104614258,10,8640.833333333334
2021-11-17 10:50:29,34.37575912475586,-5.902079105377197,10,8649.166666666668
2021-11-17 10:50:35,34.375675201416016,-5.901895999908447,11,8655.0
2021-11-17 10:50:41,34.37559127807617,-5.901716232299805,11,8659.166666666668
2021-11-17 10:50:47,34.375511169433594,-5.901535987854004,11,8666.666666666668
2021-11-17 10:50:53,34.37542724609375,-5.901357173919678,11,8672.5
2021-11-17 10:50:59,34.37534713745117,-5.901185989379883,10,8680.0
2021-11-17 10:51:05,34.375267028808594,-5.9010162353515625,11,8685.0
2021-11-17 10:51:11,34.37518310546875,-5.900835990905762,11,8689.166666666668
2021-11-17 10:51:17,34.375099182128906,-5.900657176971436,11,8696.666666666668
2021-11-17 10:51:23,34.37501907348633,-5.900472164154053,11,8703.333333333334
2021-11-17 10:51:29,34.37499237060547,-5.900265216827393,11,8708.333333333334
2021-11-17 10:51:35,34.3749885559082,-5.900055885314941,11,8715.0
2021-11-17 10:51:41,34.37510299682617,-5.899960041046143,11,8721.666666666666
2021-11-17 10:51:47,34.37520980834961,-5.900139808654785,12,8725.833333333334
2021-11-17 10:51:53,34.375301361083984,-5.900331020355225,11,8732.5
2021-11-17 10:51:59,34.375396728515625,-5.90051794052124,11,8740.0
2021-11-17 10:52:05,34.375492095947266,-5.90070915222168,11,8744.166666666668
2021-11-17 10:52:11,34.375579833984375,-5.900896072387695,11,8750.833333333334
2021-11-17 10:52:17,34.37567138671875,-5.9010820388793945,11,8758.333333333334
2021-11-17 10:52:23,34.37575912475586,-5.901268005371094,11,8763.333333333332
2021-11-17 10:52:29,34.37584686279297,-5.901453971862793,11,8770.0
2021-11-17 10:52:35,34.37593460083008,-5.901640892028809,11,8775.833333333332
2021-11-17 10:52:41,34.37602233886719,-5.901825904846191,11,8782.5
2021-11-17 10:52:47,34.3761100769043,-5.902006149291992,11,8790.0
2021-11-17 10:52:53,34.376197814941406,-5.902194023132324,11,8796.666666666666
2021-11-17 10:52:59,34.37628555297852,-5.902379989624023,11,8802.5
2021-11-17 10:53:05,34.37636947631836,-5.902567863464356,11,8808.333333333332
2021-11-17 10:53:11,34.37645721435547,-5.902750015258789,11,8816.666666666668
2021-11-17 10:53:17,34.376548767089844,-5.902935028076172,11,8821.666666666668
2021-11-17 10:53:23,34.37663269042969,-5.903121948242188,11,8828.333333333332
2021-11-17 10:53:29,34.3767204284668,-5.903304100036621,11,8835.0
2021-11-17 10:53:35,34.376808166503906,-5.903491020202637,11,8842.5
2021-11-17 10:53:41,34.37689208984375,-5.903676986694336,11,8846.666666666666
2021-11-17 10:53:47,34.37697982788086,-5.903864860534668,11,8855.0
2021-11-17 10:53:53,34.3770637512207,-5.904055118560791,11,8861.666666666666
2021-11-17 10:53:59,34.37714767456055,-5.90424108505249,11,8869.166666666668
2021-11-17 10:54:05,34.377227783203125,-5.90442419052124,11,8874.166666666668
2021-11-17 10:54:11,34.377315521240234,-5.904605865478516,11,8880.833333333332
2021-11-17 10:54:17,34.377403259277344,-5.904788017272949,11,8887.5
2021-11-17 10:54:23,34.37748336791992,-5.904976844787598,11,8893.333333333332
2021-11-17 10:54:29,34.3775634765625,-5.9051618576049805,11,8900.0
2021-11-17 10:54:35,34.377647399902344,-5.90534782409668,11,8907.5
2021-11-17 10:54:41,34.37773513793945,-5.90553617477417,11,8915.0
2021-11-17 10:54:47,34.37782287597656,-5.905724048614502,12,8920.0
2021-11-17 10:54:53,34.37791061401367,-5.905916213989258,11,8926.666666666668
2021-11-17 10:54:59,34.37800216674805,-5.906102180480957,11,8930.833333333334
2021-11-17 10:55:05,34.37808609008789,-5.9062910079956055,11,8939.166666666668
2021-11-17 10:55:11,34.378170013427734,-5.906476020812988,11,8947.5
2021-11-17 10:55:17,34.37825393676758,-5.906661033630371,10,8953.333333333334
2021-11-17 10:55:23,34.37822723388672,-5.906846046447754,12,8958.333333333334
2021-11-17 10:55:29,34.37807083129883,-5.906935214996338,10,8964.166666666668
2021-11-17 10:55:35,34.37794494628906,-5.9067912101745605,11,8970.833333333332
2021-11-17 10:55:41,34.37784957885742,-5.906607151031494,11,8975.833333333332
2021-11-17 10:55:47,34.37775802612305,-5.906418800354004,11,8981.666666666666
2021-11-17 10:55:53,34.37766647338867,-5.906230926513672,11,8985.0
2021-11-17 10:55:59,34.37757873535156,-5.9060378074646,11,8991.666666666666
2021-11-17 10:56:05,34.37749099731445,-5.905852794647217,11,8995.833333333332
2021-11-17 10:56:11,34.37739562988281,-5.905671119689941,10,8999.166666666666
2021-11-17 10:56:17,34.37731170654297,-5.905485153198242,11,9005.0
2021-11-17 10:56:23,34.377220153808594,-5.905301094055176,11,9012.5
2021-11-17 10:56:29,34.37712860107422,-5.905117034912109,11,9015.833333333334
2021-11-17 10:56:35,34.377044677734375,-5.904929161071777,11,9021.666666666668
2021-11-17 10:56:41,34.376956939697266,-5.904747009277344,11,9026.666666666668
2021-11-17 10:56:47,34.37686920166016,-5.90456485748291,11,9030.833333333334
2021-11-17 10:56:53,34.37678527832031,-5.904386043548584,11,9035.833333333334
2021-11-17 10:56:59,34.376705169677734,-5.904201984405518,11,9043.333333333334
2021-11-17 10:57:05,34.37662124633789,-5.904017925262451,11,9050.0
2021-11-17 10:57:11,34.37653350830078,-5.903839111328125,11,9055.0
2021-11-17 10:57:17,34.37644577026367,-5.903656005859375,11,9060.833333333334
2021-11-17 10:57:23,34.3763542175293,-5.903471946716309,11,9067.5
2021-11-17 10:57:29,34.37627029418945,-5.903285980224609,11,9070.833333333334
2021-11-17 10:57:35,34.37617874145508,-5.903102874755859,11,9076.666666666668
2021-11-17 10:57:41,34.3760871887207,-5.902915954589844,11,9083.333333333334
2021-11-17 10:57:47,34.375999450683594,-5.902731895446777,11,9086.666666666668
2021-11-17 10:57:53,34.375919342041016,-5.902544975280762,11,9092.5
2021-11-17 10:57:59,34.3758430480957,-5.902362823486328,11,9099.166666666668
2021-11-17 10:58:05,34.37575912475586,-5.902180194854736,11,9103.333333333334
2021-11-17 10:58:11,34.375675201416016,-5.902005195617676,11,9110.833333333334
2021-11-17 10:58:17,34.37559509277344,-5.901823043823242,11,9115.833333333334
2021-11-17 10:58:23,34.375511169433594,-5.901640892028809,11,9121.666666666668
2021-11-17 10:58:29,34.37542724609375,-5.901463985443115,11,9125.0
2021-11-17 10:58:35,34.375343322753906,-5.901279926300049,11,9132.5
2021-11-17 10:58:41,34.37525939941406,-5.901096820831299,11,9140.0
2021-11-17 10:58:47,34.375179290771484,-5.900918006896973,11,9144.166666666668
2021-11-17 10:58:53,34.37509536743164,-5.900742053985596,11,9151.666666666668
2021-11-17 10:58:59,34.375,-5.900568008422852,12,9156.666666666668
2021-11-17 10:59:05,34.37511444091797,-5.900527000427246,11,9161.666666666668
2021-11-17 10:59:11,34.37518310546875,-5.900719165802002,11,9165.833333333334
2021-11-17 10:59:17,34.375274658203125,-5.900899887084961,11,9171.666666666668
2021-11-17 10:59:23,34.375362396240234,-5.901081085205078,11,9177.5
2021-11-17 10:59:29,34.37545394897461,-5.901261806488037,11,9181.666666666668
2021-11-17 10:59:35,34.37554168701172,-5.901442050933838,11,9187.5
2021-11-17 10:59:41,34.375633239746094,-5.901622772216797,11,9194.166666666666
2021-11-17 10:59:47,34.37571334838867,-5.901803970336914,11,9199.166666666666
2021-11-17 10:59:53,34.37580108642578,-5.901981830596924,11,9205.833333333332
2021-11-17 10:59:59,34.375885009765625,-5.902159214019775,11,9212.5
2021-11-17 11:00:05,34.3759651184082,-5.902336120605469,11,9219.166666666666
2021-11-17 11:00:11,34.37604904174805,-5.902511119842529,11,9221.666666666666
2021-11-17 11:00:17,34.37612533569336,-5.902688980102539,11,9228.333333333332
2021-11-17 11:00:23,34.3762092590332,-5.902870178222656,11,9235.0
2021-11-17 11:00:29,34.37628936767578,-5.903050899505615,11,9240.0
2021-11-17 11:00:35,34.376373291015625,-5.903229236602783,11,9242.5
2021-11-17 11:00:41,34.376461029052734,-5.903407096862793,11,9250.0
2021-11-17 11:00:47,34.37654113769531,-5.903591156005859,11,9256.666666666666
2021-11-17 11:00:53,34.37663269042969,-5.903768062591553,11,9261.666666666666
2021-11-17 11:00:59,34.37671661376953,-5.90394401550293,11,9265.833333333332
2021-11-17 11:01:05,34.376808166503906,-5.904120922088623,11,9272.5
2021-11-17 11:01:11,34.376895904541016,-5.904303073883057,11,9279.166666666666
2021-11-17 11:01:17,34.37697982788086,-5.904487133026123,11,9285.0
2021-11-17 11:01:23,34.37705993652344,-5.904664993286133,11,9288.333333333332
2021-11-17 11:01:29,34.377140045166016,-5.904837131500244,10,9295.833333333332
2021-11-17 11:01:35,34.37721633911133,-5.905011177062988,11,9301.666666666666
2021-11-17 11:01:41,34.377296447753906,-5.905188083648682,11,9306.666666666666
2021-11-17 11:01:47,34.377376556396484,-5.905365943908691,11,9315.0
2021-11-17 11:01:53,34.37745666503906,-5.905540943145752,11,9320.0
2021-11-17 11:01:59,34.37754440307617,-5.9057230949401855,11,9324.166666666666
2021-11-17 11:02:05,34.377628326416016,-5.905902862548828,11,9330.0
2021-11-17 11:02:11,34.377708435058594,-5.906085968017578,11,9332.5
2021-11-17 11:02:17,34.3777961730957,-5.906267166137695,12,9340.833333333332
2021-11-17 11:02:23,34.37788009643555,-5.906451225280762,11,9347.5
2021-11-17 11:02:29,34.37796401977539,-5.906630039215088,11,9354.166666666666
2021-11-17 11:02:35,34.37805938720703,-5.906803131103516,11,9356.666666666666
2021-11-17 11:02:41,34.37798309326172,-5.9069671630859375,12,9365.833333333332
2021-11-17 11:02:47,34.377811431884766,-5.90691614151001,12,9372.5
2021-11-17 11:02:53,34.37771224975586,-5.906736850738525,11,9377.5
2021-11-17 11:02:59,34.37762451171875,-5.906550884246826,12,9385.0
2021-11-17 11:03:05,34.37757110595703,-5.906346797943115,11,9388.333333333332
2021-11-17 11:03:11,34.377498626708984,-5.906144142150879,11,9391.666666666666
2021-11-17 11:03:17,34.3774528503418,-5.905931949615479,12,9399.166666666666
2021-11-17 11:03:23,34.37738800048828,-5.905738830566406,11,9405.0
2021-11-17 11:03:29,34.37734603881836,-5.905663013458252,0,9408.333333333332
2021-11-17 11:03:35,34.37734603881836,-5.905663013458252,0,9412.5
2021-11-17 11:03:41,34.37734603881836,-5.905663013458252,0,9415.833333333332
2021-11-17 11:03:47,34.37734603881836,-5.905663013458252,0,9417.5
2021-11-17 11:03:53,34.37734603881836,-5.905663013458252,0,9421.666666666666
2021-11-17 11:03:59,34.37734603881836,-5.905663013458252,0,9425.833333333332
2021-11-17 11:04:05,34.37734603881836,-5.905663013458252,0,9427.5
2021-11-17 11:04:11,34.37734603881836,-5.905663013458252,0,9433.333333333332
2021-11-17 11:04:17,34.37734603881836,-5.905663013458252,0,9436.666666666666
2021-11-17 11:04:23,34.37734603881836,-5.905663013458252,0,9440.0
2021-11-17 11:04:29,34.37734603881836,-5.905663013458252,0,9444.166666666666
2021-11-17 11:04:35,34.37734603881836,-5.905663013458252,0,9448.333333333332
2021-11-17 11:04:41,34.37734603881836,-5.905663013458252,0,9450.833333333332
2021-11-17 11:04:47,34.37724685668945,-5.905666828155518,6,9458.333333333332
2021-11-17 11:04:53,34.37725067138672,-5.905695915222168,2,9461.666666666666
2021-11-17 11:04:59,34.3773078918457,-5.905782222747803,11,9465.0
2021-11-17 11:05:05,34.37744140625,-5.905965805053711,13,9470.0
2021-11-17 11:05:11,34.37761688232422,-5.906415939331055,16,9470.833333333332
2021-11-17 11:05:17,34.3776741027832,-5.906713962554932,16,9471.666666666666
2021-11-17 11:05:23,34.37775039672852,-5.906991004943848,15,9480.833333333332
2021-11-17 11:05:29,34.377620697021484,-5.907210826873779,16,9484.166666666666
2021-11-17 11:05:35,34.37735748291016,-5.907402038574219,21,9486.666666666666
2021-11-17 11:05:41,34.3770637512207,-5.907588005065918,21,9491.666666666666
2021-11-17 11:05:47,34.37679672241211,-5.907762050628662,19,9495.0
2021-11-17 11:05:53,34.37651824951172,-5.907938003540039,21,9495.833333333332
2021-11-17 11:05:59,34.37622833251953,-5.908114910125732,21,9500.833333333332
2021-11-17 11:06:05,34.37594985961914,-5.908298969268799,23,9506.666666666666
2021-11-17 11:06:11,34.37562561035156,-5.908514022827148,25,9508.333333333332
2021-11-17 11:06:17,34.37528991699219,-5.908740997314453,24,9512.5
2021-11-17 11:06:23,34.375,-5.90894079208374,18,9515.833333333332
2021-11-17 11:06:29,34.37470626831055,-5.909124851226807,23,9522.5
2021-11-17 11:06:35,34.37433242797852,-5.909129142761231,25,9524.166666666666
2021-11-17 11:06:41,34.37392807006836,-5.909107208251953,27,9527.5
2021-11-17 11:06:47,34.37351989746094,-5.909103870391846,26,9530.0
2021-11-17 11:06:53,34.37312316894531,-5.90912389755249,26,9533.333333333332
2021-11-17 11:06:59,34.37273406982422,-5.909186840057373,25,9536.666666666666
2021-11-17 11:07:05,34.3723258972168,-5.909327030181885,30,9540.0
2021-11-17 11:07:11,34.37187194824219,-5.909563064575195,34,9545.0
2021-11-17 11:07:17,34.371421813964844,-5.909883975982666,35,9550.833333333332
2021-11-17 11:07:23,34.37100601196289,-5.910283088684082,35,9554.166666666666
2021-11-17 11:07:29,34.37062072753906,-5.910717964172363,33,9558.333333333332
2021-11-17 11:07:35,34.370323181152344,-5.911160945892334,31,9561.666666666668
2021-11-17 11:07:41,34.37007522583008,-5.911665916442871,33,9564.166666666668
2021-11-17 11:07:47,34.369773864746094,-5.912073135375977,31,9568.333333333334
2021-11-17 11:07:53,34.36931610107422,-5.912380218505859,36,9572.5
2021-11-17 11:07:59,34.368873596191406,-5.912662982940674,29,9578.333333333334
2021-11-17 11:08:05,34.36851501464844,-5.912619113922119,24,9580.0
2021-11-17 11:08:11,34.368194580078125,-5.912299156188965,28,9583.333333333334
2021-11-17 11:08:17,34.3678092956543,-5.912007808685303,31,9590.0
2021-11-17 11:08:23,34.36737060546875,-5.911748886108398,33,9591.666666666668
2021-11-17 11:08:29,34.366886138916016,-5.911561012268066,34,9597.5
2021-11-17 11:08:35,34.36637496948242,-5.911435127258301,35,9604.166666666668
2021-11-17 11:08:41,34.3658561706543,-5.911407947540283,35,9607.5
2021-11-17 11:08:47,34.365325927734375,-5.911437034606934,35,9611.666666666668
2021-11-17 11:08:53,34.364837646484375,-5.911549091339111,31,9615.833333333334
2021-11-17 11:08:59,34.36438751220703,-5.911748886108398,34,9620.0
2021-11-17 11:09:05,34.36391067504883,-5.911993980407715,35,9625.833333333334
2021-11-17 11:09:11,34.363468170166016,-5.912336826324463,34,9627.5
2021-11-17 11:09:17,34.36310195922852,-5.912689208984375,27,9631.666666666666
2021-11-17 11:09:23,34.36294937133789,-5.913125991821289,27,9632.5
2021-11-17 11:09:29,34.362640380859375,-5.913444995880127,26,9635.833333333334
2021-11-17 11:09:35,34.36235427856445,-5.91374397277832,27,9637.5
2021-11-17 11:09:41,34.362037658691406,-5.9140729904174805,24,9642.5
2021-11-17 11:09:47,34.36176300048828,-5.914358139038086,24,9645.833333333334
2021-11-17 11:09:53,34.36151885986328,-5.9145989418029785,17,9652.5
2021-11-17 11:09:59,34.36130905151367,-5.914813041687012,18,9658.333333333334
2021-11-17 11:10:05,34.36109161376953,-5.915029048919678,19,9660.833333333334
2021-11-17 11:10:11,34.36086654663086,-5.915257930755615,19,9662.5
2021-11-17 11:10:17,34.36064529418945,-5.91548490524292,18,9663.333333333334
2021-11-17 11:10:23,34.360496520996094,-5.915657997131348,11,9667.5
2021-11-17 11:10:29,34.36041259765625,-5.915741920471191,2,9672.5
2021-11-17 11:10:35,34.36043930053711,-5.91575813293457,0,9677.5
2021-11-17 11:10:41,34.36043930053711,-5.915687084197998,2,9680.833333333334
2021-11-17 11:10:47,34.36039733886719,-5.915782928466797,8,9688.333333333332
2021-11-17 11:10:53,34.36040496826172,-5.915901184082031,9,9695.0
2021-11-17 11:10:59,34.36042022705078,-5.915994167327881,3,9696.666666666668
2021-11-17 11:11:05,34.36043167114258,-5.91620397567749,15,9703.333333333332
2021-11-17 11:11:11,34.36045455932617,-5.9164628982543945,10,9705.0
2021-11-17 11:11:17,34.36046600341797,-5.916565895080566,2,9707.5
2021-11-17 11:11:23,34.36046600341797,-5.916582107543945,0,9715.833333333332
2021-11-17 11:11:29,34.36046600341797,-5.916562080383301,0,9721.666666666668
2021-11-17 11:11:35,34.360469818115234,-5.916576862335205,0,9725.833333333332
2021-11-17 11:11:41,34.3604736328125,-5.916581153869629,0,9730.833333333332
2021-11-17 11:11:47,34.3604736328125,-5.916584014892578,0,9734.166666666666
2021-11-17 11:11:53,34.3604736328125,-5.916584014892578,0,9737.5
2021-11-17 11:11:59,34.3604736328125,-5.916584014892578,0,9739.166666666666
2021-11-17 11:12:05,34.3604736328125,-5.916584014892578,0,9744.166666666666
2021-11-17 11:12:11,34.36045837402344,-5.916423797607422,9,9752.5
2021-11-17 11:12:17,34.360443115234375,-5.916203022003174,12,9759.166666666666
2021-11-17 11:12:23,34.36042022705078,-5.915970802307129,12,9764.166666666668
2021-11-17 11:12:29,34.36042022705078,-5.91579008102417,7,9767.5
2021-11-17 11:12:35,34.36043167114258,-5.9157490730285645,1,9769.166666666668
2021-11-17 11:12:41,34.36041641235352,-5.915727138519287,2,9775.0
2021-11-17 11:12:47,34.36049270629883,-5.915616989135742,8,9780.833333333332
2021-11-17 11:12:53,34.36056900024414,-5.915526866912842,1,9783.333333333332
2021-11-17 11:12:59,34.360565185546875,-5.915543079376221,0,9785.0
2021-11-17 11:13:05,34.360565185546875,-5.91555118560791,0,9789.166666666668
2021-11-17 11:13:11,34.360565185546875,-5.91555118560791,0,9793.333333333332
2021-11-17 11:13:17,34.360565185546875,-5.91555118560791,0,9795.0
2021-11-17 11:13:23,34.360565185546875,-5.91555118560791,0,9798.333333333332
2021-11-17 11:13:29,34.360565185546875,-5.91555118560791,0,9802.5
2021-11-17 11:13:35,34.360565185546875,-5.91555118560791,0,9805.0
2021-11-17 11:13:41,34.360565185546875,-5.91555118560791,0,9809.166666666668
2021-11-17 11:13:47,34.360565185546875,-5.91555118560791,0,9810.833333333332
2021-11-17 11:13:53,34.36078643798828,-5.915318012237549,3,9815.0
2021-11-17 11:13:59,34.36079025268555,-5.915310859680176,0,9822.5
2021-11-17 11:14:05,34.36079025268555,-5.915310859680176,0,9826.666666666666
2021-11-17 11:14:11,34.36079025268555,-5.915310859680176,0,9832.5
2021-11-17 11:14:17,34.36090087890625,-5.915187835693359,3,9837.5
2021-11-17 11:14:23,34.36090087890625,-5.915183067321777,0,9840.0
2021-11-17 11:14:29,34.36090469360352,-5.915182113647461,0,9843.333333333332
2021-11-17 11:14:35,34.36102294921875,-5.915061950683594,7,9846.666666666666
2021-11-17 11:14:41,34.36109924316406,-5.914985179901123,2,9849.166666666666
2021-11-17 11:14:47,34.36109924316406,-5.914978981018066,0,9852.5
2021-11-17 11:14:53,34.36110305786133,-5.91497802734375,0,9853.333333333332
2021-11-17 11:14:59,34.36110305786133,-5.91497802734375,0,9860.0
2021-11-17 11:15:05,34.36110305786133,-5.91497802734375,0,9866.666666666666
2021-11-17 11:15:11,34.36110305786133,-5.91497802734375,0,9870.0
2021-11-17 11:15:17,34.36110305786133,-5.91497802734375,0,9877.5
2021-11-17 11:15:23,34.36110305786133,-5.91497802734375,0,9883.333333333332
2021-11-17 11:15:29,34.36110305786133,-5.91497802734375,0,9887.5
2021-11-17 11:15:35,34.36110305786133,-5.91497802734375,0,9895.0
2021-11-17 11:15:41,34.36110305786133,-5.91497802734375,0,9895.833333333332
2021-11-17 11:15:47,34.36110305786133,-5.91497802734375,0,9904.166666666666
2021-11-17 11:15:53,34.36110305786133,-5.91497802734375,0,9909.166666666666
2021-11-17 11:15:59,34.36110305786133,-5.91497802734375,0,9913.333333333332
2021-11-17 11:16:05,34.36110305786133,-5.91497802734375,0,9917.5
2021-11-17 11:16:11,34.36110305786133,-5.91497802734375,0,9922.5
2021-11-17 11:16:17,34.36110305786133,-5.91497802734375,0,9924.166666666666
2021-11-17 11:16:23,34.36110305786133,-5.91497802734375,0,9934.166666666668
2021-11-17 11:16:29,34.36110305786133,-5.91497802734375,0,9937.5
2021-11-17 11:16:35,34.36110305786133,-5.91497802734375,0,9940.833333333332
2021-11-17 11:16:41,34.36110305786133,-5.91497802734375,0,9948.333333333332
2021-11-17 11:16:47,34.361778259277344,-5.914291858673096,8,9954.166666666668
2021-11-17 11:16:53,34.361873626708984,-5.914196014404297,8,9957.5
2021-11-17 11:16:59,34.36197280883789,-5.914094924926758,8,9958.333333333332
2021-11-17 11:17:05,34.362064361572266,-5.913998126983643,8,9963.333333333332
2021-11-17 11:17:11,34.36216735839844,-5.91390323638916,8,9965.833333333332
2021-11-17 11:17:17,34.36223602294922,-5.913857936859131,1,9970.833333333332
2021-11-17 11:17:23,34.362239837646484,-5.913856029510498,0,9973.333333333332
2021-11-17 11:17:29,34.362239837646484,-5.913855075836182,0,9975.833333333332
2021-11-17 11:17:35,34.362239837646484,-5.913855075836182,0,9980.0
2021-11-17 11:17:41,34.362239837646484,-5.913855075836182,0,9985.833333333332
2021-11-17 11:17:47,34.362239837646484,-5.913855075836182,0,9992.5
2021-11-17 11:17:53,34.362239837646484,-5.913855075836182,0,9996.666666666668
2021-11-17 11:17:59,34.36239242553711,-5.913684844970703,11,10000.833333333332
2021-11-17 11:18:05,34.36252975463867,-5.91351318359375,15,10004.166666666668
2021-11-17 11:18:11,34.36271667480469,-5.913331985473633,16,10008.333333333332
2021-11-17 11:18:17,34.362892150878906,-5.91315221786499,14,10010.0
2021-11-17 11:18:23,34.362945556640625,-5.912876129150391,16,10015.0
2021-11-17 11:18:29,34.36310958862305,-5.912632942199707,19,10016.666666666668
2021-11-17 11:18:35,34.36333465576172,-5.912424087524414,18,10019.166666666668
2021-11-17 11:18:41,34.36355972290039,-5.912206172943115,19,10020.833333333332
2021-11-17 11:18:47,34.36381149291992,-5.912032127380371,19,10024.166666666668
2021-11-17 11:18:53,34.36408233642578,-5.911888122558594,19,10026.666666666668
2021-11-17 11:18:59,34.364356994628906,-5.911759853363037,19,10029.166666666668
2021-11-17 11:19:05,34.364627838134766,-5.911634922027588,19,10032.5
2021-11-17 11:19:11,34.36491012573242,-5.91152286529541,19,10035.833333333334
2021-11-17 11:19:17,34.36520004272461,-5.91146183013916,19,10036.666666666668
2021-11-17 11:19:23,34.36549758911133,-5.911430835723877,19,10040.0
2021-11-17 11:19:29,34.36579513549805,-5.911417007446289,19,10043.333333333334
2021-11-17 11:19:35,34.3660888671875,-5.911428928375244,19,10045.0
2021-11-17 11:19:41,34.36637878417969,-5.911472797393799,19,10048.333333333334
2021-11-17 11:19:47,34.36666488647461,-5.911538124084473,19,10051.666666666668
2021-11-17 11:19:53,34.36695098876953,-5.9116291999816895,20,10054.166666666668
2021-11-17 11:19:59,34.36724090576172,-5.911747932434082,20,10056.666666666668
2021-11-17 11:20:05,34.36751937866211,-5.91188383102417,19,10057.5
2021-11-17 11:20:11,34.3678092956543,-5.912058830261231,20,10060.833333333334
2021-11-17 11:20:17,34.36808013916016,-5.912247180938721,20,10065.0
2021-11-17 11:20:23,34.36833190917969,-5.912483215332031,21,10067.5
2021-11-17 11:20:29,34.36857223510742,-5.912718772888184,18,10071.666666666666
2021-11-17 11:20:35,34.368804931640625,-5.912737846374512,18,10077.5
2021-11-17 11:20:41,34.36906433105469,-5.912550926208496,21,10085.0
2021-11-17 11:20:47,34.36934280395508,-5.912362098693848,21,10089.166666666666
2021-11-17 11:20:53,34.36962127685547,-5.912177085876465,21,10094.166666666666
2021-11-17 11:20:59,34.369873046875,-5.911980152130127,19,10099.166666666666
2021-11-17 11:21:05,34.37003326416016,-5.911657810211182,21,10105.0
2021-11-17 11:21:11,34.37019348144531,-5.911308765411377,21,10107.5
2021-11-17 11:21:17,34.37038040161133,-5.9109787940979,21,10110.833333333332
2021-11-17 11:21:23,34.37059783935547,-5.910680770874023,22,10115.0
2021-11-17 11:21:29,34.370845794677734,-5.910408020019531,22,10120.0
2021-11-17 11:21:35,34.37108612060547,-5.910139083862305,21,10121.666666666666
2021-11-17 11:21:41,34.37134552001953,-5.909907817840576,21,10124.166666666666
2021-11-17 11:21:47,34.371620178222656,-5.909709930419922,21,10129.166666666666
2021-11-17 11:21:53,34.37190628051758,-5.909523010253906,21,10131.666666666666
2021-11-17 11:21:59,34.3722038269043,-5.909368991851807,21,10134.166666666668
2021-11-17 11:22:05,34.37250900268555,-5.909255027770996,21,10135.833333333334
2021-11-17 11:22:11,34.37282943725586,-5.909177780151367,21,10138.333333333334
2021-11-17 11:22:17,34.3731575012207,-5.909139156341553,22,10139.166666666668
2021-11-17 11:22:23,34.37348556518555,-5.909128189086914,21,10142.5
2021-11-17 11:22:29,34.37381362915039,-5.909134864807129,21,10145.0
2021-11-17 11:22:35,34.374141693115234,-5.909153938293457,21,10146.666666666668
2021-11-17 11:22:41,34.37446975708008,-5.90916919708252,21,10149.166666666668
2021-11-17 11:22:47,34.37477493286133,-5.90907621383667,20,10151.666666666668
2021-11-17 11:22:53,34.37502670288086,-5.908905029296875,18,10153.333333333334
2021-11-17 11:22:59,34.37528610229492,-5.908718109130859,20,10158.333333333334
2021-11-17 11:23:05,34.37554931640625,-5.908534049987793,20,10160.0
2021-11-17 11:23:11,34.37580871582031,-5.908360004425049,19,10161.666666666668
2021-11-17 11:23:17,34.37606430053711,-5.908183097839356,18,10168.333333333334
2021-11-17 11:23:23,34.37631607055664,-5.908021926879883,18,10173.333333333334
2021-11-17 11:23:29,34.37656021118164,-5.907866954803467,18,10175.0
2021-11-17 11:23:35,34.37677764892578,-5.907731056213379,16,10180.833333333332
2021-11-17 11:23:41,34.37700271606445,-5.907584190368652,17,10186.666666666666
2021-11-17 11:23:47,34.37724304199219,-5.907421112060547,19,10193.333333333332
2021-11-17 11:23:53,34.377471923828125,-5.907257080078125,17,10195.833333333332
2021-11-17 11:23:59,34.377647399902344,-5.9071221351623535,9,10204.166666666666
2021-11-17 11:24:05,34.37760925292969,-5.906940937042236,12,10208.333333333332
2021-11-17 11:24:11,34.37751388549805,-5.906763076782227,12,10211.666666666666
2021-11-17 11:24:17,34.37742233276367,-5.90657901763916,12,10212.5
2021-11-17 11:24:23,34.37739181518555,-5.906373977661133,11,10215.833333333332
2021-11-17 11:24:29,34.37741470336914,-5.906166076660156,11,10218.333333333332
2021-11-17 11:24:35,34.377384185791016,-5.905954837799072,11,10220.0
2021-11-17 11:24:41,34.37730026245117,-5.905776977539063,10,10223.333333333332
2021-11-17 11:24:47,34.37730026245117,-5.905640125274658,5,10226.666666666666
2021-11-17 11:24:53,34.37729263305664,-5.90562105178833,4,10230.0
2021-11-17 11:24:59,34.377323150634766,-5.905683994293213,2,10233.333333333332
2021-11-17 11:25:05,34.37732696533203,-5.905694007873535,0,10237.5
2021-11-17 11:25:11,34.377323150634766,-5.905694007873535,0,10240.833333333334
2021-11-17 11:25:17,34.377323150634766,-5.905694007873535,0,10246.666666666668
2021-11-17 11:25:23,34.377323150634766,-5.905694007873535,0,10252.5
2021-11-17 11:25:29,34.377323150634766,-5.905694007873535,0,10255.0
2021-11-17 11:25:35,34.377323150634766,-5.905694007873535,0,10261.666666666668
2021-11-17 11:25:41,34.377323150634766,-5.905694007873535,0,10265.833333333334
2021-11-17 11:25:47,34.377323150634766,-5.905694007873535,0,10270.833333333334
2021-11-17 11:25:53,34.377296447753906,-5.905630111694336,9,10275.0
2021-11-17 11:25:59,34.37721633911133,-5.905460834503174,11,10278.333333333334
2021-11-17 11:26:05,34.37712860107422,-5.905282020568848,11,10285.0
2021-11-17 11:26:11,34.37704086303711,-5.9051032066345215,11,10291.666666666668
2021-11-17 11:26:17,34.376956939697266,-5.904919147491455,11,10295.0
2021-11-17 11:26:23,34.37687301635742,-5.904736042022705,11,10301.666666666668
2021-11-17 11:26:29,34.376792907714844,-5.904555797576904,11,10307.5
2021-11-17 11:26:35,34.376712799072266,-5.904376029968262,11,10314.166666666668
2021-11-17 11:26:41,34.37662887573242,-5.904198169708252,11,10320.833333333334
2021-11-17 11:26:47,34.376548767089844,-5.904018878936768,11,10327.5
2021-11-17 11:26:53,34.37646484375,-5.903831958770752,11,10333.333333333334
2021-11-17 11:26:59,34.37637710571289,-5.903645038604736,11,10340.0
2021-11-17 11:27:05,34.37628936767578,-5.903459072113037,11,10345.0
2021-11-17 11:27:11,34.37620162963867,-5.903274059295654,11,10350.0
2021-11-17 11:27:17,34.37611389160156,-5.903091907501221,11,10354.166666666668
2021-11-17 11:27:23,34.37602996826172,-5.902906894683838,11,10360.833333333334
2021-11-17 11:27:29,34.37594985961914,-5.9027252197265625,11,10367.5
2021-11-17 11:27:35,34.37586212158203,-5.902543067932129,11,10370.833333333334
2021-11-17 11:27:41,34.37577819824219,-5.9023637771606445,11,10376.666666666668
2021-11-17 11:27:47,34.37569046020508,-5.902182102203369,11,10384.166666666668
2021-11-17 11:27:53,34.375606536865234,-5.90199613571167,11,10389.166666666668
2021-11-17 11:27:59,34.37552261352539,-5.90181303024292,11,10395.833333333334
2021-11-17 11:28:05,34.37543869018555,-5.90162992477417,11,10402.5
2021-11-17 11:28:11,34.37535095214844,-5.901449203491211,11,10407.5
2021-11-17 11:28:17,34.37526321411133,-5.901261806488037,11,10415.0
2021-11-17 11:28:23,34.375179290771484,-5.901078224182129,11,10422.5
2021-11-17 11:28:29,34.375083923339844,-5.900897026062012,11,10427.5
2021-11-17 11:28:35,34.3749885559082,-5.900722026824951,11,10434.166666666668
2021-11-17 11:28:41,34.37497329711914,-5.900516986846924,11,10440.833333333332
2021-11-17 11:28:47,34.37513732910156,-5.900572776794434,12,10447.5
2021-11-17 11:28:53,34.375213623046875,-5.900728225708008,10,10451.666666666668
2021-11-17 11:28:59,34.37530517578125,-5.900906085968018,12,10460.0
2021-11-17 11:29:05,34.375396728515625,-5.901103019714356,12,10467.5
2021-11-17 11:29:11,34.37548828125,-5.901295185089111,12,10475.0
2021-11-17 11:29:17,34.37557601928711,-5.90148401260376,11,10480.0
2021-11-17 11:29:23,34.375667572021484,-5.901679992675781,12,10490.0
2021-11-17 11:29:29,34.375755310058594,-5.9018731117248535,11,10490.833333333332
2021-11-17 11:29:35,34.37584686279297,-5.902067184448242,12,10502.5
2021-11-17 11:29:41,34.37593078613281,-5.90225887298584,12,10507.5
2021-11-17 11:29:47,34.37602233886719,-5.902449131011963,12,10515.833333333332
2021-11-17 11:29:53,34.37610626220703,-5.902645111083984,11,10525.0
2021-11-17 11:29:59,34.37619400024414,-5.902842044830322,11,10529.166666666668
2021-11-17 11:30:05,34.37628173828125,-5.903030872344971,12,10536.666666666668
2021-11-17 11:30:11,34.37637710571289,-5.903224945068359,12,10543.333333333332
2021-11-17 11:30:17,34.376461029052734,-5.903418064117432,11,10552.5
2021-11-17 11:30:23,34.37655258178711,-5.903611183166504,12,10556.666666666668
2021-11-17 11:30:29,34.37664031982422,-5.903804779052734,11,10565.0
2021-11-17 11:30:35,34.376731872558594,-5.903988838195801,11,10571.666666666668
2021-11-17 11:30:41,34.3768196105957,-5.90418004989624,12,10575.833333333332
2021-11-17 11:30:47,34.37690734863281,-5.904369831085205,12,10582.5
2021-11-17 11:30:53,34.37699508666992,-5.904555797576904,11,10587.5
2021-11-17 11:30:59,34.37708282470703,-5.904746055603027,11,10596.666666666666
2021-11-17 11:31:05,34.37717056274414,-5.904933929443359,12,10604.166666666666
2021-11-17 11:31:11,34.37725830078125,-5.905117988586426,11,10610.833333333332
2021-11-17 11:31:17,34.377342224121094,-5.905301094055176,11,10612.5
2021-11-17 11:31:23,34.37742614746094,-5.905485153198242,11,10620.0
2021-11-17 11:31:29,34.37751770019531,-5.905671119689941,11,10622.5
2021-11-17 11:31:35,34.37760925292969,-5.905856132507324,11,10635.0
2021-11-17 11:31:41,34.3776969909668,-5.9060468673706055,11,10640.833333333334
2021-11-17 11:31:47,34.377777099609375,-5.906239986419678,11,10645.833333333334
2021-11-17 11:31:53,34.377864837646484,-5.906429767608643,12,10652.5
2021-11-17 11:31:59,34.37794876098633,-5.906620025634766,11,10660.0
2021-11-17 11:32:05,34.378047943115234,-5.906799793243408,12,10665.0
2021-11-17 11:32:11,34.37795639038086,-5.906960964202881,11,10673.333333333334
2021-11-17 11:32:17,34.37779235839844,-5.906991958618164,11,10679.166666666668
2021-11-17 11:32:23,34.377685546875,-5.906824111938477,11,10683.333333333334
2021-11-17 11:32:29,34.37759017944336,-5.906653881072998,11,10689.166666666668
2021-11-17 11:32:35,34.37757110595703,-5.906455039978027,10,10694.166666666668
2021-11-17 11:32:41,34.37750244140625,-5.906282901763916,10,10699.166666666668
2021-11-17 11:32:47,34.37742233276367,-5.906105041503906,11,10702.5
2021-11-17 11:32:53,34.37737274169922,-5.905900955200195,11,10707.5
2021-11-17 11:32:59,34.377296447753906,-5.905714988708496,11,10710.833333333334
2021-11-17 11:33:05,34.377201080322266,-5.905537128448486,11,10717.5
2021-11-17 11:33:11,34.37710952758789,-5.9053568840026855,11,10722.5
2021-11-17 11:33:17,34.37701797485352,-5.905183792114258,11,10729.166666666668
2021-11-17 11:33:23,34.376953125,-5.904985904693604,11,10735.0
2021-11-17 11:33:29,34.37687301635742,-5.904798030853272,11,10738.333333333332
2021-11-17 11:33:35,34.37678909301758,-5.9046149253845215,11,10745.833333333332
2021-11-17 11:33:41,34.376705169677734,-5.904429912567139,11,10751.666666666668
2021-11-17 11:33:47,34.37662506103516,-5.904242992401123,11,10758.333333333332
2021-11-17 11:33:53,34.37654113769531,-5.90405797958374,11,10763.333333333332
2021-11-17 11:33:59,34.3764533996582,-5.903871059417725,11,10770.833333333332
2021-11-17 11:34:05,34.37635803222656,-5.903676986694336,12,10775.0
2021-11-17 11:34:11,34.37627029418945,-5.9034857749938965,12,10782.5
2021-11-17 11:34:17,34.37617874145508,-5.903300762176514,12,10788.333333333334
2021-11-17 11:34:23,34.37609100341797,-5.903114795684815,11,10791.666666666668
2021-11-17 11:34:29,34.37600326538086,-5.902926921844482,11,10797.5
2021-11-17 11:34:35,34.37591552734375,-5.902740001678467,11,10804.166666666668
2021-11-17 11:34:41,34.37583541870117,-5.902554035186768,11,10810.0
2021-11-17 11:34:47,34.37574768066406,-5.902368068695068,11,10814.166666666668
2021-11-17 11:34:53,34.37566375732422,-5.902181148529053,11,10822.5
2021-11-17 11:34:59,34.37557601928711,-5.901997089385986,11,10828.333333333332
2021-11-17 11:35:05,34.37549591064453,-5.90180778503418,11,10836.666666666668
2021-11-17 11:35:11,34.37540817260742,-5.901625156402588,11,10840.833333333332
2021-11-17 11:35:17,34.37532043457031,-5.901443004608154,11,10847.5
2021-11-17 11:35:23,34.37523651123047,-5.9012532234191895,11,10855.833333333332
2021-11-17 11:35:29,34.3751335144043,-5.901034832000732,11,10861.666666666668
2021-11-17 11:35:35,34.37504196166992,-5.900850772857666,11,10867.5
2021-11-17 11:35:41,34.37498474121094,-5.900650024414063,11,10875.0
2021-11-17 11:35:47,34.37504959106445,-5.900471210479736,13,10880.0
2021-11-17 11:35:53,34.375186920166016,-5.900601863861084,12,10887.5
2021-11-17 11:35:59,34.37528610229492,-5.90078592300415,12,10895.833333333332
2021-11-17 11:36:05,34.375362396240234,-5.900940895080566,12,10900.0
2021-11-17 11:36:11,34.375450134277344,-5.901125907897949,11,10904.166666666668
2021-11-17 11:36:17,34.37553787231445,-5.90130615234375,11,10912.5
2021-11-17 11:36:23,34.37562561035156,-5.901483058929443,11,10921.666666666666
2021-11-17 11:36:29,34.37570571899414,-5.901669979095459,11,10925.833333333332
2021-11-17 11:36:35,34.37579345703125,-5.901854991912842,12,10934.166666666666
2021-11-17 11:36:41,34.37588119506836,-5.902040958404541,11,10938.333333333332
2021-11-17 11:36:47,34.37596893310547,-5.902228832244873,11,10947.5
2021-11-17 11:36:53,34.37605667114258,-5.902419090270996,11,10951.666666666666
2021-11-17 11:36:59,34.37613677978516,-5.902606010437012,11,10960.0
2021-11-17 11:37:05,34.376220703125,-5.902791976928711,11,10966.666666666666
2021-11-17 11:37:11,34.376312255859375,-5.902980804443359,12,10971.666666666666
2021-11-17 11:37:17,34.37639617919922,-5.903173923492432,11,10978.333333333332
2021-11-17 11:37:23,34.37648010253906,-5.903364181518555,11,10985.833333333332
2021-11-17 11:37:29,34.376564025878906,-5.903550148010254,12,10994.166666666666
2021-11-17 11:37:35,34.37664794921875,-5.903741836547852,11,10998.333333333332
2021-11-17 11:37:41,34.37672805786133,-5.903915882110596,12,11004.166666666666
2021-11-17 11:37:47,34.37681579589844,-5.904102802276611,11,11012.5
2021-11-17 11:37:53,34.37689971923828,-5.904285907745361,11,11016.666666666666
2021-11-17 11:37:59,34.376983642578125,-5.904472827911377,11,11024.166666666666
2021-11-17 11:38:05,34.37706756591797,-5.904662132263184,12,11029.166666666666
2021-11-17 11:38:11,34.37715148925781,-5.904849052429199,11,11037.5
2021-11-17 11:38:17,34.37723922729492,-5.905033111572266,11,11045.0
2021-11-17 11:38:23,34.3773193359375,-5.905204772949219,11,11050.0
2021-11-17 11:38:29,34.377403259277344,-5.905375957489014,10,11057.5
2021-11-17 11:38:35,34.37749099731445,-5.905557155609131,11,11062.5
2021-11-17 11:38:41,34.37758255004883,-5.905741214752197,12,11066.666666666666
2021-11-17 11:38:47,34.37767028808594,-5.905923843383789,11,11073.333333333332
2021-11-17 11:38:53,34.37775421142578,-5.906114101409912,12,11079.166666666666
2021-11-17 11:38:59,34.37784194946289,-5.9063029289245605,12,11085.0
2021-11-17 11:39:05,34.37792205810547,-5.906496047973633,11,11093.333333333332
2021-11-17 11:39:11,34.378013610839844,-5.906679153442383,11,11097.5
2021-11-17 11:39:17,34.378047943115234,-5.906866073608398,11,11105.0
2021-11-17 11:39:23,34.377906799316406,-5.906990051269531,11,11111.666666666666
2021-11-17 11:39:29,34.37774658203125,-5.907009124755859,12,11115.833333333332
2021-11-17 11:39:35,34.377647399902344,-5.906827926635742,11,11122.5
2021-11-17 11:39:41,34.377559661865234,-5.906668186187744,11,11128.333333333334
2021-11-17 11:39:47,34.37755584716797,-5.906477928161621,9,11133.333333333334
2021-11-17 11:39:53,34.377525329589844,-5.906320095062256,9,11135.833333333334
2021-11-17 11:39:59,34.37742614746094,-5.906177043914795,11,11142.5
2021-11-17 11:40:05,34.37735366821289,-5.905992031097412,11,11147.5
2021-11-17 11:40:11,34.37728500366211,-5.905810832977295,10,11152.5
2021-11-17 11:40:17,34.377174377441406,-5.905652046203613,11,11155.833333333334
2021-11-17 11:40:23,34.377079010009766,-5.905477046966553,11,11161.666666666668
2021-11-17 11:40:29,34.376991271972656,-5.90529203414917,11,11167.5
2021-11-17 11:40:35,34.37690353393555,-5.905107021331787,11,11174.166666666668
2021-11-17 11:40:41,34.3768196105957,-5.9049248695373535,11,11178.333333333334
2021-11-17 11:40:47,34.37673568725586,-5.904737949371338,11,11183.333333333334
2021-11-17 11:40:53,34.37664794921875,-5.904553890228272,11,11189.166666666668
2021-11-17 11:40:59,34.37656021118164,-5.904367923736572,11,11195.0
2021-11-17 11:41:05,34.37647247314453,-5.904181003570557,11,11200.833333333334
2021-11-17 11:41:11,34.37638854980469,-5.903995990753174,11,11204.166666666668
2021-11-17 11:41:17,34.37630081176758,-5.903811931610107,11,11210.0
2021-11-17 11:41:23,34.37621307373047,-5.903617858886719,11,11217.5
2021-11-17 11:41:29,34.37612533569336,-5.903429985046387,11,11220.833333333334
2021-11-17 11:41:35,34.37603759765625,-5.903240203857422,11,11225.833333333334
2021-11-17 11:41:41,34.37594985961914,-5.903050899505615,11,11230.0
2021-11-17 11:41:47,34.3758659362793,-5.902859210968018,12,11235.833333333334
2021-11-17 11:41:53,34.37578201293945,-5.902669906616211,11,11241.666666666668
2021-11-17 11:41:59,34.375694274902344,-5.9024858474731445,11,11245.833333333334
2021-11-17 11:42:05,34.37560272216797,-5.902303218841553,11,11253.333333333334
2021-11-17 11:42:11,34.37551498413086,-5.902116775512695,11,11258.333333333334
2021-11-17 11:42:17,34.37543487548828,-5.9019317626953125,11,11261.666666666668
2021-11-17 11:42:23,34.37535095214844,-5.901749134063721,11,11269.166666666668
2021-11-17 11:42:29,34.375267028808594,-5.901558876037598,11,11275.833333333334
2021-11-17 11:42:35,34.375179290771484,-5.901371955871582,11,11281.666666666668
2021-11-17 11:42:41,34.37509536743164,-5.901187896728516,10,11285.833333333334
2021-11-17 11:42:47,34.374996185302734,-5.901021957397461,11,11292.5
2021-11-17 11:42:53,34.375099182128906,-5.900924205780029,13,11295.833333333334
2021-11-17 11:42:59,34.375152587890625,-5.901120185852051,10,11300.0
2021-11-17 11:43:05,34.37522506713867,-5.901303768157959,11,11307.5
2021-11-17 11:43:11,34.375301361083984,-5.901486873626709,11,11310.833333333334
2021-11-17 11:43:17,34.37538528442383,-5.901665210723877,11,11317.5
2021-11-17 11:43:23,34.375465393066406,-5.901852130889893,11,11323.333333333334
2021-11-17 11:43:29,34.37554931640625,-5.902035236358643,11,11330.0
2021-11-17 11:43:35,34.375633239746094,-5.902218818664551,11,11335.833333333334
2021-11-17 11:43:41,34.37571716308594,-5.90240478515625,11,11341.666666666668
2021-11-17 11:43:47,34.37580108642578,-5.902586936950684,11,11346.666666666668
2021-11-17 11:43:53,34.375885009765625,-5.90277099609375,12,11351.666666666668
2021-11-17 11:43:59,34.3759651184082,-5.902958869934082,11,11357.5
2021-11-17 11:44:05,34.37604522705078,-5.903151035308838,11,11363.333333333334
2021-11-17 11:44:11,34.37613296508789,-5.903340816497803,11,11366.666666666668
2021-11-17 11:44:17,34.376220703125,-5.903532028198242,11,11373.333333333334
2021-11-17 11:44:23,34.37630844116211,-5.903721809387207,11,11376.666666666668
2021-11-17 11:44:29,34.37639617919922,-5.90391206741333,11,11382.5
2021-11-17 11:44:35,34.37648391723633,-5.904099941253662,11,11385.0
2021-11-17 11:44:41,34.37656784057617,-5.9042840003967285,11,11391.666666666668
2021-11-17 11:44:47,34.37665557861328,-5.904460906982422,11,11398.333333333334
2021-11-17 11:44:53,34.37674331665039,-5.904645919799805,11,11402.5
2021-11-17 11:44:59,34.376827239990234,-5.90483283996582,11,11410.0
2021-11-17 11:45:05,34.37691879272461,-5.90501594543457,11,11415.0
2021-11-17 11:45:11,34.37700653076172,-5.905200958251953,11,11421.666666666668
2021-11-17 11:45:17,34.37710189819336,-5.905384063720703,11,11425.0
2021-11-17 11:45:23,34.377193450927734,-5.905563831329346,11,11432.5
2021-11-17 11:45:29,34.37727355957031,-5.905749797821045,11,11436.666666666668
2021-11-17 11:45:35,34.37739944458008,-5.905904769897461,12,11440.833333333334
2021-11-17 11:45:41,34.377498626708984,-5.906089782714844,12,11448.333333333334
2021-11-17 11:45:47,34.37741470336914,-5.906179904937744,11,11454.166666666668
2021-11-17 11:45:53,34.37733459472656,-5.905999183654785,12,11459.166666666668
2021-11-17 11:45:59,34.37725067138672,-5.905828952789307,10,11462.5
2021-11-17 11:46:05,34.37715530395508,-5.905672073364258,11,11468.333333333332
2021-11-17 11:46:11,34.37705612182617,-5.9054951667785645,11,11475.0
2021-11-17 11:46:17,34.37697219848633,-5.905311107635498,11,11480.833333333332
2021-11-17 11:46:23,34.376888275146484,-5.905126094818115,11,11485.0
2021-11-17 11:46:29,34.376808166503906,-5.904940128326416,11,11491.666666666666
2021-11-17 11:46:35,34.37672805786133,-5.9047532081604,11,11496.666666666666
2021-11-17 11:46:41,34.37664031982422,-5.90457820892334,11,11500.0
2021-11-17 11:46:47,34.376548767089844,-5.904396057128906,11,11506.666666666668
2021-11-17 11:46:53,34.37645721435547,-5.904214859008789,11,11510.833333333332
2021-11-17 11:46:59,34.376373291015625,-5.904033184051514,11,11515.0
2021-11-17 11:47:05,34.37628173828125,-5.903854846954346,11,11521.666666666668
2021-11-17 11:47:11,34.37618637084961,-5.903668880462647,11,11528.333333333332
2021-11-17 11:47:17,34.376102447509766,-5.9034857749938965,11,11533.333333333332
2021-11-17 11:47:23,34.37602233886719,-5.903295993804932,11,11537.5
2021-11-17 11:47:29,34.37594223022461,-5.903110980987549,11,11542.5
2021-11-17 11:47:35,34.375858306884766,-5.9029221534729,11,11548.333333333332
2021-11-17 11:47:41,34.37577438354492,-5.902738094329834,11,11554.166666666666
2021-11-17 11:47:47,34.37568664550781,-5.902554035186768,11,11557.5
2021-11-17 11:47:53,34.37560272216797,-5.902369976043701,12,11563.333333333332
2021-11-17 11:47:59,34.37551498413086,-5.902181148529053,11,11570.0
2021-11-17 11:48:05,34.375431060791016,-5.9019927978515625,11,11572.5
2021-11-17 11:48:11,34.37535095214844,-5.90181303024292,11,11579.166666666666
2021-11-17 11:48:17,34.375267028808594,-5.901632785797119,11,11585.0
2021-11-17 11:48:23,34.37518310546875,-5.901450157165527,11,11590.0
2021-11-17 11:48:29,34.37509536743164,-5.9012651443481445,11,11595.0
2021-11-17 11:48:35,34.37501525878906,-5.901078224182129,11,11600.0
2021-11-17 11:48:41,34.375003814697266,-5.900876998901367,11,11605.833333333332
2021-11-17 11:48:47,34.37512969970703,-5.900958061218262,11,11609.166666666666
2021-11-17 11:48:53,34.37520217895508,-5.901145935058594,11,11615.833333333332
2021-11-17 11:48:59,34.375274658203125,-5.901343822479248,12,11618.333333333332
2021-11-17 11:49:05,34.37535858154297,-5.901534080505371,12,11630.0
2021-11-17 11:49:11,34.37544250488281,-5.901724815368652,11,11635.833333333332
2021-11-17 11:49:17,34.375526428222656,-5.901913166046143,11,11640.0
2021-11-17 11:49:23,34.3756103515625,-5.902101039886475,11,11648.333333333332
2021-11-17 11:49:29,34.375694274902344,-5.902289867401123,11,11653.333333333332
2021-11-17 11:49:35,34.37578201293945,-5.90247917175293,11,11659.166666666668
2021-11-17 11:49:41,34.3758659362793,-5.902668952941895,11,11667.5
2021-11-17 11:49:47,34.37594985961914,-5.902862071990967,12,11672.5
2021-11-17 11:49:53,34.37603759765625,-5.903050899505615,12,11677.5
2021-11-17 11:49:59,34.37612533569336,-5.903244018554688,12,11684.166666666668
2021-11-17 11:50:05,34.37621307373047,-5.903435230255127,12,11690.0
2021-11-17 11:50:11,34.37629699707031,-5.903622150421143,11,11693.333333333332
2021-11-17 11:50:17,34.37638473510742,-5.903808116912842,11,11700.0
2021-11-17 11:50:23,34.376468658447266,-5.903991222381592,11,11704.166666666668
2021-11-17 11:50:29,34.37655258178711,-5.904171943664551,11,11710.833333333332
2021-11-17 11:50:35,34.37664031982422,-5.904354095458984,11,11715.0
2021-11-17 11:50:41,34.37672805786133,-5.904537200927734,11,11721.666666666668
2021-11-17 11:50:47,34.37681198120117,-5.90471887588501,11,11727.5
2021-11-17 11:50:53,34.376895904541016,-5.904902935028076,11,11733.333333333334
2021-11-17 11:50:59,34.37697982788086,-5.905083179473877,11,11737.5
2021-11-17 11:51:05,34.37705993652344,-5.905259132385254,10,11740.0
2021-11-17 11:51:11,34.377140045166016,-5.905426979064941,10,11746.666666666668
2021-11-17 11:51:17,34.37721252441406,-5.905601978302002,10,11750.833333333334
2021-11-17 11:51:23,34.37731170654297,-5.905746936798096,10,11756.666666666668
2021-11-17 11:51:29,34.37742614746094,-5.905886173248291,11,11762.5
2021-11-17 11:51:35,34.37751388549805,-5.906062126159668,11,11765.833333333334
2021-11-17 11:51:41,34.3774299621582,-5.906188011169434,10,11769.166666666668
2021-11-17 11:51:47,34.37729263305664,-5.906074047088623,11,11774.166666666668
2021-11-17 11:51:53,34.377235412597656,-5.905900001525879,9,11777.5
2021-11-17 11:51:59,34.37716293334961,-5.905760765075684,9,11782.5
2021-11-17 11:52:05,34.37706756591797,-5.905622005462647,10,11787.5
2021-11-17 11:52:11,34.376991271972656,-5.905447959899902,10,11793.333333333334
2021-11-17 11:52:17,34.37691116333008,-5.905271053314209,11,11796.666666666668
2021-11-17 11:52:23,34.37683868408203,-5.905089855194092,11,11803.333333333334
2021-11-17 11:52:29,34.376766204833984,-5.904903888702393,11,11810.833333333334
2021-11-17 11:52:35,34.37668991088867,-5.904740810394287,9,11815.0
2021-11-17 11:52:41,34.3765983581543,-5.9045729637146,11,11820.833333333334
2021-11-17 11:52:47,34.37652587890625,-5.904387950897217,11,11827.5
2021-11-17 11:52:53,34.376434326171875,-5.904209136962891,11,11832.5
2021-11-17 11:52:59,34.376346588134766,-5.904026985168457,11,11836.666666666666
2021-11-17 11:53:05,34.37626647949219,-5.903848171234131,11,11842.5
2021-11-17 11:53:11,34.37618637084961,-5.903660774230957,11,11848.333333333334
2021-11-17 11:53:17,34.376102447509766,-5.903479099273682,11,11851.666666666668
2021-11-17 11:53:23,34.37602615356445,-5.903292179107666,11,11855.833333333334
2021-11-17 11:53:29,34.37594985961914,-5.9031081199646,11,11861.666666666668
2021-11-17 11:53:35,34.3758659362793,-5.902923107147217,11,11866.666666666668
2021-11-17 11:53:41,34.37578582763672,-5.902742862701416,11,11872.5
2021-11-17 11:53:47,34.375770568847656,-5.902581214904785,10,11875.833333333334
2021-11-17 11:53:53,34.37586975097656,-5.902685165405273,11,11881.666666666666
2021-11-17 11:53:59,34.37589645385742,-5.902883052825928,11,11885.833333333334
2021-11-17 11:54:05,34.37596893310547,-5.903067111968994,11,11890.833333333334
2021-11-17 11:54:11,34.37604904174805,-5.903247833251953,11,11896.666666666668
2021-11-17 11:54:17,34.376129150390625,-5.90343189239502,11,11899.166666666668
2021-11-17 11:54:23,34.37621307373047,-5.903616905212402,11,11904.166666666668
2021-11-17 11:54:29,34.376304626464844,-5.903791904449463,11,11909.166666666668
2021-11-17 11:54:35,34.37638854980469,-5.903966903686523,11,11914.166666666668
2021-11-17 11:54:41,34.37647247314453,-5.904139995574951,11,11917.5
2021-11-17 11:54:47,34.376548767089844,-5.9043169021606445,11,11923.333333333334
2021-11-17 11:54:53,34.37663650512695,-5.904499053955078,11,11930.0
2021-11-17 11:54:59,34.37672805786133,-5.904678821563721,11,11935.0
2021-11-17 11:55:05,34.37681579589844,-5.904858112335205,11,11940.0
2021-11-17 11:55:11,34.37689971923828,-5.905036926269531,11,11945.0
2021-11-17 11:55:17,34.376983642578125,-5.905210971832275,10,11948.333333333334
2021-11-17 11:55:23,34.37705993652344,-5.905387878417969,10,11954.166666666668
2021-11-17 11:55:29,34.37714767456055,-5.905556201934815,10,11957.5
2021-11-17 11:55:35,34.37724304199219,-5.905713081359863,10,11962.5
2021-11-17 11:55:41,34.377235412597656,-5.90589714050293,9,11968.333333333334
2021-11-17 11:55:47,34.37722396850586,-5.90606689453125,9,11972.5
2021-11-17 11:55:53,34.37730026245117,-5.906228065490723,10,11975.833333333334
2021-11-17 11:55:59,34.37736129760742,-5.906379222869873,8,11980.0
2021-11-17 11:56:05,34.37738800048828,-5.906517028808594,7,11989.166666666668
2021-11-17 11:56:11,34.377464294433594,-5.906628131866455,9,11992.5
2021-11-17 11:56:17,34.37755584716797,-5.906768798828125,10,11998.333333333334
2021-11-17 11:56:23,34.377567291259766,-5.907094955444336,10,12001.666666666668
2021-11-17 11:56:29,34.37742614746094,-5.907197952270508,11,12011.666666666668
2021-11-17 11:56:35,34.37727355957031,-5.907299041748047,11,12017.5
2021-11-17 11:56:41,34.37712478637695,-5.90739107131958,11,12024.166666666668
2021-11-17 11:56:47,34.37696838378906,-5.907483100891113,11,12028.333333333334
2021-11-17 11:56:53,34.3768196105957,-5.907577037811279,11,12032.5
2021-11-17 11:56:59,34.37669372558594,-5.907532215118408,10,12040.833333333334
2021-11-17 11:57:05,34.376827239990234,-5.907485008239746,11,12046.666666666668
2021-11-17 11:57:11,34.37697982788086,-5.907402992248535,11,12051.666666666666
2021-11-17 11:57:17,34.37714385986328,-5.9073028564453125,11,12056.666666666666
2021-11-17 11:57:23,34.377296447753906,-5.907200813293457,11,12063.333333333332
2021-11-17 11:57:29,34.37744140625,-5.907102108001709,10,12070.833333333332
2021-11-17 11:57:35,34.37758255004883,-5.907005786895752,10,12074.166666666666
2021-11-17 11:57:41,34.377716064453125,-5.906949996948242,9,12079.166666666666
2021-11-17 11:57:47,34.377742767333984,-5.906986236572266,0,12085.0
2021-11-17 11:57:53,34.377742767333984,-5.906991004943848,0,12086.666666666666
2021-11-17 11:57:59,34.377742767333984,-5.906991958618164,0,12093.333333333332
2021-11-17 11:58:05,34.377742767333984,-5.906991958618164,0,12096.666666666666
2021-11-17 11:58:11,34.377742767333984,-5.906991958618164,0,12099.166666666666
2021-11-17 11:58:17,34.377742767333984,-5.906991958618164,0,12105.833333333332
2021-11-17 11:58:23,34.3776969909668,-5.907086849212647,10,12111.666666666666
2021-11-17 11:58:29,34.3775520324707,-5.907154083251953,10,12116.666666666666
2021-11-17 11:58:35,34.37740707397461,-5.907248973846436,11,12120.833333333332
2021-11-17 11:58:41,34.37724685668945,-5.907341003417969,11,12127.5
2021-11-17 11:58:47,34.37709426879883,-5.907439231872559,11,12134.166666666666
2021-11-17 11:58:53,34.37693405151367,-5.907540798187256,11,12141.666666666666
2021-11-17 11:58:59,34.37677383422852,-5.907637119293213,12,12146.666666666666
2021-11-17 11:59:05,34.376708984375,-5.907506942749023,11,12153.333333333334
2021-11-17 11:59:11,34.37686538696289,-5.907421112060547,11,12157.5
2021-11-17 11:59:17,34.37702178955078,-5.907322883605957,11,12163.333333333334
2021-11-17 11:59:23,34.37718200683594,-5.907224178314209,11,12171.666666666666
2021-11-17 11:59:29,34.37733459472656,-5.907124996185303,11,12175.833333333334
2021-11-17 11:59:35,34.37749099731445,-5.90703010559082,11,12180.833333333332
2021-11-17 11:59:41,34.37763214111328,-5.906908988952637,12,12190.0
2021-11-17 11:59:47,34.377723693847656,-5.906994819641113,11,12193.333333333332
2021-11-17 11:59:53,34.37759780883789,-5.907111167907715,9,12199.166666666666
2021-11-17 11:59:59,34.377464294433594,-5.907229900360107,11,12205.833333333332
2021-11-17 12:00:05,34.3773193359375,-5.907334804534912,11,12210.0
2021-11-17 12:00:11,34.377159118652344,-5.907427787780762,12,12214.166666666666
2021-11-17 12:00:17,34.37700271606445,-5.907526969909668,11,12222.5
2021-11-17 12:00:23,34.3768424987793,-5.907637119293213,11,12228.333333333334
2021-11-17 12:00:29,34.37670135498047,-5.907567024230957,11,12235.833333333334
2021-11-17 12:00:35,34.37678527832031,-5.907413959503174,11,12239.166666666668
2021-11-17 12:00:41,34.376930236816406,-5.907332897186279,10,12245.833333333334
2021-11-17 12:00:47,34.377052307128906,-5.907261848449707,10,12249.166666666668
2021-11-17 12:00:53,34.37722396850586,-5.907154083251953,10,12254.166666666668
2021-11-17 12:00:59,34.37736892700195,-5.907061100006104,10,12260.833333333334
2021-11-17 12:01:05,34.37750625610352,-5.9069647789001465,10,12265.0
2021-11-17 12:01:11,34.37763977050781,-5.906873226165772,9,12271.666666666668
2021-11-17 12:01:17,34.37776565551758,-5.906951904296875,10,12276.666666666668
2021-11-17 12:01:23,34.37769317626953,-5.907069206237793,9,12280.0
2021-11-17 12:01:29,34.377647399902344,-5.90703010559082,0,12285.833333333334
2021-11-17 12:01:35,34.377647399902344,-5.90703010559082,0,12289.166666666668
2021-11-17 12:01:41,34.377647399902344,-5.907029151916504,0,12294.166666666668
2021-11-17 12:01:47,34.377647399902344,-5.907029151916504,0,12296.666666666668
2021-11-17 12:01:53,34.377647399902344,-5.907029151916504,0,12302.5
2021-11-17 12:01:59,34.377647399902344,-5.907029151916504,0,12307.5
2021-11-17 12:02:05,34.377647399902344,-5.907029151916504,0,12312.5
2021-11-17 12:02:11,34.377647399902344,-5.907029151916504,0,12315.0
2021-11-17 12:02:17,34.377647399902344,-5.907029151916504,0,12316.666666666668
2021-11-17 12:02:23,34.377647399902344,-5.907029151916504,0,12318.333333333334
2021-11-17 12:02:29,34.377647399902344,-5.907029151916504,0,12330.0
2021-11-17 12:02:35,34.377647399902344,-5.907029151916504,0,12336.666666666668
2021-11-17 12:02:41,34.377647399902344,-5.907029151916504,0,12338.333333333334
2021-11-17 12:02:47,34.377647399902344,-5.907029151916504,0,12342.5
2021-11-17 12:02:53,34.377647399902344,-5.907029151916504,0,12348.333333333334
2021-11-17 12:02:59,34.377647399902344,-5.907029151916504,0,12349.166666666668
2021-11-17 12:03:05,34.377647399902344,-5.907029151916504,0,12355.0
2021-11-17 12:03:11,34.377647399902344,-5.907029151916504,0,12359.166666666668
2021-11-17 12:03:17,34.377647399902344,-5.907029151916504,0,12365.0
2021-11-17 12:03:23,34.377647399902344,-5.907029151916504,0,12367.5
2021-11-17 12:03:29,34.377647399902344,-5.907029151916504,0,12371.666666666668
2021-11-17 12:03:35,34.377647399902344,-5.907029151916504,0,12377.5
2021-11-17 12:03:41,34.377647399902344,-5.907029151916504,0,12381.666666666666
2021-11-17 12:03:47,34.377647399902344,-5.907029151916504,0,12386.666666666666
2021-11-17 12:03:53,34.377647399902344,-5.907029151916504,0,12391.666666666666
2021-11-17 12:03:59,34.377647399902344,-5.907029151916504,0,12396.666666666666
2021-11-17 12:04:05,34.377647399902344,-5.907029151916504,0,12400.0
2021-11-17 12:04:11,34.377647399902344,-5.907029151916504,0,12402.5
