Temps,Latitude,Longitude,Vitesse,Consommation (ml)
2021-11-19 14:36:25,34.3567008972168,-5.930105209350586,9,11.666666666666666
2021-11-19 14:36:31,34.35683822631836,-5.929996967315674,10,15.833333333333332
2021-11-19 14:36:37,34.356956481933594,-5.92987585067749,11,22.5
2021-11-19 14:36:43,34.357086181640625,-5.929748058319092,11,27.5
2021-11-19 14:36:49,34.35720443725586,-5.929622173309326,8,33.333333333333336
2021-11-19 14:36:55,34.35731887817383,-5.929512977600098,10,40.0
2021-11-19 14:37:01,34.35744094848633,-5.929381847381592,10,47.5
2021-11-19 14:37:07,34.35756301879883,-5.929257869720459,9,51.66666666666666
2021-11-19 14:37:13,34.35768127441406,-5.9291300773620605,10,57.5
2021-11-19 14:37:19,34.35780334472656,-5.928991794586182,11,62.5
2021-11-19 14:37:25,34.3579216003418,-5.928876876831055,9,69.16666666666667
2021-11-19 14:37:31,34.3580322265625,-5.9287590980529785,10,76.66666666666667
2021-11-19 14:37:37,34.3581428527832,-5.928631782531738,10,79.16666666666667
2021-11-19 14:37:43,34.35826110839844,-5.928515911102295,10,82.5
2021-11-19 14:37:49,34.358375549316406,-5.928392887115479,10,95.0
2021-11-19 14:37:55,34.35848617553711,-5.928253173828125,10,99.16666666666669
2021-11-19 14:38:01,34.358604431152344,-5.928114891052246,11,105.83333333333334
2021-11-19 14:38:07,34.35875701904297,-5.928034782409668,10,111.66666666666669
2021-11-19 14:38:13,34.35890197753906,-5.927958011627197,10,117.5
2021-11-19 14:38:19,34.359039306640625,-5.9278998374938965,11,121.66666666666669
2021-11-19 14:38:25,34.35905456542969,-5.928073883056641,10,124.16666666666669
2021-11-19 14:38:31,34.35897445678711,-5.928236961364746,11,128.33333333333334
2021-11-19 14:38:37,34.35887145996094,-5.928380012512207,10,135.83333333333334
2021-11-19 14:38:43,34.35879135131836,-5.928534030914307,11,141.66666666666669
2021-11-19 14:38:49,34.35869598388672,-5.928688049316406,10,145.83333333333334
2021-11-19 14:38:55,34.35861587524414,-5.928852081298828,10,151.66666666666669
2021-11-19 14:39:01,34.3585090637207,-5.929011821746826,11,156.66666666666669
2021-11-19 14:39:07,34.35839080810547,-5.929144859313965,11,165.00000000000003
2021-11-19 14:39:13,34.358253479003906,-5.929255962371826,11,170.83333333333337
2021-11-19 14:39:19,34.35810470581055,-5.929358005523682,11,175.83333333333337
2021-11-19 14:39:25,34.35797119140625,-5.929473876953125,10,181.66666666666663
2021-11-19 14:39:31,34.35789489746094,-5.929393768310547,9,185.0
2021-11-19 14:39:37,34.3580207824707,-5.929294109344482,11,191.66666666666663
2021-11-19 14:39:43,34.358158111572266,-5.929184913635254,11,195.8333333333333
2021-11-19 14:39:49,34.35829544067383,-5.92907190322876,11,204.16666666666663
2021-11-19 14:39:55,34.358421325683594,-5.9289398193359375,11,212.5
2021-11-19 14:40:01,34.35853576660156,-5.928796768188477,10,217.5
2021-11-19 14:40:07,34.35862350463867,-5.928631782531738,11,224.16666666666663
2021-11-19 14:40:13,34.35874557495117,-5.928659915924072,10,230.0
2021-11-19 14:40:19,34.35866928100586,-5.928811073303223,11,235.0
2021-11-19 14:40:25,34.358577728271484,-5.928983211517334,11,242.5
2021-11-19 14:40:31,34.35832214355469,-5.92924690246582,10,247.5
2021-11-19 14:40:37,34.35818099975586,-5.929348945617676,11,258.3333333333333
2021-11-19 14:40:43,34.3580322265625,-5.929452896118164,11,265.8333333333333
2021-11-19 14:40:49,34.357887268066406,-5.92952823638916,9,270.0
2021-11-19 14:40:55,34.35789108276367,-5.9293951988220215,8,278.3333333333333
2021-11-19 14:41:01,34.3580207824707,-5.929283142089844,11,283.33333333333337
2021-11-19 14:41:07,34.35813903808594,-5.929165840148926,10,289.1666666666667
2021-11-19 14:41:13,34.35826110839844,-5.929050922393799,9,295.83333333333337
2021-11-19 14:41:19,34.35838317871094,-5.92892599105835,10,302.50000000000006
2021-11-19 14:41:25,34.35849380493164,-5.9288010597229,10,307.50000000000006
2021-11-19 14:41:31,34.358604431152344,-5.928658962249756,10,314.16666666666674
2021-11-19 14:41:37,34.35870742797852,-5.928514003753662,10,316.66666666666674
2021-11-19 14:41:43,34.358768463134766,-5.928343772888184,10,325.8333333333334
2021-11-19 14:41:49,34.35888671875,-5.928267002105713,9,331.6666666666667
2021-11-19 14:41:55,34.35886001586914,-5.928399085998535,10,337.5
2021-11-19 14:42:01,34.35874557495117,-5.928524017333984,11,344.1666666666667
2021-11-19 14:42:07,34.358619689941406,-5.928656101226807,11,352.5
2021-11-19 14:42:13,34.35849380493164,-5.928788185119629,10,354.1666666666667
2021-11-19 14:42:19,34.35837936401367,-5.92891788482666,11,363.33333333333337
2021-11-19 14:42:25,34.35826110839844,-5.929043769836426,10,369.1666666666667
2021-11-19 14:42:31,34.35813522338867,-5.929166793823242,10,373.33333333333337
2021-11-19 14:42:37,34.35801696777344,-5.929302215576172,11,381.6666666666667
2021-11-19 14:42:43,34.357913970947266,-5.929449081420898,10,388.33333333333337
2021-11-19 14:42:49,34.3577995300293,-5.929556846618652,9,391.6666666666667
2021-11-19 14:42:55,34.3576774597168,-5.929670810699463,10,397.5
2021-11-19 14:43:01,34.3575553894043,-5.929800987243652,10,403.3333333333333
2021-11-19 14:43:07,34.35741424560547,-5.929897785186768,10,409.1666666666666
2021-11-19 14:43:13,34.357276916503906,-5.929995059967041,10,415.8333333333333
2021-11-19 14:43:19,34.35713195800781,-5.930095195770264,11,420.0
2021-11-19 14:43:25,34.35698318481445,-5.930196762084961,11,425.83333333333337
2021-11-19 14:43:31,34.35684585571289,-5.930294036865234,10,433.33333333333337
2021-11-19 14:43:37,34.35669708251953,-5.93039083480835,11,436.6666666666667
2021-11-19 14:43:43,34.35654830932617,-5.930477142333984,10,443.33333333333337
2021-11-19 14:43:49,34.35639190673828,-5.930527210235596,10,448.33333333333337
2021-11-19 14:43:55,34.356239318847656,-5.930555820465088,9,451.6666666666667
2021-11-19 14:44:01,34.35623550415039,-5.930418968200684,10,460.0
2021-11-19 14:44:07,34.35634231567383,-5.930302143096924,10,465.8333333333333
2021-11-19 14:44:13,34.3564567565918,-5.930165767669678,11,470.0
2021-11-19 14:44:19,34.35657501220703,-5.930036067962647,10,477.5
2021-11-19 14:44:25,34.356685638427734,-5.929910182952881,10,480.8333333333333
2021-11-19 14:44:31,34.35680389404297,-5.929789066314697,10,488.3333333333333
2021-11-19 14:44:37,34.3569221496582,-5.929667949676514,10,495.0
2021-11-19 14:44:43,34.3570442199707,-5.9295430183410645,10,500.0
2021-11-19 14:44:49,34.3571662902832,-5.929410934448242,10,508.3333333333333
2021-11-19 14:44:55,34.35729217529297,-5.929286003112793,11,515.0
2021-11-19 14:45:01,34.3574104309082,-5.92915678024292,10,519.1666666666666
2021-11-19 14:45:07,34.357513427734375,-5.929047107696533,9,525.8333333333333
2021-11-19 14:45:13,34.35763168334961,-5.928918838500977,10,534.9999999999999
2021-11-19 14:45:19,34.357749938964844,-5.928785800933838,10,538.3333333333333
2021-11-19 14:45:25,34.357872009277344,-5.928647994995117,11,546.6666666666666
2021-11-19 14:45:31,34.357994079589844,-5.928514003753662,10,552.5
2021-11-19 14:45:37,34.358097076416016,-5.928369998931885,9,557.5
2021-11-19 14:45:43,34.35822677612305,-5.928339958190918,10,564.1666666666666
2021-11-19 14:45:49,34.358131408691406,-5.928438186645508,10,569.1666666666666
2021-11-19 14:45:55,34.358009338378906,-5.928540229797363,10,572.5
2021-11-19 14:46:01,34.357906341552734,-5.928666114807129,10,580.0
2021-11-19 14:46:07,34.3577880859375,-5.928802013397217,11,585.0
2021-11-19 14:46:13,34.357666015625,-5.928940773010254,11,591.6666666666666
2021-11-19 14:46:19,34.357547760009766,-5.929080963134766,10,597.5
2021-11-19 14:46:25,34.357425689697266,-5.929214000701904,11,605.0
2021-11-19 14:46:31,34.3573112487793,-5.929336071014404,8,610.8333333333334
2021-11-19 14:46:37,34.35719299316406,-5.929462909698486,10,618.3333333333333
2021-11-19 14:46:43,34.3570671081543,-5.929592132568359,10,624.9999999999999
2021-11-19 14:46:49,34.3569450378418,-5.929718971252441,11,629.1666666666665
2021-11-19 14:46:55,34.35683059692383,-5.929834842681885,9,636.6666666666665
2021-11-19 14:47:01,34.356719970703125,-5.929957866668701,10,644.9999999999999
2021-11-19 14:47:07,34.35660934448242,-5.930080890655518,10,649.9999999999999
2021-11-19 14:47:13,34.35649108886719,-5.930214881896973,10,656.6666666666665
2021-11-19 14:47:19,34.35637664794922,-5.930344104766846,10,660.8333333333331
2021-11-19 14:47:25,34.356258392333984,-5.930465221405029,9,668.3333333333334
2021-11-19 14:47:31,34.35611343383789,-5.93054723739624,11,673.3333333333334
2021-11-19 14:47:37,34.35594940185547,-5.9305949211120605,10,680.0
2021-11-19 14:47:43,34.35580825805664,-5.930654048919678,10,683.3333333333334
2021-11-19 14:47:49,34.355838775634766,-5.93051290512085,10,692.5
2021-11-19 14:47:55,34.355995178222656,-5.93051290512085,10,697.5
2021-11-19 14:48:01,34.35614013671875,-5.930436134338379,11,701.6666666666666
2021-11-19 14:48:07,34.35626983642578,-5.930324077606201,10,708.3333333333333
2021-11-19 14:48:13,34.356380462646484,-5.930202007293701,8,711.6666666666667
2021-11-19 14:48:19,34.35648727416992,-5.930080890655518,10,718.3333333333334
2021-11-19 14:48:25,34.35660171508789,-5.929951190948486,10,725.0
2021-11-19 14:48:31,34.356719970703125,-5.9298272132873535,10,729.1666666666666
2021-11-19 14:48:37,34.356834411621094,-5.92970609664917,10,736.6666666666666
2021-11-19 14:48:43,34.356956481933594,-5.92957878112793,10,741.6666666666666
2021-11-19 14:48:49,34.35708236694336,-5.929449081420898,11,749.1666666666666
2021-11-19 14:48:55,34.357208251953125,-5.929318904876709,11,756.6666666666666
2021-11-19 14:49:01,34.35733413696289,-5.929193019866943,10,762.5
2021-11-19 14:49:07,34.35744857788086,-5.929070949554443,10,766.6666666666667
2021-11-19 14:49:13,34.357566833496094,-5.928945064544678,10,773.3333333333335
2021-11-19 14:49:19,34.357688903808594,-5.928810119628906,10,777.5000000000001
2021-11-19 14:49:25,34.35780715942383,-5.928674221038818,10,784.1666666666667
2021-11-19 14:49:31,34.35792922973633,-5.928544044494629,11,790.8333333333335
2021-11-19 14:49:37,34.3580436706543,-5.928410053253174,10,796.6666666666667
2021-11-19 14:49:43,34.358177185058594,-5.928367137908936,10,802.5000000000001
2021-11-19 14:49:49,34.358116149902344,-5.928514003753662,10,806.6666666666667
2021-11-19 14:49:55,34.35799789428711,-5.928647041320801,11,814.1666666666667
2021-11-19 14:50:01,34.357879638671875,-5.928774833679199,10,820.0
2021-11-19 14:50:07,34.357765197753906,-5.928905963897705,10,825.8333333333333
2021-11-19 14:50:13,34.35764694213867,-5.929041862487793,10,830.0
2021-11-19 14:50:19,34.3575325012207,-5.929172992706299,9,835.8333333333333
2021-11-19 14:50:25,34.35741424560547,-5.929296970367432,10,843.3333333333333
2021-11-19 14:50:31,34.35729217529297,-5.929427146911621,10,849.1666666666666
2021-11-19 14:50:37,34.3571662902832,-5.929553985595703,11,857.5
2021-11-19 14:50:43,34.35704803466797,-5.929683208465576,10,862.5
2021-11-19 14:50:49,34.35693359375,-5.929800033569336,10,867.5
2021-11-19 14:50:55,34.3568229675293,-5.929911136627197,9,874.1666666666667
2021-11-19 14:51:01,34.3567008972168,-5.930039882659912,11,880.0
2021-11-19 14:51:07,34.356590270996094,-5.930167198181152,11,885.0
2021-11-19 14:51:13,34.35647964477539,-5.930292129516602,10,893.3333333333333
2021-11-19 14:51:19,34.35636138916016,-5.930418968200684,10,898.3333333333333
2021-11-19 14:51:25,34.356231689453125,-5.930552005767822,11,905.8333333333334
2021-11-19 14:51:31,34.35606384277344,-5.930604934692383,11,910.8333333333334
2021-11-19 14:51:37,34.35589599609375,-5.930650234222412,10,915.0
2021-11-19 14:51:43,34.35578155517578,-5.93057107925415,10,922.5
2021-11-19 14:51:49,34.35592269897461,-5.930507183074951,10,927.5
2021-11-19 14:51:55,34.356082916259766,-5.9304518699646,10,932.5
2021-11-19 14:52:01,34.35621643066406,-5.930335998535156,11,941.6666666666669
2021-11-19 14:52:07,34.35633850097656,-5.930209159851074,11,945.0
2021-11-19 14:52:13,34.356449127197266,-5.930074214935303,10,949.1666666666669
2021-11-19 14:52:19,34.356563568115234,-5.929934978485107,10,955.8333333333334
2021-11-19 14:52:25,34.35668182373047,-5.929810047149658,10,961.6666666666669
2021-11-19 14:52:31,34.35679244995117,-5.929694175720215,10,969.1666666666669
2021-11-19 14:52:37,34.35691452026367,-5.929568767547607,10,975.8333333333334
2021-11-19 14:52:43,34.35703659057617,-5.929441928863525,10,980.0
2021-11-19 14:52:49,34.357154846191406,-5.929316997528076,10,986.6666666666669
2021-11-19 14:52:55,34.357276916503906,-5.92919397354126,9,991.6666666666669
2021-11-19 14:53:01,34.35738754272461,-5.929081916809082,10,999.1666666666669
2021-11-19 14:53:07,34.35750961303711,-5.928952217102051,10,1003.3333333333334
2021-11-19 14:53:13,34.35762405395508,-5.928812980651856,10,1012.5
2021-11-19 14:53:19,34.35774230957031,-5.928676128387451,10,1017.5
2021-11-19 14:53:25,34.35785675048828,-5.928554058074951,10,1021.6666666666666
2021-11-19 14:53:31,34.35797500610352,-5.928420066833496,10,1030.8333333333333
2021-11-19 14:53:37,34.35810089111328,-5.928311824798584,8,1034.1666666666663
2021-11-19 14:53:43,34.35822296142578,-5.928269863128662,7,1040.8333333333333
2021-11-19 14:53:49,34.35825729370117,-5.92825984954834,0,1047.5
2021-11-19 14:53:55,34.35826110839844,-5.928267002105713,0,1050.8333333333333
2021-11-19 14:54:01,34.35826110839844,-5.928267002105713,0,1059.1666666666663
2021-11-19 14:54:07,34.35826110839844,-5.928267002105713,0,1065.0
2021-11-19 14:54:13,34.35826110839844,-5.928267002105713,0,1067.5
2021-11-19 14:54:19,34.35826110839844,-5.928267002105713,0,1071.6666666666663
2021-11-19 14:54:25,34.35826110839844,-5.928267002105713,0,1076.6666666666663
2021-11-19 14:54:31,34.35826110839844,-5.928267002105713,0,1082.5
2021-11-19 14:54:37,34.35826110839844,-5.928267002105713,0,1085.8333333333333
2021-11-19 14:54:43,34.35826110839844,-5.928267002105713,0,1090.8333333333333
2021-11-19 14:54:49,34.35826110839844,-5.928267002105713,0,1092.5
2021-11-19 14:54:55,34.35826110839844,-5.928267002105713,0,1098.3333333333333
2021-11-19 14:55:01,34.35826110839844,-5.928267002105713,0,1101.6666666666663
2021-11-19 14:55:07,34.35826110839844,-5.928267002105713,0,1109.1666666666663
2021-11-19 14:55:13,34.35826110839844,-5.928267002105713,0,1110.8333333333333
2021-11-19 14:55:19,34.35826110839844,-5.928267002105713,0,1120.8333333333333
2021-11-19 14:55:25,34.35826110839844,-5.928267002105713,0,1126.6666666666663
2021-11-19 14:55:31,34.35826110839844,-5.928267002105713,0,1127.5
2021-11-19 14:55:37,34.35826110839844,-5.928267002105713,0,1135.8333333333337
2021-11-19 14:55:43,34.35826110839844,-5.928267002105713,0,1141.6666666666667
2021-11-19 14:55:49,34.35826110839844,-5.928267002105713,0,1144.1666666666667
2021-11-19 14:55:55,34.35826110839844,-5.928267002105713,0,1150.8333333333337
2021-11-19 14:56:01,34.35826110839844,-5.928267002105713,0,1155.0
2021-11-19 14:56:07,34.35826110839844,-5.928267002105713,0,1159.1666666666663
2021-11-19 14:56:13,34.35826110839844,-5.928267002105713,0,1164.1666666666663
2021-11-19 14:56:19,34.35826110839844,-5.928267002105713,0,1168.3333333333333
2021-11-19 14:56:25,34.35826110839844,-5.928267002105713,0,1170.8333333333333
2021-11-19 14:56:31,34.35826110839844,-5.928267002105713,0,1176.6666666666663
2021-11-19 14:56:37,34.35826110839844,-5.928267002105713,0,1181.6666666666663
2021-11-19 14:56:43,34.35826110839844,-5.928267002105713,0,1190.0
2021-11-19 14:56:49,34.35826110839844,-5.928267002105713,0,1193.3333333333337
2021-11-19 14:56:55,34.35826110839844,-5.928267002105713,0,1197.5
2021-11-19 14:57:01,34.35835266113281,-5.9282732009887695,8,1200.0
2021-11-19 14:57:07,34.35832977294922,-5.928400993347168,10,1208.3333333333333
2021-11-19 14:57:13,34.358192443847656,-5.92848014831543,9,1215.0
2021-11-19 14:57:19,34.358097076416016,-5.9285888671875,10,1221.6666666666663
2021-11-19 14:57:25,34.35798645019531,-5.928717136383057,10,1228.333333333333
2021-11-19 14:57:31,34.35787582397461,-5.928837776184082,7,1233.333333333333
2021-11-19 14:57:37,34.35777282714844,-5.928956985473633,10,1239.1666666666663
2021-11-19 14:57:43,34.35765838623047,-5.929086208343506,10,1246.6666666666663
2021-11-19 14:57:49,34.357540130615234,-5.929211139678955,9,1252.5
2021-11-19 14:57:55,34.35742950439453,-5.929334163665772,10,1255.8333333333337
2021-11-19 14:58:01,34.35731887817383,-5.929457187652588,10,1263.3333333333337
2021-11-19 14:58:07,34.357200622558594,-5.929580211639404,8,1268.3333333333337
2021-11-19 14:58:13,34.35708999633789,-5.929696083068848,10,1272.5
2021-11-19 14:58:19,34.356971740722656,-5.929821968078613,10,1277.5
2021-11-19 14:58:25,34.35685348510742,-5.929946899414063,8,1285.8333333333337
2021-11-19 14:58:31,34.35673522949219,-5.9300689697265625,10,1289.1666666666667
2021-11-19 14:58:37,34.35662078857422,-5.930193901062012,10,1294.1666666666663
2021-11-19 14:58:43,34.356502532958984,-5.930318832397461,9,1302.5
2021-11-19 14:58:49,34.356388092041016,-5.930449962615967,11,1307.5
2021-11-19 14:58:55,34.356258392333984,-5.93057918548584,11,1315.0
2021-11-19 14:59:01,34.356101989746094,-5.930621147155762,10,1318.3333333333337
2021-11-19 14:59:07,34.35594940185547,-5.93065881729126,10,1324.1666666666667
2021-11-19 14:59:13,34.35580825805664,-5.930616855621338,9,1328.3333333333337
2021-11-19 14:59:19,34.35588073730469,-5.930488109588623,10,1334.1666666666667
2021-11-19 14:59:25,34.35611724853516,-5.93021297454834,11,1337.5
2021-11-19 14:59:31,34.35623550415039,-5.930069923400879,11,1351.6666666666663
2021-11-19 14:59:37,34.35635757446289,-5.929937839508057,11,1355.8333333333333
2021-11-19 14:59:43,34.35647964477539,-5.929803848266602,10,1365.8333333333333
2021-11-19 14:59:49,34.35658645629883,-5.929680824279785,10,1368.3333333333333
2021-11-19 14:59:55,34.35669708251953,-5.92955493927002,8,1370.0
2021-11-19 15:00:01,34.356807708740234,-5.929430961608887,10,1373.3333333333333
2021-11-19 15:00:07,34.35691833496094,-5.929309844970703,10,1380.8333333333333
2021-11-19 15:00:13,34.357032775878906,-5.9291839599609375,9,1393.3333333333337
2021-11-19 15:00:19,34.357139587402344,-5.929066181182861,10,1401.6666666666667
2021-11-19 15:00:25,34.35724639892578,-5.9289422035217285,10,1409.1666666666667
2021-11-19 15:00:31,34.357364654541016,-5.928812980651856,10,1413.3333333333337
2021-11-19 15:00:37,34.35748291015625,-5.928689002990723,10,1420.8333333333337
2021-11-19 15:00:43,34.35759735107422,-5.928565979003906,10,1425.8333333333337
2021-11-19 15:00:49,34.35771179199219,-5.928429126739502,11,1427.5
2021-11-19 15:00:55,34.35787582397461,-5.928362846374512,11,1435.8333333333337
2021-11-19 15:01:01,34.35803985595703,-5.928319931030273,10,1443.3333333333337
2021-11-19 15:01:07,34.35820388793945,-5.9282989501953125,11,1449.1666666666667
2021-11-19 15:01:13,34.35821533203125,-5.928473949432373,11,1454.1666666666667
2021-11-19 15:01:19,34.358097076416016,-5.928607940673828,11,1458.3333333333337
2021-11-19 15:01:25,34.35797882080078,-5.92874813079834,10,1463.3333333333337
2021-11-19 15:01:31,34.35786437988281,-5.928884983062744,10,1471.6666666666667
2021-11-19 15:01:37,34.357749938964844,-5.92902421951294,10,1476.6666666666667
2021-11-19 15:01:43,34.357627868652344,-5.92915678024292,10,1484.1666666666667
2021-11-19 15:01:49,34.357521057128906,-5.929267883300781,8,1490.8333333333333
2021-11-19 15:01:55,34.35740280151367,-5.929399013519287,10,1498.3333333333333
2021-11-19 15:02:01,34.35729217529297,-5.929512977600098,10,1503.3333333333333
2021-11-19 15:02:07,34.357177734375,-5.929636001586914,8,1507.5
2021-11-19 15:02:13,34.3570671081543,-5.929750919342041,9,1512.5
2021-11-19 15:02:19,34.356956481933594,-5.929870128631592,9,1521.6666666666667
2021-11-19 15:02:25,34.356842041015625,-5.929985046386719,9,1525.8333333333337
2021-11-19 15:02:31,34.35673141479492,-5.930102825164795,10,1530.0
2021-11-19 15:02:37,34.35661697387695,-5.930229187011719,10,1537.5
2021-11-19 15:02:43,34.356502532958984,-5.93036699295044,10,1541.6666666666667
2021-11-19 15:02:49,34.35639190673828,-5.9305100440979,11,1549.1666666666667
2021-11-19 15:02:55,34.35624694824219,-5.930602073669434,10,1555.8333333333337
2021-11-19 15:03:01,34.3560905456543,-5.93063497543335,10,1559.1666666666667
2021-11-19 15:03:07,34.355934143066406,-5.930671215057373,10,1564.1666666666667
2021-11-19 15:03:13,34.35578536987305,-5.930661201477051,11,1570.8333333333337
2021-11-19 15:03:19,34.355926513671875,-5.930397033691406,10,1574.1666666666667
2021-11-19 15:03:25,34.35603713989258,-5.930263996124268,10,1580.0
2021-11-19 15:03:31,34.35614776611328,-5.930138111114502,10,1583.3333333333337
2021-11-19 15:03:37,34.35625457763672,-5.930027008056641,10,1596.6666666666667
2021-11-19 15:03:43,34.35636520385742,-5.929901123046875,9,1601.6666666666667
2021-11-19 15:03:49,34.35647964477539,-5.9297709465026855,10,1607.5
2021-11-19 15:03:55,34.356597900390625,-5.929642200469971,10,1612.5
2021-11-19 15:04:01,34.356712341308594,-5.929509162902832,10,1616.6666666666667
2021-11-19 15:04:07,34.35682678222656,-5.929381847381592,10,1625.0
2021-11-19 15:04:13,34.35694122314453,-5.929256916046143,10,1631.6666666666667
2021-11-19 15:04:19,34.3570556640625,-5.929133892059326,9,1637.5
2021-11-19 15:04:25,34.3571662902832,-5.92901086807251,9,1643.3333333333337
2021-11-19 15:04:31,34.35728454589844,-5.928884983062744,10,1647.5
2021-11-19 15:04:37,34.35739517211914,-5.928771018981934,9,1652.5
2021-11-19 15:04:43,34.357513427734375,-5.92864990234375,10,1655.8333333333337
2021-11-19 15:04:49,34.357627868652344,-5.928525924682617,10,1663.3333333333337
2021-11-19 15:04:55,34.35773849487305,-5.928400993347168,10,1667.5
2021-11-19 15:05:01,34.35779571533203,-5.928513050079346,9,1675.0
2021-11-19 15:05:07,34.35765838623047,-5.9285888671875,10,1677.5
2021-11-19 15:05:13,34.35755920410156,-5.92873477935791,10,1684.1666666666667
2021-11-19 15:05:19,34.35744094848633,-5.928860187530518,10,1690.0
2021-11-19 15:05:25,34.357322692871094,-5.928979873657227,10,1696.6666666666667
2021-11-19 15:05:31,34.35721969604492,-5.929108142852783,8,1704.1666666666667
2021-11-19 15:05:37,34.35710906982422,-5.929230213165283,10,1707.5
2021-11-19 15:05:43,34.35700607299805,-5.929347038269043,10,1713.3333333333333
2021-11-19 15:05:49,34.35689163208008,-5.929471015930176,10,1717.5
2021-11-19 15:05:55,34.356773376464844,-5.929593086242676,9,1722.5
2021-11-19 15:06:01,34.35666275024414,-5.929714202880859,10,1729.1666666666667
2021-11-19 15:06:07,34.35654830932617,-5.929838180541992,9,1735.8333333333337
2021-11-19 15:06:13,34.3564338684082,-5.929961204528809,10,1740.0
2021-11-19 15:06:19,34.3563117980957,-5.930086135864258,10,1749.1666666666667
2021-11-19 15:06:25,34.356197357177734,-5.930212020874023,10,1753.3333333333337
2021-11-19 15:06:31,34.3560791015625,-5.930346012115479,10,1759.1666666666667
2021-11-19 15:06:37,34.3559684753418,-5.9304728507995605,10,1763.3333333333337
2021-11-19 15:06:43,34.35585403442383,-5.930593967437744,9,1767.5
2021-11-19 15:06:49,34.35573196411133,-5.930690765380859,10,1775.8333333333337
2021-11-19 15:06:55,34.35572814941406,-5.930534839630127,10,1780.8333333333337
2021-11-19 15:07:01,34.3558464050293,-5.930414199829102,9,1784.1666666666663
2021-11-19 15:07:07,34.355960845947266,-5.930286884307861,9,1790.8333333333337
2021-11-19 15:07:13,34.35607147216797,-5.9301581382751465,10,1795.8333333333337
2021-11-19 15:07:19,34.35618591308594,-5.93003511428833,10,1799.1666666666663
2021-11-19 15:07:25,34.35629653930664,-5.9299187660217285,10,1805.0
2021-11-19 15:07:31,34.35640335083008,-5.929813861846924,9,1812.5
2021-11-19 15:07:37,34.35651397705078,-5.929690837860107,9,1817.5
2021-11-19 15:07:43,34.35662841796875,-5.929572105407715,9,1822.5
2021-11-19 15:07:49,34.356746673583984,-5.929449081420898,10,1829.1666666666667
2021-11-19 15:07:55,34.35686111450195,-5.929327011108398,9,1834.1666666666667
2021-11-19 15:08:01,34.35697937011719,-5.929204940795898,9,1839.1666666666667
2021-11-19 15:08:07,34.35708999633789,-5.929081916809082,10,1844.1666666666667
2021-11-19 15:08:13,34.35719680786133,-5.9289631843566895,10,1850.8333333333333
2021-11-19 15:08:19,34.35731506347656,-5.928853988647461,9,1855.0
2021-11-19 15:08:25,34.35741424560547,-5.928739070892334,9,1860.8333333333333
2021-11-19 15:08:31,34.35750961303711,-5.928614139556885,10,1865.8333333333333
2021-11-19 15:08:37,34.35761642456055,-5.928493022918701,10,1870.8333333333333
2021-11-19 15:08:43,34.35773086547852,-5.928547859191895,9,1874.1666666666667
2021-11-19 15:08:49,34.35763931274414,-5.928678035736084,10,1880.8333333333333
2021-11-19 15:08:55,34.3575325012207,-5.9288010597229,9,1887.5
2021-11-19 15:09:01,34.35742950439453,-5.928927898406982,10,1891.6666666666667
2021-11-19 15:09:07,34.35731887817383,-5.929040908813477,10,1898.3333333333333
2021-11-19 15:09:13,34.35721206665039,-5.929171085357666,9,1904.1666666666667
2021-11-19 15:09:19,34.35709381103516,-5.929286003112793,10,1907.5
2021-11-19 15:09:25,34.356990814208984,-5.929415225982666,10,1915.8333333333333
2021-11-19 15:09:31,34.35687255859375,-5.929540157318115,10,1920.0
2021-11-19 15:09:37,34.35675430297852,-5.9296650886535645,10,1927.5
2021-11-19 15:09:43,34.356651306152344,-5.929772853851318,9,1933.3333333333333
2021-11-19 15:09:49,34.3565559387207,-5.9298858642578125,9,1938.3333333333333
2021-11-19 15:09:55,34.3564453125,-5.930012226104736,10,1943.3333333333333
2021-11-19 15:10:01,34.356327056884766,-5.93012809753418,10,1950.0
2021-11-19 15:10:07,34.35621643066406,-5.930253982543945,9,1955.8333333333333
2021-11-19 15:10:13,34.35610580444336,-5.930387020111084,10,1960.0
2021-11-19 15:10:19,34.35598373413086,-5.930517196655273,10,1965.8333333333333
2021-11-19 15:10:25,34.355865478515625,-5.9306511878967285,11,1972.5
2021-11-19 15:10:31,34.35572052001953,-5.930716037750244,10,1977.5
2021-11-19 15:10:37,34.355674743652344,-5.930572986602783,11,1983.3333333333333
2021-11-19 15:10:43,34.35578536987305,-5.930447101593018,10,1989.1666666666667
2021-11-19 15:10:49,34.35589599609375,-5.930321216583252,10,1992.5
2021-11-19 15:10:55,34.356014251708984,-5.930203914642334,10,2000.0
2021-11-19 15:11:01,34.35613250732422,-5.930084228515625,8,2004.1666666666663
2021-11-19 15:11:07,34.35625076293945,-5.929954051971436,10,2007.5
2021-11-19 15:11:13,34.35637283325195,-5.929829120635986,10,2015.8333333333333
2021-11-19 15:11:19,34.35648727416992,-5.9297051429748535,9,2023.3333333333333
2021-11-19 15:11:25,34.35660171508789,-5.929580211639404,10,2027.5
2021-11-19 15:11:31,34.35671615600586,-5.929454803466797,10,2034.1666666666667
2021-11-19 15:11:37,34.35682678222656,-5.929337024688721,10,2040.0
2021-11-19 15:11:43,34.3569450378418,-5.929209232330322,10,2044.1666666666667
2021-11-19 15:11:49,34.357059478759766,-5.9290771484375,10,2050.833333333333
2021-11-19 15:11:55,34.35716247558594,-5.928965091705322,10,2057.5
2021-11-19 15:12:01,34.35728454589844,-5.928839206695557,10,2062.5
2021-11-19 15:12:07,34.35740661621094,-5.928711891174316,9,2069.1666666666665
2021-11-19 15:12:13,34.357513427734375,-5.928589820861816,9,2075.0
2021-11-19 15:12:19,34.35763931274414,-5.928484916687012,11,2078.333333333333
2021-11-19 15:12:25,34.35778045654297,-5.928555965423584,10,2085.833333333333
2021-11-19 15:12:31,34.35768127441406,-5.9286980628967285,10,2090.0
2021-11-19 15:12:37,34.35756301879883,-5.928822994232178,10,2095.833333333333
2021-11-19 15:12:43,34.357452392578125,-5.928958892822266,11,2104.166666666667
2021-11-19 15:12:49,34.35733795166016,-5.929080009460449,10,2107.5
2021-11-19 15:12:55,34.35722732543945,-5.929207801818848,9,2115.0
2021-11-19 15:13:01,34.35712814331055,-5.92931079864502,10,2118.333333333333
2021-11-19 15:13:07,34.35702896118164,-5.929431915283203,10,2126.6666666666665
2021-11-19 15:13:13,34.35691833496094,-5.929553031921387,10,2130.0
2021-11-19 15:13:19,34.3568115234375,-5.92967414855957,10,2135.833333333333
2021-11-19 15:13:25,34.35669708251953,-5.929790019989014,10,2142.5
2021-11-19 15:13:31,34.35658264160156,-5.929915904998779,10,2145.833333333333
2021-11-19 15:13:37,34.35646438598633,-5.930047035217285,10,2153.333333333333
2021-11-19 15:13:43,34.356353759765625,-5.930167198181152,11,2160.0
2021-11-19 15:13:49,34.35623550415039,-5.930294990539551,9,2167.5
2021-11-19 15:13:55,34.35611724853516,-5.930427074432373,10,2171.6666666666665
2021-11-19 15:14:01,34.355995178222656,-5.930555820465088,10,2177.5
2021-11-19 15:14:07,34.35585021972656,-5.9306488037109375,11,2184.1666666666665
2021-11-19 15:14:13,34.35566711425781,-5.930688858032227,10,2190.0
2021-11-19 15:14:19,34.35550308227539,-5.93073320388794,10,2193.333333333333
2021-11-19 15:14:25,34.35537338256836,-5.930764198303223,9,2198.333333333333
2021-11-19 15:14:31,34.355220794677734,-5.930792808532715,10,2202.5
2021-11-19 15:14:37,34.355064392089844,-5.930821895599365,11,2208.333333333333
2021-11-19 15:14:43,34.35490798950195,-5.930857181549072,10,2211.6666666666665
2021-11-19 15:14:49,34.35475158691406,-5.930881977081299,10,2218.333333333333
2021-11-19 15:14:55,34.35458755493164,-5.930912017822266,10,2225.833333333333
2021-11-19 15:15:01,34.354427337646484,-5.930953025817871,10,2230.0
2021-11-19 15:15:07,34.35427474975586,-5.930986881256104,10,2234.1666666666665
2021-11-19 15:15:13,34.35413360595703,-5.931049823760986,11,2241.6666666666665
2021-11-19 15:15:19,34.35406875610352,-5.93092679977417,11,2245.0
2021-11-19 15:15:25,34.3542366027832,-5.930941104888916,11,2250.0
2021-11-19 15:15:31,34.354400634765625,-5.930920124053955,10,2257.5
2021-11-19 15:15:37,34.35456085205078,-5.930882930755615,10,2264.1666666666665
2021-11-19 15:15:43,34.35472106933594,-5.930850028991699,10,2268.333333333333
2021-11-19 15:15:49,34.35488510131836,-5.93081521987915,10,2275.0
2021-11-19 15:15:55,34.35504531860352,-5.93078088760376,10,2280.833333333333
2021-11-19 15:16:01,34.35520935058594,-5.930746078491211,11,2285.0
2021-11-19 15:16:07,34.3553581237793,-5.930699825286865,10,2292.5
2021-11-19 15:16:13,34.355472564697266,-5.93057918548584,10,2294.1666666666665
2021-11-19 15:16:19,34.3555908203125,-5.930445194244385,10,2300.833333333333
2021-11-19 15:16:25,34.355712890625,-5.930315971374512,10,2309.1666666666665
2021-11-19 15:16:31,34.35582733154297,-5.930181980133057,10,2315.833333333333
2021-11-19 15:16:37,34.3559455871582,-5.930057048797607,10,2320.0
2021-11-19 15:16:43,34.35605239868164,-5.929938793182373,7,2327.5
2021-11-19 15:16:49,34.356170654296875,-5.9298200607299805,10,2332.5
2021-11-19 15:16:55,34.356285095214844,-5.92970085144043,10,2337.5
2021-11-19 15:17:01,34.35639572143555,-5.9295830726623535,7,2343.333333333333
2021-11-19 15:17:07,34.356502532958984,-5.929468154907227,10,2346.6666666666665
2021-11-19 15:17:13,34.35661315917969,-5.92933988571167,10,2355.0
2021-11-19 15:17:19,34.35673141479492,-5.929218769073486,8,2360.0
2021-11-19 15:17:25,34.35695266723633,-5.928993225097656,10,2371.6666666666665
2021-11-19 15:17:31,34.35706329345703,-5.928867816925049,10,2376.6666666666665
2021-11-19 15:17:37,34.35716247558594,-5.928726196289063,10,2385.0
2021-11-19 15:17:43,34.35727310180664,-5.928600788116455,10,2387.5
2021-11-19 15:17:49,34.35742950439453,-5.928562164306641,10,2395.0
2021-11-19 15:17:55,34.35758590698242,-5.928493976593018,10,2399.1666666666665
2021-11-19 15:18:01,34.35775375366211,-5.928468227386475,10,2405.833333333333
2021-11-19 15:18:07,34.35791778564453,-5.928430080413818,10,2412.5
2021-11-19 15:18:13,34.35808181762695,-5.928383827209473,10,2416.6666666666665
2021-11-19 15:18:19,34.35824203491211,-5.928327083587647,10,2422.5
2021-11-19 15:18:25,34.358341217041016,-5.928433895111084,10,2426.6666666666665
2021-11-19 15:18:31,34.35823440551758,-5.928568840026856,10,2432.5
2021-11-19 15:18:37,34.35811996459961,-5.928693771362305,10,2436.666666666667
2021-11-19 15:18:43,34.358001708984375,-5.928804874420166,10,2444.166666666667
2021-11-19 15:18:49,34.357879638671875,-5.92893123626709,10,2450.0
2021-11-19 15:18:55,34.35771942138672,-5.928977966308594,11,2455.833333333333
2021-11-19 15:19:01,34.35758590698242,-5.928873062133789,11,2460.0
2021-11-19 15:19:07,34.3576774597168,-5.928739070892334,11,2467.5
2021-11-19 15:19:13,34.35779571533203,-5.928616046905518,10,2475.0
2021-11-19 15:19:19,34.35786056518555,-5.9284539222717285,10,2479.166666666667
2021-11-19 15:19:25,34.35799026489258,-5.928462982177734,10,2486.6666666666665
2021-11-19 15:19:31,34.357887268066406,-5.928565979003906,10,2490.0
2021-11-19 15:19:37,34.35776138305664,-5.928676128387451,10,2496.6666666666665
2021-11-19 15:19:43,34.35764694213867,-5.928813934326172,11,2501.6666666666665
2021-11-19 15:19:49,34.3575325012207,-5.928953170776367,10,2510.833333333333
2021-11-19 15:19:55,34.35741424560547,-5.929078102111816,10,2515.833333333333
2021-11-19 15:20:01,34.357295989990234,-5.929203987121582,9,2523.333333333333
2021-11-19 15:20:07,34.357181549072266,-5.929325103759766,10,2528.333333333333
2021-11-19 15:20:13,34.3570671081543,-5.929448127746582,10,2534.166666666667
2021-11-19 15:20:19,34.35695266723633,-5.929573059082031,10,2536.666666666667
2021-11-19 15:20:25,34.35684967041016,-5.929688930511475,10,2544.166666666667
2021-11-19 15:20:31,34.35673141479492,-5.929819107055664,10,2551.666666666667
2021-11-19 15:20:37,34.35660552978516,-5.92994499206543,10,2558.333333333333
2021-11-19 15:20:43,34.356483459472656,-5.930077075958252,11,2562.5
2021-11-19 15:20:49,34.35636901855469,-5.930211067199707,11,2566.6666666666665
2021-11-19 15:20:55,34.35624694824219,-5.930339813232422,10,2575.0
2021-11-19 15:21:01,34.35613250732422,-5.930480003356934,10,2581.6666666666665
2021-11-19 15:21:07,34.35600662231445,-5.9306230545043945,11,2588.333333333333
2021-11-19 15:21:13,34.355831146240234,-5.930676937103272,11,2592.5
2021-11-19 15:21:19,34.35565948486328,-5.930706977844238,10,2599.1666666666665
2021-11-19 15:21:25,34.355499267578125,-5.930743217468262,10,2605.833333333333
2021-11-19 15:21:31,34.355342864990234,-5.930775165557861,10,2609.1666666666665
2021-11-19 15:21:37,34.35518264770508,-5.930809020996094,10,2615.833333333333
2021-11-19 15:21:43,34.35502624511719,-5.930840969085693,10,2621.6666666666665
2021-11-19 15:21:49,34.35486602783203,-5.930868148803711,10,2628.333333333333
2021-11-19 15:21:55,34.354705810546875,-5.930895805358887,10,2631.6666666666665
2021-11-19 15:22:01,34.35454177856445,-5.930933952331543,10,2639.1666666666665
2021-11-19 15:22:07,34.35439682006836,-5.930963039398193,9,2643.333333333333
2021-11-19 15:22:13,34.354248046875,-5.9310078620910645,10,2647.5
2021-11-19 15:22:19,34.3541145324707,-5.930978775024414,11,2653.333333333333
2021-11-19 15:22:25,34.35422134399414,-5.9308857917785645,11,2655.833333333333
2021-11-19 15:22:31,34.35438537597656,-5.930869102478027,10,2663.333333333333
2021-11-19 15:22:37,34.35454559326172,-5.930842876434326,10,2667.5
2021-11-19 15:22:43,34.354705810546875,-5.9308180809021,10,2674.166666666667
2021-11-19 15:22:49,34.35486602783203,-5.930788993835449,10,2680.0
2021-11-19 15:22:55,34.35501480102539,-5.93075704574585,9,2686.666666666667
2021-11-19 15:23:01,34.35516357421875,-5.930728912353516,10,2690.833333333333
2021-11-19 15:23:07,34.355316162109375,-5.930697917938232,10,2696.666666666667
2021-11-19 15:23:13,34.355438232421875,-5.9305830001831055,10,2702.5
2021-11-19 15:23:19,34.35555648803711,-5.930452823638916,10,2706.666666666667
2021-11-19 15:23:25,34.355674743652344,-5.930325031280518,11,2714.166666666667
2021-11-19 15:23:31,34.35578155517578,-5.930209159851074,9,2719.166666666667
2021-11-19 15:23:37,34.35588455200195,-5.930091857910156,10,2726.666666666667
2021-11-19 15:23:43,34.35600662231445,-5.929963111877441,10,2730.0
2021-11-19 15:23:49,34.35612487792969,-5.929843902587891,10,2736.666666666667
2021-11-19 15:23:55,34.356239318847656,-5.929718971252441,10,2742.5
2021-11-19 15:24:01,34.35635757446289,-5.929587841033936,10,2745.833333333333
2021-11-19 15:24:07,34.356468200683594,-5.929470062255859,10,2752.5
2021-11-19 15:24:13,34.35658264160156,-5.929343223571777,10,2756.666666666667
2021-11-19 15:24:19,34.3567008972168,-5.929224014282227,10,2764.166666666667
2021-11-19 15:24:25,34.356807708740234,-5.929120063781738,8,2770.0
2021-11-19 15:24:31,34.35691833496094,-5.928997993469238,10,2774.166666666667
2021-11-19 15:24:37,34.35702896118164,-5.928874969482422,9,2780.0
2021-11-19 15:24:43,34.35714340209961,-5.928747177124023,10,2785.0
2021-11-19 15:24:49,34.35725402832031,-5.928609848022461,10,2791.666666666667
2021-11-19 15:24:55,34.35737609863281,-5.928544998168945,10,2796.666666666667
2021-11-19 15:25:01,34.357383728027344,-5.928685188293457,10,2800.833333333333
2021-11-19 15:25:07,34.35725021362305,-5.928752899169922,8,2806.666666666667
2021-11-19 15:25:13,34.35714340209961,-5.928876876831055,10,2812.5
2021-11-19 15:25:19,34.35703659057617,-5.928979873657227,8,2817.5
2021-11-19 15:25:25,34.35693359375,-5.929090023040772,7,2823.333333333333
2021-11-19 15:25:31,34.35681915283203,-5.929203033447266,10,2829.166666666667
2021-11-19 15:25:37,34.35670471191406,-5.929316997528076,10,2835.833333333333
2021-11-19 15:25:43,34.35659408569336,-5.929437160491943,8,2842.5
2021-11-19 15:25:49,34.356483459472656,-5.92955493927002,10,2847.5
2021-11-19 15:25:55,34.35636901855469,-5.929666042327881,10,2851.666666666667
2021-11-19 15:26:01,34.35625457763672,-5.929790019989014,9,2855.0
2021-11-19 15:26:07,34.356143951416016,-5.929906845092773,10,2865.0
2021-11-19 15:26:13,34.35603713989258,-5.930018901824951,10,2869.166666666667
2021-11-19 15:26:19,34.355918884277344,-5.930140972137451,10,2875.833333333333
2021-11-19 15:26:25,34.355804443359375,-5.930273056030273,10,2882.5
2021-11-19 15:26:31,34.355690002441406,-5.930395126342773,10,2885.833333333333
2021-11-19 15:26:37,34.3555793762207,-5.93051815032959,10,2892.5
2021-11-19 15:26:43,34.355464935302734,-5.930641174316406,10,2897.5
2021-11-19 15:26:49,34.355342864990234,-5.930759906768799,10,2901.666666666667
2021-11-19 15:26:55,34.35520553588867,-5.930819988250732,8,2906.666666666667
2021-11-19 15:27:01,34.35518264770508,-5.93068790435791,10,2912.5
2021-11-19 15:27:07,34.355323791503906,-5.930602073669434,10,2915.0
2021-11-19 15:27:13,34.35543441772461,-5.930499076843262,10,2920.833333333333
2021-11-19 15:27:19,34.35554504394531,-5.930385112762451,10,2926.666666666667
2021-11-19 15:27:25,34.355655670166016,-5.930263996124268,9,2930.0
2021-11-19 15:27:31,34.355770111083984,-5.930148124694824,9,2937.5
2021-11-19 15:27:37,34.35588836669922,-5.930031776428223,9,2941.666666666667
2021-11-19 15:27:43,34.35600662231445,-5.929911136627197,10,2948.333333333333
2021-11-19 15:27:49,34.35611343383789,-5.92979907989502,10,2951.666666666667
2021-11-19 15:27:55,34.356231689453125,-5.929677963256836,10,2958.333333333333
2021-11-19 15:28:01,34.35634994506836,-5.929555892944336,10,2965.0
2021-11-19 15:28:07,34.35646057128906,-5.92943811416626,10,2968.333333333333
2021-11-19 15:28:13,34.35657501220703,-5.929318904876709,8,2975.0
2021-11-19 15:28:19,34.356693267822266,-5.929203987121582,10,2980.833333333333
2021-11-19 15:28:25,34.356807708740234,-5.929090976715088,10,2985.0
2021-11-19 15:28:31,34.356929779052734,-5.928965091705322,10,2990.0
2021-11-19 15:28:37,34.357051849365234,-5.928839206695557,9,2995.0
2021-11-19 15:28:43,34.357147216796875,-5.928709983825684,10,3002.5
2021-11-19 15:28:49,34.35725402832031,-5.9285759925842285,10,3008.333333333333
2021-11-19 15:28:55,34.357398986816406,-5.928558826446533,10,3015.0
2021-11-19 15:29:01,34.357364654541016,-5.928702831268311,11,3018.333333333333
2021-11-19 15:29:07,34.35724258422852,-5.928793907165527,10,3024.1666666666665
2021-11-19 15:29:13,34.35713195800781,-5.928915977478027,9,3030.0
2021-11-19 15:29:19,34.35701370239258,-5.929038047790527,10,3034.1666666666665
2021-11-19 15:29:25,34.356903076171875,-5.929153919219971,9,3041.6666666666665
2021-11-19 15:29:31,34.35678482055664,-5.929268836975098,10,3048.333333333333
2021-11-19 15:29:37,34.35667037963867,-5.929392814636231,10,3052.5
2021-11-19 15:29:43,34.35655975341797,-5.929512977600098,9,3057.5
2021-11-19 15:29:49,34.356441497802734,-5.929632186889648,9,3063.333333333333
2021-11-19 15:29:55,34.35633087158203,-5.929748058319092,10,3070.0
2021-11-19 15:30:01,34.35621643066406,-5.929866790771484,9,3077.5
2021-11-19 15:30:07,34.35610580444336,-5.929984092712402,9,3080.833333333333
2021-11-19 15:30:13,34.35599136352539,-5.930103778839111,10,3085.0
2021-11-19 15:30:19,34.35587692260742,-5.930228233337402,10,3093.333333333333
2021-11-19 15:30:25,34.35575866699219,-5.930353164672852,10,3099.166666666667
2021-11-19 15:30:31,34.355655670166016,-5.930465221405029,9,3102.5
2021-11-19 15:30:37,34.35554504394531,-5.930590152740479,10,3107.5
2021-11-19 15:30:43,34.35542678833008,-5.930716037750244,10,3113.333333333333
2021-11-19 15:30:49,34.35529327392578,-5.930798053741455,9,3118.333333333333
2021-11-19 15:30:55,34.35514450073242,-5.93077278137207,10,3124.1666666666665
2021-11-19 15:31:01,34.35517883300781,-5.930637836456299,10,3129.1666666666665
2021-11-19 15:31:07,34.355308532714844,-5.930561065673828,9,3133.333333333333
2021-11-19 15:31:13,34.35541534423828,-5.930461883544922,9,3138.333333333333
2021-11-19 15:31:19,34.355525970458984,-5.930356025695801,8,3145.833333333333
2021-11-19 15:31:25,34.35564041137695,-5.930239200592041,9,3149.1666666666665
2021-11-19 15:31:31,34.355751037597656,-5.930125236511231,9,3156.6666666666665
2021-11-19 15:31:37,34.355865478515625,-5.930006980895996,10,3160.0
2021-11-19 15:31:43,34.355987548828125,-5.92988395690918,10,3166.6666666666665
2021-11-19 15:31:49,34.356101989746094,-5.929772853851318,10,3170.0
2021-11-19 15:31:55,34.35620880126953,-5.929654121398926,9,3174.1666666666665
2021-11-19 15:32:01,34.3563232421875,-5.929540157318115,9,3180.833333333333
2021-11-19 15:32:07,34.3564338684082,-5.92943000793457,10,3187.5
2021-11-19 15:32:13,34.35654830932617,-5.929306983947754,9,3191.666666666667
2021-11-19 15:32:19,34.356666564941406,-5.92918586730957,10,3198.333333333333
2021-11-19 15:32:25,34.356781005859375,-5.929067134857178,10,3204.166666666667
2021-11-19 15:32:31,34.35688400268555,-5.928966045379639,8,3207.5
2021-11-19 15:32:37,34.35699844360352,-5.928847789764404,10,3215.0
2021-11-19 15:32:43,34.35710144042969,-5.928726196289063,10,3219.166666666667
2021-11-19 15:32:49,34.35719680786133,-5.928586959838867,10,3225.0
2021-11-19 15:32:55,34.35735321044922,-5.928551197052002,10,3231.666666666667
2021-11-19 15:33:01,34.357425689697266,-5.928697109222412,11,3236.666666666667
2021-11-19 15:33:07,34.357303619384766,-5.928812980651856,9,3240.0
2021-11-19 15:33:13,34.35719299316406,-5.928935050964356,10,3248.333333333333
2021-11-19 15:33:19,34.357078552246094,-5.929049015045166,9,3252.5
2021-11-19 15:33:25,34.356964111328125,-5.929172039031982,10,3260.833333333333
2021-11-19 15:33:31,34.35684585571289,-5.929277896881104,9,3265.0
2021-11-19 15:33:37,34.35673522949219,-5.929396152496338,10,3270.833333333333
2021-11-19 15:33:43,34.356624603271484,-5.929513931274414,8,3275.833333333333
2021-11-19 15:33:49,34.35651397705078,-5.929628849029541,10,3280.0
2021-11-19 15:33:55,34.35640335083008,-5.929747104644775,10,3284.1666666666665
2021-11-19 15:34:01,34.356292724609375,-5.929862976074219,8,3288.333333333333
2021-11-19 15:34:07,34.35618591308594,-5.9299798011779785,10,3290.833333333333
2021-11-19 15:34:13,34.3560791015625,-5.930106163024902,10,3300.833333333333
2021-11-19 15:34:19,34.35596466064453,-5.930233001708984,10,3305.0
2021-11-19 15:34:25,34.3558464050293,-5.93036413192749,10,3311.666666666667
2021-11-19 15:34:31,34.3557243347168,-5.93048906326294,10,3315.833333333333
2021-11-19 15:34:37,34.355613708496094,-5.930616855621338,10,3320.833333333333
2021-11-19 15:34:43,34.35549545288086,-5.930751800537109,10,3326.6666666666665
2021-11-19 15:34:49,34.3553466796875,-5.930812835693359,9,3333.333333333333
2021-11-19 15:34:55,34.355194091796875,-5.930843830108643,10,3335.0
2021-11-19 15:35:01,34.355037689208984,-5.93087911605835,10,3342.5
2021-11-19 15:35:07,34.35489273071289,-5.930893898010254,8,3344.1666666666665
2021-11-19 15:35:13,34.35487365722656,-5.930769920349121,9,3347.5
2021-11-19 15:35:19,34.35498809814453,-5.930655002593994,10,3360.0
2021-11-19 15:35:25,34.355098724365234,-5.9305419921875,10,3365.833333333333
2021-11-19 15:35:31,34.3552131652832,-5.930426120758057,9,3370.0
2021-11-19 15:35:37,34.35532760620117,-5.930308818817139,10,3375.833333333333
2021-11-19 15:35:43,34.35544204711914,-5.930191993713379,9,3379.166666666667
2021-11-19 15:35:49,34.355560302734375,-5.930076122283936,10,3386.666666666667
2021-11-19 15:35:55,34.35567855834961,-5.929959774017334,10,3390.833333333333
2021-11-19 15:36:01,34.355796813964844,-5.929840087890625,10,3398.333333333333
2021-11-19 15:36:07,34.35591506958008,-5.929722785949707,9,3402.5
2021-11-19 15:36:13,34.35602188110352,-5.9296088218688965,9,3409.166666666667
2021-11-19 15:36:19,34.356136322021484,-5.92949104309082,10,3412.5
2021-11-19 15:36:25,34.35625076293945,-5.9293742179870605,9,3417.5
2021-11-19 15:36:31,34.35636520385742,-5.929258823394775,9,3424.166666666667
2021-11-19 15:36:37,34.35647201538086,-5.929149150848389,8,3431.666666666667
2021-11-19 15:36:43,34.35658645629883,-5.929031848907471,10,3435.0
2021-11-19 15:36:49,34.35669708251953,-5.928911209106445,10,3441.666666666667
2021-11-19 15:36:55,34.356807708740234,-5.928790092468262,9,3446.666666666667
2021-11-19 15:37:01,34.35691452026367,-5.928671836853027,10,3450.833333333333
2021-11-19 15:37:07,34.35706329345703,-5.928623199462891,9,3457.5
2021-11-19 15:37:13,34.357215881347656,-5.928582191467285,10,3462.5
2021-11-19 15:37:19,34.357364654541016,-5.928552150726318,9,3468.333333333333
2021-11-19 15:37:25,34.35749053955078,-5.928606033325195,8,3472.5
2021-11-19 15:37:31,34.35746383666992,-5.928651809692383,0,3477.5
2021-11-19 15:37:37,34.357460021972656,-5.928651809692383,0,3483.333333333333
2021-11-19 15:37:43,34.357460021972656,-5.928651809692383,0,3486.666666666667
2021-11-19 15:37:49,34.357460021972656,-5.928651809692383,0,3492.5
2021-11-19 15:37:55,34.357460021972656,-5.928651809692383,0,3496.666666666667
2021-11-19 15:38:01,34.357460021972656,-5.928651809692383,0,3501.666666666667
2021-11-19 15:38:07,34.357460021972656,-5.928651809692383,0,3509.166666666667
2021-11-19 15:38:13,34.357460021972656,-5.928651809692383,0,3511.666666666667
2021-11-19 15:38:19,34.357460021972656,-5.928651809692383,0,3518.333333333333
2021-11-19 15:38:25,34.357460021972656,-5.928651809692383,0,3523.333333333333
2021-11-19 15:38:31,34.357460021972656,-5.928651809692383,0,3525.833333333333
2021-11-19 15:38:37,34.357460021972656,-5.928651809692383,0,3532.5
2021-11-19 15:38:43,34.357460021972656,-5.928651809692383,0,3539.166666666667
2021-11-19 15:38:49,34.357460021972656,-5.928651809692383,0,3542.5
2021-11-19 15:38:55,34.357460021972656,-5.928651809692383,0,3547.5
2021-11-19 15:39:01,34.357460021972656,-5.928651809692383,0,3551.666666666667
2021-11-19 15:39:07,34.357460021972656,-5.928651809692383,0,3559.166666666667
2021-11-19 15:39:13,34.357460021972656,-5.928651809692383,0,3564.166666666667
2021-11-19 15:39:19,34.357460021972656,-5.928651809692383,0,3570.0
2021-11-19 15:39:25,34.357460021972656,-5.928651809692383,0,3572.5
2021-11-19 15:39:31,34.357460021972656,-5.928651809692383,0,3579.1666666666665
2021-11-19 15:39:37,34.357460021972656,-5.928651809692383,0,3584.1666666666665
2021-11-19 15:39:43,34.357460021972656,-5.928651809692383,0,3586.6666666666665
2021-11-19 15:39:49,34.357460021972656,-5.928651809692383,0,3590.833333333333
2021-11-19 15:39:55,34.357460021972656,-5.928651809692383,0,3598.333333333333
2021-11-19 15:40:01,34.357460021972656,-5.928651809692383,0,3600.833333333333
2021-11-19 15:40:07,34.357460021972656,-5.928651809692383,0,3606.6666666666665
2021-11-19 15:40:13,34.357460021972656,-5.928651809692383,0,3612.5
2021-11-19 15:40:19,34.357460021972656,-5.928651809692383,0,3614.166666666667
2021-11-19 15:40:25,34.357460021972656,-5.928651809692383,0,3620.0
2021-11-19 15:40:31,34.357460021972656,-5.928651809692383,0,3624.166666666667
2021-11-19 15:40:37,34.357460021972656,-5.928651809692383,0,3631.666666666667
2021-11-19 15:40:43,34.357460021972656,-5.928651809692383,0,3635.8333333333335
2021-11-19 15:40:49,34.357460021972656,-5.928651809692383,0,3640.8333333333335
2021-11-19 15:40:55,34.357460021972656,-5.928651809692383,0,3644.166666666667
2021-11-19 15:41:01,34.357460021972656,-5.928651809692383,0,3651.666666666667
2021-11-19 15:41:07,34.357460021972656,-5.928651809692383,0,3655.0
2021-11-19 15:41:13,34.357460021972656,-5.928651809692383,0,3660.8333333333335
2021-11-19 15:41:19,34.357460021972656,-5.928651809692383,0,3665.8333333333335
2021-11-19 15:41:25,34.357460021972656,-5.928651809692383,0,3670.0
2021-11-19 15:41:31,34.357460021972656,-5.928651809692383,0,3675.0
2021-11-19 15:41:37,34.357460021972656,-5.928651809692383,0,3680.8333333333335
2021-11-19 15:41:43,34.357460021972656,-5.928651809692383,0,3685.0
2021-11-19 15:41:49,34.357460021972656,-5.928651809692383,0,3687.5
2021-11-19 15:41:55,34.357460021972656,-5.928651809692383,0,3695.0
2021-11-19 15:42:01,34.357460021972656,-5.928651809692383,0,3701.666666666667
2021-11-19 15:42:07,34.357460021972656,-5.928651809692383,0,3705.833333333333
2021-11-19 15:42:13,34.357460021972656,-5.928651809692383,0,3709.166666666667
2021-11-19 15:42:19,34.357460021972656,-5.928651809692383,0,3714.166666666667
2021-11-19 15:42:25,34.357460021972656,-5.928651809692383,0,3719.166666666667
2021-11-19 15:42:31,34.357460021972656,-5.928651809692383,0,3724.166666666667
2021-11-19 15:42:37,34.357460021972656,-5.928651809692383,0,3729.166666666667
2021-11-19 15:42:43,34.357460021972656,-5.928651809692383,0,3733.333333333333
2021-11-19 15:42:49,34.357460021972656,-5.928651809692383,0,3739.166666666667
2021-11-19 15:42:55,34.357460021972656,-5.928651809692383,0,3740.833333333333
2021-11-19 15:43:01,34.357460021972656,-5.928651809692383,0,3746.666666666667
2021-11-19 15:43:07,34.357460021972656,-5.928651809692383,0,3753.333333333333
2021-11-19 15:43:13,34.357460021972656,-5.928651809692383,0,3758.333333333333
2021-11-19 15:43:19,34.357460021972656,-5.928651809692383,0,3761.666666666667
2021-11-19 15:43:25,34.357460021972656,-5.928651809692383,0,3768.3333333333335
2021-11-19 15:43:31,34.357460021972656,-5.928651809692383,0,3772.5
2021-11-19 15:43:37,34.357460021972656,-5.928651809692383,0,3775.0
2021-11-19 15:43:43,34.357460021972656,-5.928651809692383,0,3780.8333333333335
2021-11-19 15:43:49,34.357460021972656,-5.928651809692383,0,3786.666666666667
2021-11-19 15:43:55,34.357460021972656,-5.928651809692383,0,3793.3333333333335
2021-11-19 15:44:01,34.35734558105469,-5.928724765777588,9,3797.5
2021-11-19 15:44:07,34.35724258422852,-5.928842067718506,9,3800.8333333333335
2021-11-19 15:44:13,34.35712814331055,-5.928956985473633,10,3807.5
2021-11-19 15:44:19,34.35702133178711,-5.929078102111816,10,3812.5
2021-11-19 15:44:25,34.356903076171875,-5.929190158843994,10,3820.0
2021-11-19 15:44:31,34.35679244995117,-5.929314136505127,9,3823.3333333333335
2021-11-19 15:44:37,34.3566780090332,-5.929442882537842,10,3828.3333333333335
2021-11-19 15:44:43,34.3565673828125,-5.929566860198975,10,3836.6666666666665
2021-11-19 15:44:49,34.356449127197266,-5.929688930511475,10,3839.1666666666665
2021-11-19 15:44:55,34.35633087158203,-5.929811954498291,10,3847.5
2021-11-19 15:45:01,34.356224060058594,-5.9299139976501465,8,3854.166666666667
2021-11-19 15:45:07,34.35612106323242,-5.930027961730957,9,3857.5
2021-11-19 15:45:13,34.35601043701172,-5.930146217346191,10,3862.5
2021-11-19 15:45:19,34.355899810791016,-5.930274963378906,10,3869.166666666667
2021-11-19 15:45:25,34.35578918457031,-5.930399894714356,10,3875.0
2021-11-19 15:45:31,34.35567855834961,-5.930530071258545,10,3879.166666666667
2021-11-19 15:45:37,34.35557174682617,-5.930667877197266,10,3885.0
2021-11-19 15:45:43,34.35545349121094,-5.930768013000488,10,3889.166666666667
2021-11-19 15:45:49,34.35530471801758,-5.930781841278076,10,3895.8333333333335
2021-11-19 15:45:55,34.35515213012695,-5.93080997467041,10,3900.8333333333335
2021-11-19 15:46:01,34.355003356933594,-5.930857181549072,10,3905.8333333333335
2021-11-19 15:46:07,34.354854583740234,-5.930862903594971,10,3913.3333333333335
2021-11-19 15:46:13,34.35484313964844,-5.930715084075928,9,3916.666666666667
2021-11-19 15:46:19,34.35495376586914,-5.930591106414795,10,3923.3333333333335
2021-11-19 15:46:25,34.35518264770508,-5.930339813232422,9,3927.5
2021-11-19 15:46:31,34.35530090332031,-5.930220127105713,10,3939.166666666667
2021-11-19 15:46:37,34.35541534423828,-5.9300971031188965,10,3944.1666666666665
2021-11-19 15:46:43,34.35552978515625,-5.929977893829346,10,3950.833333333333
2021-11-19 15:46:49,34.35564422607422,-5.929859161376953,10,3955.0
2021-11-19 15:46:55,34.35575866699219,-5.9297380447387695,10,3961.6666666666665
2021-11-19 15:47:01,34.35587310791016,-5.929617881774902,10,3967.5
2021-11-19 15:47:07,34.35597610473633,-5.929491996765137,10,3971.6666666666665
2021-11-19 15:47:13,34.35608673095703,-5.929378032684326,9,3978.333333333333
2021-11-19 15:47:19,34.356197357177734,-5.929265022277832,9,3982.5
2021-11-19 15:47:25,34.35631561279297,-5.929148197174072,10,3985.833333333333
2021-11-19 15:47:31,34.35643005371094,-5.929034233093262,9,3995.0
2021-11-19 15:47:37,34.356544494628906,-5.928911209106445,10,4000.833333333333
2021-11-19 15:47:43,34.356658935546875,-5.928788185119629,10,4005.0
2021-11-19 15:47:49,34.35676956176758,-5.928674221038818,9,4010.0
2021-11-19 15:47:55,34.35688781738281,-5.928544044494629,10,4016.6666666666665
2021-11-19 15:48:01,34.35704803466797,-5.92850399017334,10,4023.333333333333
2021-11-19 15:48:07,34.357208251953125,-5.928472995758057,10,4026.6666666666665
2021-11-19 15:48:13,34.35736846923828,-5.928462982177734,10,4033.333333333333
2021-11-19 15:48:19,34.35752868652344,-5.928437232971191,10,4037.5
2021-11-19 15:48:25,34.35768508911133,-5.92841100692749,10,4043.333333333333
2021-11-19 15:48:31,34.35783767700195,-5.928379058837891,10,4048.333333333333
2021-11-19 15:48:37,34.35799026489258,-5.928341865539551,10,4053.333333333333
2021-11-19 15:48:43,34.35810852050781,-5.9283061027526855,2,4056.6666666666665
2021-11-19 15:48:49,34.35810852050781,-5.928309917449951,0,4060.833333333333
2021-11-19 15:48:55,34.35810852050781,-5.928310871124268,0,4065.833333333333
2021-11-19 15:49:01,34.35810852050781,-5.928310871124268,0,4070.0
2021-11-19 15:49:07,34.35810852050781,-5.928310871124268,0,4075.833333333333
2021-11-19 15:49:13,34.35810852050781,-5.928310871124268,0,4080.833333333333
2021-11-19 15:49:19,34.35810852050781,-5.928310871124268,0,4088.333333333333
2021-11-19 15:49:25,34.35810852050781,-5.928310871124268,0,4093.333333333333
2021-11-19 15:49:31,34.35810852050781,-5.928310871124268,0,4097.5
2021-11-19 15:49:37,34.35810852050781,-5.928310871124268,0,4104.166666666666
2021-11-19 15:49:43,34.35810852050781,-5.928310871124268,0,4108.333333333333
2021-11-19 15:49:49,34.35810852050781,-5.928310871124268,0,4114.166666666666
2021-11-19 15:49:55,34.35810852050781,-5.928310871124268,0,4117.5
2021-11-19 15:50:01,34.35810852050781,-5.928310871124268,0,4124.166666666666
2021-11-19 15:50:07,34.35810852050781,-5.928310871124268,0,4127.5
2021-11-19 15:50:13,34.35810852050781,-5.928310871124268,0,4131.666666666666
2021-11-19 15:50:19,34.35810852050781,-5.928310871124268,0,4138.333333333333
2021-11-19 15:50:25,34.35810852050781,-5.928310871124268,0,4141.666666666666
2021-11-19 15:50:31,34.35810852050781,-5.928310871124268,0,4147.5
2021-11-19 15:50:37,34.35810852050781,-5.928310871124268,0,4154.166666666666
2021-11-19 15:50:43,34.35810852050781,-5.928310871124268,0,4156.666666666666
2021-11-19 15:50:49,34.35810852050781,-5.928310871124268,0,4163.333333333333
2021-11-19 15:50:55,34.35810852050781,-5.928310871124268,0,4167.5
2021-11-19 15:51:01,34.35810852050781,-5.928310871124268,0,4170.833333333333
2021-11-19 15:51:07,34.35810852050781,-5.928310871124268,0,4176.666666666666
2021-11-19 15:51:13,34.35810852050781,-5.928310871124268,0,4184.166666666666
2021-11-19 15:51:19,34.35810852050781,-5.928310871124268,0,4187.5
2021-11-19 15:51:25,34.35810852050781,-5.928310871124268,0,4192.5
2021-11-19 15:51:31,34.35810852050781,-5.928310871124268,0,4197.5
2021-11-19 15:51:37,34.35810852050781,-5.928310871124268,0,4202.5
2021-11-19 15:51:43,34.35810852050781,-5.928310871124268,0,4208.333333333334
2021-11-19 15:51:49,34.35810852050781,-5.928310871124268,0,4213.333333333334
2021-11-19 15:51:55,34.35810852050781,-5.928310871124268,0,4217.5
2021-11-19 15:52:01,34.35810852050781,-5.928310871124268,0,4223.333333333334
2021-11-19 15:52:07,34.35810852050781,-5.928310871124268,0,4229.166666666667
2021-11-19 15:52:13,34.35810852050781,-5.928310871124268,0,4232.5
2021-11-19 15:52:19,34.35810852050781,-5.928310871124268,0,4238.333333333334
2021-11-19 15:52:25,34.35825729370117,-5.928276062011719,9,4241.666666666667
2021-11-19 15:52:31,34.358394622802734,-5.928221225738525,10,4248.333333333334
2021-11-19 15:52:37,34.3585319519043,-5.928159236907959,9,4250.833333333334
2021-11-19 15:52:43,34.358673095703125,-5.928092002868652,10,4255.833333333334
2021-11-19 15:52:49,34.35880661010742,-5.928016185760498,9,4260.0
2021-11-19 15:52:55,34.35894012451172,-5.927933216094971,9,4267.5
2021-11-19 15:53:01,34.35906219482422,-5.92793607711792,9,4270.833333333333
2021-11-19 15:53:07,34.359004974365234,-5.928081035614014,10,4278.333333333333
2021-11-19 15:53:13,34.35887145996094,-5.92817497253418,10,4283.333333333333
2021-11-19 15:53:19,34.35872268676758,-5.928236961364746,10,4287.5
2021-11-19 15:53:25,34.358577728271484,-5.92829704284668,10,4293.333333333333
2021-11-19 15:53:31,34.358428955078125,-5.928350925445557,10,4300.0
2021-11-19 15:53:37,34.3582878112793,-5.928394794464111,9,4305.833333333333
2021-11-19 15:53:43,34.358150482177734,-5.928452014923096,9,4309.166666666666
2021-11-19 15:53:49,34.35800552368164,-5.928476810455322,9,4315.833333333333
2021-11-19 15:53:55,34.35785675048828,-5.928506851196289,9,4320.833333333333
2021-11-19 15:54:01,34.35770797729492,-5.9285430908203125,9,4325.833333333333
2021-11-19 15:54:07,34.35755157470703,-5.928573131561279,10,4331.666666666666
2021-11-19 15:54:13,34.357398986816406,-5.928587913513184,10,4335.833333333333
2021-11-19 15:54:19,34.35724639892578,-5.9285888671875,10,4338.333333333333
2021-11-19 15:54:25,34.35709381103516,-5.928586006164551,10,4346.666666666666
2021-11-19 15:54:31,34.35694885253906,-5.928630828857422,10,4354.166666666666
2021-11-19 15:54:37,34.35683822631836,-5.9287590980529785,10,4358.333333333333
2021-11-19 15:54:43,34.356719970703125,-5.928874969482422,10,4364.166666666666
2021-11-19 15:54:49,34.35660934448242,-5.928986072540283,8,4369.166666666666
2021-11-19 15:54:55,34.35649871826172,-5.929100036621094,10,4375.833333333333
2021-11-19 15:55:01,34.356388092041016,-5.929224967956543,10,4382.5
2021-11-19 15:55:07,34.35627365112305,-5.929348945617676,9,4387.5
2021-11-19 15:55:13,34.35615539550781,-5.929464817047119,10,4394.166666666666
2021-11-19 15:55:19,34.35603713989258,-5.929582118988037,10,4398.333333333333
2021-11-19 15:55:25,34.35592269897461,-5.9297051429748535,10,4405.0
2021-11-19 15:55:31,34.35580825805664,-5.929823875427246,10,4412.5
2021-11-19 15:55:37,34.35570526123047,-5.929924011230469,9,4415.0
2021-11-19 15:55:43,34.35559844970703,-5.930046081542969,10,4420.833333333333
2021-11-19 15:55:49,34.35548400878906,-5.93015718460083,9,4425.833333333333
2021-11-19 15:55:55,34.355369567871094,-5.93027400970459,10,4433.333333333333
2021-11-19 15:56:01,34.35525131225586,-5.930394172668457,9,4436.666666666667
2021-11-19 15:56:07,34.35514831542969,-5.930498123168945,9,4442.5
2021-11-19 15:56:13,34.355037689208984,-5.9306159019470215,10,4450.0
2021-11-19 15:56:19,34.35492706298828,-5.930745124816895,10,4454.166666666666
2021-11-19 15:56:25,34.354820251464844,-5.930863857269287,10,4458.333333333334
2021-11-19 15:56:31,34.35475540161133,-5.930734157562256,10,4463.333333333334
2021-11-19 15:56:37,34.354862213134766,-5.930616855621338,8,4469.166666666666
2021-11-19 15:56:43,34.35496520996094,-5.930500984191895,10,4475.0
2021-11-19 15:56:49,34.355072021484375,-5.930387020111084,9,4479.166666666666
2021-11-19 15:56:55,34.355186462402344,-5.930267810821533,10,4485.0
2021-11-19 15:57:01,34.35530090332031,-5.930160999298096,9,4491.666666666666
2021-11-19 15:57:07,34.355411529541016,-5.93005895614624,10,4496.666666666666
2021-11-19 15:57:13,34.355525970458984,-5.929955005645752,10,4500.833333333333
2021-11-19 15:57:19,34.35563659667969,-5.929844856262207,10,4506.666666666666
2021-11-19 15:57:25,34.355751037597656,-5.929724216461182,10,4510.0
2021-11-19 15:57:31,34.355865478515625,-5.929606914520264,9,4517.5
2021-11-19 15:57:37,34.35598373413086,-5.92948579788208,10,4522.5
2021-11-19 15:57:43,34.35609436035156,-5.929372787475586,10,4529.166666666666
2021-11-19 15:57:49,34.3562126159668,-5.929253101348877,10,4533.333333333333
2021-11-19 15:57:55,34.3563232421875,-5.929134845733643,9,4538.333333333333
2021-11-19 15:58:01,34.35643768310547,-5.929015159606934,10,4544.166666666666
2021-11-19 15:58:07,34.35655212402344,-5.9288859367370605,10,4550.0
2021-11-19 15:58:13,34.35667037963867,-5.9287638664245605,10,4556.666666666666
2021-11-19 15:58:19,34.35679244995117,-5.928640842437744,10,4560.833333333333
2021-11-19 15:58:25,34.356929779052734,-5.928511142730713,11,4566.666666666666
2021-11-19 15:58:31,34.35708999633789,-5.92849588394165,10,4575.0
2021-11-19 15:58:37,34.35708236694336,-5.928638935089111,11,4580.0
2021-11-19 15:58:43,34.35694885253906,-5.9287190437316895,10,4583.333333333333
2021-11-19 15:58:49,34.35683059692383,-5.9288411140441895,9,4590.833333333333
2021-11-19 15:58:55,34.356712341308594,-5.9289631843566895,10,4595.0
2021-11-19 15:59:01,34.35659408569336,-5.929080009460449,10,4599.166666666666
2021-11-19 15:59:07,34.356475830078125,-5.929203987121582,10,4607.5
2021-11-19 15:59:13,34.35635757446289,-5.9293317794799805,10,4613.333333333333
2021-11-19 15:59:19,34.35612487792969,-5.929566860198975,9,4618.333333333333
2021-11-19 15:59:25,34.35600662231445,-5.929687976837158,9,4631.666666666667
2021-11-19 15:59:31,34.355892181396484,-5.929806232452393,10,4638.333333333334
2021-11-19 15:59:37,34.35577392578125,-5.929925918579102,9,4642.5
2021-11-19 15:59:43,34.35565948486328,-5.930047035217285,10,4648.333333333334
2021-11-19 15:59:49,34.35554122924805,-5.930165767669678,10,4652.5
2021-11-19 15:59:55,34.35542678833008,-5.930277824401856,7,4659.166666666666
2021-11-19 16:00:01,34.355316162109375,-5.93039083480835,10,4664.166666666666
2021-11-19 16:00:07,34.35519790649414,-5.930510997772217,10,4671.666666666666
2021-11-19 16:00:13,34.35508346557617,-5.9306321144104,10,4676.666666666666
2021-11-19 16:00:19,34.3549690246582,-5.930764198303223,10,4684.166666666666
2021-11-19 16:00:25,34.35484313964844,-5.930875778198242,11,4687.5
2021-11-19 16:00:31,34.354679107666016,-5.930922031402588,10,4694.166666666666
2021-11-19 16:00:37,34.35452651977539,-5.9309611320495605,10,4698.333333333333
2021-11-19 16:00:43,34.354373931884766,-5.930992126464844,10,4702.5
2021-11-19 16:00:49,34.35422134399414,-5.931013107299805,10,4710.0
2021-11-19 16:00:55,34.35409927368164,-5.930930137634277,9,4715.0
2021-11-19 16:01:01,34.35435104370117,-5.930792808532715,10,4724.166666666667
2021-11-19 16:01:07,34.35450744628906,-5.930767059326172,10,4730.0
2021-11-19 16:01:13,34.35466384887695,-5.930728912353516,10,4735.0
2021-11-19 16:01:19,34.35479736328125,-5.930646896362305,10,4740.833333333334
2021-11-19 16:01:25,34.354915618896484,-5.930514812469482,10,4742.5
2021-11-19 16:01:31,34.35503005981445,-5.930391788482666,8,4753.333333333334
2021-11-19 16:01:37,34.35513687133789,-5.930283069610596,9,4755.833333333334
2021-11-19 16:01:43,34.35525131225586,-5.930171012878418,9,4763.333333333334
2021-11-19 16:01:49,34.355369567871094,-5.930049896240234,10,4765.0
2021-11-19 16:01:55,34.35548400878906,-5.929934978485107,9,4769.166666666667
2021-11-19 16:02:01,34.3556022644043,-5.929819107055664,10,4780.0
2021-11-19 16:02:07,34.355716705322266,-5.929694175720215,9,4785.833333333334
2021-11-19 16:02:13,34.355831146240234,-5.929565906524658,10,4790.0
2021-11-19 16:02:19,34.35594177246094,-5.929444789886475,9,4795.0
2021-11-19 16:02:25,34.35605239868164,-5.929330825805664,9,4800.0
2021-11-19 16:02:31,34.35616683959961,-5.929214954376221,9,4806.666666666667
2021-11-19 16:02:37,34.35627365112305,-5.929101943969727,9,4810.0
2021-11-19 16:02:43,34.35639190673828,-5.928977966308594,9,4815.833333333333
2021-11-19 16:02:49,34.356502532958984,-5.928865909576416,9,4821.666666666666
2021-11-19 16:02:55,34.35660934448242,-5.928750991821289,9,4825.833333333333
2021-11-19 16:03:01,34.35671615600586,-5.928623199462891,9,4830.833333333333
2021-11-19 16:03:07,34.35681915283203,-5.92849588394165,10,4835.833333333333
2021-11-19 16:03:13,34.35696792602539,-5.928445816040039,10,4841.666666666666
2021-11-19 16:03:19,34.357120513916016,-5.92847204208374,11,4847.5
2021-11-19 16:03:25,34.357139587402344,-5.928627014160156,10,4850.833333333333
2021-11-19 16:03:31,34.35700607299805,-5.928689002990723,9,4856.666666666666
2021-11-19 16:03:37,34.35688781738281,-5.928802013397217,10,4861.666666666666
2021-11-19 16:03:43,34.35677719116211,-5.9289231300354,10,4865.833333333333
2021-11-19 16:03:49,34.35666275024414,-5.929043769836426,10,4871.666666666666
2021-11-19 16:03:55,34.356544494628906,-5.929172039031982,10,4879.166666666666
2021-11-19 16:04:01,34.35643005371094,-5.929290771484375,10,4885.833333333333
2021-11-19 16:04:07,34.3563117980957,-5.929409980773926,10,4890.0
2021-11-19 16:04:13,34.356197357177734,-5.929532051086426,10,4895.0
2021-11-19 16:04:19,34.3560791015625,-5.9296488761901855,10,4900.833333333334
2021-11-19 16:04:25,34.35597229003906,-5.929766178131104,9,4905.833333333334
2021-11-19 16:04:31,34.35585403442383,-5.929886817932129,10,4911.666666666667
2021-11-19 16:04:37,34.355735778808594,-5.930008888244629,10,4916.666666666667
2021-11-19 16:04:43,34.35561752319336,-5.9301347732543945,10,4921.666666666667
2021-11-19 16:04:49,34.35549545288086,-5.930253982543945,10,4928.333333333334
2021-11-19 16:04:55,34.355377197265625,-5.930369853973389,10,4935.833333333334
2021-11-19 16:05:01,34.355262756347656,-5.930488109588623,10,4940.833333333334
2021-11-19 16:05:07,34.35514068603516,-5.930609226226807,10,4949.166666666667
2021-11-19 16:05:13,34.35503005981445,-5.930739879608154,10,4953.333333333334
2021-11-19 16:05:19,34.354881286621094,-5.930832862854004,11,4959.166666666667
2021-11-19 16:05:25,34.3547248840332,-5.930875778198242,10,4965.0
2021-11-19 16:05:31,34.35456848144531,-5.930929183959961,9,4968.333333333334
2021-11-19 16:05:37,34.35443878173828,-5.930966854095459,8,4972.5
2021-11-19 16:05:43,34.35434341430664,-5.930883884429932,9,4978.333333333334
2021-11-19 16:05:49,34.35445785522461,-5.930785179138184,9,4981.666666666666
2021-11-19 16:05:55,34.35457229614258,-5.930665016174316,10,4983.333333333334
2021-11-19 16:06:01,34.35467529296875,-5.930552005767822,9,4992.5
2021-11-19 16:06:07,34.35478591918945,-5.930430889129639,8,4996.666666666666
2021-11-19 16:06:13,34.35490036010742,-5.9303131103515625,10,5003.333333333334
2021-11-19 16:06:19,34.35502243041992,-5.930187225341797,10,5009.166666666666
2021-11-19 16:06:25,34.35514450073242,-5.930066108703613,9,5014.166666666666
2021-11-19 16:06:31,34.355262756347656,-5.92995023727417,10,5020.0
2021-11-19 16:06:37,34.355377197265625,-5.929833889007568,10,5024.166666666666
2021-11-19 16:06:43,34.35549545288086,-5.929716110229492,10,5029.166666666666
2021-11-19 16:06:49,34.35561752319336,-5.929584980010986,10,5036.666666666666
2021-11-19 16:06:55,34.35573959350586,-5.929456233978272,10,5039.166666666666
2021-11-19 16:07:01,34.355857849121094,-5.929318904876709,11,5045.0
2021-11-19 16:07:07,34.355979919433594,-5.929194927215576,9,5052.5
2021-11-19 16:07:13,34.356101989746094,-5.92906379699707,10,5060.0
2021-11-19 16:07:19,34.35621643066406,-5.9289422035217285,10,5064.166666666666
2021-11-19 16:07:25,34.356327056884766,-5.928823947906494,8,5070.0
2021-11-19 16:07:31,34.35643768310547,-5.928699970245361,9,5074.166666666666
2021-11-19 16:07:37,34.356536865234375,-5.928569793701172,9,5077.5
2021-11-19 16:07:43,34.356651306152344,-5.928465843200684,8,5085.0
2021-11-19 16:07:49,34.35666275024414,-5.9284539222717285,0,5088.333333333333
2021-11-19 16:07:55,34.35666275024414,-5.928452014923096,0,5091.666666666666
2021-11-19 16:08:01,34.35666275024414,-5.928451061248779,0,5096.666666666666
2021-11-19 16:08:07,34.35666275024414,-5.928451061248779,0,5102.5
2021-11-19 16:08:13,34.35666275024414,-5.928451061248779,0,5106.666666666666
2021-11-19 16:08:19,34.35666275024414,-5.928451061248779,0,5111.666666666666
2021-11-19 16:08:25,34.35666275024414,-5.928451061248779,0,5115.0
2021-11-19 16:08:31,34.35666275024414,-5.928451061248779,0,5121.666666666666
2021-11-19 16:08:37,34.35666275024414,-5.928451061248779,0,5126.666666666666
2021-11-19 16:08:43,34.35666275024414,-5.928451061248779,0,5129.166666666666
2021-11-19 16:08:49,34.35666275024414,-5.928451061248779,0,5136.666666666666
2021-11-19 16:08:55,34.35666275024414,-5.928451061248779,0,5142.5
2021-11-19 16:09:01,34.35666275024414,-5.928451061248779,0,5146.666666666667
2021-11-19 16:09:07,34.35666275024414,-5.928451061248779,0,5150.0
2021-11-19 16:09:13,34.35666275024414,-5.928451061248779,0,5154.166666666667
2021-11-19 16:09:19,34.35666275024414,-5.928451061248779,0,5161.666666666667
2021-11-19 16:09:25,34.35666275024414,-5.928451061248779,0,5165.0
2021-11-19 16:09:31,34.35666275024414,-5.928451061248779,0,5170.0
2021-11-19 16:09:37,34.35666275024414,-5.928451061248779,0,5175.0
2021-11-19 16:09:43,34.35666275024414,-5.928451061248779,0,5182.5
2021-11-19 16:09:49,34.35666275024414,-5.928451061248779,0,5185.833333333333
2021-11-19 16:09:55,34.35666275024414,-5.928451061248779,0,5190.833333333333
2021-11-19 16:10:01,34.35666275024414,-5.928451061248779,0,5193.333333333333
2021-11-19 16:10:07,34.35666275024414,-5.928451061248779,0,5198.333333333333
2021-11-19 16:10:13,34.35666275024414,-5.928451061248779,0,5205.833333333333
2021-11-19 16:10:19,34.35666275024414,-5.928451061248779,0,5208.333333333333
2021-11-19 16:10:25,34.35666275024414,-5.928451061248779,0,5215.0
2021-11-19 16:10:31,34.35666275024414,-5.928451061248779,0,5218.333333333333
2021-11-19 16:10:37,34.35666275024414,-5.928451061248779,0,5225.833333333334
2021-11-19 16:10:43,34.35666275024414,-5.928451061248779,0,5228.333333333334
2021-11-19 16:10:49,34.35666275024414,-5.928451061248779,0,5234.166666666667
2021-11-19 16:10:55,34.35675048828125,-5.928455829620361,10,5240.0
2021-11-19 16:11:01,34.356903076171875,-5.928459167480469,10,5245.833333333334
2021-11-19 16:11:07,34.35706329345703,-5.928466796875,10,5250.0
2021-11-19 16:11:13,34.35719299316406,-5.928534984588623,10,5255.833333333334
2021-11-19 16:11:19,34.35711669921875,-5.928668022155762,10,5259.166666666667
2021-11-19 16:11:25,34.35698318481445,-5.928758144378662,10,5265.0
2021-11-19 16:11:31,34.35686492919922,-5.928880214691162,10,5269.166666666667
2021-11-19 16:11:37,34.35674285888672,-5.929008960723877,10,5275.833333333334
2021-11-19 16:11:43,34.35651397705078,-5.929244995117188,9,5290.833333333334
2021-11-19 16:11:49,34.35639953613281,-5.929365158081055,10,5295.0
2021-11-19 16:11:55,34.35627746582031,-5.929487228393555,10,5301.666666666667
2021-11-19 16:12:01,34.35615921020508,-5.92961311340332,10,5305.833333333333
2021-11-19 16:12:07,34.35603713989258,-5.9297380447387695,10,5314.166666666667
2021-11-19 16:12:13,34.35592269897461,-5.92985200881958,10,5318.333333333334
2021-11-19 16:12:19,34.355804443359375,-5.929975986480713,10,5325.0
2021-11-19 16:12:25,34.35568618774414,-5.930105209350586,10,5329.166666666667
2021-11-19 16:12:31,34.35556411743164,-5.930233001708984,10,5336.666666666667
2021-11-19 16:12:37,34.35544204711914,-5.930366039276123,11,5339.166666666667
2021-11-19 16:12:43,34.355316162109375,-5.930494785308838,10,5347.5
2021-11-19 16:12:49,34.355194091796875,-5.930618762969971,10,5354.166666666667
2021-11-19 16:12:55,34.35508346557617,-5.930757999420166,11,5359.166666666667
2021-11-19 16:13:01,34.354957580566406,-5.93084192276001,9,5365.833333333334
2021-11-19 16:13:07,34.35480880737305,-5.93087911605835,10,5368.333333333334
2021-11-19 16:13:13,34.35466003417969,-5.930910110473633,10,5373.333333333334
2021-11-19 16:13:19,34.35451126098633,-5.930943012237549,10,5376.666666666667
2021-11-19 16:13:25,34.35435485839844,-5.930950164794922,12,5384.166666666667
2021-11-19 16:13:31,34.354347229003906,-5.930788993835449,11,5387.5
2021-11-19 16:13:37,34.3544807434082,-5.93068790435791,10,5395.0
2021-11-19 16:13:43,34.3546028137207,-5.9305620193481445,10,5402.5
2021-11-19 16:13:49,34.35472106933594,-5.930434226989746,11,5406.666666666667
2021-11-19 16:13:55,34.3548469543457,-5.93031120300293,10,5409.166666666667
2021-11-19 16:14:01,34.35496139526367,-5.930193901062012,10,5415.0
2021-11-19 16:14:07,34.355079650878906,-5.930079936981201,10,5421.666666666667
2021-11-19 16:14:13,34.355194091796875,-5.929965972900391,10,5432.5
2021-11-19 16:14:19,34.35531234741211,-5.929845809936523,10,5436.666666666667
2021-11-19 16:14:25,34.355430603027344,-5.929726123809815,10,5443.333333333334
2021-11-19 16:14:31,34.35554885864258,-5.929597854614258,10,5449.166666666667
2021-11-19 16:14:37,34.35566711425781,-5.929469108581543,10,5453.333333333334
2021-11-19 16:14:43,34.35578918457031,-5.92933988571167,10,5459.166666666667
2021-11-19 16:14:49,34.35591125488281,-5.929211139678955,10,5460.833333333334
2021-11-19 16:14:55,34.35601806640625,-5.9290947914123535,9,5463.333333333334
2021-11-19 16:15:01,34.35612487792969,-5.928979873657227,9,5479.166666666667
2021-11-19 16:15:07,34.356353759765625,-5.928731918334961,10,5490.0
2021-11-19 16:15:13,34.356468200683594,-5.9286041259765625,10,5496.666666666667
2021-11-19 16:15:19,34.356563568115234,-5.928452014923096,10,5500.0
2021-11-19 16:15:25,34.356666564941406,-5.928521156311035,11,5506.666666666666
2021-11-19 16:15:31,34.356544494628906,-5.92862606048584,10,5510.0
2021-11-19 16:15:37,34.356441497802734,-5.928764820098877,10,5516.666666666666
2021-11-19 16:15:43,34.35633087158203,-5.928884983062744,10,5523.333333333333
2021-11-19 16:15:49,34.35622024536133,-5.92900276184082,10,5527.5
2021-11-19 16:15:55,34.35610580444336,-5.929123878479004,10,5535.833333333333
2021-11-19 16:16:01,34.35599136352539,-5.929251194000244,10,5540.0
2021-11-19 16:16:07,34.35587692260742,-5.929378986358643,10,5547.5
2021-11-19 16:16:13,34.355770111083984,-5.929490089416504,8,5552.5
2021-11-19 16:16:19,34.35566329956055,-5.929602146148682,9,5556.666666666666
2021-11-19 16:16:25,34.35554885864258,-5.929728984832764,10,5563.333333333333
2021-11-19 16:16:31,34.355438232421875,-5.929841041564941,10,5569.166666666666
2021-11-19 16:16:37,34.35531997680664,-5.929965019226074,10,5575.833333333333
2021-11-19 16:16:43,34.35520553588867,-5.930085182189941,10,5580.0
2021-11-19 16:16:49,34.35509490966797,-5.930192947387695,10,5584.166666666667
2021-11-19 16:16:55,34.354976654052734,-5.930316925048828,10,5588.333333333334
2021-11-19 16:17:01,34.354862213134766,-5.930438995361328,9,5595.0
2021-11-19 16:17:07,34.3547477722168,-5.930555820465088,10,5600.833333333334
2021-11-19 16:17:13,34.35464859008789,-5.9306640625,10,5605.0
2021-11-19 16:17:19,34.3545036315918,-5.930809020996094,10,5611.666666666667
2021-11-19 16:17:25,34.3543586730957,-5.930884838104248,10,5616.666666666667
2021-11-19 16:17:31,34.35420227050781,-5.930915832519531,9,5621.666666666667
2021-11-19 16:17:37,34.35405731201172,-5.930931091308594,10,5625.0
2021-11-19 16:17:43,34.3541259765625,-5.9308061599731445,11,5631.666666666667
2021-11-19 16:17:49,34.35428237915039,-5.930768013000488,10,5637.5
2021-11-19 16:17:55,34.354400634765625,-5.930710792541504,10,5644.166666666666
2021-11-19 16:18:01,34.35454177856445,-5.930569171905518,10,5648.333333333333
2021-11-19 16:18:07,34.35465621948242,-5.930453777313232,10,5655.0
2021-11-19 16:18:13,34.354774475097656,-5.930328845977783,10,5658.333333333333
2021-11-19 16:18:19,34.35490036010742,-5.930198192596436,10,5667.5
2021-11-19 16:18:25,34.35502243041992,-5.930072784423828,10,5671.666666666667
2021-11-19 16:18:31,34.35514068603516,-5.929961204528809,10,5677.5
2021-11-19 16:18:37,34.35525894165039,-5.929844856262207,9,5685.0
2021-11-19 16:18:43,34.35537338256836,-5.929720878601074,10,5689.166666666666
2021-11-19 16:18:49,34.355491638183594,-5.929596900939941,10,5695.0
2021-11-19 16:18:55,34.35560989379883,-5.929470062255859,10,5701.666666666666
2021-11-19 16:19:01,34.3557243347168,-5.929351806640625,10,5708.333333333333
2021-11-19 16:19:07,34.35584259033203,-5.929225921630859,10,5712.5
2021-11-19 16:19:13,34.3559455871582,-5.929121971130371,7,5718.333333333333
2021-11-19 16:19:19,34.35605239868164,-5.929004192352295,10,5722.5
2021-11-19 16:19:25,34.35615921020508,-5.92888879776001,10,5726.666666666666
2021-11-19 16:19:31,34.35627365112305,-5.928761005401611,10,5732.5
2021-11-19 16:19:37,34.356388092041016,-5.9286298751831055,10,5735.0
2021-11-19 16:19:43,34.35649871826172,-5.928493976593018,9,5742.5
2021-11-19 16:19:49,34.35663604736328,-5.92841386795044,11,5745.833333333333
2021-11-19 16:19:55,34.35669708251953,-5.928548812866211,11,5752.5
2021-11-19 16:20:01,34.356571197509766,-5.928651809692383,10,5758.333333333333
2021-11-19 16:20:07,34.35647964477539,-5.9287590980529785,10,5761.666666666666
2021-11-19 16:20:13,34.35634994506836,-5.928908824920654,10,5768.333333333334
2021-11-19 16:20:19,34.35623550415039,-5.929030895233154,10,5775.0
2021-11-19 16:20:25,34.35612106323242,-5.929161071777344,10,5778.333333333334
2021-11-19 16:20:31,34.35600662231445,-5.929286956787109,9,5785.833333333334
2021-11-19 16:20:37,34.35589599609375,-5.929411888122559,10,5791.666666666667
2021-11-19 16:20:43,34.35578536987305,-5.929533004760742,10,5797.5
2021-11-19 16:20:49,34.35566329956055,-5.929657936096191,10,5802.5
2021-11-19 16:20:55,34.35554504394531,-5.929784774780273,10,5808.333333333334
2021-11-19 16:21:01,34.355438232421875,-5.929891109466553,9,5810.833333333334
2021-11-19 16:21:07,34.355342864990234,-5.929988861083984,10,5814.166666666667
2021-11-19 16:21:13,34.355228424072266,-5.930107116699219,10,5825.833333333334
2021-11-19 16:21:19,34.3550910949707,-5.930240154266357,9,5829.166666666667
2021-11-19 16:21:25,34.354984283447266,-5.930359840393066,9,5832.5
2021-11-19 16:21:31,34.35488510131836,-5.930458068847656,10,5840.833333333334
2021-11-19 16:21:37,34.354774475097656,-5.930578231811523,10,5845.0
2021-11-19 16:21:43,34.35465621948242,-5.930702209472656,10,5849.166666666667
2021-11-19 16:21:49,34.35453796386719,-5.930822849273682,10,5852.5
2021-11-19 16:21:55,34.35440444946289,-5.930914878845215,10,5861.666666666666
2021-11-19 16:22:01,34.35440444946289,-5.930914878845215,10,5867.5
2021-11-19 16:22:07,34.354087829589844,-5.9309282302856445,9,5870.833333333333
2021-11-19 16:22:13,34.354183197021484,-5.9308061599731445,10,5876.666666666666
2021-11-19 16:22:19,34.35432052612305,-5.930723190307617,10,5880.0
2021-11-19 16:22:25,34.35445022583008,-5.9306230545043945,10,5885.833333333333
2021-11-19 16:22:31,34.35455703735352,-5.930520057678223,10,5893.333333333333
2021-11-19 16:22:37,34.35468673706055,-5.9303741455078125,10,5899.166666666666
2021-11-19 16:22:43,34.35480117797852,-5.930257797241211,9,5903.333333333333
2021-11-19 16:22:49,34.35491180419922,-5.930142879486084,10,5908.333333333333
2021-11-19 16:22:55,34.35502624511719,-5.930033206939697,9,5915.833333333333
2021-11-19 16:23:01,34.35513687133789,-5.929920196533203,9,5919.166666666666
2021-11-19 16:23:07,34.35525131225586,-5.929801940917969,9,5925.0
2021-11-19 16:23:13,34.35536193847656,-5.929681777954102,10,5931.666666666666
2021-11-19 16:23:19,34.355464935302734,-5.929576873779297,9,5935.0
2021-11-19 16:23:25,34.3555793762207,-5.929457187652588,10,5938.333333333334
2021-11-19 16:23:31,34.35569381713867,-5.929346084594727,9,5944.166666666666
2021-11-19 16:23:37,34.355804443359375,-5.929227828979492,9,5948.333333333334
2021-11-19 16:23:43,34.35592269897461,-5.929101943969727,10,5951.666666666666
2021-11-19 16:23:49,34.356040954589844,-5.928979873657227,10,5959.166666666666
2021-11-19 16:23:55,34.35615158081055,-5.928850173950195,10,5965.833333333334
2021-11-19 16:24:01,34.35626602172852,-5.928728103637695,9,5968.333333333334
2021-11-19 16:24:07,34.35637664794922,-5.928603172302246,10,5975.0
2021-11-19 16:24:13,34.35647964477539,-5.928462982177734,10,5976.666666666667
2021-11-19 16:24:19,34.356590270996094,-5.9283881187438965,10,5983.333333333334
2021-11-19 16:24:25,34.35675430297852,-5.928464889526367,9,5991.666666666667
2021-11-19 16:24:31,34.356746673583984,-5.92852783203125,0,5995.833333333334
2021-11-19 16:24:37,34.35674285888672,-5.92852783203125,0,5999.166666666667
2021-11-19 16:24:43,34.35674285888672,-5.92852783203125,0,6008.333333333334
2021-11-19 16:24:49,34.35674285888672,-5.92852783203125,0,6012.5
2021-11-19 16:24:55,34.35674285888672,-5.92852783203125,0,6020.833333333334
2021-11-19 16:25:01,34.35674285888672,-5.92852783203125,0,6023.333333333333
2021-11-19 16:25:07,34.35674285888672,-5.92852783203125,0,6029.166666666667
2021-11-19 16:25:13,34.35674285888672,-5.92852783203125,0,6035.0
2021-11-19 16:25:19,34.35674285888672,-5.92852783203125,0,6038.333333333333
2021-11-19 16:25:25,34.35674285888672,-5.92852783203125,0,6044.166666666667
2021-11-19 16:25:31,34.35674285888672,-5.92852783203125,0,6047.5
2021-11-19 16:25:37,34.35674285888672,-5.92852783203125,0,6053.333333333333
2021-11-19 16:25:43,34.35674285888672,-5.92852783203125,0,6058.333333333333
2021-11-19 16:25:49,34.35674285888672,-5.92852783203125,0,6064.166666666667
2021-11-19 16:25:55,34.35674285888672,-5.92852783203125,0,6068.333333333333
2021-11-19 16:26:01,34.35674285888672,-5.92852783203125,0,6073.333333333333
2021-11-19 16:26:07,34.35674285888672,-5.92852783203125,0,6079.166666666667
2021-11-19 16:26:13,34.35674285888672,-5.92852783203125,0,6083.333333333333
2021-11-19 16:26:19,34.35674285888672,-5.92852783203125,0,6088.333333333333
2021-11-19 16:26:25,34.35674285888672,-5.92852783203125,0,6095.0
2021-11-19 16:26:31,34.35674285888672,-5.92852783203125,0,6098.333333333333
2021-11-19 16:26:37,34.35674285888672,-5.92852783203125,0,6103.333333333334
2021-11-19 16:26:43,34.35674285888672,-5.92852783203125,0,6108.333333333334
2021-11-19 16:26:49,34.35674285888672,-5.92852783203125,0,6111.666666666666
2021-11-19 16:26:55,34.35674285888672,-5.92852783203125,0,6119.166666666666
2021-11-19 16:27:01,34.35674285888672,-5.92852783203125,0,6123.333333333334
2021-11-19 16:27:07,34.35674285888672,-5.92852783203125,0,6125.0
2021-11-19 16:27:13,34.356632232666016,-5.928657054901123,9,6130.833333333334
2021-11-19 16:27:19,34.35652160644531,-5.928774833679199,9,6138.333333333334
2021-11-19 16:27:25,34.356502532958984,-5.92879581451416,9,6143.333333333333
2021-11-19 16:27:31,34.35628890991211,-5.929031848907471,10,6150.0
2021-11-19 16:27:37,34.356170654296875,-5.9291510581970215,10,6154.166666666666
2021-11-19 16:27:43,34.356056213378906,-5.929276943206787,10,6160.0
2021-11-19 16:27:49,34.35594177246094,-5.929402828216553,10,6163.333333333333
2021-11-19 16:27:55,34.355831146240234,-5.92952823638916,9,6171.666666666666
2021-11-19 16:28:01,34.35573196411133,-5.929631233215332,10,6179.166666666666
2021-11-19 16:28:07,34.35562515258789,-5.929752826690674,10,6182.5
2021-11-19 16:28:13,34.35551071166992,-5.929872035980225,8,6187.5
2021-11-19 16:28:19,34.35540008544922,-5.929985046386719,10,6194.166666666667
2021-11-19 16:28:25,34.355262756347656,-5.93012809753418,10,6200.833333333334
2021-11-19 16:28:31,34.35514831542969,-5.930240154266357,8,6205.0
2021-11-19 16:28:37,34.35503387451172,-5.930356979370117,9,6210.0
2021-11-19 16:28:43,34.35491943359375,-5.930478096008301,10,6215.833333333334
2021-11-19 16:28:49,34.35480117797852,-5.930595874786377,10,6217.5
2021-11-19 16:28:55,34.35468673706055,-5.930720806121826,9,6225.0
2021-11-19 16:29:01,34.35456848144531,-5.930837154388428,10,6232.5
2021-11-19 16:29:07,34.354434967041016,-5.930922031402588,9,6235.0
2021-11-19 16:29:13,34.35429000854492,-5.930952072143555,10,6241.666666666667
2021-11-19 16:29:19,34.35413360595703,-5.930957794189453,10,6247.5
2021-11-19 16:29:25,34.3539924621582,-5.930882930755615,9,6250.833333333334
2021-11-19 16:29:31,34.35405731201172,-5.930739879608154,10,6254.166666666667
2021-11-19 16:29:37,34.35417556762695,-5.9306230545043945,8,6257.5
2021-11-19 16:29:43,34.35428237915039,-5.930511951446533,7,6265.833333333334
2021-11-19 16:29:49,34.354393005371094,-5.930404186248779,10,6275.0
2021-11-19 16:29:55,34.35451126098633,-5.930286884307861,10,6279.166666666667
2021-11-19 16:30:01,34.35462951660156,-5.930165767669678,10,6285.833333333334
2021-11-19 16:30:07,34.35475158691406,-5.930047988891602,10,6291.666666666667
2021-11-19 16:30:13,34.35487365722656,-5.929927825927734,10,6297.5
2021-11-19 16:30:19,34.3549919128418,-5.929807186126709,10,6303.333333333334
2021-11-19 16:30:25,34.3551139831543,-5.929687976837158,10,6309.166666666667
2021-11-19 16:30:31,34.35523223876953,-5.929565906524658,10,6315.833333333334
2021-11-19 16:30:37,34.35536193847656,-5.929429054260254,9,6317.5
2021-11-19 16:30:43,34.35546112060547,-5.929329872131348,10,6326.666666666667
2021-11-19 16:30:49,34.35558319091797,-5.929212093353272,10,6333.333333333334
2021-11-19 16:30:55,34.35569763183594,-5.929090023040772,9,6338.333333333334
2021-11-19 16:31:01,34.35581588745117,-5.928968906402588,10,6344.166666666667
2021-11-19 16:31:07,34.35593795776367,-5.928852081298828,10,6350.0
2021-11-19 16:31:13,34.356056213378906,-5.92873477935791,10,6354.166666666667
2021-11-19 16:31:19,34.356170654296875,-5.928618907928467,9,6360.833333333334
2021-11-19 16:31:25,34.35626602172852,-5.92849588394165,9,6364.166666666667
2021-11-19 16:31:31,34.35639953613281,-5.928410053253174,10,6369.166666666667
2021-11-19 16:31:37,34.3565559387207,-5.928415775299072,10,6376.666666666667
2021-11-19 16:31:43,34.35671615600586,-5.928427219390869,10,6379.166666666667
2021-11-19 16:31:49,34.35675811767578,-5.928571224212647,10,6385.0
2021-11-19 16:31:55,34.35663604736328,-5.928692817687988,10,6388.333333333333
2021-11-19 16:32:01,34.356529235839844,-5.928815841674805,9,6390.833333333333
2021-11-19 16:32:07,34.356414794921875,-5.928940773010254,10,6400.833333333333
2021-11-19 16:32:13,34.356292724609375,-5.929069995880127,10,6407.5
2021-11-19 16:32:19,34.356178283691406,-5.92919397354126,9,6411.666666666667
2021-11-19 16:32:25,34.35606384277344,-5.92931604385376,10,6417.5
2021-11-19 16:32:31,34.3559455871582,-5.929441928863525,10,6421.666666666667
2021-11-19 16:32:37,34.35582733154297,-5.929563999176025,9,6429.166666666667
2021-11-19 16:32:43,34.35570526123047,-5.929688930511475,10,6435.833333333334
2021-11-19 16:32:49,34.355587005615234,-5.929809093475342,10,6438.333333333334
2021-11-19 16:32:55,34.355464935302734,-5.929933071136475,10,6445.0
2021-11-19 16:33:01,34.355342864990234,-5.930055141448975,10,6449.166666666667
2021-11-19 16:33:07,34.355224609375,-5.930172920227051,10,6455.833333333334
2021-11-19 16:33:13,34.3551025390625,-5.930294990539551,10,6460.0
2021-11-19 16:33:19,34.354976654052734,-5.930418968200684,10,6465.0
2021-11-19 16:33:25,34.354854583740234,-5.930537223815918,10,6473.333333333334
2021-11-19 16:33:31,34.354736328125,-5.930656909942627,10,6478.333333333334
2021-11-19 16:33:37,34.35462951660156,-5.930802822113037,10,6483.333333333334
2021-11-19 16:33:43,34.354496002197266,-5.930912017822266,10,6490.833333333334
2021-11-19 16:33:49,34.354347229003906,-5.930971145629883,10,6494.166666666666
2021-11-19 16:33:55,34.354183197021484,-5.930990219116211,10,6501.666666666666
2021-11-19 16:34:01,34.354007720947266,-5.9309492111206055,10,6506.666666666666
2021-11-19 16:34:07,34.35395431518555,-5.930790901184082,11,6512.5
2021-11-19 16:34:13,34.35408020019531,-5.9306640625,10,6515.833333333334
2021-11-19 16:34:19,34.35419845581055,-5.930541038513184,10,6522.5
2021-11-19 16:34:25,34.354434967041016,-5.930305004119873,9,6528.333333333334
2021-11-19 16:34:31,34.35455703735352,-5.93018102645874,10,6541.666666666666
2021-11-19 16:34:37,34.35468292236328,-5.930062770843506,10,6545.833333333334
2021-11-19 16:34:43,34.35480117797852,-5.929944038391113,9,6553.333333333334
2021-11-19 16:34:49,34.35491180419922,-5.929831981658936,10,6556.666666666667
2021-11-19 16:34:55,34.35502624511719,-5.929718017578125,10,6561.666666666667
2021-11-19 16:35:01,34.35514831542969,-5.929596900939941,9,6568.333333333334
2021-11-19 16:35:07,34.355262756347656,-5.929477214813232,9,6570.833333333334
2021-11-19 16:35:13,34.35538101196289,-5.929348945617676,10,6579.166666666667
2021-11-19 16:35:19,34.35550308227539,-5.929224967956543,10,6582.5
2021-11-19 16:35:25,34.35561752319336,-5.929098129272461,10,6590.0
2021-11-19 16:35:31,34.35573196411133,-5.928980827331543,10,6594.166666666666
2021-11-19 16:35:37,34.35585403442383,-5.92887020111084,10,6600.833333333334
2021-11-19 16:35:43,34.35597229003906,-5.9287519454956055,10,6606.666666666666
2021-11-19 16:35:49,34.3560905456543,-5.9286298751831055,10,6610.833333333334
2021-11-19 16:35:55,34.356201171875,-5.928496837615967,10,6616.666666666666
2021-11-19 16:36:01,34.356292724609375,-5.928346157073975,10,6622.5
2021-11-19 16:36:07,34.35636901855469,-5.928454875946045,10,6627.5
2021-11-19 16:36:13,34.35624313354492,-5.928565979003906,10,6633.333333333334
2021-11-19 16:36:19,34.35614013671875,-5.928699970245361,10,6638.333333333334
2021-11-19 16:36:25,34.35602188110352,-5.928813934326172,10,6646.666666666667
2021-11-19 16:36:31,34.355899810791016,-5.928935050964356,10,6651.666666666667
2021-11-19 16:36:37,34.35578155517578,-5.929052829742432,10,6655.0
2021-11-19 16:36:43,34.35566711425781,-5.92917013168335,9,6661.666666666667
2021-11-19 16:36:49,34.35554504394531,-5.929293155670166,10,6670.0
2021-11-19 16:36:55,34.35542678833008,-5.929418087005615,10,6674.166666666667
2021-11-19 16:37:01,34.35531234741211,-5.929534912109375,9,6679.166666666667
2021-11-19 16:37:07,34.355194091796875,-5.929656028747559,10,6686.666666666667
2021-11-19 16:37:13,34.355079650878906,-5.929777145385742,10,6690.833333333334
2021-11-19 16:37:19,34.35496139526367,-5.929894924163818,10,6697.5
2021-11-19 16:37:25,34.35484313964844,-5.930009841918945,8,6701.666666666667
2021-11-19 16:37:31,34.354732513427734,-5.930118083953857,10,6706.666666666667
2021-11-19 16:37:37,34.3546142578125,-5.930231094360352,10,6715.833333333334
2021-11-19 16:37:43,34.35449981689453,-5.930344104766846,8,6721.666666666667
2021-11-19 16:37:49,34.354393005371094,-5.930455207824707,9,6725.0
2021-11-19 16:37:55,34.354278564453125,-5.9305739402771,10,6730.833333333334
2021-11-19 16:38:01,34.35416412353516,-5.93069314956665,9,6735.0
2021-11-19 16:38:07,34.354061126708984,-5.930821895599365,9,6738.333333333334
2021-11-19 16:38:13,34.35393142700195,-5.930884838104248,10,6745.833333333334
2021-11-19 16:38:19,34.35395812988281,-5.930737018585205,10,6751.666666666666
2021-11-19 16:38:25,34.35407257080078,-5.930616855621338,9,6756.666666666666
2021-11-19 16:38:31,34.35418701171875,-5.930498123168945,10,6762.5
2021-11-19 16:38:37,34.35430908203125,-5.930377006530762,10,6765.833333333334
2021-11-19 16:38:43,34.35442352294922,-5.930261135101318,9,6773.333333333334
2021-11-19 16:38:49,34.35454177856445,-5.930150032043457,10,6780.0
2021-11-19 16:38:55,34.35466003417969,-5.930036067962647,10,6785.833333333334
2021-11-19 16:39:01,34.35478210449219,-5.929923057556152,10,6790.0
2021-11-19 16:39:07,34.35489654541016,-5.929806232452393,10,6795.0
2021-11-19 16:39:13,34.355010986328125,-5.929691791534424,9,6799.166666666666
2021-11-19 16:39:19,34.355125427246094,-5.9295759201049805,10,6805.833333333334
2021-11-19 16:39:25,34.35523986816406,-5.9294538497924805,9,6812.5
2021-11-19 16:39:31,34.3553581237793,-5.929333209991455,10,6815.833333333334
2021-11-19 16:39:37,34.35547637939453,-5.929211139678955,9,6820.833333333334
2021-11-19 16:39:43,34.3555908203125,-5.9290947914123535,10,6829.166666666667
2021-11-19 16:39:49,34.35569763183594,-5.92898416519165,9,6832.5
2021-11-19 16:39:55,34.35580825805664,-5.928873062133789,8,6838.333333333333
2021-11-19 16:40:01,34.35592269897461,-5.928754806518555,9,6841.666666666667
2021-11-19 16:40:07,34.35604476928711,-5.928636074066162,10,6850.833333333333
2021-11-19 16:40:13,34.35615539550781,-5.928518772125244,9,6854.166666666667
2021-11-19 16:40:19,34.35625457763672,-5.928380966186523,10,6858.333333333334
2021-11-19 16:40:25,34.35639572143555,-5.928402900695801,10,6866.666666666667
2021-11-19 16:40:31,34.35633087158203,-5.928537845611572,10,6869.166666666667
2021-11-19 16:40:37,34.356224060058594,-5.928659915924072,10,6875.0
2021-11-19 16:40:43,34.35611343383789,-5.92878007888794,10,6879.166666666667
2021-11-19 16:40:49,34.355995178222656,-5.928895950317383,9,6887.5
2021-11-19 16:40:55,34.35588073730469,-5.929006099700928,8,6891.666666666667
2021-11-19 16:41:01,34.355770111083984,-5.9291181564331055,10,6899.166666666667
2021-11-19 16:41:07,34.355648040771484,-5.929234981536865,10,6905.0
2021-11-19 16:41:13,34.35553359985352,-5.9293532371521,9,6910.0
2021-11-19 16:41:19,34.35541534423828,-5.929475784301758,10,6913.333333333334
2021-11-19 16:41:25,34.355308532714844,-5.929596900939941,10,6921.666666666667
2021-11-19 16:41:31,34.35519790649414,-5.929709911346436,10,6925.833333333334
2021-11-19 16:41:37,34.35508728027344,-5.929825782775879,9,6930.0
2021-11-19 16:41:43,34.3549690246582,-5.92994499206543,10,6936.666666666667
2021-11-19 16:41:49,34.35485076904297,-5.9300618171691895,10,6942.5
2021-11-19 16:41:55,34.35472869873047,-5.93018102645874,10,6945.833333333334
2021-11-19 16:42:01,34.354610443115234,-5.930301189422607,10,6952.5
2021-11-19 16:42:07,34.354496002197266,-5.930415153503418,8,6958.333333333334
2021-11-19 16:42:13,34.35438919067383,-5.930523872375488,10,6965.0
2021-11-19 16:42:19,34.354270935058594,-5.930641174316406,10,6966.666666666667
2021-11-19 16:42:25,34.35415267944336,-5.930761814117432,10,6971.666666666667
2021-11-19 16:42:31,34.35403060913086,-5.930889129638672,10,6978.333333333334
2021-11-19 16:42:37,34.35388946533203,-5.930887222290039,9,6981.666666666666
2021-11-19 16:42:43,34.35390090942383,-5.930740833282471,9,6983.333333333333
2021-11-19 16:42:49,34.35398864746094,-5.930655956268311,3,6990.0
2021-11-19 16:42:55,34.35398483276367,-5.930656909942627,0,6993.333333333333
2021-11-19 16:43:01,34.35398483276367,-5.930655956268311,0,6999.166666666666
2021-11-19 16:43:07,34.35398483276367,-5.930655956268311,0,7002.5
2021-11-19 16:43:13,34.354087829589844,-5.930552005767822,8,7015.0
2021-11-19 16:43:19,34.35420227050781,-5.930437088012695,10,7017.5
2021-11-19 16:43:25,34.35432815551758,-5.930315971374512,10,7025.0
2021-11-19 16:43:31,34.35445022583008,-5.930199146270752,10,7028.333333333333
2021-11-19 16:43:37,34.35455703735352,-5.930093765258789,9,7035.0
2021-11-19 16:43:43,34.35467529296875,-5.9299798011779785,10,7041.666666666666
2021-11-19 16:43:49,34.35478591918945,-5.929871082305908,8,7045.0
2021-11-19 16:43:55,34.35489273071289,-5.929771900177002,9,7051.666666666666
2021-11-19 16:44:01,34.35499572753906,-5.929663181304932,9,7056.666666666666
2021-11-19 16:44:07,34.35511016845703,-5.929551124572754,8,7061.666666666666
2021-11-19 16:44:13,34.3552131652832,-5.929440021514893,10,7065.833333333333
2021-11-19 16:44:19,34.35533142089844,-5.929323196411133,10,7073.333333333333
2021-11-19 16:44:25,34.35544967651367,-5.92919921875,10,7080.833333333333
2021-11-19 16:44:31,34.35555648803711,-5.929091930389404,10,7084.166666666667
2021-11-19 16:44:37,34.35565948486328,-5.928979873657227,9,7088.333333333333
2021-11-19 16:44:43,34.35577392578125,-5.928866863250732,9,7092.5
2021-11-19 16:44:49,34.355892181396484,-5.928743839263916,10,7099.166666666667
2021-11-19 16:44:55,34.35601043701172,-5.928630828857422,8,7106.666666666667
2021-11-19 16:45:01,34.35611343383789,-5.92852783203125,9,7110.0
2021-11-19 16:45:07,34.35620880126953,-5.928396224975586,10,7112.5
2021-11-19 16:45:13,34.356353759765625,-5.928350925445557,10,7120.0
2021-11-19 16:45:19,34.356422424316406,-5.92848014831543,10,7125.0
2021-11-19 16:45:25,34.35638427734375,-5.928525924682617,0,7127.5
2021-11-19 16:45:31,34.35638427734375,-5.928521156311035,0,7131.666666666667
2021-11-19 16:45:37,34.356388092041016,-5.928520202636719,0,7135.0
2021-11-19 16:45:43,34.356388092041016,-5.928520202636719,0,7139.166666666667
2021-11-19 16:45:49,34.356388092041016,-5.928520202636719,0,7143.333333333334
2021-11-19 16:45:55,34.356388092041016,-5.928520202636719,0,7150.0
2021-11-19 16:46:01,34.356388092041016,-5.928520202636719,0,7155.833333333334
2021-11-19 16:46:07,34.356388092041016,-5.928520202636719,0,7160.0
2021-11-19 16:46:13,34.356388092041016,-5.928520202636719,0,7163.333333333334
2021-11-19 16:46:19,34.356388092041016,-5.928520202636719,0,7166.666666666667
2021-11-19 16:46:25,34.356388092041016,-5.928520202636719,0,7174.166666666667
2021-11-19 16:46:31,34.356388092041016,-5.928520202636719,0,7179.166666666667
2021-11-19 16:46:37,34.356388092041016,-5.928520202636719,0,7182.5
2021-11-19 16:46:43,34.356388092041016,-5.928520202636719,0,7187.5
2021-11-19 16:46:49,34.356388092041016,-5.928520202636719,0,7193.333333333334
2021-11-19 16:46:55,34.356388092041016,-5.928520202636719,0,7196.666666666667
2021-11-19 16:47:01,34.356388092041016,-5.928520202636719,0,7200.0
2021-11-19 16:47:07,34.356388092041016,-5.928520202636719,0,7206.666666666667
2021-11-19 16:47:13,34.356388092041016,-5.928520202636719,0,7210.0
2021-11-19 16:47:19,34.356388092041016,-5.928520202636719,0,7216.666666666667
2021-11-19 16:47:25,34.356388092041016,-5.928520202636719,0,7220.0
2021-11-19 16:47:31,34.356388092041016,-5.928520202636719,0,7225.833333333333
2021-11-19 16:47:37,34.356388092041016,-5.928520202636719,0,7233.333333333333
2021-11-19 16:47:43,34.356388092041016,-5.928520202636719,0,7235.833333333333
2021-11-19 16:47:49,34.356388092041016,-5.928520202636719,0,7241.666666666667
2021-11-19 16:47:55,34.356388092041016,-5.928520202636719,0,7245.833333333333
2021-11-19 16:48:01,34.356388092041016,-5.928520202636719,0,7250.833333333333
2021-11-19 16:48:07,34.356388092041016,-5.928520202636719,0,7255.0
2021-11-19 16:48:13,34.356388092041016,-5.928520202636719,0,7261.666666666667
2021-11-19 16:48:19,34.356388092041016,-5.928520202636719,0,7265.0
2021-11-19 16:48:25,34.356388092041016,-5.928520202636719,0,7271.666666666667
2021-11-19 16:48:31,34.356388092041016,-5.928520202636719,0,7274.166666666667
2021-11-19 16:48:37,34.356388092041016,-5.928520202636719,0,7280.833333333333
2021-11-19 16:48:43,34.356388092041016,-5.928520202636719,0,7286.666666666667
2021-11-19 16:48:49,34.356388092041016,-5.928520202636719,0,7292.5
2021-11-19 16:48:55,34.356388092041016,-5.928520202636719,0,7295.0
2021-11-19 16:49:01,34.356388092041016,-5.928520202636719,0,7300.833333333334
2021-11-19 16:49:07,34.356388092041016,-5.928520202636719,0,7305.833333333334
2021-11-19 16:49:13,34.356388092041016,-5.928520202636719,0,7307.5
2021-11-19 16:49:19,34.356388092041016,-5.928520202636719,0,7315.0
2021-11-19 16:49:25,34.356388092041016,-5.928520202636719,0,7318.333333333334
2021-11-19 16:49:31,34.356388092041016,-5.928520202636719,0,7323.333333333334
2021-11-19 16:49:37,34.356388092041016,-5.928520202636719,0,7327.5
2021-11-19 16:49:43,34.356388092041016,-5.928520202636719,0,7332.5
2021-11-19 16:49:49,34.356388092041016,-5.928520202636719,0,7337.5
2021-11-19 16:49:55,34.356388092041016,-5.928520202636719,0,7344.166666666667
2021-11-19 16:50:01,34.356388092041016,-5.928520202636719,0,7348.333333333334
2021-11-19 16:50:07,34.356388092041016,-5.928520202636719,0,7353.333333333334
2021-11-19 16:50:13,34.356388092041016,-5.928520202636719,0,7355.000000000001
2021-11-19 16:50:19,34.356388092041016,-5.928520202636719,0,7363.333333333334
2021-11-19 16:50:25,34.356388092041016,-5.928520202636719,0,7370.000000000001
2021-11-19 16:50:31,34.356388092041016,-5.928520202636719,0,7372.500000000001
2021-11-19 16:50:37,34.356388092041016,-5.928520202636719,0,7380.833333333334
2021-11-19 16:50:43,34.356388092041016,-5.928520202636719,0,7385.0
2021-11-19 16:50:49,34.356388092041016,-5.928520202636719,0,7390.0
2021-11-19 16:50:55,34.356388092041016,-5.928520202636719,0,7395.0
2021-11-19 16:51:01,34.356388092041016,-5.928520202636719,0,7398.333333333334
2021-11-19 16:51:07,34.356388092041016,-5.928520202636719,0,7405.0
2021-11-19 16:51:13,34.356388092041016,-5.928520202636719,0,7409.166666666667
2021-11-19 16:51:19,34.356388092041016,-5.928520202636719,0,7414.166666666667
2021-11-19 16:51:25,34.356388092041016,-5.928520202636719,0,7419.166666666667
2021-11-19 16:51:31,34.356388092041016,-5.928520202636719,0,7424.166666666667
2021-11-19 16:51:37,34.356388092041016,-5.928520202636719,0,7428.333333333334
2021-11-19 16:51:43,34.356388092041016,-5.928520202636719,0,7434.166666666667
2021-11-19 16:51:49,34.356388092041016,-5.928520202636719,0,7440.0
2021-11-19 16:51:55,34.356388092041016,-5.928520202636719,0,7441.666666666667
2021-11-19 16:52:01,34.356388092041016,-5.928520202636719,0,7450.833333333334
2021-11-19 16:52:07,34.356388092041016,-5.928520202636719,0,7455.833333333334
2021-11-19 16:52:13,34.356388092041016,-5.928520202636719,0,7460.0
2021-11-19 16:52:19,34.356388092041016,-5.928520202636719,0,7463.333333333333
2021-11-19 16:52:25,34.356388092041016,-5.928520202636719,0,7468.333333333333
2021-11-19 16:52:31,34.356388092041016,-5.928520202636719,0,7472.5
2021-11-19 16:52:37,34.35630416870117,-5.928617000579834,8,7478.333333333333
2021-11-19 16:52:43,34.356201171875,-5.9287309646606445,9,7484.166666666666
2021-11-19 16:52:49,34.35609817504883,-5.928839206695557,9,7489.166666666666
2021-11-19 16:52:55,34.355995178222656,-5.928945064544678,8,7492.5
2021-11-19 16:53:01,34.355892181396484,-5.92904806137085,9,7494.166666666666
2021-11-19 16:53:07,34.35578918457031,-5.9291510581970215,9,7507.5
2021-11-19 16:53:13,34.35568618774414,-5.929254055023193,8,7510.833333333333
2021-11-19 16:53:19,34.35558319091797,-5.929358005523682,8,7516.666666666666
2021-11-19 16:53:25,34.35548400878906,-5.92946720123291,9,7523.333333333333
2021-11-19 16:53:31,34.35538101196289,-5.929574012756348,9,7526.666666666666
2021-11-19 16:53:37,34.35527420043945,-5.929677963256836,9,7533.333333333333
2021-11-19 16:53:43,34.35517501831055,-5.929780960083008,8,7539.166666666666
2021-11-19 16:53:49,34.35507583618164,-5.92988395690918,8,7543.333333333334
2021-11-19 16:53:55,34.354976654052734,-5.929986000061035,8,7549.166666666667
2021-11-19 16:54:01,34.35487365722656,-5.930087089538574,8,7555.833333333334
2021-11-19 16:54:07,34.35477066040039,-5.930191993713379,8,7560.833333333334
2021-11-19 16:54:13,34.35466384887695,-5.930294036865234,8,7565.833333333334
2021-11-19 16:54:19,34.35455703735352,-5.930395126342773,8,7570.833333333334
2021-11-19 16:54:25,34.354454040527344,-5.930497169494629,8,7576.666666666667
2021-11-19 16:54:31,34.35435104370117,-5.930600166320801,8,7580.833333333334
2021-11-19 16:54:37,34.354251861572266,-5.930696964263916,8,7586.666666666667
2021-11-19 16:54:43,34.354148864746094,-5.930801868438721,9,7592.5
2021-11-19 16:54:49,34.354042053222656,-5.93090295791626,9,7596.666666666667
2021-11-19 16:54:55,34.353904724121094,-5.930889129638672,8,7601.666666666667
2021-11-19 16:55:01,34.35381317138672,-5.930810928344727,6,7605.0
2021-11-19 16:55:07,34.35386276245117,-5.930706977844238,6,7608.333333333334
2021-11-19 16:55:13,34.35395431518555,-5.930618762969971,8,7611.666666666667
2021-11-19 16:55:19,34.35405349731445,-5.930521011352539,8,7615.0
2021-11-19 16:55:25,34.354156494140625,-5.930424213409424,8,7620.833333333334
2021-11-19 16:55:31,34.3542594909668,-5.930321216583252,9,7627.5
2021-11-19 16:55:37,34.354366302490234,-5.9302167892456055,9,7630.833333333334
2021-11-19 16:55:43,34.354469299316406,-5.930109977722168,8,7638.333333333334
2021-11-19 16:55:49,34.35457229614258,-5.930008888244629,9,7641.666666666667
2021-11-19 16:55:55,34.35467529296875,-5.929906845092773,9,7648.333333333334
2021-11-19 16:56:01,34.35478210449219,-5.929801940917969,9,7653.333333333334
2021-11-19 16:56:07,34.35488510131836,-5.929696083068848,8,7660.0
2021-11-19 16:56:13,34.3549919128418,-5.929592132568359,8,7665.833333333334
2021-11-19 16:56:19,34.35509490966797,-5.929489135742188,8,7670.0
2021-11-19 16:56:25,34.35520553588867,-5.929388046264648,9,7675.833333333334
2021-11-19 16:56:31,34.355308532714844,-5.929286956787109,8,7680.0
2021-11-19 16:56:37,34.355411529541016,-5.929182052612305,9,7687.5
2021-11-19 16:56:43,34.35551452636719,-5.929078102111816,8,7691.666666666667
2021-11-19 16:56:49,34.35561752319336,-5.928973197937012,9,7696.666666666667
2021-11-19 16:56:55,34.35572052001953,-5.928868770599365,8,7702.5
2021-11-19 16:57:01,34.3558235168457,-5.928768157958984,8,7709.166666666666
2021-11-19 16:57:07,34.355934143066406,-5.928668022155762,8,7710.833333333334
2021-11-19 16:57:13,34.35604476928711,-5.928571224212647,8,7720.833333333334
2021-11-19 16:57:19,34.35617446899414,-5.928502082824707,9,7725.833333333334
2021-11-19 16:57:25,34.35631561279297,-5.928476810455322,8,7730.833333333334
2021-11-19 16:57:31,34.3564567565918,-5.928490161895752,9,7735.833333333334
2021-11-19 16:57:37,34.356597900390625,-5.928513050079346,8,7740.833333333334
2021-11-19 16:57:43,34.35673522949219,-5.928526878356934,9,7745.0
2021-11-19 16:57:49,34.356876373291016,-5.928534030914307,9,7751.666666666666
2021-11-19 16:57:55,34.35701370239258,-5.92853307723999,9,7758.333333333334
2021-11-19 16:58:01,34.357154846191406,-5.928525924682617,9,7764.166666666666
2021-11-19 16:58:07,34.35729217529297,-5.928522109985352,9,7768.333333333334
2021-11-19 16:58:13,34.357425689697266,-5.928518772125244,8,7774.166666666666
2021-11-19 16:58:19,34.35755920410156,-5.92850399017334,9,7780.0
2021-11-19 16:58:25,34.357688903808594,-5.928483009338379,9,7785.833333333334
2021-11-19 16:58:31,34.357818603515625,-5.928454875946045,8,7790.0
2021-11-19 16:58:37,34.357948303222656,-5.928431987762451,8,7796.666666666666
2021-11-19 16:58:43,34.35807800292969,-5.928407192230225,8,7801.666666666666
2021-11-19 16:58:49,34.35813903808594,-5.928390979766846,0,7805.0
2021-11-19 16:58:55,34.35813522338867,-5.928390979766846,0,7809.166666666666
2021-11-19 16:59:01,34.35813522338867,-5.928392887115479,0,7812.5
2021-11-19 16:59:07,34.35813522338867,-5.928392887115479,0,7817.5
2021-11-19 16:59:13,34.35813522338867,-5.928392887115479,0,7820.0
2021-11-19 16:59:19,34.35813522338867,-5.928392887115479,0,7825.0
2021-11-19 16:59:25,34.35813522338867,-5.928392887115479,0,7830.833333333333
2021-11-19 16:59:31,34.35813522338867,-5.928392887115479,0,7834.166666666666
2021-11-19 16:59:37,34.35813522338867,-5.928392887115479,0,7840.0
2021-11-19 16:59:43,34.35813522338867,-5.928392887115479,0,7845.833333333333
2021-11-19 16:59:49,34.35813522338867,-5.928392887115479,0,7847.5
2021-11-19 16:59:55,34.35813522338867,-5.928392887115479,0,7854.166666666666
2021-11-19 17:00:01,34.35813522338867,-5.928392887115479,0,7859.166666666666
2021-11-19 17:00:07,34.35813522338867,-5.928392887115479,0,7865.0
2021-11-19 17:00:13,34.35813522338867,-5.928392887115479,0,7869.166666666666
2021-11-19 17:00:19,34.35813522338867,-5.928392887115479,0,7873.333333333333
2021-11-19 17:00:25,34.35813522338867,-5.928392887115479,0,7879.166666666666
2021-11-19 17:00:31,34.35813522338867,-5.928392887115479,0,7880.0
2021-11-19 17:00:37,34.35813522338867,-5.928392887115479,0,7886.666666666666
2021-11-19 17:00:43,34.35813522338867,-5.928392887115479,0,7893.333333333333
2021-11-19 17:00:49,34.35813522338867,-5.928392887115479,0,7894.166666666666
2021-11-19 17:00:55,34.35813522338867,-5.928392887115479,0,7898.333333333333
2021-11-19 17:01:01,34.35813522338867,-5.928392887115479,0,7903.333333333333
2021-11-19 17:01:07,34.35813522338867,-5.928392887115479,0,7910.0
2021-11-19 17:01:13,34.35813522338867,-5.928392887115479,0,7913.333333333333
2021-11-19 17:01:19,34.35813522338867,-5.928392887115479,0,7920.833333333333
2021-11-19 17:01:25,34.35813522338867,-5.928392887115479,0,7925.0
2021-11-19 17:01:31,34.35813522338867,-5.928392887115479,0,7931.666666666666
2021-11-19 17:01:37,34.35813522338867,-5.928392887115479,0,7935.833333333333
2021-11-19 17:01:43,34.35813522338867,-5.928392887115479,0,7944.166666666666
2021-11-19 17:01:49,34.35813522338867,-5.928392887115479,0,7945.833333333334
2021-11-19 17:01:55,34.35813522338867,-5.928392887115479,0,7953.333333333334
2021-11-19 17:02:01,34.35813522338867,-5.928392887115479,0,7956.666666666667
2021-11-19 17:02:07,34.35813522338867,-5.928392887115479,0,7961.666666666667
2021-11-19 17:02:13,34.35813522338867,-5.928392887115479,0,7967.5
2021-11-19 17:02:19,34.35813522338867,-5.928392887115479,0,7971.666666666667
2021-11-19 17:02:25,34.35813522338867,-5.928392887115479,0,7977.5
2021-11-19 17:02:31,34.35813522338867,-5.928392887115479,0,7979.166666666667
2021-11-19 17:02:37,34.35813522338867,-5.928392887115479,0,7983.333333333333
2021-11-19 17:02:43,34.35813522338867,-5.928392887115479,0,7987.5
2021-11-19 17:02:49,34.35813522338867,-5.928392887115479,0,7995.0
2021-11-19 17:02:55,34.35813522338867,-5.928392887115479,0,7997.5
2021-11-19 17:03:01,34.35813522338867,-5.928392887115479,0,8003.333333333333
2021-11-19 17:03:07,34.35813522338867,-5.928392887115479,0,8010.0
2021-11-19 17:03:13,34.35813522338867,-5.928392887115479,0,8015.833333333333
2021-11-19 17:03:19,34.35813522338867,-5.928392887115479,0,8020.833333333333
2021-11-19 17:03:25,34.35813522338867,-5.928392887115479,0,8024.166666666666
2021-11-19 17:03:31,34.35813522338867,-5.928392887115479,0,8029.166666666666
2021-11-19 17:03:37,34.35813522338867,-5.928392887115479,0,8034.999999999999
2021-11-19 17:03:43,34.35813522338867,-5.928392887115479,0,8039.999999999999
2021-11-19 17:03:49,34.35813522338867,-5.928392887115479,0,8044.166666666666
2021-11-19 17:03:55,34.35813522338867,-5.928392887115479,0,8050.833333333333
2021-11-19 17:04:01,34.35813522338867,-5.928392887115479,0,8056.666666666666
2021-11-19 17:04:07,34.35813522338867,-5.928392887115479,0,8059.999999999999
2021-11-19 17:04:13,34.35813522338867,-5.928392887115479,0,8065.833333333333
2021-11-19 17:04:19,34.35813522338867,-5.928392887115479,0,8072.499999999999
2021-11-19 17:04:25,34.35813522338867,-5.928392887115479,0,8074.999999999999
2021-11-19 17:04:31,34.35813522338867,-5.928392887115479,0,8080.833333333333
2021-11-19 17:04:37,34.35813522338867,-5.928392887115479,0,8081.666666666666
2021-11-19 17:04:43,34.35813522338867,-5.928392887115479,0,8089.166666666666
2021-11-19 17:04:49,34.35813522338867,-5.928392887115479,0,8095.833333333333
2021-11-19 17:04:55,34.35813522338867,-5.928392887115479,0,8100.833333333333
2021-11-19 17:05:01,34.35813522338867,-5.928392887115479,0,8101.666666666666
2021-11-19 17:05:07,34.35813522338867,-5.928392887115479,0,8106.666666666666
2021-11-19 17:05:13,34.35813522338867,-5.928392887115479,0,8110.833333333333
2021-11-19 17:05:19,34.35813522338867,-5.928392887115479,0,8117.5
2021-11-19 17:05:25,34.35813522338867,-5.928392887115479,0,8125.0
2021-11-19 17:05:31,34.35813522338867,-5.928392887115479,0,8131.666666666666
2021-11-19 17:05:37,34.35813522338867,-5.928392887115479,0,8137.5
2021-11-19 17:05:43,34.35813522338867,-5.928392887115479,0,8143.333333333333
2021-11-19 17:05:49,34.35813522338867,-5.928392887115479,0,8148.333333333333
2021-11-19 17:05:55,34.35813522338867,-5.928392887115479,0,8157.499999999999
2021-11-19 17:06:01,34.35813522338867,-5.928392887115479,0,8162.499999999999
2021-11-19 17:06:07,34.35813522338867,-5.928392887115479,0,8167.499999999999
2021-11-19 17:06:13,34.35813522338867,-5.928392887115479,0,8174.166666666666
2021-11-19 17:06:19,34.35813522338867,-5.928392887115479,0,8179.166666666666
2021-11-19 17:06:25,34.35813522338867,-5.928392887115479,0,8185.833333333333
2021-11-19 17:06:31,34.35813522338867,-5.928392887115479,0,8186.666666666666
2021-11-19 17:06:37,34.35813522338867,-5.928392887115479,0,8191.666666666667
2021-11-19 17:06:43,34.35813522338867,-5.928392887115479,0,8198.333333333334
2021-11-19 17:06:49,34.35813522338867,-5.928392887115479,0,8200.833333333334
2021-11-19 17:06:55,34.35813522338867,-5.928392887115479,0,8209.166666666668
2021-11-19 17:07:01,34.35813522338867,-5.928392887115479,0,8213.333333333334
2021-11-19 17:07:07,34.35813522338867,-5.928392887115479,0,8220.0
2021-11-19 17:07:13,34.35813522338867,-5.928392887115479,0,8223.333333333334
2021-11-19 17:07:19,34.35813522338867,-5.928392887115479,0,8228.333333333334
2021-11-19 17:07:25,34.35813522338867,-5.928392887115479,0,8234.166666666668
2021-11-19 17:07:31,34.35813522338867,-5.928392887115479,0,8240.0
2021-11-19 17:07:37,34.35813522338867,-5.928392887115479,0,8245.0
2021-11-19 17:07:43,34.35813522338867,-5.928392887115479,0,8250.833333333334
2021-11-19 17:07:49,34.35813522338867,-5.928392887115479,0,8253.333333333334
2021-11-19 17:07:55,34.35813522338867,-5.928392887115479,0,8261.666666666668
2021-11-19 17:08:01,34.35813522338867,-5.928392887115479,0,8265.833333333334
2021-11-19 17:08:07,34.35818862915039,-5.928368091583252,8,8270.0
2021-11-19 17:08:13,34.358306884765625,-5.928335189819336,8,8275.833333333332
2021-11-19 17:08:19,34.35843276977539,-5.928289890289307,8,8280.0
2021-11-19 17:08:25,34.35856628417969,-5.928236961364746,9,8285.833333333332
2021-11-19 17:08:31,34.35870361328125,-5.928183078765869,9,8289.166666666666
2021-11-19 17:08:37,34.35884475708008,-5.928133964538574,9,8295.0
2021-11-19 17:08:43,34.358970642089844,-5.9280500411987305,9,8300.0
2021-11-19 17:08:49,34.35902786254883,-5.927916049957275,8,8305.0
2021-11-19 17:08:55,34.35912322998047,-5.927847862243652,9,8311.666666666666
2021-11-19 17:09:01,34.35911178588867,-5.927985191345215,9,8319.166666666668
2021-11-19 17:09:07,34.35902786254883,-5.928112983703613,9,8323.333333333334
2021-11-19 17:09:13,34.3588981628418,-5.928194046020508,9,8327.5
2021-11-19 17:09:19,34.3587532043457,-5.928249835968018,9,8334.166666666668
2021-11-19 17:09:25,34.358612060546875,-5.928309917449951,9,8340.0
2021-11-19 17:09:31,34.358482360839844,-5.928363800048828,9,8343.333333333334
2021-11-19 17:09:37,34.35840606689453,-5.928392887115479,0,8348.333333333334
2021-11-19 17:09:43,34.35840606689453,-5.928394794464111,0,8351.666666666668
2021-11-19 17:09:49,34.358402252197266,-5.928396224975586,0,8358.333333333332
2021-11-19 17:09:55,34.358402252197266,-5.928396224975586,0,8360.833333333332
2021-11-19 17:10:01,34.358402252197266,-5.928396224975586,0,8367.5
2021-11-19 17:10:07,34.358402252197266,-5.928396224975586,0,8374.166666666666
2021-11-19 17:10:13,34.358402252197266,-5.928396224975586,0,8377.5
2021-11-19 17:10:19,34.358402252197266,-5.928396224975586,0,8383.333333333332
2021-11-19 17:10:25,34.358402252197266,-5.928396224975586,0,8389.166666666666
2021-11-19 17:10:31,34.358402252197266,-5.928396224975586,0,8395.0
2021-11-19 17:10:37,34.358402252197266,-5.928396224975586,0,8400.0
2021-11-19 17:10:43,34.358402252197266,-5.928396224975586,0,8403.333333333332
2021-11-19 17:10:49,34.358402252197266,-5.928396224975586,0,8405.833333333332
2021-11-19 17:10:55,34.358402252197266,-5.928396224975586,0,8414.166666666666
2021-11-19 17:11:01,34.358402252197266,-5.928396224975586,0,8419.166666666666
2021-11-19 17:11:07,34.358402252197266,-5.928396224975586,0,8425.0
2021-11-19 17:11:13,34.358402252197266,-5.928396224975586,0,8430.0
2021-11-19 17:11:19,34.358402252197266,-5.928396224975586,0,8435.833333333332
2021-11-19 17:11:25,34.358402252197266,-5.928396224975586,0,8439.166666666668
2021-11-19 17:11:31,34.358402252197266,-5.928396224975586,0,8444.166666666668
2021-11-19 17:11:37,34.358402252197266,-5.928396224975586,0,8449.166666666668
2021-11-19 17:11:43,34.358402252197266,-5.928396224975586,0,8455.0
2021-11-19 17:11:49,34.358402252197266,-5.928396224975586,0,8459.166666666668
2021-11-19 17:11:55,34.358402252197266,-5.928396224975586,0,8462.5
2021-11-19 17:12:01,34.358402252197266,-5.928396224975586,0,8470.0
2021-11-19 17:12:07,34.358402252197266,-5.928396224975586,0,8472.5
2021-11-19 17:12:13,34.358402252197266,-5.928396224975586,0,8479.166666666668
2021-11-19 17:12:19,34.358402252197266,-5.928396224975586,0,8485.833333333332
2021-11-19 17:12:25,34.358402252197266,-5.928396224975586,0,8490.0
2021-11-19 17:12:31,34.358402252197266,-5.928396224975586,0,8495.833333333332
2021-11-19 17:12:37,34.358402252197266,-5.928396224975586,0,8500.833333333332
2021-11-19 17:12:43,34.358402252197266,-5.928396224975586,0,8504.166666666668
2021-11-19 17:12:49,34.358402252197266,-5.928396224975586,0,8510.833333333332
2021-11-19 17:12:55,34.358402252197266,-5.928396224975586,0,8515.0
2021-11-19 17:13:01,34.358402252197266,-5.928396224975586,0,8518.333333333332
2021-11-19 17:13:07,34.358402252197266,-5.928396224975586,0,8524.166666666666
2021-11-19 17:13:13,34.358402252197266,-5.928396224975586,0,8530.833333333332
2021-11-19 17:13:19,34.358402252197266,-5.928396224975586,0,8533.333333333332
2021-11-19 17:13:25,34.358402252197266,-5.928396224975586,0,8536.666666666666
2021-11-19 17:13:31,34.358402252197266,-5.928396224975586,0,8545.0
2021-11-19 17:13:37,34.358402252197266,-5.928396224975586,0,8548.333333333332
2021-11-19 17:13:43,34.358402252197266,-5.928396224975586,0,8553.333333333332
2021-11-19 17:13:49,34.358402252197266,-5.928396224975586,0,8560.0
2021-11-19 17:13:55,34.358402252197266,-5.928396224975586,0,8565.0
2021-11-19 17:14:01,34.358402252197266,-5.928396224975586,0,8573.333333333332
2021-11-19 17:14:07,34.358402252197266,-5.928396224975586,0,8577.5
2021-11-19 17:14:13,34.358402252197266,-5.928396224975586,0,8581.666666666666
2021-11-19 17:14:19,34.358402252197266,-5.928396224975586,0,8588.333333333332
2021-11-19 17:14:25,34.35819625854492,-5.928587913513184,8,8590.833333333332
2021-11-19 17:14:31,34.35810470581055,-5.928686141967773,8,8596.666666666666
2021-11-19 17:14:37,34.358009338378906,-5.928781986236572,8,8600.0
2021-11-19 17:14:43,34.357913970947266,-5.928877830505371,8,8606.666666666666
2021-11-19 17:14:49,34.35782241821289,-5.928973197937012,8,8610.0
2021-11-19 17:14:55,34.35772705078125,-5.929066181182861,8,8615.833333333332
2021-11-19 17:15:01,34.357635498046875,-5.929161071777344,8,8620.833333333332
2021-11-19 17:15:07,34.357540130615234,-5.929257869720459,8,8623.333333333332
2021-11-19 17:15:13,34.357452392578125,-5.9293599128723145,8,8629.166666666666
2021-11-19 17:15:19,34.357357025146484,-5.929451942443848,7,8635.0
2021-11-19 17:15:25,34.357261657714844,-5.929547786712647,8,8637.5
2021-11-19 17:15:31,34.35717010498047,-5.929646968841553,8,8642.5
2021-11-19 17:15:37,34.35707473754883,-5.929743766784668,8,8646.666666666668
2021-11-19 17:15:43,34.35698318481445,-5.929841995239258,8,8652.5
2021-11-19 17:15:49,34.35689163208008,-5.929943084716797,8,8657.5
2021-11-19 17:15:55,34.3568000793457,-5.93004322052002,8,8660.833333333332
2021-11-19 17:16:01,34.356712341308594,-5.930144786834717,8,8666.666666666668
2021-11-19 17:16:07,34.35662078857422,-5.930243015289307,8,8672.5
2021-11-19 17:16:13,34.35653305053711,-5.930345058441162,8,8675.833333333332
2021-11-19 17:16:19,34.35645294189453,-5.930456161499023,8,8679.166666666666
2021-11-19 17:16:25,34.35633850097656,-5.930531978607178,8,8685.0
2021-11-19 17:16:31,34.35622024536133,-5.930576801300049,8,8688.333333333332
2021-11-19 17:16:37,34.356101989746094,-5.930607795715332,8,8692.5
2021-11-19 17:16:43,34.35597610473633,-5.930638790130615,7,8696.666666666666
2021-11-19 17:16:49,34.35586166381836,-5.930665969848633,8,8700.833333333332
2021-11-19 17:16:55,34.355751037597656,-5.9306159019470215,7,8706.666666666666
2021-11-19 17:17:01,34.35580825805664,-5.930500030517578,7,8707.5
2021-11-19 17:17:07,34.35590362548828,-5.930397033691406,8,8711.666666666666
2021-11-19 17:17:13,34.35600280761719,-5.930293083190918,8,8716.666666666666
2021-11-19 17:17:19,34.35610580444336,-5.930192947387695,8,8722.5
2021-11-19 17:17:25,34.356204986572266,-5.930089950561523,8,8725.833333333332
2021-11-19 17:17:31,34.356300354003906,-5.929988861083984,8,8731.666666666666
2021-11-19 17:17:37,34.35639572143555,-5.929891109466553,7,8736.666666666666
2021-11-19 17:17:43,34.35649490356445,-5.929790019989014,8,8740.833333333332
2021-11-19 17:17:49,34.35658645629883,-5.929685115814209,8,8745.0
2021-11-19 17:17:55,34.35668182373047,-5.92958402633667,8,8750.0
2021-11-19 17:18:01,34.35677719116211,-5.929481029510498,8,8752.5
2021-11-19 17:18:07,34.356868743896484,-5.929375171661377,8,8758.333333333332
2021-11-19 17:18:13,34.35696029663086,-5.929271221160889,8,8761.666666666666
2021-11-19 17:18:19,34.357051849365234,-5.929165840148926,8,8768.333333333332
2021-11-19 17:18:25,34.357139587402344,-5.929062843322754,8,8770.833333333332
2021-11-19 17:18:31,34.357234954833984,-5.928960800170898,8,8775.833333333332
2021-11-19 17:18:37,34.35732650756836,-5.928860187530518,8,8781.666666666666
2021-11-19 17:18:43,34.35741424560547,-5.928761005401611,7,8785.0
2021-11-19 17:18:49,34.35750198364258,-5.928659915924072,8,8789.166666666666
2021-11-19 17:18:55,34.35758590698242,-5.92855978012085,8,8793.333333333332
2021-11-19 17:19:01,34.357666015625,-5.928452014923096,7,8797.5
2021-11-19 17:19:07,34.35778045654297,-5.928408145904541,8,8800.833333333332
2021-11-19 17:19:13,34.357879638671875,-5.928490161895752,8,8805.833333333332
2021-11-19 17:19:19,34.35783004760742,-5.92861795425415,8,8809.166666666666
2021-11-19 17:19:25,34.35774230957031,-5.928728103637695,7,8815.0
2021-11-19 17:19:31,34.3576545715332,-5.928834915161133,8,8817.5
2021-11-19 17:19:37,34.35756301879883,-5.928934097290039,7,8822.5
2021-11-19 17:19:43,34.35747146606445,-5.929037094116211,7,8827.5
2021-11-19 17:19:49,34.35737609863281,-5.929133892059326,8,8832.5
2021-11-19 17:19:55,34.35728454589844,-5.929234981536865,8,8836.666666666668
2021-11-19 17:20:01,34.35719299316406,-5.929335117340088,8,8840.0
2021-11-19 17:20:07,34.35710144042969,-5.92943811416626,7,8845.833333333332
2021-11-19 17:20:13,34.35700988769531,-5.929540157318115,8,8850.833333333332
2021-11-19 17:20:19,34.35691833496094,-5.929643154144287,8,8854.166666666666
2021-11-19 17:20:25,34.35682678222656,-5.929740905761719,8,8859.166666666666
2021-11-19 17:20:31,34.35674285888672,-5.929842948913574,8,8863.333333333332
2021-11-19 17:20:37,34.35664749145508,-5.929944038391113,8,8866.666666666666
2021-11-19 17:20:43,34.3565559387207,-5.930045127868652,8,8871.666666666666
2021-11-19 17:20:49,34.356468200683594,-5.930142879486084,7,8876.666666666666
2021-11-19 17:20:55,34.35638427734375,-5.930241107940674,7,8881.666666666666
2021-11-19 17:21:01,34.35620880126953,-5.930430889129639,8,8889.166666666668
2021-11-19 17:21:07,34.35613250732422,-5.930538177490234,7,8892.5
2021-11-19 17:21:13,34.356040954589844,-5.930613040924072,8,8895.833333333334
2021-11-19 17:21:19,34.35592269897461,-5.930644989013672,7,8899.166666666668
2021-11-19 17:21:25,34.355804443359375,-5.930675983428955,7,8904.166666666668
2021-11-19 17:21:31,34.355682373046875,-5.930700778961182,8,8909.166666666668
2021-11-19 17:21:37,34.35556411743164,-5.930715084075928,8,8911.666666666668
2021-11-19 17:21:43,34.35553359985352,-5.93061113357544,8,8916.666666666668
2021-11-19 17:21:49,34.35564422607422,-5.930568218231201,8,8920.0
2021-11-19 17:21:55,34.35575485229492,-5.930500984191895,7,8922.5
2021-11-19 17:22:01,34.35585021972656,-5.930403232574463,8,8927.5
2021-11-19 17:22:07,34.35594940185547,-5.930307865142822,8,8931.666666666666
2021-11-19 17:22:13,34.35606002807617,-5.93023681640625,7,8937.5
2021-11-19 17:22:19,34.356143951416016,-5.930141925811768,8,8942.5
2021-11-19 17:22:25,34.35622787475586,-5.930045127868652,8,8945.833333333334
2021-11-19 17:22:31,34.35631561279297,-5.929935932159424,8,8950.833333333334
2021-11-19 17:22:37,34.356407165527344,-5.929839134216309,8,8954.166666666668
2021-11-19 17:22:43,34.35649871826172,-5.929741859436035,8,8959.166666666668
2021-11-19 17:22:49,34.35658645629883,-5.929650783538818,7,8964.166666666668
2021-11-19 17:22:55,34.35666275024414,-5.929563045501709,7,8969.166666666668
2021-11-19 17:23:01,34.35675430297852,-5.929462909698486,8,8973.333333333332
2021-11-19 17:23:07,34.356842041015625,-5.929361820220947,8,8976.666666666668
2021-11-19 17:23:13,34.356929779052734,-5.929256916046143,8,8981.666666666668
2021-11-19 17:23:19,34.357025146484375,-5.929154872894287,8,8985.0
2021-11-19 17:23:25,34.357112884521484,-5.929052829742432,8,8990.0
2021-11-19 17:23:31,34.35720443725586,-5.928953170776367,8,8993.333333333332
2021-11-19 17:23:37,34.357295989990234,-5.928853988647461,8,8996.666666666668
2021-11-19 17:23:43,34.35738754272461,-5.9287590980529785,7,9005.0
2021-11-19 17:23:49,34.35747146606445,-5.928661823272705,8,9009.166666666668
2021-11-19 17:23:55,34.35755157470703,-5.928555011749268,8,9010.833333333332
2021-11-19 17:24:01,34.35761260986328,-5.928437232971191,8,9015.833333333332
2021-11-19 17:24:07,34.35770797729492,-5.928454875946045,7,9018.333333333332
2021-11-19 17:24:13,34.3576545715332,-5.928568840026856,7,9022.5
2021-11-19 17:24:19,34.357566833496094,-5.928661823272705,7,9027.5
2021-11-19 17:24:25,34.35749053955078,-5.92877721786499,8,9032.5
2021-11-19 17:24:31,34.35739517211914,-5.928875923156738,7,9038.333333333332
2021-11-19 17:24:37,34.35730743408203,-5.928977012634277,7,9041.666666666666
2021-11-19 17:24:43,34.357215881347656,-5.929069995880127,7,9045.0
2021-11-19 17:24:49,34.35712814331055,-5.929166793823242,7,9050.0
2021-11-19 17:24:55,34.35704040527344,-5.929268836975098,8,9054.166666666666
2021-11-19 17:25:01,34.35694885253906,-5.92936897277832,8,9058.333333333332
2021-11-19 17:25:07,34.35685729980469,-5.929465770721436,8,9062.5
2021-11-19 17:25:13,34.35676574707031,-5.929566860198975,8,9067.5
2021-11-19 17:25:19,34.35667419433594,-5.929662227630615,8,9072.5
2021-11-19 17:25:25,34.3565788269043,-5.929757118225098,8,9077.5
2021-11-19 17:25:31,34.35649108886719,-5.929859161376953,8,9079.166666666666
2021-11-19 17:25:37,34.35640335083008,-5.929958820343018,8,9086.666666666666
2021-11-19 17:25:43,34.35631561279297,-5.930050849914551,7,9090.0
2021-11-19 17:25:49,34.35622787475586,-5.930150985717773,8,9095.0
2021-11-19 17:25:55,34.35613250732422,-5.930247783660889,8,9100.0
2021-11-19 17:26:01,34.35603713989258,-5.930344104766846,8,9101.666666666668
2021-11-19 17:26:07,34.35594940185547,-5.930446147918701,8,9109.166666666668
2021-11-19 17:26:13,34.355865478515625,-5.930552005767822,7,9113.333333333332
2021-11-19 17:26:19,34.355804443359375,-5.930654048919678,6,9116.666666666668
2021-11-19 17:26:25,34.35569381713867,-5.930644035339356,8,9120.0
2021-11-19 17:26:31,34.35569763183594,-5.930517196655273,8,9121.666666666668
2021-11-19 17:26:37,34.355796813964844,-5.930411815643311,8,9127.5
2021-11-19 17:26:43,34.355899810791016,-5.9303131103515625,8,9131.666666666668
2021-11-19 17:26:49,34.35600662231445,-5.930226802825928,8,9136.666666666668
2021-11-19 17:26:55,34.356101989746094,-5.93012809753418,8,9139.166666666668
2021-11-19 17:27:01,34.3561897277832,-5.930023193359375,8,9144.166666666668
2021-11-19 17:27:07,34.356285095214844,-5.929920196533203,8,9148.333333333332
2021-11-19 17:27:13,34.35637664794922,-5.929821014404297,8,9153.333333333332
2021-11-19 17:27:19,34.356468200683594,-5.929721832275391,8,9157.5
2021-11-19 17:27:25,34.3565559387207,-5.929624080657959,8,9161.666666666666
2021-11-19 17:27:31,34.35664749145508,-5.92952299118042,8,9166.666666666666
2021-11-19 17:27:37,34.35674285888672,-5.929427146911621,8,9170.0
2021-11-19 17:27:43,34.35683059692383,-5.929327964782715,8,9175.833333333332
2021-11-19 17:27:49,34.3569221496582,-5.929227828979492,8,9179.166666666666
2021-11-19 17:27:55,34.35700988769531,-5.929125785827637,8,9185.833333333332
2021-11-19 17:28:01,34.35709762573242,-5.929027080535889,8,9189.166666666666
2021-11-19 17:28:07,34.35718536376953,-5.928926944732666,7,9193.333333333332
2021-11-19 17:28:13,34.357276916503906,-5.928825855255127,8,9199.166666666666
2021-11-19 17:28:19,34.35736846923828,-5.928726196289063,8,9202.5
2021-11-19 17:28:25,34.35745620727539,-5.928619861602783,8,9207.5
2021-11-19 17:28:31,34.35753631591797,-5.928513050079346,8,9213.333333333332
2021-11-19 17:28:37,34.357643127441406,-5.928433895111084,8,9217.5
2021-11-19 17:28:43,34.35776901245117,-5.928414821624756,8,9220.833333333332
2021-11-19 17:28:49,34.357879638671875,-5.928472995758057,9,9225.0
2021-11-19 17:28:55,34.35788345336914,-5.92856502532959,0,9229.166666666666
2021-11-19 17:29:01,34.35788345336914,-5.928565979003906,0,9231.666666666666
2021-11-19 17:29:07,34.35787582397461,-5.928578853607178,5,9236.666666666666
2021-11-19 17:29:13,34.35780715942383,-5.928689002990723,8,9241.666666666666
2021-11-19 17:29:19,34.35771179199219,-5.928804874420166,8,9248.333333333332
2021-11-19 17:29:25,34.35761642456055,-5.928909778594971,8,9251.666666666666
2021-11-19 17:29:31,34.357521057128906,-5.929022789001465,8,9257.5
2021-11-19 17:29:37,34.35742950439453,-5.929127216339111,8,9262.5
2021-11-19 17:29:43,34.357330322265625,-5.9292311668396,8,9266.666666666666
2021-11-19 17:29:49,34.357234954833984,-5.929330825805664,8,9272.5
2021-11-19 17:29:55,34.357139587402344,-5.92943286895752,8,9275.833333333332
2021-11-19 17:30:01,34.35704040527344,-5.929534912109375,8,9283.333333333332
2021-11-19 17:30:07,34.35694885253906,-5.929640769958496,8,9288.333333333332
2021-11-19 17:30:13,34.35685348510742,-5.929746150970459,8,9290.833333333332
2021-11-19 17:30:19,34.35675811767578,-5.9298529624938965,8,9295.833333333332
2021-11-19 17:30:25,34.356666564941406,-5.929958820343018,8,9301.666666666666
2021-11-19 17:30:31,34.356571197509766,-5.9300618171691895,8,9306.666666666666
2021-11-19 17:30:37,34.35647964477539,-5.930169105529785,8,9310.833333333332
2021-11-19 17:30:43,34.35638427734375,-5.930272102355957,8,9317.5
2021-11-19 17:30:49,34.356292724609375,-5.9303741455078125,8,9321.666666666668
2021-11-19 17:30:55,34.356201171875,-5.930480003356934,8,9325.0
2021-11-19 17:31:01,34.35612106323242,-5.9305949211120605,9,9330.833333333332
2021-11-19 17:31:07,34.356014251708984,-5.930523872375488,9,9333.333333333332
2021-11-19 17:31:13,34.356101989746094,-5.930412769317627,8,9340.833333333332
2021-11-19 17:31:19,34.35619354248047,-5.930308818817139,8,9344.166666666668
2021-11-19 17:31:25,34.356285095214844,-5.9301958084106445,8,9347.5
2021-11-19 17:31:31,34.356380462646484,-5.93009090423584,8,9353.333333333332
2021-11-19 17:31:37,34.356475830078125,-5.929985046386719,8,9357.5
2021-11-19 17:31:43,34.35657501220703,-5.929876804351807,8,9362.5
2021-11-19 17:31:49,34.35667037963867,-5.929773807525635,8,9365.833333333332
2021-11-19 17:31:55,34.35675811767578,-5.929667949676514,8,9372.5
2021-11-19 17:32:01,34.35685348510742,-5.929565906524658,8,9376.666666666668
2021-11-19 17:32:07,34.35694885253906,-5.929463863372803,8,9381.666666666668
2021-11-19 17:32:13,34.35704040527344,-5.929356098175049,8,9387.5
2021-11-19 17:32:19,34.35713577270508,-5.9292521476745605,8,9391.666666666666
2021-11-19 17:32:25,34.35723114013672,-5.929150104522705,8,9396.666666666666
2021-11-19 17:32:31,34.35732650756836,-5.92904806137085,8,9400.0
2021-11-19 17:32:37,34.357425689697266,-5.928950786590576,8,9405.833333333334
2021-11-19 17:32:43,34.357513427734375,-5.9288411140441895,8,9410.0
2021-11-19 17:32:49,34.35760498046875,-5.928737163543701,8,9414.166666666666
2021-11-19 17:32:55,34.35770034790039,-5.928630828857422,8,9420.0
2021-11-19 17:33:01,34.3577766418457,-5.928518772125244,8,9423.333333333334
2021-11-19 17:33:07,34.35782623291016,-5.9283881187438965,9,9430.0
2021-11-19 17:33:13,34.357940673828125,-5.928427219390869,9,9432.5
2021-11-19 17:33:19,34.35789108276367,-5.928569793701172,8,9436.666666666666
2021-11-19 17:33:25,34.35781478881836,-5.928691864013672,8,9441.666666666666
2021-11-19 17:33:31,34.35773086547852,-5.928800106048584,8,9446.666666666666
2021-11-19 17:33:37,34.357635498046875,-5.92890214920044,8,9450.833333333334
2021-11-19 17:33:43,34.357547760009766,-5.929011821746826,8,9455.0
2021-11-19 17:33:49,34.35745620727539,-5.9291157722473145,8,9460.0
2021-11-19 17:33:55,34.357364654541016,-5.92922306060791,8,9464.166666666668
2021-11-19 17:34:01,34.357269287109375,-5.929327011108398,8,9469.166666666668
2021-11-19 17:34:07,34.357177734375,-5.92943000793457,8,9475.0
2021-11-19 17:34:13,34.357078552246094,-5.929532051086426,8,9480.0
2021-11-19 17:34:19,34.35698318481445,-5.929633140563965,8,9484.166666666668
2021-11-19 17:34:25,34.35689163208008,-5.929738998413086,8,9490.0
2021-11-19 17:34:31,34.3568000793457,-5.929845809936523,8,9495.0
2021-11-19 17:34:37,34.35670471191406,-5.92995023727417,8,9498.333333333334
2021-11-19 17:34:43,34.35661315917969,-5.930056095123291,8,9504.166666666668
2021-11-19 17:34:49,34.35652160644531,-5.930160999298096,8,9507.5
2021-11-19 17:34:55,34.35643005371094,-5.93026876449585,8,9514.166666666668
2021-11-19 17:35:01,34.3563346862793,-5.930369853973389,8,9517.5
2021-11-19 17:35:07,34.35624313354492,-5.930478096008301,8,9523.333333333334
2021-11-19 17:35:13,34.356143951416016,-5.930576801300049,9,9530.0
2021-11-19 17:35:19,34.35600662231445,-5.930583953857422,9,9530.833333333334
2021-11-19 17:35:25,34.35599136352539,-5.930438041687012,9,9535.0
2021-11-19 17:35:31,34.35609436035156,-5.930346012115479,8,9540.833333333332
2021-11-19 17:35:37,34.35618209838867,-5.930243015289307,8,9545.0
2021-11-19 17:35:43,34.35627365112305,-5.9301371574401855,8,9548.333333333332
2021-11-19 17:35:49,34.35636901855469,-5.930028915405273,8,9554.166666666666
2021-11-19 17:35:55,34.35647201538086,-5.929930210113525,8,9558.333333333332
2021-11-19 17:36:01,34.356563568115234,-5.9298248291015625,8,9563.333333333332
2021-11-19 17:36:07,34.356658935546875,-5.929717063903809,8,9566.666666666666
2021-11-19 17:36:13,34.35675048828125,-5.929609775543213,8,9571.666666666666
2021-11-19 17:36:19,34.35684585571289,-5.929508209228516,8,9577.5
2021-11-19 17:36:25,34.35694122314453,-5.929408073425293,8,9580.833333333332
2021-11-19 17:36:31,34.357032775878906,-5.929303169250488,8,9586.666666666666
2021-11-19 17:36:37,34.35712814331055,-5.929202079772949,8,9589.166666666666
2021-11-19 17:36:43,34.35722732543945,-5.929101943969727,8,9595.0
2021-11-19 17:36:49,34.35732650756836,-5.929007053375244,8,9600.833333333332
2021-11-19 17:36:55,34.357418060302734,-5.928901195526123,8,9604.166666666668
2021-11-19 17:37:01,34.357513427734375,-5.928793907165527,8,9610.0
2021-11-19 17:37:07,34.35760498046875,-5.928684234619141,8,9615.833333333332
2021-11-19 17:37:13,34.35770034790039,-5.928579807281494,8,9619.166666666666
2021-11-19 17:37:19,34.357757568359375,-5.928452014923096,9,9624.166666666666
2021-11-19 17:37:25,34.35786819458008,-5.928363800048828,9,9630.0
2021-11-19 17:37:31,34.35798645019531,-5.928437232971191,9,9632.5
2021-11-19 17:37:37,34.357948303222656,-5.928586006164551,8,9638.333333333332
2021-11-19 17:37:43,34.35786056518555,-5.928699970245361,8,9640.833333333332
2021-11-19 17:37:49,34.35776901245117,-5.928802013397217,8,9646.666666666666
2021-11-19 17:37:55,34.35768127441406,-5.928909778594971,8,9652.5
2021-11-19 17:38:01,34.35758972167969,-5.929014205932617,8,9657.5
2021-11-19 17:38:07,34.35750198364258,-5.929117202758789,8,9660.833333333332
2021-11-19 17:38:13,34.35740661621094,-5.92921781539917,8,9665.833333333332
2021-11-19 17:38:19,34.35731506347656,-5.929325103759766,8,9669.166666666666
2021-11-19 17:38:25,34.35721969604492,-5.929427146911621,8,9675.0
2021-11-19 17:38:31,34.35712432861328,-5.929525852203369,8,9680.0
2021-11-19 17:38:37,34.35702896118164,-5.929628849029541,8,9685.0
2021-11-19 17:38:43,34.35693359375,-5.9297308921813965,8,9689.166666666668
2021-11-19 17:38:49,34.356842041015625,-5.929832935333252,8,9695.0
2021-11-19 17:38:55,34.35675048828125,-5.929940223693848,8,9698.333333333334
2021-11-19 17:39:01,34.35666275024414,-5.930046081542969,8,9704.166666666668
2021-11-19 17:39:07,34.356571197509766,-5.930150985717773,8,9709.166666666668
2021-11-19 17:39:13,34.35647964477539,-5.9302592277526855,8,9713.333333333334
2021-11-19 17:39:19,34.356388092041016,-5.930365085601807,8,9719.166666666668
2021-11-19 17:39:25,34.35629653930664,-5.930470943450928,8,9722.5
2021-11-19 17:39:31,34.356197357177734,-5.930572986602783,9,9726.666666666668
2021-11-19 17:39:37,34.3560676574707,-5.930610179901123,8,9730.0
2021-11-19 17:39:43,34.35594177246094,-5.930549144744873,9,9734.166666666668
2021-11-19 17:39:49,34.355995178222656,-5.930408000946045,8,9739.166666666668
2021-11-19 17:39:55,34.35608673095703,-5.9303059577941895,8,9742.5
2021-11-19 17:40:01,34.356178283691406,-5.930200099945068,8,9747.5
2021-11-19 17:40:07,34.35627365112305,-5.930093765258789,8,9752.5
2021-11-19 17:40:13,34.35636520385742,-5.929989814758301,8,9758.333333333332
2021-11-19 17:40:19,34.35646057128906,-5.929881095886231,8,9761.666666666666
2021-11-19 17:40:25,34.3565559387207,-5.929780960083008,8,9766.666666666666
2021-11-19 17:40:31,34.356651306152344,-5.929676055908203,8,9769.166666666666
2021-11-19 17:40:37,34.356746673583984,-5.929573059082031,8,9776.666666666666
2021-11-19 17:40:43,34.356842041015625,-5.929473876953125,8,9780.833333333332
2021-11-19 17:40:49,34.35693359375,-5.929368019104004,8,9785.833333333332
2021-11-19 17:40:55,34.357025146484375,-5.929263114929199,8,9790.0
2021-11-19 17:41:01,34.35712432861328,-5.929161071777344,8,9795.833333333332
2021-11-19 17:41:07,34.35721969604492,-5.929059028625488,8,9799.166666666666
2021-11-19 17:41:13,34.35731887817383,-5.928954124450684,8,9803.333333333332
2021-11-19 17:41:19,34.3574104309082,-5.928847789764404,8,9808.333333333332
2021-11-19 17:41:25,34.35750198364258,-5.9287428855896,8,9815.0
2021-11-19 17:41:31,34.35759735107422,-5.928639888763428,8,9817.5
2021-11-19 17:41:37,34.35768127441406,-5.92852783203125,8,9822.5
2021-11-19 17:41:43,34.3577766418457,-5.9284281730651855,8,9825.0
2021-11-19 17:41:49,34.357906341552734,-5.928393840789795,8,9832.5
2021-11-19 17:41:55,34.35803985595703,-5.928374767303467,8,9836.666666666668
2021-11-19 17:42:01,34.3581657409668,-5.928339004516602,8,9840.0
2021-11-19 17:42:07,34.35829162597656,-5.928300857543945,8,9845.833333333334
2021-11-19 17:42:13,34.35841369628906,-5.928257942199707,8,9851.666666666668
2021-11-19 17:42:19,34.35853576660156,-5.928211212158203,8,9854.166666666668
2021-11-19 17:42:25,34.3586540222168,-5.928162097930908,8,9859.166666666668
2021-11-19 17:42:31,34.35877227783203,-5.928110122680664,8,9864.166666666668
2021-11-19 17:42:37,34.358890533447266,-5.928050994873047,8,9867.5
2021-11-19 17:42:43,34.35898208618164,-5.927955150604248,8,9873.333333333334
2021-11-19 17:42:49,34.359066009521484,-5.928024768829346,8,9877.5
2021-11-19 17:42:55,34.358985900878906,-5.928145885467529,8,9881.666666666668
2021-11-19 17:43:01,34.3588752746582,-5.928217887878418,8,9885.833333333334
2021-11-19 17:43:07,34.3587532043457,-5.928274154663086,8,9888.333333333334
2021-11-19 17:43:13,34.3586311340332,-5.928318977355957,8,9893.333333333334
2021-11-19 17:43:19,34.35851287841797,-5.928369998931885,8,9899.166666666668
2021-11-19 17:43:25,34.35838317871094,-5.928399085998535,8,9901.666666666668
2021-11-19 17:43:31,34.35826110839844,-5.928430080413818,8,9908.333333333332
2021-11-19 17:43:37,34.35813522338867,-5.928469181060791,8,9912.5
2021-11-19 17:43:43,34.358009338378906,-5.928494930267334,8,9915.833333333332
2021-11-19 17:43:49,34.357879638671875,-5.928522109985352,8,9917.5
2021-11-19 17:43:55,34.35775375366211,-5.928549766540527,8,9925.833333333332
2021-11-19 17:44:01,34.357627868652344,-5.928569793701172,8,9930.0
2021-11-19 17:44:07,34.35749816894531,-5.928593158721924,8,9933.333333333332
2021-11-19 17:44:13,34.35737228393555,-5.9286041259765625,8,9938.333333333332
2021-11-19 17:44:19,34.35725021362305,-5.928610801696777,8,9941.666666666668
2021-11-19 17:44:25,34.35712814331055,-5.928610801696777,8,9943.333333333332
2021-11-19 17:44:31,34.35700988769531,-5.92861795425415,8,9948.333333333332
2021-11-19 17:44:37,34.356929779052734,-5.928532123565674,7,9950.0
2021-11-19 17:44:43,34.35702896118164,-5.928463935852051,7,9953.333333333332
2021-11-19 17:44:49,34.357147216796875,-5.928489208221436,8,9956.666666666668
2021-11-19 17:44:55,34.35728073120117,-5.928490161895752,8,9963.333333333332
2021-11-19 17:45:01,34.35741424560547,-5.928482055664063,8,9969.166666666668
2021-11-19 17:45:07,34.357547760009766,-5.928459167480469,8,9972.5
2021-11-19 17:45:13,34.3576774597168,-5.928430080413818,9,9979.166666666668
2021-11-19 17:45:19,34.35780334472656,-5.928400993347168,8,9981.666666666668
2021-11-19 17:45:25,34.35793685913086,-5.928370952606201,8,9986.666666666668
2021-11-19 17:45:31,34.35806655883789,-5.928339004516602,8,9993.333333333334
2021-11-19 17:45:37,34.358192443847656,-5.928296089172363,8,9996.666666666668
2021-11-19 17:45:43,34.35831832885742,-5.928254127502441,8,9999.166666666668
2021-11-19 17:45:49,34.35844039916992,-5.92820405960083,8,10005.833333333334
2021-11-19 17:45:55,34.35856246948242,-5.928155899047852,8,10011.666666666668
2021-11-19 17:46:01,34.35868453979492,-5.928102016448975,9,10014.166666666668
2021-11-19 17:46:07,34.35881042480469,-5.928057193756104,8,10019.166666666668
2021-11-19 17:46:13,34.35892105102539,-5.927975177764893,8,10024.166666666668
2021-11-19 17:46:19,34.35903549194336,-5.927931785583496,8,10030.0
2021-11-19 17:46:25,34.35904312133789,-5.928069114685059,8,10033.333333333334
2021-11-19 17:46:31,34.35897445678711,-5.928196907043457,8,10035.833333333334
2021-11-19 17:46:37,34.35886001586914,-5.928271770477295,8,10038.333333333334
2021-11-19 17:46:43,34.358734130859375,-5.928328037261963,8,10044.166666666668
2021-11-19 17:46:49,34.358612060546875,-5.928374767303467,8,10050.0
2021-11-19 17:46:55,34.35848617553711,-5.928414821624756,8,10054.166666666668
2021-11-19 17:47:01,34.358360290527344,-5.928439140319824,8,10058.333333333334
2021-11-19 17:47:07,34.35824203491211,-5.928462982177734,8,10063.333333333334
2021-11-19 17:47:13,34.35811996459961,-5.928499221801758,8,10066.666666666668
2021-11-19 17:47:19,34.35799789428711,-5.928526878356934,8,10071.666666666668
2021-11-19 17:47:25,34.35787582397461,-5.928563117980957,8,10078.333333333332
2021-11-19 17:47:31,34.35775375366211,-5.928587913513184,8,10080.833333333332
2021-11-19 17:47:37,34.35763168334961,-5.928606986999512,8,10085.833333333332
2021-11-19 17:47:43,34.357505798339844,-5.928627014160156,7,10090.0
2021-11-19 17:47:49,34.357383728027344,-5.928633213043213,8,10095.0
2021-11-19 17:47:55,34.357261657714844,-5.928637981414795,7,10097.5
2021-11-19 17:48:01,34.35714340209961,-5.928640842437744,7,10100.833333333332
2021-11-19 17:48:07,34.357025146484375,-5.928650856018066,8,10105.833333333332
2021-11-19 17:48:13,34.35691833496094,-5.928584098815918,7,10109.166666666668
2021-11-19 17:48:19,34.35692596435547,-5.928452014923096,8,10112.5
2021-11-19 17:48:25,34.35699844360352,-5.928441047668457,0,10115.0
2021-11-19 17:48:31,34.35700225830078,-5.928440093994141,0,10120.833333333334
2021-11-19 17:48:37,34.35700225830078,-5.928440093994141,0,10124.166666666668
2021-11-19 17:48:43,34.35700225830078,-5.928440093994141,0,10127.5
2021-11-19 17:48:49,34.35700225830078,-5.928440093994141,0,10131.666666666668
2021-11-19 17:48:55,34.35700225830078,-5.928440093994141,0,10137.5
2021-11-19 17:49:01,34.35700225830078,-5.928440093994141,0,10143.333333333334
2021-11-19 17:49:07,34.35700225830078,-5.928440093994141,0,10149.166666666668
2021-11-19 17:49:13,34.35700225830078,-5.928440093994141,0,10153.333333333334
2021-11-19 17:49:19,34.35700225830078,-5.928440093994141,0,10160.833333333334
2021-11-19 17:49:25,34.35700225830078,-5.928440093994141,0,10165.0
2021-11-19 17:49:31,34.35700225830078,-5.928440093994141,0,10170.833333333334
2021-11-19 17:49:37,34.35700225830078,-5.928440093994141,0,10175.0
2021-11-19 17:49:43,34.35700225830078,-5.928440093994141,0,10180.0
2021-11-19 17:49:49,34.35700225830078,-5.928440093994141,0,10185.0
2021-11-19 17:49:55,34.35700225830078,-5.928440093994141,0,10189.166666666668
2021-11-19 17:50:01,34.35700225830078,-5.928440093994141,0,10194.166666666668
2021-11-19 17:50:07,34.35700225830078,-5.928440093994141,0,10201.666666666668
2021-11-19 17:50:13,34.35700225830078,-5.928440093994141,0,10205.833333333334
2021-11-19 17:50:19,34.35700225830078,-5.928440093994141,0,10210.0
2021-11-19 17:50:25,34.35700225830078,-5.928440093994141,0,10212.5
2021-11-19 17:50:31,34.35700225830078,-5.928440093994141,0,10219.166666666668
2021-11-19 17:50:37,34.35700225830078,-5.928440093994141,0,10222.5
2021-11-19 17:50:43,34.35700225830078,-5.928440093994141,0,10225.833333333334
2021-11-19 17:50:49,34.35700225830078,-5.928440093994141,0,10228.333333333334
2021-11-19 17:50:55,34.35700225830078,-5.928440093994141,0,10233.333333333334
2021-11-19 17:51:01,34.35700225830078,-5.928440093994141,0,10235.833333333334
2021-11-19 17:51:07,34.35700225830078,-5.928440093994141,0,10240.833333333334
2021-11-19 17:51:13,34.35700225830078,-5.928440093994141,0,10246.666666666668
2021-11-19 17:51:19,34.35700225830078,-5.928440093994141,0,10255.0
2021-11-19 17:51:25,34.35700225830078,-5.928440093994141,0,10257.5
2021-11-19 17:51:31,34.35700225830078,-5.928440093994141,0,10262.5
2021-11-19 17:51:37,34.35700225830078,-5.928440093994141,0,10265.0
2021-11-19 17:51:43,34.35700225830078,-5.928440093994141,0,10271.666666666668
2021-11-19 17:51:49,34.35700225830078,-5.928440093994141,0,10278.333333333332
2021-11-19 17:51:55,34.35700225830078,-5.928440093994141,0,10283.333333333332
2021-11-19 17:52:01,34.35700225830078,-5.928440093994141,0,10290.0
2021-11-19 17:52:07,34.35700225830078,-5.928440093994141,0,10293.333333333332
2021-11-19 17:52:13,34.35700225830078,-5.928440093994141,0,10297.5
2021-11-19 17:52:19,34.35700225830078,-5.928440093994141,0,10303.333333333332
2021-11-19 17:52:25,34.35700225830078,-5.928440093994141,0,10310.0
2021-11-19 17:52:31,34.35713195800781,-5.928442001342773,5,10319.166666666668
2021-11-19 17:52:37,34.35723114013672,-5.928442001342773,7,10324.166666666668
2021-11-19 17:52:43,34.35737609863281,-5.928442001342773,10,10333.333333333334
2021-11-19 17:52:49,34.357540130615234,-5.9284257888793945,10,10336.666666666668
2021-11-19 17:52:55,34.357704162597656,-5.928400993347168,11,10343.333333333334
2021-11-19 17:53:01,34.35786819458008,-5.92837381362915,10,10347.5
2021-11-19 17:53:07,34.3580322265625,-5.928338050842285,11,10355.0
2021-11-19 17:53:13,34.35818862915039,-5.928289890289307,11,10360.0
2021-11-19 17:53:19,34.35834503173828,-5.92822790145874,11,10366.666666666668
2021-11-19 17:53:25,34.35850524902344,-5.928155899047852,11,10371.666666666668
2021-11-19 17:53:31,34.35866165161133,-5.928085803985596,11,10377.5
2021-11-19 17:53:37,34.35881423950195,-5.928009033203125,10,10382.5
2021-11-19 17:53:43,34.35895919799805,-5.927917957305908,11,10390.0
2021-11-19 17:53:49,34.359100341796875,-5.9278178215026855,11,10396.666666666668
2021-11-19 17:53:55,34.35921859741211,-5.927688121795654,11,10400.833333333334
2021-11-19 17:54:01,34.35931396484375,-5.927524089813232,11,10405.833333333334
2021-11-19 17:54:07,34.359432220458984,-5.927380084991455,11,10410.0
2021-11-19 17:54:13,34.35955810546875,-5.927270889282227,9,10412.5
2021-11-19 17:54:19,34.359657287597656,-5.927143096923828,10,10416.666666666668
2021-11-19 17:54:25,34.35966873168945,-5.927258014678955,10,10421.666666666668
2021-11-19 17:54:31,34.35952377319336,-5.927220821380615,11,10424.166666666668
2021-11-19 17:54:37,34.35940170288086,-5.927069187164307,11,10427.5
2021-11-19 17:54:43,34.359283447265625,-5.926915168762207,11,10435.0
2021-11-19 17:54:49,34.35917282104492,-5.926754951477051,11,10442.5
2021-11-19 17:54:55,34.35906982421875,-5.926600933074951,10,10446.666666666666
2021-11-19 17:55:01,34.358970642089844,-5.926445007324219,11,10451.666666666666
2021-11-19 17:55:07,34.35886764526367,-5.926283836364746,11,10458.333333333332
2021-11-19 17:55:13,34.3587646484375,-5.926127910614014,9,10462.5
2021-11-19 17:55:19,34.358665466308594,-5.925983905792236,10,10470.833333333332
2021-11-19 17:55:25,34.35855865478516,-5.9258341789245605,10,10475.0
2021-11-19 17:55:31,34.35846710205078,-5.925701141357422,8,10478.333333333332
2021-11-19 17:55:37,34.358375549316406,-5.925556182861328,9,10480.0
2021-11-19 17:55:43,34.358272552490234,-5.925407886505127,10,10490.833333333332
2021-11-19 17:55:49,34.35817337036133,-5.925259113311768,9,10495.833333333332
2021-11-19 17:55:55,34.35807037353516,-5.925114154815674,10,10498.333333333332
2021-11-19 17:56:01,34.357967376708984,-5.924964904785156,10,10504.166666666666
2021-11-19 17:56:07,34.35786056518555,-5.924817085266113,10,10509.166666666666
2021-11-19 17:56:13,34.357757568359375,-5.924665927886963,11,10513.333333333332
2021-11-19 17:56:19,34.35765075683594,-5.924513816833496,10,10518.333333333332
2021-11-19 17:56:25,34.3575439453125,-5.924363136291504,10,10525.0
2021-11-19 17:56:31,34.35744094848633,-5.924214839935303,11,10530.833333333332
2021-11-19 17:56:37,34.35733795166016,-5.924059867858887,10,10535.0
2021-11-19 17:56:43,34.35725021362305,-5.923912048339844,9,10540.0
2021-11-19 17:56:49,34.35723114013672,-5.923878192901611,0,10542.5
2021-11-19 17:56:55,34.35723114013672,-5.923880100250244,0,10547.5
2021-11-19 17:57:01,34.35723114013672,-5.923880100250244,0,10554.166666666668
2021-11-19 17:57:07,34.35723114013672,-5.923880100250244,0,10558.333333333334
2021-11-19 17:57:13,34.35723114013672,-5.923880100250244,0,10560.0
2021-11-19 17:57:19,34.35723114013672,-5.923880100250244,0,10565.0
2021-11-19 17:57:25,34.35723114013672,-5.923880100250244,0,10570.0
2021-11-19 17:57:31,34.35723114013672,-5.923880100250244,0,10574.166666666668
2021-11-19 17:57:37,34.35723114013672,-5.923880100250244,0,10575.833333333334
2021-11-19 17:57:43,34.35723114013672,-5.923880100250244,0,10581.666666666668
2021-11-19 17:57:49,34.35723114013672,-5.923880100250244,0,10583.333333333334
2021-11-19 17:57:55,34.35723114013672,-5.923880100250244,0,10588.333333333334
2021-11-19 17:58:01,34.35723114013672,-5.923880100250244,0,10590.833333333334
2021-11-19 17:58:07,34.35723114013672,-5.923880100250244,0,10594.166666666668
2021-11-19 17:58:13,34.35723114013672,-5.923880100250244,0,10600.0
2021-11-19 17:58:19,34.35723114013672,-5.923880100250244,0,10603.333333333334
2021-11-19 17:58:25,34.35723114013672,-5.923880100250244,0,10610.833333333334
2021-11-19 17:58:31,34.35723114013672,-5.923880100250244,0,10615.833333333334
2021-11-19 17:58:37,34.35723114013672,-5.923880100250244,0,10619.166666666668
2021-11-19 17:58:43,34.35723114013672,-5.923880100250244,0,10623.333333333334
2021-11-19 17:58:49,34.35723114013672,-5.923880100250244,0,10628.333333333334
2021-11-19 17:58:55,34.35723114013672,-5.923880100250244,0,10635.0
2021-11-19 17:59:01,34.35723114013672,-5.923880100250244,0,10637.5
2021-11-19 17:59:07,34.35723114013672,-5.923880100250244,0,10640.0
2021-11-19 17:59:13,34.35723114013672,-5.923880100250244,0,10640.833333333334
2021-11-19 17:59:19,34.35723114013672,-5.923880100250244,0,10642.5
2021-11-19 17:59:25,34.35723114013672,-5.923880100250244,0,10644.166666666666
2021-11-19 17:59:31,34.35723114013672,-5.923880100250244,0,10646.666666666666
2021-11-19 17:59:37,34.35723114013672,-5.923880100250244,0,10650.0
2021-11-19 17:59:43,34.35723114013672,-5.923880100250244,0,10654.166666666666
2021-11-19 17:59:49,34.35723114013672,-5.923880100250244,0,10658.333333333332
2021-11-19 17:59:55,34.35723114013672,-5.923880100250244,0,10661.666666666666
2021-11-19 18:00:01,34.35723114013672,-5.923880100250244,0,10665.0
2021-11-19 18:00:07,34.35723114013672,-5.923880100250244,0,10671.666666666666
2021-11-19 18:00:13,34.35723114013672,-5.923880100250244,0,10677.5
2021-11-19 18:00:19,34.35723114013672,-5.923880100250244,0,10680.0
2021-11-19 18:00:25,34.357261657714844,-5.923879146575928,9,10687.5
2021-11-19 18:00:31,34.35737609863281,-5.923896789550781,9,10690.833333333332
2021-11-19 18:00:37,34.35744857788086,-5.924047946929932,10,10693.333333333332
2021-11-19 18:00:43,34.35752868652344,-5.924210071563721,11,10697.5
2021-11-19 18:00:49,34.35763168334961,-5.924385070800781,11,10700.833333333332
2021-11-19 18:00:55,34.35773468017578,-5.924560070037842,11,10703.333333333332
2021-11-19 18:01:01,34.357845306396484,-5.924728870391846,12,10707.5
2021-11-19 18:01:07,34.35795974731445,-5.924893856048584,11,10710.833333333334
2021-11-19 18:01:13,34.35807418823242,-5.925057888031006,11,10712.5
2021-11-19 18:01:19,34.35818862915039,-5.925224781036377,12,10715.0
2021-11-19 18:01:25,34.35830307006836,-5.925395011901856,11,10720.0
2021-11-19 18:01:31,34.35841369628906,-5.925559997558594,12,10723.333333333334
2021-11-19 18:01:37,34.3585319519043,-5.925727844238281,12,10727.5
2021-11-19 18:01:43,34.35865020751953,-5.925893783569336,11,10731.666666666666
2021-11-19 18:01:49,34.3587646484375,-5.926061153411865,11,10734.166666666666
2021-11-19 18:01:55,34.35887908935547,-5.926228046417236,11,10736.666666666666
2021-11-19 18:02:01,34.35898971557617,-5.926393985748291,11,10740.833333333334
2021-11-19 18:02:07,34.359100341796875,-5.926562786102295,12,10743.333333333334
2021-11-19 18:02:13,34.35921859741211,-5.926730155944824,11,10745.833333333334
2021-11-19 18:02:19,34.35933303833008,-5.926896095275879,11,10749.166666666666
2021-11-19 18:02:25,34.35944747924805,-5.927062034606934,11,10753.333333333334
2021-11-19 18:02:31,34.35952377319336,-5.927258968353272,12,10756.666666666666
2021-11-19 18:02:37,34.35940170288086,-5.927412033081055,11,10758.333333333332
2021-11-19 18:02:43,34.35929107666016,-5.927580833435059,12,10761.666666666666
2021-11-19 18:02:49,34.35919189453125,-5.927762031555176,11,10764.166666666666
2021-11-19 18:02:55,34.35905075073242,-5.927900791168213,11,10767.5
2021-11-19 18:03:01,34.35890197753906,-5.928016185760498,12,10771.666666666666
2021-11-19 18:03:07,34.35874557495117,-5.928121089935303,11,10774.166666666666
2021-11-19 18:03:13,34.35858154296875,-5.928196907043457,11,10778.333333333332
2021-11-19 18:03:19,34.35840606689453,-5.9282660484313965,12,10781.666666666666
2021-11-19 18:03:25,34.35823440551758,-5.928332805633545,11,10784.166666666666
2021-11-19 18:03:31,34.358062744140625,-5.928404808044434,12,10787.5
2021-11-19 18:03:37,34.35788345336914,-5.928455829620361,12,10791.666666666666
2021-11-19 18:03:43,34.35770034790039,-5.9284868240356445,11,10794.166666666666
2021-11-19 18:03:49,34.35752868652344,-5.928500175476074,11,10799.166666666666
2021-11-19 18:03:55,34.35736846923828,-5.928520202636719,10,10801.666666666666
2021-11-19 18:04:01,34.357200622558594,-5.928534984588623,11,10803.333333333332
2021-11-19 18:04:07,34.35702896118164,-5.9285078048706055,11,10806.666666666666
2021-11-19 18:04:13,34.35685348510742,-5.9284868240356445,11,10810.833333333334
2021-11-19 18:04:19,34.3566780090332,-5.928462028503418,11,10813.333333333334
2021-11-19 18:04:25,34.35649871826172,-5.928432941436768,12,10817.5
2021-11-19 18:04:31,34.35631561279297,-5.928390026092529,12,10821.666666666668
2021-11-19 18:04:37,34.35613250732422,-5.928339004516602,12,10824.166666666668
2021-11-19 18:04:43,34.355953216552734,-5.928277969360352,12,10828.333333333334
2021-11-19 18:04:49,34.35578536987305,-5.928196907043457,13,10830.833333333334
2021-11-19 18:04:55,34.35557556152344,-5.928088188171387,15,10835.833333333334
2021-11-19 18:05:01,34.3553581237793,-5.927962779998779,15,10842.5
2021-11-19 18:05:07,34.35515213012695,-5.927816867828369,15,10845.0
2021-11-19 18:05:13,34.354957580566406,-5.927653789520264,15,10850.833333333334
2021-11-19 18:05:19,34.35477066040039,-5.927475929260254,15,10853.333333333334
2021-11-19 18:05:25,34.35459518432617,-5.927281856536865,16,10859.166666666668
2021-11-19 18:05:31,34.35443115234375,-5.9270758628845215,15,10865.0
2021-11-19 18:05:37,34.354244232177734,-5.927051067352295,13,10865.833333333334
2021-11-19 18:05:43,34.35405731201172,-5.927238941192627,16,10872.5
2021-11-19 18:05:49,34.3538703918457,-5.927426815032959,16,10876.666666666668
2021-11-19 18:05:55,34.35368347167969,-5.927611827850342,16,10881.666666666668
2021-11-19 18:06:01,34.353492736816406,-5.927800178527832,16,10887.5
2021-11-19 18:06:07,34.353302001953125,-5.927988052368164,16,10891.666666666668
2021-11-19 18:06:13,34.35311508178711,-5.928175926208496,16,10897.5
2021-11-19 18:06:19,34.35292434692383,-5.928363800048828,16,10902.5
2021-11-19 18:06:25,34.35273361206055,-5.928549766540527,16,10908.333333333334
2021-11-19 18:06:31,34.352542877197266,-5.928736209869385,15,10910.833333333334
2021-11-19 18:06:37,34.35235595703125,-5.928924083709717,16,10916.666666666668
2021-11-19 18:06:43,34.35216522216797,-5.929111003875732,16,10921.666666666668
2021-11-19 18:06:49,34.35197067260742,-5.929296970367432,16,10928.333333333334
2021-11-19 18:06:55,34.35177993774414,-5.929482936859131,16,10931.666666666668
2021-11-19 18:07:01,34.351585388183594,-5.929664134979248,16,10935.833333333334
2021-11-19 18:07:07,34.35139846801758,-5.9298529624938965,16,10942.5
2021-11-19 18:07:13,34.35120391845703,-5.930041790008545,16,10945.833333333334
2021-11-19 18:07:19,34.35101318359375,-5.930232048034668,16,10950.0
2021-11-19 18:07:25,34.35082244873047,-5.930419921875,16,10955.0
2021-11-19 18:07:31,34.35063552856445,-5.930606842041016,15,10960.833333333334
2021-11-19 18:07:37,34.350433349609375,-5.930706024169922,13,10964.166666666668
2021-11-19 18:07:43,34.350276947021484,-5.930750846862793,10,10967.5
2021-11-19 18:07:49,34.35037612915039,-5.930647850036621,13,10975.833333333334
2021-11-19 18:07:55,34.35057067871094,-5.930549144744873,15,10980.833333333334
2021-11-19 18:08:01,34.35075759887695,-5.930384159088135,15,10984.166666666668
2021-11-19 18:08:07,34.3509407043457,-5.930209159851074,15,10985.833333333334
2021-11-19 18:08:13,34.35112380981445,-5.930030822753906,15,10993.333333333334
2021-11-19 18:08:19,34.3513069152832,-5.92985200881958,15,10995.0
2021-11-19 18:08:25,34.35149002075195,-5.929673194885254,15,10998.333333333334
2021-11-19 18:08:31,34.35185623168945,-5.929321765899658,15,11010.0
2021-11-19 18:08:37,34.3520393371582,-5.929146766662598,15,11012.5
2021-11-19 18:08:43,34.35221862792969,-5.928976058959961,15,11018.333333333334
2021-11-19 18:08:49,34.35239791870117,-5.928800106048584,15,11023.333333333334
2021-11-19 18:08:55,34.35258102416992,-5.928627014160156,15,11026.666666666668
2021-11-19 18:09:01,34.352760314941406,-5.9284539222717285,15,11031.666666666666
2021-11-19 18:09:07,34.35293960571289,-5.928277015686035,15,11035.0
2021-11-19 18:09:13,34.35312271118164,-5.928100109100342,15,11040.0
2021-11-19 18:09:19,34.35329818725586,-5.927920818328857,15,11043.333333333332
2021-11-19 18:09:25,34.353477478027344,-5.927745819091797,15,11048.333333333332
2021-11-19 18:09:31,34.35365676879883,-5.927568912506104,15,11052.5
2021-11-19 18:09:37,34.35383987426758,-5.927394866943359,15,11057.5
2021-11-19 18:09:43,34.35402297973633,-5.927219867706299,15,11060.833333333332
2021-11-19 18:09:49,34.35419845581055,-5.927036762237549,15,11065.0
2021-11-19 18:09:55,34.35435485839844,-5.9268951416015625,11,11067.5
2021-11-19 18:10:01,34.35432815551758,-5.927060127258301,13,11071.666666666666
2021-11-19 18:10:07,34.35415267944336,-5.927213191986084,14,11072.5
2021-11-19 18:10:13,34.35398483276367,-5.927387237548828,14,11078.333333333332
2021-11-19 18:10:19,34.35381317138672,-5.927553176879883,14,11082.5
2021-11-19 18:10:25,34.353641510009766,-5.927721977233887,14,11086.666666666666
2021-11-19 18:10:31,34.35346603393555,-5.927893161773682,15,11089.166666666666
2021-11-19 18:10:37,34.353294372558594,-5.928065776824951,15,11093.333333333334
2021-11-19 18:10:43,34.353118896484375,-5.928236961364746,15,11098.333333333334
2021-11-19 18:10:49,34.35294342041016,-5.92841100692749,15,11101.666666666668
2021-11-19 18:10:55,34.352760314941406,-5.928578853607178,15,11106.666666666668
2021-11-19 18:11:01,34.35258102416992,-5.928750038146973,14,11111.666666666668
2021-11-19 18:11:07,34.3524055480957,-5.92892599105835,15,11113.333333333334
2021-11-19 18:11:13,34.35222244262695,-5.929099082946777,15,11120.0
2021-11-19 18:11:19,34.352046966552734,-5.929269790649414,15,11122.5
2021-11-19 18:11:25,34.35187149047852,-5.929440975189209,15,11128.333333333334
2021-11-19 18:11:31,34.3516960144043,-5.929609775543213,15,11130.0
2021-11-19 18:11:37,34.35151672363281,-5.929782867431641,14,11136.666666666668
2021-11-19 18:11:43,34.351341247558594,-5.929954051971436,15,11140.0
2021-11-19 18:11:49,34.351165771484375,-5.930130958557129,15,11140.833333333334
2021-11-19 18:11:55,34.35098648071289,-5.9303059577941895,15,11145.833333333334
2021-11-19 18:12:01,34.35081100463867,-5.930487155914307,15,11150.0
2021-11-19 18:12:07,34.35063552856445,-5.930657863616943,14,11154.166666666668
2021-11-19 18:12:13,34.35042953491211,-5.930747032165527,14,11157.5
2021-11-19 18:12:19,34.35036087036133,-5.930628776550293,12,11158.333333333332
2021-11-19 18:12:25,34.35054016113281,-5.930527210235596,13,11163.333333333332
2021-11-19 18:12:31,34.3507194519043,-5.930375099182129,14,11168.333333333332
2021-11-19 18:12:37,34.35089492797852,-5.93020486831665,15,11170.0
2021-11-19 18:12:43,34.35107421875,-5.930028915405273,15,11175.0
2021-11-19 18:12:49,34.351253509521484,-5.929851055145264,15,11179.166666666668
2021-11-19 18:12:55,34.351436614990234,-5.929677963256836,15,11184.166666666668
2021-11-19 18:13:01,34.35161590576172,-5.929506778717041,15,11185.0
2021-11-19 18:13:07,34.3517951965332,-5.9293317794799805,15,11188.333333333332
2021-11-19 18:13:13,34.35197067260742,-5.929154872894287,15,11192.5
2021-11-19 18:13:19,34.352149963378906,-5.928977966308594,15,11195.833333333332
2021-11-19 18:13:25,34.352325439453125,-5.928802967071533,15,11201.666666666668
2021-11-19 18:13:31,34.35250473022461,-5.928628921508789,15,11202.5
2021-11-19 18:13:37,34.352684020996094,-5.928455829620361,15,11208.333333333332
2021-11-19 18:13:43,34.35285949707031,-5.92828893661499,15,11212.5
2021-11-19 18:13:49,34.35303497314453,-5.928116798400879,15,11216.666666666668
2021-11-19 18:13:55,34.353214263916016,-5.927946090698242,15,11219.166666666668
2021-11-19 18:14:01,34.353389739990234,-5.927766799926758,15,11223.333333333332
2021-11-19 18:14:07,34.35356903076172,-5.927595138549805,15,11228.333333333332
2021-11-19 18:14:13,34.3537483215332,-5.92742395401001,15,11230.833333333332
2021-11-19 18:14:19,34.35392761230469,-5.927245140075684,15,11236.666666666668
2021-11-19 18:14:25,34.35410690307617,-5.927065849304199,15,11240.0
2021-11-19 18:14:31,34.35427474975586,-5.926881790161133,14,11241.666666666668
2021-11-19 18:14:37,34.354400634765625,-5.926982879638672,12,11245.0
2021-11-19 18:14:43,34.35424041748047,-5.927141189575195,14,11246.666666666668
2021-11-19 18:14:49,34.35406494140625,-5.927321910858154,15,11250.833333333332
2021-11-19 18:14:55,34.353885650634766,-5.927494049072266,15,11254.166666666668
2021-11-19 18:15:01,34.35371780395508,-5.927677154541016,15,11259.166666666668
2021-11-19 18:15:07,34.35354995727539,-5.927862167358398,15,11261.666666666668
2021-11-19 18:15:13,34.353370666503906,-5.928042888641357,15,11266.666666666668
2021-11-19 18:15:19,34.35318756103516,-5.928223133087158,15,11272.5
2021-11-19 18:15:25,34.35300827026367,-5.928400039672852,15,11274.166666666668
2021-11-19 18:15:31,34.352821350097656,-5.928575038909912,15,11278.333333333332
2021-11-19 18:15:37,34.352638244628906,-5.928750991821289,15,11285.0
2021-11-19 18:15:43,34.35245895385742,-5.928935050964356,15,11288.333333333332
2021-11-19 18:15:49,34.352272033691406,-5.929111003875732,15,11295.0
2021-11-19 18:15:55,34.35209274291992,-5.929287910461426,15,11297.5
2021-11-19 18:16:01,34.351905822753906,-5.929460048675537,15,11303.333333333332
2021-11-19 18:16:07,34.35172653198242,-5.929642200469971,15,11306.666666666668
2021-11-19 18:16:13,34.351539611816406,-5.929819107055664,15,11312.5
2021-11-19 18:16:19,34.351356506347656,-5.929999828338623,15,11317.5
2021-11-19 18:16:25,34.351173400878906,-5.930187225341797,15,11320.833333333334
2021-11-19 18:16:31,34.35098648071289,-5.930370807647705,15,11326.666666666668
2021-11-19 18:16:37,34.35080337524414,-5.930558204650879,15,11330.0
2021-11-19 18:16:43,34.35060501098633,-5.930708885192871,15,11332.5
2021-11-19 18:16:49,34.350425720214844,-5.930666923522949,12,11337.5
2021-11-19 18:16:55,34.35055923461914,-5.930470943450928,15,11342.5
2021-11-19 18:17:01,34.350738525390625,-5.930286884307861,15,11345.0
2021-11-19 18:17:07,34.350921630859375,-5.930105209350586,15,11349.166666666668
2021-11-19 18:17:13,34.35110855102539,-5.929923057556152,16,11354.166666666668
2021-11-19 18:17:19,34.35129165649414,-5.929739952087402,15,11358.333333333334
2021-11-19 18:17:25,34.351470947265625,-5.92955207824707,15,11361.666666666668
2021-11-19 18:17:31,34.351654052734375,-5.929369926452637,16,11366.666666666668
2021-11-19 18:17:37,34.351844787597656,-5.929191112518311,15,11369.166666666668
2021-11-19 18:17:43,34.35202407836914,-5.929007053375244,15,11375.833333333334
2021-11-19 18:17:49,34.35221099853516,-5.9288249015808105,16,11378.333333333334
2021-11-19 18:17:55,34.35239791870117,-5.928643226623535,16,11382.5
2021-11-19 18:18:01,34.35258483886719,-5.928463935852051,16,11386.666666666668
2021-11-19 18:18:07,34.3527717590332,-5.928287982940674,15,11391.666666666668
2021-11-19 18:18:13,34.35295486450195,-5.928108215332031,15,11395.0
2021-11-19 18:18:19,34.35314178466797,-5.927927017211914,16,11401.666666666668
2021-11-19 18:18:25,34.353328704833984,-5.927742004394531,16,11405.0
2021-11-19 18:18:31,34.353515625,-5.927556991577148,15,11408.333333333334
2021-11-19 18:18:37,34.353702545166016,-5.927371025085449,16,11413.333333333332
2021-11-19 18:18:43,34.35388946533203,-5.927186965942383,16,11414.166666666666
2021-11-19 18:18:49,34.35408020019531,-5.927001953125,16,11418.333333333332
2021-11-19 18:18:55,34.35445785522461,-5.927001953125,15,11426.666666666666
2021-11-19 18:19:01,34.3543701171875,-5.927218914031982,15,11429.166666666666
2021-11-19 18:19:07,34.35417938232422,-5.927405834197998,15,11435.0
2021-11-19 18:19:13,34.35399627685547,-5.927596092224121,15,11439.166666666666
2021-11-19 18:19:19,34.353816986083984,-5.927785873413086,15,11441.666666666666
2021-11-19 18:19:25,34.35363006591797,-5.92796802520752,15,11445.0
2021-11-19 18:19:31,34.35344314575195,-5.928150177001953,16,11450.833333333332
2021-11-19 18:19:37,34.35325622558594,-5.928332805633545,16,11454.166666666668
2021-11-19 18:19:43,34.35307312011719,-5.9285149574279785,15,11459.166666666668
2021-11-19 18:19:49,34.35289001464844,-5.928695201873779,15,11465.0
2021-11-19 18:19:55,34.35270309448242,-5.928875923156738,15,11467.5
2021-11-19 18:20:01,34.352516174316406,-5.929055213928223,16,11472.5
2021-11-19 18:20:07,34.35232925415039,-5.929237842559815,15,11477.5
2021-11-19 18:20:13,34.351959228515625,-5.929599761962891,16,11485.0
2021-11-19 18:20:19,34.351776123046875,-5.929782867431641,15,11490.0
2021-11-19 18:20:25,34.351593017578125,-5.929971218109131,16,11493.333333333332
2021-11-19 18:20:31,34.35141372680664,-5.930159091949463,16,11495.833333333332
2021-11-19 18:20:37,34.351226806640625,-5.930346012115479,16,11501.666666666666
2021-11-19 18:20:43,34.351036071777344,-5.930527210235596,16,11507.5
2021-11-19 18:20:49,34.35081481933594,-5.930620193481445,15,11512.5
2021-11-19 18:20:55,34.350582122802734,-5.930675983428955,15,11515.0
2021-11-19 18:21:01,34.35050201416016,-5.930528163909912,14,11517.5
2021-11-19 18:21:07,34.35069274902344,-5.930370807647705,16,11523.333333333332
2021-11-19 18:21:13,34.35087966918945,-5.93018913269043,15,11525.833333333332
2021-11-19 18:21:19,34.3510627746582,-5.930004119873047,16,11529.166666666666
2021-11-19 18:21:25,34.351253509521484,-5.929818153381348,16,11530.833333333332
2021-11-19 18:21:31,34.351444244384766,-5.929634094238281,16,11540.833333333332
2021-11-19 18:21:37,34.35162734985352,-5.929450988769531,16,11544.166666666666
2021-11-19 18:21:43,34.35181427001953,-5.929265022277832,16,11548.333333333332
2021-11-19 18:21:49,34.35200119018555,-5.929080963134766,16,11552.5
2021-11-19 18:21:55,34.35218811035156,-5.928894996643066,15,11556.666666666666
2021-11-19 18:22:01,34.352378845214844,-5.92871618270874,15,11562.5
2021-11-19 18:22:07,34.352569580078125,-5.928534030914307,16,11565.833333333332
2021-11-19 18:22:13,34.35275650024414,-5.928349018096924,16,11570.833333333332
2021-11-19 18:22:19,34.35294723510742,-5.928165912628174,16,11575.0
2021-11-19 18:22:25,34.35313415527344,-5.927987098693848,16,11577.5
2021-11-19 18:22:31,34.35332107543945,-5.927803993225098,16,11582.5
2021-11-19 18:22:37,34.35350799560547,-5.927619934082031,16,11586.666666666668
2021-11-19 18:22:43,34.35369110107422,-5.927431106567383,16,11590.0
2021-11-19 18:22:49,34.3538818359375,-5.92724609375,16,11593.333333333332
2021-11-19 18:22:55,34.35407257080078,-5.927056789398193,15,11597.5
2021-11-19 18:23:01,34.354278564453125,-5.926935195922852,15,11601.666666666668
2021-11-19 18:23:07,34.3544921875,-5.92700719833374,14,11603.333333333332
2021-11-19 18:23:13,34.35441589355469,-5.927223205566406,14,11607.5
2021-11-19 18:23:19,34.35424041748047,-5.927404880523682,15,11612.5
2021-11-19 18:23:25,34.35406494140625,-5.9275898933410645,15,11617.5
2021-11-19 18:23:31,34.35388946533203,-5.927769184112549,15,11620.0
2021-11-19 18:23:37,34.35371398925781,-5.927946090698242,15,11623.333333333334
2021-11-19 18:23:43,34.35353469848633,-5.9281158447265625,15,11627.5
2021-11-19 18:23:49,34.353355407714844,-5.928289890289307,15,11630.0
2021-11-19 18:23:55,34.353179931640625,-5.928463935852051,15,11634.166666666668
2021-11-19 18:24:01,34.35300064086914,-5.928645133972168,15,11638.333333333334
2021-11-19 18:24:07,34.35281753540039,-5.9288201332092285,15,11641.666666666668
2021-11-19 18:24:13,34.35263442993164,-5.928989887237549,15,11647.5
2021-11-19 18:24:19,34.35245513916016,-5.929163932800293,15,11651.666666666668
2021-11-19 18:24:25,34.352272033691406,-5.929340839385986,15,11657.5
2021-11-19 18:24:31,34.352088928222656,-5.9295148849487305,15,11659.166666666668
2021-11-19 18:24:37,34.35190963745117,-5.929688930511475,15,11663.333333333334
2021-11-19 18:24:43,34.35173416137695,-5.929873943328857,15,11668.333333333334
2021-11-19 18:24:49,34.35155487060547,-5.930056095123291,15,11670.833333333334
2021-11-19 18:24:55,34.351375579833984,-5.930237770080566,15,11675.833333333334
2021-11-19 18:25:01,34.35118865966797,-5.930420875549316,15,11680.833333333332
2021-11-19 18:25:07,34.351009368896484,-5.930604934692383,16,11685.833333333332
2021-11-19 18:25:13,34.35077667236328,-5.9306721687316895,15,11688.333333333332
2021-11-19 18:25:19,34.35054397583008,-5.930730819702148,15,11691.666666666666
2021-11-19 18:25:25,34.35038757324219,-5.930647850036621,13,11695.0
2021-11-19 18:25:31,34.3505859375,-5.930614948272705,15,11697.5
2021-11-19 18:25:37,34.3508186340332,-5.9305739402771,15,11700.833333333332
2021-11-19 18:25:43,34.35102081298828,-5.930453777313232,15,11705.833333333332
2021-11-19 18:25:49,34.351200103759766,-5.930275917053223,15,11711.666666666668
2021-11-19 18:25:55,34.351375579833984,-5.930099964141846,15,11713.333333333334
2021-11-19 18:26:01,34.3515510559082,-5.929924964904785,15,11718.333333333334
2021-11-19 18:26:07,34.35172653198242,-5.929747104644775,15,11722.5
2021-11-19 18:26:13,34.351890563964844,-5.929561138153076,15,11724.166666666668
2021-11-19 18:26:19,34.352073669433594,-5.929384231567383,15,11729.166666666668
2021-11-19 18:26:25,34.352256774902344,-5.929210186004639,15,11730.833333333334
2021-11-19 18:26:31,34.35243606567383,-5.929035186767578,15,11735.833333333334
2021-11-19 18:26:37,34.35261535644531,-5.92885684967041,15,11738.333333333334
2021-11-19 18:26:43,34.35279846191406,-5.92868185043335,15,11743.333333333334
2021-11-19 18:26:49,34.35297775268555,-5.92850399017334,15,11745.833333333334
2021-11-19 18:26:55,34.35315704345703,-5.92832612991333,15,11747.5
2021-11-19 18:27:01,34.35334014892578,-5.9281439781188965,15,11751.666666666668
2021-11-19 18:27:07,34.35352325439453,-5.927961826324463,15,11755.833333333334
2021-11-19 18:27:13,34.35371017456055,-5.927780151367188,15,11759.166666666668
2021-11-19 18:27:19,34.3538932800293,-5.927591800689697,16,11764.166666666668
2021-11-19 18:27:25,34.35408020019531,-5.927408218383789,15,11767.5
2021-11-19 18:27:31,34.35426712036133,-5.927224159240723,16,11771.666666666668
2021-11-19 18:27:37,34.35445022583008,-5.927043914794922,14,11775.833333333334
2021-11-19 18:27:43,34.3545036315918,-5.927206039428711,14,11780.833333333334
2021-11-19 18:27:49,34.35432815551758,-5.927371025085449,15,11785.0
2021-11-19 18:27:55,34.354156494140625,-5.927556991577148,15,11787.5
2021-11-19 18:28:01,34.35397720336914,-5.927739143371582,15,11791.666666666668
2021-11-19 18:28:07,34.353797912597656,-5.927917003631592,15,11796.666666666668
2021-11-19 18:28:13,34.353614807128906,-5.928092002868652,15,11800.0
2021-11-19 18:28:19,34.35343170166016,-5.928267955780029,15,11802.5
2021-11-19 18:28:25,34.35324478149414,-5.9284539222717285,17,11806.666666666666
2021-11-19 18:28:31,34.35303497314453,-5.9286651611328125,18,11812.5
2021-11-19 18:28:37,34.35281753540039,-5.9288740158081055,18,11815.833333333332
2021-11-19 18:28:43,34.352596282958984,-5.929083824157715,18,11820.833333333332
2021-11-19 18:28:49,34.35236740112305,-5.929296970367432,19,11824.166666666666
2021-11-19 18:28:55,34.35214614868164,-5.929510116577148,18,11827.5
2021-11-19 18:29:01,34.3519287109375,-5.9297308921813965,19,11834.166666666666
2021-11-19 18:29:07,34.351707458496094,-5.929955959320068,19,11837.5
2021-11-19 18:29:13,34.35148620605469,-5.930182933807373,19,11842.5
2021-11-19 18:29:19,34.351261138916016,-5.930410861968994,19,11849.166666666666
2021-11-19 18:29:25,34.35103988647461,-5.930600166320801,16,11851.666666666666
2021-11-19 18:29:31,34.350948333740234,-5.930440902709961,14,11854.166666666666
2021-11-19 18:29:37,34.35114669799805,-5.930267810821533,18,11860.0
2021-11-19 18:29:43,34.35136032104492,-5.930047035217285,19,11865.833333333332
2021-11-19 18:29:49,34.35157775878906,-5.929831981658936,19,11869.166666666668
2021-11-19 18:29:55,34.35179138183594,-5.929598808288574,19,11875.833333333334
2021-11-19 18:30:01,34.35200500488281,-5.929376125335693,18,11881.666666666668
2021-11-19 18:30:07,34.352230072021484,-5.92916202545166,19,11885.833333333334
2021-11-19 18:30:13,34.35245895385742,-5.92894983291626,18,11890.833333333334
2021-11-19 18:30:19,34.35268020629883,-5.928732872009277,18,11897.5
2021-11-19 18:30:25,34.35289764404297,-5.928523063659668,18,11901.666666666668
2021-11-19 18:30:31,34.35312271118164,-5.928305149078369,18,11908.333333333334
2021-11-19 18:30:37,34.35334396362305,-5.928088188171387,19,11910.833333333334
2021-11-19 18:30:43,34.35356521606445,-5.927868843078613,19,11917.5
2021-11-19 18:30:49,34.353782653808594,-5.927642822265625,19,11920.833333333334
2021-11-19 18:30:55,34.35400390625,-5.927425861358643,18,11927.5
2021-11-19 18:31:01,34.35422134399414,-5.927203178405762,19,11931.666666666668
2021-11-19 18:31:07,34.35444259643555,-5.927038192749023,15,11938.333333333334
2021-11-19 18:31:13,34.35463333129883,-5.927194118499756,15,11940.833333333334
2021-11-19 18:31:19,34.354530334472656,-5.927432060241699,17,11942.5
2021-11-19 18:31:25,34.35432052612305,-5.927647113800049,18,11947.5
2021-11-19 18:31:31,34.35411071777344,-5.927865028381348,18,11950.833333333332
2021-11-19 18:31:37,34.35389709472656,-5.928082942962647,18,11955.0
2021-11-19 18:31:43,34.35367965698242,-5.928302764892578,18,11959.166666666666
2021-11-19 18:31:49,34.353458404541016,-5.928511142730713,18,11963.333333333332
2021-11-19 18:31:55,34.353240966796875,-5.928727149963379,18,11970.0
2021-11-19 18:32:01,34.353023529052734,-5.928940773010254,18,11973.333333333332
2021-11-19 18:32:07,34.35280227661133,-5.929159164428711,19,11980.833333333332
2021-11-19 18:32:13,34.35258102416992,-5.929378986358643,19,11985.0
2021-11-19 18:32:19,34.35235595703125,-5.929597854614258,19,11989.166666666666
2021-11-19 18:32:25,34.352134704589844,-5.929812908172607,19,11994.166666666666
2021-11-19 18:32:31,34.35190963745117,-5.93002986907959,19,12000.0
2021-11-19 18:32:37,34.351688385009766,-5.930255889892578,19,12007.5
2021-11-19 18:32:43,34.3514289855957,-5.930409908294678,19,12009.166666666666
2021-11-19 18:32:49,34.35115432739258,-5.9305338859558105,19,12011.666666666666
2021-11-19 18:32:55,34.3509407043457,-5.930513858795166,15,12019.166666666666
2021-11-19 18:33:01,34.35115432739258,-5.930400848388672,20,12022.5
2021-11-19 18:33:07,34.3514518737793,-5.930359840393066,19,12028.333333333334
2021-11-19 18:33:13,34.35169982910156,-5.930146217346191,20,12035.833333333334
2021-11-19 18:33:19,34.351932525634766,-5.92990779876709,21,12042.5
2021-11-19 18:33:25,34.3521728515625,-5.929666042327881,21,12050.833333333334
2021-11-19 18:33:31,34.352420806884766,-5.929427146911621,21,12055.0
2021-11-19 18:33:37,34.3526725769043,-5.929189205169678,20,12062.5
2021-11-19 18:33:43,34.3529167175293,-5.928946971893311,20,12066.666666666668
2021-11-19 18:33:49,34.3531608581543,-5.928702831268311,21,12074.166666666668
2021-11-19 18:33:55,34.3534049987793,-5.928462028503418,21,12079.166666666668
2021-11-19 18:34:01,34.3536491394043,-5.928219795227051,21,12086.666666666668
2021-11-19 18:34:07,34.3538932800293,-5.927978038787842,21,12092.5
2021-11-19 18:34:13,34.35414123535156,-5.927733898162842,21,12099.166666666668
2021-11-19 18:34:19,34.35437774658203,-5.927492141723633,18,12103.333333333334
2021-11-19 18:34:25,34.35456085205078,-5.927272796630859,15,12109.166666666668
2021-11-19 18:34:31,34.354671478271484,-5.927363872528076,14,12115.0
2021-11-19 18:34:37,34.35447692871094,-5.927547931671143,18,12120.0
2021-11-19 18:34:43,34.3542594909668,-5.927781105041504,19,12126.666666666666
2021-11-19 18:34:49,34.354026794433594,-5.927999019622803,19,12132.5
2021-11-19 18:34:55,34.353797912597656,-5.928225994110107,19,12134.166666666666
2021-11-19 18:35:01,34.35356903076172,-5.928459167480469,19,12139.166666666666
2021-11-19 18:35:07,34.35334014892578,-5.928688049316406,19,12146.666666666666
2021-11-19 18:35:13,34.35311508178711,-5.92892599105835,20,12155.0
2021-11-19 18:35:19,34.352874755859375,-5.929159164428711,20,12158.333333333332
2021-11-19 18:35:25,34.352638244628906,-5.929390907287598,20,12165.0
2021-11-19 18:35:31,34.352394104003906,-5.929624080657959,20,12167.5
2021-11-19 18:35:37,34.35215377807617,-5.9298529624938965,20,12175.833333333332
2021-11-19 18:35:43,34.3519172668457,-5.93008279800415,20,12179.166666666666
2021-11-19 18:35:49,34.35167694091797,-5.930322170257568,20,12186.666666666666
2021-11-19 18:35:55,34.35139465332031,-5.93048095703125,20,12190.0
2021-11-19 18:36:01,34.35112380981445,-5.930591106414795,17,12196.666666666666
2021-11-19 18:36:07,34.351253509521484,-5.930347919464111,19,12198.333333333332
2021-11-19 18:36:13,34.35152053833008,-5.930255889892578,18,12210.0
2021-11-19 18:36:19,34.351749420166016,-5.930030822753906,20,12211.666666666668
2021-11-19 18:36:25,34.35197830200195,-5.929793834686279,20,12215.833333333334
2021-11-19 18:36:31,34.35221481323242,-5.929565906524658,20,12226.666666666668
2021-11-19 18:36:37,34.35245132446289,-5.92933988571167,19,12230.0
2021-11-19 18:36:43,34.35268783569336,-5.929117202758789,19,12234.166666666668
2021-11-19 18:36:49,34.35292434692383,-5.928890228271484,20,12239.166666666668
2021-11-19 18:36:55,34.353153228759766,-5.928659915924072,19,12244.166666666668
2021-11-19 18:37:01,34.3533821105957,-5.928429126739502,19,12248.333333333334
2021-11-19 18:37:07,34.353614807128906,-5.928196907043457,19,12255.833333333334
2021-11-19 18:37:13,34.353843688964844,-5.927966117858887,19,12260.833333333334
2021-11-19 18:37:19,34.35407638549805,-5.927743911743164,19,12265.0
2021-11-19 18:37:25,34.35429763793945,-5.927513122558594,19,12269.166666666668
2021-11-19 18:37:31,34.3545036315918,-5.927291870117188,15,12276.666666666668
2021-11-19 18:37:37,34.35468292236328,-5.927260875701904,13,12279.166666666668
2021-11-19 18:37:43,34.35462188720703,-5.927462100982666,14,12281.666666666668
2021-11-19 18:37:49,34.354434967041016,-5.927674770355225,17,12289.166666666668
2021-11-19 18:37:55,34.354225158691406,-5.92786979675293,17,12291.666666666668
2021-11-19 18:38:01,34.3540153503418,-5.928068161010742,17,12295.833333333334
2021-11-19 18:38:07,34.35380554199219,-5.928280830383301,18,12300.0
2021-11-19 18:38:13,34.35359573364258,-5.92849588394165,18,12305.0
2021-11-19 18:38:19,34.35337448120117,-5.92871618270874,19,12311.666666666668
2021-11-19 18:38:25,34.3531494140625,-5.928936958312988,19,12315.833333333334
2021-11-19 18:38:31,34.35293197631836,-5.929166793823242,19,12321.666666666668
2021-11-19 18:38:37,34.35270690917969,-5.929388999938965,19,12327.5
2021-11-19 18:38:43,34.352481842041016,-5.92960786819458,19,12332.5
2021-11-19 18:38:49,34.35225296020508,-5.929823875427246,19,12336.666666666668
2021-11-19 18:38:55,34.352027893066406,-5.930046081542969,19,12340.833333333334
2021-11-19 18:39:01,34.351802825927734,-5.930275917053223,19,12344.166666666668
2021-11-19 18:39:07,34.3515739440918,-5.930476188659668,18,12349.166666666668
2021-11-19 18:39:13,34.35131072998047,-5.9305620193481445,17,12351.666666666668
2021-11-19 18:39:19,34.35112380981445,-5.930527210235596,10,12352.5
2021-11-19 18:39:25,34.35127258300781,-5.930377006530762,16,12356.666666666668
2021-11-19 18:39:31,34.351505279541016,-5.930253028869629,17,12358.333333333332
2021-11-19 18:39:37,34.351715087890625,-5.930041790008545,18,12360.833333333332
2021-11-19 18:39:43,34.3519287109375,-5.92981481552124,19,12369.166666666668
2021-11-19 18:39:49,34.352142333984375,-5.929597854614258,18,12373.333333333332
2021-11-19 18:39:55,34.35236740112305,-5.929376125335693,20,12379.166666666668
2021-11-19 18:40:01,34.352596282958984,-5.929144859313965,19,12381.666666666668
2021-11-19 18:40:07,34.35282897949219,-5.928918838500977,20,12389.166666666668
2021-11-19 18:40:13,34.35306930541992,-5.928688049316406,20,12395.833333333332
2021-11-19 18:40:19,34.353309631347656,-5.928460121154785,20,12400.0
2021-11-19 18:40:25,34.35354232788086,-5.928224086761475,20,12407.5
2021-11-19 18:40:31,34.35377883911133,-5.927988052368164,20,12410.833333333332
2021-11-19 18:40:37,34.3540153503418,-5.927755832672119,20,12416.666666666668
2021-11-19 18:40:43,34.354248046875,-5.927518844604492,20,12421.666666666668
2021-11-19 18:40:49,34.354469299316406,-5.92726993560791,19,12427.5
2021-11-19 18:40:55,34.354679107666016,-5.927353858947754,17,12431.666666666668
2021-11-19 18:41:01,34.35489654541016,-5.92759895324707,20,12435.0
2021-11-19 18:41:07,34.35514068603516,-5.927821159362793,20,12441.666666666668
2021-11-19 18:41:13,34.35540771484375,-5.928007125854492,20,12448.333333333334
2021-11-19 18:41:19,34.355682373046875,-5.928164005279541,20,12451.666666666668
2021-11-19 18:41:25,34.35596466064453,-5.928304195404053,20,12458.333333333334
2021-11-19 18:41:31,34.356258392333984,-5.92840576171875,20,12465.0
2021-11-19 18:41:37,34.356536865234375,-5.928463935852051,18,12469.166666666668
2021-11-19 18:41:43,34.356781005859375,-5.928493976593018,16,12472.5
2021-11-19 18:41:49,34.35699462890625,-5.928496837615967,13,12473.333333333334
2021-11-19 18:41:55,34.3570671081543,-5.928487777709961,0,12476.666666666668
2021-11-19 18:42:01,34.3570671081543,-5.928485870361328,0,12480.0
2021-11-19 18:42:07,34.3570671081543,-5.928485870361328,0,12483.333333333334
2021-11-19 18:42:13,34.3570671081543,-5.928485870361328,0,12485.0
2021-11-19 18:42:19,34.3570671081543,-5.928485870361328,0,12488.333333333334
2021-11-19 18:42:25,34.3570671081543,-5.928485870361328,0,12490.833333333334
2021-11-19 18:42:31,34.3570671081543,-5.928485870361328,0,12494.166666666668
2021-11-19 18:42:37,34.3570671081543,-5.928485870361328,0,12496.666666666666
2021-11-19 18:42:43,34.3570671081543,-5.928485870361328,0,12497.5
2021-11-19 18:42:49,34.3570671081543,-5.928485870361328,0,12500.833333333334
2021-11-19 18:42:55,34.3570671081543,-5.928485870361328,0,12506.666666666666
2021-11-19 18:43:01,34.3570671081543,-5.928485870361328,0,12509.166666666666
2021-11-19 18:43:07,34.3570671081543,-5.928485870361328,0,12511.666666666666
2021-11-19 18:43:13,34.3570671081543,-5.928485870361328,0,12514.166666666666
2021-11-19 18:43:19,34.3570671081543,-5.928485870361328,0,12518.333333333334
2021-11-19 18:43:25,34.3570671081543,-5.928485870361328,0,12525.0
2021-11-19 18:43:31,34.35715866088867,-5.928479194641113,11,12529.166666666666
2021-11-19 18:43:37,34.357357025146484,-5.928454875946045,14,12535.0
2021-11-19 18:43:43,34.35757064819336,-5.92841911315918,13,12537.5
2021-11-19 18:43:49,34.35777282714844,-5.928378105163574,13,12540.0
2021-11-19 18:43:55,34.35795211791992,-5.92834997177124,10,12543.333333333334
2021-11-19 18:44:01,34.35811233520508,-5.928308010101318,11,12549.166666666666
2021-11-19 18:44:07,34.3582763671875,-5.928252220153809,11,12553.333333333334
2021-11-19 18:44:13,34.35843276977539,-5.928197860717773,10,12558.333333333334
2021-11-19 18:44:19,34.35856628417969,-5.928133010864258,9,12565.0
2021-11-19 18:44:25,34.35869598388672,-5.928060054779053,10,12570.0
2021-11-19 18:44:31,34.35883331298828,-5.927982807159424,9,12575.833333333334
2021-11-19 18:44:37,34.35895156860352,-5.92791223526001,8,12577.5
2021-11-19 18:44:43,34.359066009521484,-5.92784309387207,8,12581.666666666668
2021-11-19 18:44:49,34.359153747558594,-5.92775297164917,7,12585.0
2021-11-19 18:44:55,34.35922622680664,-5.927657127380371,7,12589.166666666668
2021-11-19 18:45:01,34.35929870605469,-5.927524089813232,9,12590.833333333332
2021-11-19 18:45:07,34.35939407348633,-5.927404880523682,8,12593.333333333332
2021-11-19 18:45:13,34.35969924926758,-5.927114009857178,10,12595.833333333332
2021-11-19 18:45:19,34.3596305847168,-5.926936149597168,12,12598.333333333332
2021-11-19 18:45:25,34.3594970703125,-5.926766872406006,14,12600.833333333332
2021-11-19 18:45:31,34.35934066772461,-5.9265570640563965,15,12607.5
2021-11-19 18:45:37,34.35918045043945,-5.926334857940674,16,12611.666666666668
2021-11-19 18:45:43,34.35902786254883,-5.926115989685059,15,12615.0
2021-11-19 18:45:49,34.35887145996094,-5.925890922546387,16,12620.0
2021-11-19 18:45:55,34.35870742797852,-5.925670146942139,15,12623.333333333334
2021-11-19 18:46:01,34.358551025390625,-5.925453186035156,15,12630.0
2021-11-19 18:46:07,34.358394622802734,-5.925238132476807,15,12631.666666666668
2021-11-19 18:46:13,34.35824966430664,-5.925024032592773,14,12635.0
2021-11-19 18:46:19,34.35810470581055,-5.924807071685791,15,12640.0
2021-11-19 18:46:25,34.35795211791992,-5.924598217010498,15,12645.0
2021-11-19 18:46:31,34.357791900634766,-5.9243879318237305,15,12647.5
2021-11-19 18:46:37,34.35763931274414,-5.924191951751709,14,12652.5
2021-11-19 18:46:43,34.35752868652344,-5.923984050750732,13,12655.833333333334
2021-11-19 18:46:49,34.35749435424805,-5.923893928527832,0,12656.666666666668
2021-11-19 18:46:55,34.35749435424805,-5.923896789550781,0,12659.166666666668
2021-11-19 18:47:01,34.35749435424805,-5.923896789550781,0,12665.0
2021-11-19 18:47:07,34.35749435424805,-5.923896789550781,0,12667.5
2021-11-19 18:47:13,34.35749435424805,-5.923896789550781,0,12669.166666666668
2021-11-19 18:47:19,34.35749435424805,-5.923896789550781,0,12675.0
2021-11-19 18:47:25,34.357521057128906,-5.92379903793335,12,12676.666666666666
2021-11-19 18:47:31,34.35774230957031,-5.923783779144287,17,12680.833333333334
2021-11-19 18:47:37,34.358009338378906,-5.923855781555176,18,12685.833333333334
2021-11-19 18:47:43,34.358272552490234,-5.923933982849121,17,12689.166666666666
2021-11-19 18:47:49,34.358516693115234,-5.924018859863281,17,12691.666666666666
2021-11-19 18:47:55,34.35877990722656,-5.924095153808594,18,12694.166666666666
2021-11-19 18:48:01,34.359066009521484,-5.92421817779541,20,12696.666666666666
2021-11-19 18:48:07,34.35935974121094,-5.92430305480957,19,12700.0
2021-11-19 18:48:13,34.35964584350586,-5.924357891082764,19,12702.5
2021-11-19 18:48:19,34.35993194580078,-5.924402236938477,19,12705.833333333334
2021-11-19 18:48:25,34.36022186279297,-5.924446105957031,20,12709.166666666668
2021-11-19 18:48:31,34.36050796508789,-5.924489974975586,18,12711.666666666668
2021-11-19 18:48:37,34.36074447631836,-5.924545764923096,14,12712.5
2021-11-19 18:48:43,34.36090469360352,-5.9245147705078125,10,12713.333333333334
2021-11-19 18:48:49,34.36091232299805,-5.92424201965332,19,12719.166666666668
2021-11-19 18:48:55,34.3608512878418,-5.923469066619873,24,12720.0
2021-11-19 18:49:01,34.360816955566406,-5.922996044158936,26,12727.5
2021-11-19 18:49:07,34.360782623291016,-5.922531127929688,25,12730.833333333332
2021-11-19 18:49:13,34.36073684692383,-5.922076225280762,25,12732.5
2021-11-19 18:49:19,34.360713958740234,-5.921658039093018,22,12734.166666666666
2021-11-19 18:49:25,34.36069107055664,-5.921257019042969,22,12737.5
2021-11-19 18:49:31,34.36066436767578,-5.920873165130615,17,12739.166666666666
2021-11-19 18:49:37,34.36064147949219,-5.920557022094727,17,12741.666666666666
2021-11-19 18:49:43,34.360626220703125,-5.920217990875244,20,12750.833333333332
2021-11-19 18:49:49,34.360599517822266,-5.919798851013184,24,12755.833333333332
2021-11-19 18:49:55,34.36057662963867,-5.919360160827637,22,12758.333333333332
2021-11-19 18:50:01,34.36053466796875,-5.918931007385254,23,12759.166666666666
2021-11-19 18:50:07,34.36049270629883,-5.918495178222656,23,12761.666666666666
2021-11-19 18:50:13,34.360443115234375,-5.918128967285156,17,12765.0
2021-11-19 18:50:19,34.36024856567383,-5.917878150939941,19,12768.333333333332
2021-11-19 18:50:25,34.3599739074707,-5.917632102966309,23,12771.666666666666
2021-11-19 18:50:31,34.35968017578125,-5.91737699508667,23,12774.166666666666
2021-11-19 18:50:37,34.359432220458984,-5.9171528816223145,17,12775.833333333334
2021-11-19 18:50:43,34.359275817871094,-5.917072772979736,7,12779.166666666666
2021-11-19 18:50:49,34.359230041503906,-5.917181015014648,5,12784.166666666666
2021-11-19 18:50:55,34.35921096801758,-5.91726016998291,4,12791.666666666666
2021-11-19 18:51:01,34.35919189453125,-5.917341232299805,6,12795.0
2021-11-19 18:51:07,34.359130859375,-5.9174089431762695,4,12798.333333333334
2021-11-19 18:51:13,34.35913848876953,-5.917407989501953,5,12801.666666666666
2021-11-19 18:51:19,34.35923385620117,-5.917448043823242,5,12805.0
2021-11-19 18:51:25,34.35929107666016,-5.917492866516113,4,12809.166666666666
2021-11-19 18:51:31,34.35933303833008,-5.917516231536865,0,12812.5
2021-11-19 18:51:37,34.35933303833008,-5.917511940002441,0,12815.0
2021-11-19 18:51:43,34.35933303833008,-5.917510986328125,0,12821.666666666666
2021-11-19 18:51:49,34.35933303833008,-5.917510986328125,0,12828.333333333334
2021-11-19 18:51:55,34.35933303833008,-5.917510986328125,0,12833.333333333334
2021-11-19 18:52:01,34.35933303833008,-5.917510986328125,0,12838.333333333334
2021-11-19 18:52:07,34.35933303833008,-5.917510986328125,0,12841.666666666666
2021-11-19 18:52:13,34.35933303833008,-5.917510986328125,0,12850.0
2021-11-19 18:52:19,34.35933303833008,-5.917510986328125,0,12854.166666666668
2021-11-19 18:52:25,34.35933303833008,-5.917510986328125,0,12860.0
2021-11-19 18:52:31,34.35933303833008,-5.917510986328125,0,12865.833333333332
