Temps,Latitude,Longitude,Vitesse,Consommation (ml)
2021-12-07 13:30:35,34.34530258178711,-5.95078182220459,0,5.0
2021-12-07 13:30:41,34.34530258178711,-5.95078182220459,0,15.0
2021-12-07 13:30:47,34.34530258178711,-5.95078182220459,0,20.0
2021-12-07 13:30:53,34.34530258178711,-5.95078182220459,0,25.83333333333333
2021-12-07 13:30:59,34.34530258178711,-5.95078182220459,0,28.33333333333333
2021-12-07 13:31:05,34.34530258178711,-5.95078182220459,0,38.33333333333333
2021-12-07 13:31:11,34.34530258178711,-5.95078182220459,0,43.33333333333333
2021-12-07 13:31:17,34.34530258178711,-5.95078182220459,0,48.33333333333333
2021-12-07 13:31:23,34.34530258178711,-5.95078182220459,0,56.66666666666666
2021-12-07 13:31:29,34.34530258178711,-5.95078182220459,0,60.0
2021-12-07 13:31:35,34.34530258178711,-5.95078182220459,0,64.16666666666667
2021-12-07 13:31:41,34.34530258178711,-5.95078182220459,0,70.0
2021-12-07 13:31:47,34.34530258178711,-5.95078182220459,0,74.16666666666667
2021-12-07 13:31:53,34.345951080322266,-5.950342178344727,7,78.33333333333334
2021-12-07 13:31:59,34.3460693359375,-5.950331211090088,8,90.83333333333334
2021-12-07 13:32:05,34.346195220947266,-5.950314998626709,9,95.0
2021-12-07 13:32:11,34.34632873535156,-5.950297832489014,8,101.66666666666669
2021-12-07 13:32:17,34.34645462036133,-5.950273990631104,8,110.0
2021-12-07 13:32:23,34.346580505371094,-5.950249195098877,8,115.83333333333334
2021-12-07 13:32:29,34.346710205078125,-5.950221061706543,8,124.16666666666669
2021-12-07 13:32:35,34.34684371948242,-5.950201988220215,8,125.83333333333334
2021-12-07 13:32:41,34.34697341918945,-5.95018482208252,8,133.33333333333334
2021-12-07 13:32:47,34.34710693359375,-5.95016622543335,8,141.66666666666669
2021-12-07 13:32:53,34.34721755981445,-5.950153827667236,7,145.00000000000003
2021-12-07 13:32:59,34.34733963012695,-5.950143814086914,7,148.33333333333337
2021-12-07 13:33:05,34.34745788574219,-5.95012092590332,7,158.33333333333337
2021-12-07 13:33:11,34.34756851196289,-5.950109004974365,7,163.33333333333337
2021-12-07 13:33:17,34.3476676940918,-5.950088977813721,6,168.33333333333337
2021-12-07 13:33:23,34.34775161743164,-5.950088977813721,3,171.6666666666667
2021-12-07 13:33:29,34.347740173339844,-5.950085163116455,3,177.50000000000006
2021-12-07 13:33:35,34.347713470458984,-5.950056076049805,1,182.5
2021-12-07 13:33:41,34.34772872924805,-5.950081825256348,2,183.33333333333331
2021-12-07 13:33:47,34.34772872924805,-5.950121879577637,0,188.33333333333331
2021-12-07 13:33:53,34.347740173339844,-5.950109958648682,2,195.0
2021-12-07 13:33:59,34.34775161743164,-5.950088977813721,0,198.33333333333331
2021-12-07 13:34:05,34.34775161743164,-5.950098991394043,0,201.66666666666669
2021-12-07 13:34:11,34.347755432128906,-5.95009183883667,0,209.16666666666669
2021-12-07 13:34:17,34.34775924682617,-5.950088977813721,0,212.50000000000003
2021-12-07 13:34:23,34.34775924682617,-5.9500908851623535,0,214.16666666666663
2021-12-07 13:34:29,34.34775924682617,-5.9500908851623535,0,216.66666666666663
2021-12-07 13:34:35,34.34775924682617,-5.9500908851623535,0,222.5
2021-12-07 13:34:41,34.34775924682617,-5.9500908851623535,0,229.16666666666663
2021-12-07 13:34:47,34.34775924682617,-5.9500908851623535,0,235.8333333333333
2021-12-07 13:34:53,34.34775924682617,-5.9500908851623535,0,242.5
2021-12-07 13:34:59,34.34775924682617,-5.9500908851623535,0,249.16666666666663
2021-12-07 13:35:05,34.34775924682617,-5.9500908851623535,0,255.8333333333333
2021-12-07 13:35:11,34.34775924682617,-5.9500908851623535,0,262.5
2021-12-07 13:35:17,34.34775924682617,-5.9500908851623535,0,269.1666666666667
2021-12-07 13:35:23,34.34775924682617,-5.9500908851623535,0,277.5
2021-12-07 13:35:29,34.34775924682617,-5.9500908851623535,0,283.3333333333333
2021-12-07 13:35:35,34.34775924682617,-5.9500908851623535,0,297.5
2021-12-07 13:35:41,34.34775924682617,-5.9500908851623535,0,300.8333333333333
2021-12-07 13:35:47,34.34775924682617,-5.9500908851623535,0,310.8333333333333
2021-12-07 13:35:53,34.34775924682617,-5.9500908851623535,0,320.8333333333333
2021-12-07 13:35:59,34.34775924682617,-5.9500908851623535,0,323.3333333333333
2021-12-07 13:36:05,34.34775924682617,-5.9500908851623535,0,326.66666666666663
2021-12-07 13:36:11,34.34775924682617,-5.9500908851623535,0,335.8333333333333
2021-12-07 13:36:17,34.34775924682617,-5.9500908851623535,0,343.3333333333333
2021-12-07 13:36:23,34.34775924682617,-5.9500908851623535,0,344.16666666666663
2021-12-07 13:36:29,34.34775924682617,-5.9500908851623535,0,351.66666666666663
2021-12-07 13:36:35,34.34775924682617,-5.9500908851623535,0,356.66666666666663
2021-12-07 13:36:41,34.34775924682617,-5.9500908851623535,0,357.49999999999994
2021-12-07 13:36:47,34.34775924682617,-5.9500908851623535,0,365.0
2021-12-07 13:36:53,34.34775924682617,-5.9500908851623535,0,368.3333333333333
2021-12-07 13:36:59,34.34775924682617,-5.9500908851623535,0,374.1666666666666
2021-12-07 13:37:05,34.34775924682617,-5.9500908851623535,0,380.0
2021-12-07 13:37:11,34.34775924682617,-5.9500908851623535,0,382.5
2021-12-07 13:37:17,34.34775924682617,-5.9500908851623535,0,386.6666666666666
2021-12-07 13:37:23,34.34775924682617,-5.9500908851623535,0,387.5
2021-12-07 13:37:29,34.34775924682617,-5.9500908851623535,0,397.5
2021-12-07 13:37:35,34.34772109985352,-5.949785232543945,10,405.8333333333333
2021-12-07 13:37:41,34.34781646728516,-5.949374198913574,11,413.3333333333333
2021-12-07 13:37:47,34.34785842895508,-5.94916582107544,11,414.1666666666666
2021-12-07 13:37:53,34.347904205322266,-5.948959827423096,11,426.6666666666666
2021-12-07 13:37:59,34.34795379638672,-5.948752880096436,11,435.8333333333333
2021-12-07 13:38:05,34.34800338745117,-5.948544979095459,11,441.6666666666666
2021-12-07 13:38:11,34.34804916381836,-5.948339939117432,11,446.6666666666666
2021-12-07 13:38:17,34.34809494018555,-5.948135852813721,11,450.0
2021-12-07 13:38:23,34.348140716552734,-5.94793701171875,11,455.8333333333333
2021-12-07 13:38:29,34.34818649291992,-5.947739124298096,11,460.8333333333333
2021-12-07 13:38:35,34.34823226928711,-5.947539806365967,11,465.0
2021-12-07 13:38:41,34.348270416259766,-5.94734001159668,11,469.1666666666667
2021-12-07 13:38:47,34.34832000732422,-5.947143077850342,11,475.0
2021-12-07 13:38:53,34.34836196899414,-5.946944236755371,11,480.0
2021-12-07 13:38:59,34.34840774536133,-5.946745872497559,10,485.0
2021-12-07 13:39:05,34.34845352172852,-5.9465532302856445,11,489.1666666666667
2021-12-07 13:39:11,34.3484992980957,-5.946356773376465,11,492.5
2021-12-07 13:39:17,34.34854507446289,-5.946159839630127,11,499.1666666666667
2021-12-07 13:39:23,34.34859085083008,-5.9459638595581055,11,504.1666666666667
2021-12-07 13:39:29,34.348636627197266,-5.9457688331604,10,509.1666666666667
2021-12-07 13:39:35,34.34867858886719,-5.945571899414063,11,512.5
2021-12-07 13:39:41,34.34871292114258,-5.945383071899414,10,517.5
2021-12-07 13:39:47,34.34882736206055,-5.9454121589660645,11,520.0
2021-12-07 13:39:53,34.34877395629883,-5.9456000328063965,11,524.1666666666666
2021-12-07 13:39:59,34.348731994628906,-5.94580602645874,11,529.1666666666667
2021-12-07 13:40:05,34.34868621826172,-5.946006774902344,11,534.1666666666667
2021-12-07 13:40:11,34.3486442565918,-5.946208953857422,11,540.0000000000001
2021-12-07 13:40:17,34.348602294921875,-5.946412086486816,11,545.0000000000001
2021-12-07 13:40:23,34.34856033325195,-5.946615219116211,11,548.3333333333335
2021-12-07 13:40:29,34.348514556884766,-5.946815013885498,11,552.5000000000001
2021-12-07 13:40:35,34.34846878051758,-5.947014808654785,11,559.1666666666667
2021-12-07 13:40:41,34.348426818847656,-5.947216033935547,11,564.1666666666667
2021-12-07 13:40:47,34.34838104248047,-5.947414875030518,11,568.3333333333334
2021-12-07 13:40:53,34.34833908081055,-5.947615146636963,11,574.1666666666667
2021-12-07 13:40:59,34.34829330444336,-5.947813034057617,11,578.3333333333334
2021-12-07 13:41:05,34.34824752807617,-5.948011875152588,11,582.5
2021-12-07 13:41:11,34.34820556640625,-5.94821310043335,11,587.5
2021-12-07 13:41:17,34.34816360473633,-5.9484148025512695,11,592.5
2021-12-07 13:41:23,34.348121643066406,-5.948615074157715,11,598.3333333333334
2021-12-07 13:41:29,34.348079681396484,-5.948815822601318,11,602.5
2021-12-07 13:41:35,34.34803771972656,-5.94901704788208,11,606.6666666666667
2021-12-07 13:41:41,34.347991943359375,-5.949214935302734,11,611.6666666666667
2021-12-07 13:41:47,34.34794616699219,-5.949412822723389,11,617.5000000000001
2021-12-07 13:41:53,34.347900390625,-5.949612140655518,11,620.8333333333335
2021-12-07 13:41:59,34.347862243652344,-5.949811935424805,11,626.6666666666669
2021-12-07 13:42:05,34.34783935546875,-5.950007915496826,11,631.6666666666669
2021-12-07 13:42:11,34.34771728515625,-5.950078964233398,11,636.6666666666669
2021-12-07 13:42:17,34.347713470458984,-5.9498820304870605,11,639.1666666666669
2021-12-07 13:42:23,34.34775161743164,-5.949678897857666,11,643.3333333333334
2021-12-07 13:42:29,34.34779739379883,-5.949471950531006,11,650.0
2021-12-07 13:42:35,34.34783935546875,-5.949273109436035,11,655.8333333333334
2021-12-07 13:42:41,34.34788131713867,-5.949069023132324,11,659.1666666666667
2021-12-07 13:42:47,34.347923278808594,-5.9488701820373535,11,665.0000000000001
2021-12-07 13:42:53,34.34796524047852,-5.948670864105225,10,668.3333333333335
2021-12-07 13:42:59,34.34800720214844,-5.948474884033203,11,674.1666666666669
2021-12-07 13:43:05,34.348045349121094,-5.948285102844238,10,679.1666666666669
2021-12-07 13:43:11,34.34808349609375,-5.948113918304443,9,682.5
2021-12-07 13:43:17,34.348121643066406,-5.947940826416016,10,685.8333333333333
2021-12-07 13:43:23,34.34815979003906,-5.947761058807373,10,688.3333333333333
2021-12-07 13:43:29,34.34820556640625,-5.947566032409668,11,693.3333333333333
2021-12-07 13:43:35,34.34825134277344,-5.947375774383545,10,698.3333333333333
2021-12-07 13:43:41,34.348289489746094,-5.947189807891846,11,702.5
2021-12-07 13:43:47,34.34833526611328,-5.946993827819824,11,706.6666666666667
2021-12-07 13:43:53,34.3483772277832,-5.946798801422119,11,711.6666666666667
2021-12-07 13:43:59,34.348419189453125,-5.946606159210205,11,715.0
2021-12-07 13:44:05,34.34846496582031,-5.946412086486816,11,720.0
2021-12-07 13:44:11,34.3485107421875,-5.946220874786377,10,723.3333333333333
2021-12-07 13:44:17,34.34855651855469,-5.946029186248779,11,726.6666666666666
2021-12-07 13:44:23,34.348594665527344,-5.945833206176758,10,731.6666666666666
2021-12-07 13:44:29,34.3486328125,-5.945634841918945,11,735.8333333333333
2021-12-07 13:44:35,34.348663330078125,-5.945435047149658,11,741.6666666666666
2021-12-07 13:44:41,34.34880828857422,-5.945391178131104,11,743.3333333333333
2021-12-07 13:44:47,34.34879684448242,-5.945576190948486,10,748.3333333333333
2021-12-07 13:44:53,34.3487663269043,-5.945779800415039,11,753.3333333333333
2021-12-07 13:44:59,34.34872055053711,-5.945980072021484,10,758.3333333333333
2021-12-07 13:45:05,34.34867858886719,-5.946177005767822,11,761.6666666666666
2021-12-07 13:45:11,34.3486328125,-5.946375846862793,11,765.8333333333333
2021-12-07 13:45:17,34.34858703613281,-5.946575164794922,11,770.8333333333333
2021-12-07 13:45:23,34.34853744506836,-5.946770191192627,11,775.0
2021-12-07 13:45:29,34.348487854003906,-5.946963787078857,11,780.0
2021-12-07 13:45:35,34.34844970703125,-5.9471588134765625,11,784.1666666666667
2021-12-07 13:45:41,34.34840774536133,-5.947353839874268,11,789.1666666666667
2021-12-07 13:45:47,34.34836196899414,-5.947549819946289,11,794.1666666666667
2021-12-07 13:45:53,34.34831619262695,-5.947745800018311,11,799.1666666666667
2021-12-07 13:45:59,34.348270416259766,-5.947944164276123,11,801.6666666666667
2021-12-07 13:46:05,34.34822463989258,-5.9481401443481445,10,807.5
2021-12-07 13:46:11,34.34818649291992,-5.948337078094482,11,812.5
2021-12-07 13:46:17,34.348140716552734,-5.948531150817871,11,818.3333333333333
2021-12-07 13:46:23,34.34810256958008,-5.948726177215576,11,821.6666666666667
2021-12-07 13:46:29,34.34806060791016,-5.948924064636231,11,825.8333333333334
2021-12-07 13:46:35,34.34801483154297,-5.949119091033936,11,830.8333333333334
2021-12-07 13:46:41,34.34796905517578,-5.949313163757324,11,834.1666666666667
2021-12-07 13:46:47,34.347923278808594,-5.949505805969238,11,840.0
2021-12-07 13:46:53,34.34788131713867,-5.949697971343994,11,845.0
2021-12-07 13:46:59,34.34785079956055,-5.949895858764648,11,848.3333333333333
2021-12-07 13:47:05,34.34778594970703,-5.950061798095703,9,854.1666666666666
2021-12-07 13:47:11,34.34765625,-5.950026035308838,11,856.6666666666667
2021-12-07 13:47:17,34.34767150878906,-5.949818134307861,11,862.5
2021-12-07 13:47:23,34.347713470458984,-5.949615955352783,11,867.5
2021-12-07 13:47:29,34.347755432128906,-5.949420928955078,11,870.8333333333333
2021-12-07 13:47:35,34.347801208496094,-5.949227809906006,11,875.8333333333333
2021-12-07 13:47:41,34.34784698486328,-5.949032783508301,10,880.8333333333333
2021-12-07 13:47:47,34.34789276123047,-5.948838233947754,11,885.8333333333333
2021-12-07 13:47:53,34.34793472290039,-5.948644161224365,11,890.0
2021-12-07 13:47:59,34.34797668457031,-5.948455810546875,10,892.5
2021-12-07 13:48:05,34.34801483154297,-5.948264122009277,10,897.5
2021-12-07 13:48:11,34.348052978515625,-5.948071002960205,11,902.5
2021-12-07 13:48:17,34.34809875488281,-5.9478840827941895,11,907.5
2021-12-07 13:48:23,34.348140716552734,-5.947704792022705,10,910.0
2021-12-07 13:48:29,34.348182678222656,-5.947522163391113,11,915.0
2021-12-07 13:48:35,34.34822463989258,-5.947329044342041,10,920.0
2021-12-07 13:48:41,34.348270416259766,-5.947136878967285,11,922.5
2021-12-07 13:48:47,34.34831619262695,-5.946940898895264,10,928.3333333333334
2021-12-07 13:48:53,34.34836196899414,-5.946744918823242,11,932.5
2021-12-07 13:48:59,34.34840393066406,-5.946547985076904,10,936.6666666666669
2021-12-07 13:49:05,34.34844970703125,-5.946352005004883,10,940.8333333333336
2021-12-07 13:49:11,34.34849548339844,-5.946156024932861,11,945.0
2021-12-07 13:49:17,34.348541259765625,-5.945960998535156,11,950.0
2021-12-07 13:49:23,34.34858322143555,-5.945766925811768,10,952.5
2021-12-07 13:49:29,34.34862518310547,-5.94556999206543,11,958.3333333333336
2021-12-07 13:49:35,34.34871292114258,-5.94539213180542,11,963.3333333333334
2021-12-07 13:49:41,34.34882736206055,-5.945470809936523,11,966.6666666666669
2021-12-07 13:49:47,34.34878158569336,-5.945669174194336,11,971.6666666666669
2021-12-07 13:49:53,34.34873962402344,-5.94586992263794,11,975.0
2021-12-07 13:49:59,34.34869384765625,-5.946072101593018,11,980.8333333333331
2021-12-07 13:50:05,34.34865188598633,-5.9462738037109375,11,985.8333333333331
2021-12-07 13:50:11,34.34860610961914,-5.946467876434326,11,991.6666666666666
2021-12-07 13:50:17,34.34856033325195,-5.946667194366455,11,995.0
2021-12-07 13:50:23,34.348514556884766,-5.946865081787109,11,1000.0
2021-12-07 13:50:29,34.34846878051758,-5.947062969207764,11,1005.8333333333336
2021-12-07 13:50:35,34.34842300415039,-5.947262763977051,11,1011.6666666666669
2021-12-07 13:50:41,34.3483772277832,-5.9474639892578125,11,1015.8333333333336
2021-12-07 13:50:47,34.34833526611328,-5.947665214538574,11,1021.6666666666669
2021-12-07 13:50:53,34.34828567504883,-5.947865009307861,11,1024.1666666666667
2021-12-07 13:50:59,34.348243713378906,-5.948064804077148,11,1029.1666666666667
2021-12-07 13:51:05,34.34819793701172,-5.948265075683594,11,1035.8333333333337
2021-12-07 13:51:11,34.34815216064453,-5.9484639167785645,11,1040.8333333333337
2021-12-07 13:51:17,34.348106384277344,-5.948665142059326,11,1046.6666666666667
2021-12-07 13:51:23,34.34806823730469,-5.948866844177246,11,1050.0
2021-12-07 13:51:29,34.3480224609375,-5.949068069458008,11,1055.0
2021-12-07 13:51:35,34.34798049926758,-5.949268817901611,11,1060.8333333333333
2021-12-07 13:51:41,34.34794235229492,-5.9494709968566895,11,1065.8333333333333
2021-12-07 13:51:47,34.347900390625,-5.949672222137451,11,1070.0
2021-12-07 13:51:53,34.34786605834961,-5.949872016906738,10,1075.0
2021-12-07 13:51:59,34.34779739379883,-5.950038909912109,10,1080.8333333333337
2021-12-07 13:52:05,34.3476448059082,-5.950068950653076,8,1084.1666666666667
2021-12-07 13:52:11,34.34764099121094,-5.9499192237854,10,1090.8333333333337
2021-12-07 13:52:17,34.347686767578125,-5.94973087310791,10,1094.1666666666667
2021-12-07 13:52:23,34.34773254394531,-5.9495368003845215,11,1100.0
2021-12-07 13:52:29,34.34777069091797,-5.949368000030518,10,1104.1666666666667
2021-12-07 13:52:35,34.34781265258789,-5.949179172515869,10,1106.6666666666667
2021-12-07 13:52:41,34.34785461425781,-5.948988914489746,10,1111.6666666666667
2021-12-07 13:52:47,34.34789276123047,-5.948802947998047,10,1116.6666666666667
2021-12-07 13:52:53,34.347930908203125,-5.948617935180664,10,1119.1666666666667
2021-12-07 13:52:59,34.34797286987305,-5.948423862457275,11,1124.1666666666667
2021-12-07 13:53:05,34.3480110168457,-5.948248863220215,10,1128.3333333333337
2021-12-07 13:53:11,34.34804916381836,-5.9480719566345215,10,1131.6666666666667
2021-12-07 13:53:17,34.348087310791016,-5.947893142700195,10,1135.8333333333337
2021-12-07 13:53:23,34.34812927246094,-5.947710990905762,10,1139.1666666666667
2021-12-07 13:53:29,34.348167419433594,-5.947535991668701,10,1143.3333333333337
2021-12-07 13:53:35,34.34820938110352,-5.947351932525635,10,1145.8333333333337
2021-12-07 13:53:41,34.3482551574707,-5.947165012359619,10,1150.8333333333337
2021-12-07 13:53:47,34.34830093383789,-5.946979999542236,10,1155.0
2021-12-07 13:53:53,34.34833526611328,-5.94679594039917,10,1160.0
2021-12-07 13:53:59,34.34837341308594,-5.946606159210205,10,1163.3333333333337
2021-12-07 13:54:05,34.348419189453125,-5.946416854858398,10,1166.6666666666667
2021-12-07 13:54:11,34.34846115112305,-5.946220874786377,10,1170.0
2021-12-07 13:54:17,34.34850311279297,-5.946041107177734,9,1175.0
2021-12-07 13:54:23,34.348541259765625,-5.94586181640625,9,1179.1666666666663
2021-12-07 13:54:29,34.348575592041016,-5.94568395614624,10,1182.5
2021-12-07 13:54:35,34.348609924316406,-5.945498943328857,10,1185.8333333333337
2021-12-07 13:54:41,34.34865951538086,-5.945356845855713,2,1190.8333333333337
2021-12-07 13:54:47,34.34865951538086,-5.94536018371582,0,1194.1666666666667
2021-12-07 13:54:53,34.348663330078125,-5.945362091064453,0,1198.3333333333337
2021-12-07 13:54:59,34.34866714477539,-5.945363998413086,0,1201.6666666666667
2021-12-07 13:55:05,34.34866714477539,-5.945363998413086,0,1205.8333333333337
2021-12-07 13:55:11,34.34866714477539,-5.945363998413086,0,1210.0
2021-12-07 13:55:17,34.34866714477539,-5.945363998413086,0,1212.5
2021-12-07 13:55:23,34.34866714477539,-5.945363998413086,0,1216.6666666666663
2021-12-07 13:55:29,34.34866714477539,-5.945363998413086,0,1222.5
2021-12-07 13:55:35,34.34866714477539,-5.945363998413086,0,1225.0
2021-12-07 13:55:41,34.34866714477539,-5.945363998413086,0,1229.1666666666663
2021-12-07 13:55:47,34.34866714477539,-5.945363998413086,0,1233.3333333333337
2021-12-07 13:55:53,34.34866714477539,-5.945363998413086,0,1238.3333333333337
2021-12-07 13:55:59,34.34866714477539,-5.945363998413086,0,1241.6666666666663
2021-12-07 13:56:05,34.34866714477539,-5.945363998413086,0,1247.5
2021-12-07 13:56:11,34.34866714477539,-5.945363998413086,0,1252.5
2021-12-07 13:56:17,34.34866714477539,-5.945363998413086,0,1255.0
2021-12-07 13:56:23,34.34866714477539,-5.945363998413086,0,1260.0
2021-12-07 13:56:29,34.34866714477539,-5.945363998413086,0,1264.1666666666667
2021-12-07 13:56:35,34.34866714477539,-5.945363998413086,0,1270.0
2021-12-07 13:56:41,34.34866714477539,-5.945363998413086,0,1272.5
2021-12-07 13:56:47,34.34891128540039,-5.945407867431641,8,1275.0
2021-12-07 13:56:53,34.34902572631836,-5.945456981658936,7,1280.0
2021-12-07 13:56:59,34.349143981933594,-5.9455180168151855,8,1283.3333333333333
2021-12-07 13:57:05,34.34926223754883,-5.945569038391113,7,1287.5
2021-12-07 13:57:11,34.3493766784668,-5.945621013641357,6,1290.0
2021-12-07 13:57:17,34.349483489990234,-5.94566822052002,7,1293.3333333333333
2021-12-07 13:57:23,34.3495979309082,-5.945723056793213,8,1298.3333333333333
2021-12-07 13:57:29,34.34971237182617,-5.945775032043457,8,1300.0
2021-12-07 13:57:35,34.34981155395508,-5.945828914642334,7,1304.1666666666663
2021-12-07 13:57:41,34.34990692138672,-5.945878982543945,7,1313.3333333333333
2021-12-07 13:57:47,34.35001754760742,-5.945923805236816,8,1315.8333333333333
2021-12-07 13:57:53,34.35011672973633,-5.945993900299072,10,1318.3333333333333
2021-12-07 13:57:59,34.35009002685547,-5.946146011352539,10,1323.3333333333333
2021-12-07 13:58:05,34.350059509277344,-5.946338176727295,10,1329.1666666666663
2021-12-07 13:58:11,34.35002899169922,-5.946526050567627,10,1335.0
2021-12-07 13:58:17,34.34999084472656,-5.946722030639648,11,1337.5
2021-12-07 13:58:23,34.34996032714844,-5.94691801071167,11,1344.1666666666667
2021-12-07 13:58:29,34.34992218017578,-5.947117805480957,11,1350.0
2021-12-07 13:58:35,34.34988784790039,-5.947319030761719,11,1355.0
2021-12-07 13:58:41,34.34984588623047,-5.947516918182373,11,1360.8333333333333
2021-12-07 13:58:47,34.34980392456055,-5.947716236114502,10,1365.8333333333333
2021-12-07 13:58:53,34.349761962890625,-5.94791316986084,11,1370.0
2021-12-07 13:58:59,34.34972381591797,-5.948113918304443,11,1376.6666666666667
2021-12-07 13:59:05,34.34968566894531,-5.948313236236572,11,1381.6666666666667
2021-12-07 13:59:11,34.34965133666992,-5.948513031005859,11,1386.6666666666663
2021-12-07 13:59:17,34.34961700439453,-5.9487152099609375,11,1391.6666666666663
2021-12-07 13:59:23,34.34957504272461,-5.948910236358643,10,1398.3333333333333
2021-12-07 13:59:29,34.34953689575195,-5.949108123779297,11,1404.1666666666663
2021-12-07 13:59:35,34.34950256347656,-5.9493088722229,11,1408.3333333333333
2021-12-07 13:59:41,34.34946823120117,-5.949508190155029,11,1413.3333333333333
2021-12-07 13:59:47,34.34944534301758,-5.949704170227051,10,1418.3333333333333
2021-12-07 13:59:53,34.349327087402344,-5.9498209953308105,11,1424.1666666666663
2021-12-07 13:59:59,34.349246978759766,-5.949682235717773,10,1427.5
2021-12-07 14:00:05,34.349273681640625,-5.949493885040283,10,1431.6666666666663
2021-12-07 14:00:11,34.34930419921875,-5.949300765991211,11,1437.5
2021-12-07 14:00:17,34.34933853149414,-5.949108123779297,11,1442.5
2021-12-07 14:00:23,34.34937286376953,-5.948915004730225,11,1447.5
2021-12-07 14:00:29,34.34940719604492,-5.94871711730957,11,1453.3333333333333
2021-12-07 14:00:35,34.34944152832031,-5.948519229888916,11,1460.0
2021-12-07 14:00:41,34.3494758605957,-5.948318004608154,11,1465.8333333333333
2021-12-07 14:00:47,34.34951400756836,-5.948116779327393,11,1469.1666666666667
2021-12-07 14:00:53,34.34954833984375,-5.947916030883789,11,1475.8333333333337
2021-12-07 14:00:59,34.349586486816406,-5.947718143463135,11,1482.5
2021-12-07 14:01:05,34.34962463378906,-5.947522163391113,11,1485.8333333333337
2021-12-07 14:01:11,34.349666595458984,-5.947327136993408,11,1491.6666666666667
2021-12-07 14:01:17,34.349708557128906,-5.947127819061279,11,1498.3333333333337
2021-12-07 14:01:23,34.34974670410156,-5.946928977966309,11,1504.1666666666667
2021-12-07 14:01:29,34.34978103637695,-5.946730136871338,11,1507.5
2021-12-07 14:01:35,34.349815368652344,-5.946527004241943,11,1514.1666666666667
2021-12-07 14:01:41,34.349853515625,-5.946325778961182,11,1520.0
2021-12-07 14:01:47,34.349891662597656,-5.946128845214844,11,1524.1666666666667
2021-12-07 14:01:53,34.349952697753906,-5.945957183837891,10,1530.8333333333337
2021-12-07 14:01:59,34.3501091003418,-5.945988178253174,10,1535.8333333333337
2021-12-07 14:02:05,34.35012435913086,-5.946173191070557,11,1538.3333333333337
2021-12-07 14:02:11,34.35009002685547,-5.946369171142578,11,1542.5
2021-12-07 14:02:17,34.35005569458008,-5.946564197540283,10,1549.1666666666667
2021-12-07 14:02:23,34.35002136230469,-5.946765899658203,11,1555.0
2021-12-07 14:02:29,34.3499870300293,-5.946969985961914,11,1558.3333333333337
2021-12-07 14:02:35,34.34994888305664,-5.947172164916992,11,1565.0
2021-12-07 14:02:41,34.349910736083984,-5.947373867034912,11,1570.0
2021-12-07 14:02:47,34.34987258911133,-5.947576999664307,11,1575.8333333333337
2021-12-07 14:02:53,34.349830627441406,-5.947776794433594,11,1581.6666666666667
2021-12-07 14:02:59,34.34979248046875,-5.947975158691406,11,1585.8333333333337
2021-12-07 14:03:05,34.349754333496094,-5.948176860809326,11,1590.8333333333337
2021-12-07 14:03:11,34.34971618652344,-5.948373794555664,11,1597.5
2021-12-07 14:03:17,34.34967803955078,-5.948573112487793,11,1602.5
2021-12-07 14:03:23,34.349639892578125,-5.948771953582764,11,1607.5
2021-12-07 14:03:29,34.349605560302734,-5.948970794677734,10,1612.5
2021-12-07 14:03:35,34.34956741333008,-5.949164867401123,11,1619.1666666666667
2021-12-07 14:03:41,34.34952545166016,-5.949357986450195,10,1623.3333333333337
2021-12-07 14:03:47,34.349491119384766,-5.94955587387085,11,1630.8333333333337
2021-12-07 14:03:53,34.349464416503906,-5.949756145477295,11,1633.3333333333337
2021-12-07 14:03:59,34.349308013916016,-5.949819087982178,10,1638.3333333333333
2021-12-07 14:04:05,34.349212646484375,-5.94970703125,11,1642.5
2021-12-07 14:04:11,34.3492317199707,-5.949512958526611,10,1645.0
2021-12-07 14:04:17,34.34926223754883,-5.949319839477539,11,1652.5
2021-12-07 14:04:23,34.349300384521484,-5.949129104614258,10,1659.1666666666667
2021-12-07 14:04:29,34.349334716796875,-5.948934078216553,10,1664.1666666666667
2021-12-07 14:04:35,34.349365234375,-5.948740005493164,10,1667.5
2021-12-07 14:04:41,34.349403381347656,-5.948550224304199,11,1674.1666666666667
2021-12-07 14:04:47,34.34944152832031,-5.948351860046387,11,1680.0
2021-12-07 14:04:53,34.3494758605957,-5.948153972625732,11,1684.1666666666667
2021-12-07 14:04:59,34.349510192871094,-5.947954177856445,11,1690.8333333333337
2021-12-07 14:05:05,34.349552154541016,-5.947760105133057,11,1695.8333333333337
2021-12-07 14:05:11,34.34959030151367,-5.947563171386719,10,1700.0
2021-12-07 14:05:17,34.349632263183594,-5.947367191314697,11,1705.0
2021-12-07 14:05:23,34.34967422485352,-5.947174072265625,10,1710.8333333333337
2021-12-07 14:05:29,34.34971237182617,-5.946979999542236,11,1717.5
2021-12-07 14:05:35,34.34975051879883,-5.946784973144531,11,1723.3333333333333
2021-12-07 14:05:41,34.349788665771484,-5.946585178375244,11,1727.5
2021-12-07 14:05:47,34.349830627441406,-5.946383953094482,11,1731.6666666666667
2021-12-07 14:05:53,34.3498649597168,-5.946188926696777,11,1737.5
2021-12-07 14:05:59,34.34990310668945,-5.945994853973389,11,1743.3333333333333
2021-12-07 14:06:05,34.35003662109375,-5.945960998535156,9,1747.5
2021-12-07 14:06:11,34.35017013549805,-5.946033954620361,9,1751.6666666666667
2021-12-07 14:06:17,34.35015869140625,-5.946221828460693,11,1754.1666666666667
2021-12-07 14:06:23,34.35012435913086,-5.946413993835449,11,1759.1666666666663
2021-12-07 14:06:29,34.35009002685547,-5.9466071128845215,11,1764.1666666666663
2021-12-07 14:06:35,34.35005187988281,-5.946804046630859,11,1768.3333333333333
2021-12-07 14:06:41,34.35001373291016,-5.947001934051514,11,1775.0
2021-12-07 14:06:47,34.349971771240234,-5.947202205657959,11,1780.8333333333333
2021-12-07 14:06:53,34.34993362426758,-5.947402000427246,11,1787.5
2021-12-07 14:06:59,34.34988784790039,-5.947600841522217,11,1792.5
2021-12-07 14:07:05,34.34984588623047,-5.947795867919922,11,1796.6666666666663
2021-12-07 14:07:11,34.34980773925781,-5.947997093200684,11,1803.3333333333333
2021-12-07 14:07:17,34.34976959228516,-5.948200225830078,11,1810.0
2021-12-07 14:07:23,34.3497314453125,-5.9483962059021,10,1813.3333333333333
2021-12-07 14:07:29,34.34969711303711,-5.948596000671387,11,1819.1666666666663
2021-12-07 14:07:35,34.34966278076172,-5.948801040649414,11,1825.0
2021-12-07 14:07:41,34.34962844848633,-5.949001789093018,10,1830.8333333333333
2021-12-07 14:07:47,34.34955978393555,-5.949398040771484,10,1832.5
2021-12-07 14:07:53,34.34952926635742,-5.9495849609375,10,1845.8333333333333
2021-12-07 14:07:59,34.349491119384766,-5.949769020080566,10,1851.6666666666663
2021-12-07 14:08:05,34.34934616088867,-5.949810981750488,10,1853.3333333333333
2021-12-07 14:08:11,34.34920883178711,-5.94976806640625,11,1859.1666666666663
2021-12-07 14:08:17,34.349220275878906,-5.949573040008545,10,1863.3333333333333
2021-12-07 14:08:23,34.3492431640625,-5.9493842124938965,10,1868.3333333333333
2021-12-07 14:08:29,34.34926986694336,-5.949191093444824,10,1873.3333333333333
2021-12-07 14:08:35,34.349300384521484,-5.949007034301758,10,1880.0
2021-12-07 14:08:41,34.349334716796875,-5.9488139152526855,10,1882.5
2021-12-07 14:08:47,34.349361419677734,-5.948622226715088,10,1888.3333333333333
2021-12-07 14:08:53,34.349395751953125,-5.948429107666016,10,1895.0
2021-12-07 14:08:59,34.34943008422852,-5.948237895965576,11,1900.8333333333333
2021-12-07 14:09:05,34.349464416503906,-5.948041915893555,10,1905.0
2021-12-07 14:09:11,34.34950256347656,-5.947844982147217,11,1910.8333333333333
2021-12-07 14:09:17,34.349544525146484,-5.947648048400879,11,1915.8333333333333
2021-12-07 14:09:23,34.34958267211914,-5.947453022003174,10,1920.0
2021-12-07 14:09:29,34.3496208190918,-5.947253227233887,11,1926.6666666666663
2021-12-07 14:09:35,34.34965515136719,-5.947055816650391,10,1931.6666666666663
2021-12-07 14:09:41,34.349693298339844,-5.94685697555542,10,1935.0
2021-12-07 14:09:47,34.3497314453125,-5.946660041809082,10,1941.6666666666663
2021-12-07 14:09:53,34.34977340698242,-5.946465015411377,11,1945.8333333333333
2021-12-07 14:09:59,34.349815368652344,-5.946270942687988,11,1950.8333333333333
2021-12-07 14:10:05,34.349849700927734,-5.946072101593018,10,1955.8333333333333
2021-12-07 14:10:11,34.34991836547852,-5.9459099769592285,9,1962.5
2021-12-07 14:10:17,34.350067138671875,-5.945947170257568,10,1965.8333333333333
2021-12-07 14:10:23,34.35020446777344,-5.94599723815918,9,1968.3333333333333
2021-12-07 14:10:29,34.35033416748047,-5.946063041687012,9,1973.3333333333333
2021-12-07 14:10:35,34.350337982177734,-5.946234226226807,10,1980.0
2021-12-07 14:10:41,34.350311279296875,-5.946425914764404,10,1985.0
2021-12-07 14:10:47,34.35027313232422,-5.946619987487793,11,1989.1666666666663
2021-12-07 14:10:53,34.35023880004883,-5.946816921234131,11,1993.3333333333333
2021-12-07 14:10:59,34.35020065307617,-5.947012901306152,11,2000.0
2021-12-07 14:11:05,34.35016250610352,-5.947208881378174,11,2005.8333333333333
2021-12-07 14:11:11,34.350128173828125,-5.947405815124512,11,2009.1666666666667
2021-12-07 14:11:17,34.35009002685547,-5.947600841522217,11,2014.1666666666667
2021-12-07 14:11:23,34.35005187988281,-5.9477949142456055,11,2020.8333333333333
2021-12-07 14:11:29,34.35001754760742,-5.947988033294678,11,2025.8333333333333
2021-12-07 14:11:35,34.349979400634766,-5.948180198669434,10,2029.1666666666663
2021-12-07 14:11:41,34.34994888305664,-5.948377132415772,11,2035.8333333333333
2021-12-07 14:11:47,34.34991455078125,-5.948577880859375,11,2040.8333333333333
2021-12-07 14:11:53,34.34987258911133,-5.948770999908447,10,2044.1666666666663
2021-12-07 14:11:59,34.34983825683594,-5.948960781097412,11,2049.166666666667
2021-12-07 14:12:05,34.34980392456055,-5.949159145355225,11,2055.833333333333
2021-12-07 14:12:11,34.34976577758789,-5.949351787567139,11,2059.166666666667
2021-12-07 14:12:17,34.349727630615234,-5.949546813964844,10,2066.666666666667
2021-12-07 14:12:23,34.349647521972656,-5.949714183807373,11,2070.0
2021-12-07 14:12:29,34.3494873046875,-5.9497551918029785,11,2075.833333333333
2021-12-07 14:12:35,34.34932327270508,-5.949789047241211,11,2080.833333333333
2021-12-07 14:12:41,34.34916687011719,-5.949759006500244,12,2084.166666666667
2021-12-07 14:12:47,34.349178314208984,-5.949567794799805,11,2089.166666666667
2021-12-07 14:12:53,34.34920120239258,-5.949377059936523,11,2094.166666666667
2021-12-07 14:12:59,34.349239349365234,-5.9491868019104,11,2100.0
2021-12-07 14:13:05,34.34926986694336,-5.948995113372803,10,2105.833333333333
2021-12-07 14:13:11,34.34930419921875,-5.948799133300781,11,2110.0
2021-12-07 14:13:17,34.34933853149414,-5.948599815368652,11,2115.0
2021-12-07 14:13:23,34.34938049316406,-5.948403835296631,11,2120.833333333333
2021-12-07 14:13:29,34.34941101074219,-5.948206901550293,11,2127.5
2021-12-07 14:13:35,34.34945297241211,-5.948007106781006,11,2133.333333333333
2021-12-07 14:13:41,34.3494873046875,-5.947807788848877,11,2135.833333333333
2021-12-07 14:13:47,34.34952926635742,-5.947610855102539,11,2142.5
2021-12-07 14:13:53,34.34956741333008,-5.94741678237915,11,2148.333333333333
2021-12-07 14:13:59,34.349609375,-5.947224140167236,11,2155.0
2021-12-07 14:14:05,34.349647521972656,-5.947028160095215,11,2159.166666666667
2021-12-07 14:14:11,34.34968566894531,-5.946826934814453,11,2165.0
2021-12-07 14:14:17,34.349727630615234,-5.946629047393799,11,2170.833333333333
2021-12-07 14:14:23,34.34976577758789,-5.946432113647461,11,2176.666666666667
2021-12-07 14:14:29,34.34980010986328,-5.94623613357544,11,2182.5
2021-12-07 14:14:35,34.34983444213867,-5.946039199829102,11,2186.666666666667
2021-12-07 14:14:41,34.34992218017578,-5.945911884307861,9,2193.333333333333
2021-12-07 14:14:47,34.350059509277344,-5.9459547996521,9,2198.333333333333
2021-12-07 14:14:53,34.350196838378906,-5.946016788482666,9,2201.666666666667
2021-12-07 14:14:59,34.350318908691406,-5.946071147918701,9,2204.166666666667
2021-12-07 14:15:05,34.35036849975586,-5.946195125579834,4,2208.333333333333
2021-12-07 14:15:11,34.35037612915039,-5.946197986602783,0,2210.833333333333
2021-12-07 14:15:17,34.35037612915039,-5.946197986602783,0,2213.333333333333
2021-12-07 14:15:23,34.35037612915039,-5.946197986602783,0,2220.0
2021-12-07 14:15:29,34.35037612915039,-5.946197986602783,0,2225.0
2021-12-07 14:15:35,34.35037612915039,-5.946197986602783,0,2227.5
2021-12-07 14:15:41,34.35037612915039,-5.946197986602783,0,2233.333333333333
2021-12-07 14:15:47,34.35037612915039,-5.946197986602783,0,2238.333333333333
2021-12-07 14:15:53,34.35037612915039,-5.946197986602783,0,2243.333333333333
2021-12-07 14:15:59,34.35037612915039,-5.946197986602783,0,2246.666666666667
2021-12-07 14:16:05,34.35037612915039,-5.946197986602783,0,2253.333333333333
2021-12-07 14:16:11,34.35037612915039,-5.946197986602783,0,2255.0
2021-12-07 14:16:17,34.35037612915039,-5.946197986602783,0,2260.0
2021-12-07 14:16:23,34.35037612915039,-5.946197986602783,0,2265.833333333333
2021-12-07 14:16:29,34.35037612915039,-5.946197986602783,0,2271.666666666667
2021-12-07 14:16:35,34.35037612915039,-5.946197986602783,0,2273.333333333333
2021-12-07 14:16:41,34.35037612915039,-5.946197986602783,0,2277.333333333333
2021-12-07 14:16:47,34.35037612915039,-5.946197986602783,0,2278.166666666667
2021-12-07 14:16:53,34.35037612915039,-5.946197986602783,0,2279.0000000000005
2021-12-07 14:16:59,34.35037612915039,-5.946197986602783,0,2279.833333333334
2021-12-07 14:17:05,34.35036849975586,-5.946352005004883,10,2286.5000000000005
2021-12-07 14:17:11,34.35033416748047,-5.946524143218994,6,2289.0000000000005
2021-12-07 14:17:17,34.35033416748047,-5.946531772613525,0,2293.166666666667
2021-12-07 14:17:23,34.35033416748047,-5.946533203125,0,2296.5000000000005
2021-12-07 14:17:29,34.35033416748047,-5.946533203125,0,2301.5000000000005
2021-12-07 14:17:35,34.35033416748047,-5.946533203125,0,2304.0
2021-12-07 14:17:41,34.35033416748047,-5.946533203125,0,2306.5
2021-12-07 14:17:47,34.350303649902344,-5.946700096130371,10,2313.166666666667
2021-12-07 14:17:53,34.35026931762695,-5.946891784667969,11,2316.5
2021-12-07 14:17:59,34.3502311706543,-5.947083950042725,11,2322.333333333333
2021-12-07 14:18:05,34.35019302368164,-5.9472761154174805,11,2329.0
2021-12-07 14:18:11,34.35015869140625,-5.947469234466553,10,2332.333333333333
2021-12-07 14:18:17,34.350120544433594,-5.947661876678467,11,2337.333333333333
2021-12-07 14:18:23,34.35008239746094,-5.947854042053223,11,2342.333333333333
2021-12-07 14:18:29,34.35004806518555,-5.948050022125244,11,2346.5
2021-12-07 14:18:35,34.35001373291016,-5.948246002197266,11,2352.333333333333
2021-12-07 14:18:41,34.349979400634766,-5.948442935943604,11,2359.0
2021-12-07 14:18:47,34.349945068359375,-5.948640823364258,11,2364.0
2021-12-07 14:18:53,34.349910736083984,-5.948836803436279,11,2367.333333333333
2021-12-07 14:18:59,34.34987258911133,-5.949028015136719,10,2370.6666666666665
2021-12-07 14:19:05,34.34983825683594,-5.949222087860107,11,2376.5
2021-12-07 14:19:11,34.34980010986328,-5.949412822723389,10,2382.333333333333
2021-12-07 14:19:17,34.349761962890625,-5.94960880279541,10,2388.1666666666665
2021-12-07 14:19:23,34.34968185424805,-5.949760913848877,11,2392.333333333333
2021-12-07 14:19:29,34.349517822265625,-5.94979190826416,10,2397.333333333333
2021-12-07 14:19:35,34.3493537902832,-5.949809074401856,10,2401.5
2021-12-07 14:19:41,34.34918975830078,-5.949824810028076,12,2408.1666666666665
2021-12-07 14:19:47,34.349151611328125,-5.949652194976807,11,2409.833333333333
2021-12-07 14:19:53,34.34917449951172,-5.949459075927734,11,2416.5
2021-12-07 14:19:59,34.349205017089844,-5.949265003204346,11,2423.1666666666665
2021-12-07 14:20:05,34.349239349365234,-5.949068069458008,10,2427.333333333333
2021-12-07 14:20:11,34.349273681640625,-5.948866844177246,11,2433.1666666666665
2021-12-07 14:20:17,34.349308013916016,-5.948665142059326,11,2438.1666666666665
2021-12-07 14:20:23,34.34934616088867,-5.9484639167785645,11,2444.833333333333
2021-12-07 14:20:29,34.349388122558594,-5.94826602935791,10,2449.0
2021-12-07 14:20:35,34.349422454833984,-5.948064804077148,11,2455.6666666666665
2021-12-07 14:20:41,34.34946060180664,-5.947865962982178,10,2459.833333333333
2021-12-07 14:20:47,34.3494987487793,-5.947670936584473,10,2465.6666666666665
2021-12-07 14:20:53,34.34954071044922,-5.947474002838135,11,2470.6666666666665
2021-12-07 14:20:59,34.34958267211914,-5.947286128997803,11,2474.833333333333
2021-12-07 14:21:05,34.3496208190918,-5.94708776473999,11,2481.5
2021-12-07 14:21:11,34.349666595458984,-5.946893215179443,11,2487.333333333333
2021-12-07 14:21:17,34.349700927734375,-5.946697235107422,11,2491.5
2021-12-07 14:21:23,34.3497428894043,-5.946500778198242,11,2497.333333333333
2021-12-07 14:21:29,34.34978485107422,-5.946303844451904,11,2502.333333333333
2021-12-07 14:21:35,34.34981918334961,-5.946107864379883,11,2505.6666666666665
2021-12-07 14:21:41,34.3498649597168,-5.94593620300293,10,2511.5
2021-12-07 14:21:47,34.35000228881836,-5.945919990539551,8,2515.6666666666665
2021-12-07 14:21:53,34.35011291503906,-5.9459547996521,7,2520.6666666666665
2021-12-07 14:21:59,34.35023498535156,-5.94599723815918,9,2529.0
2021-12-07 14:22:05,34.35036849975586,-5.946057796478272,10,2532.333333333333
2021-12-07 14:22:11,34.35037612915039,-5.9462409019470215,10,2535.6666666666665
2021-12-07 14:22:17,34.350345611572266,-5.946441173553467,11,2539.833333333333
2021-12-07 14:22:23,34.350311279296875,-5.946643829345703,11,2547.333333333333
2021-12-07 14:22:29,34.35028076171875,-5.946847915649414,11,2550.6666666666665
2021-12-07 14:22:35,34.35024642944336,-5.947051048278809,11,2556.5
2021-12-07 14:22:41,34.3502082824707,-5.947250843048096,11,2563.1666666666665
2021-12-07 14:22:47,34.35017395019531,-5.947455883026123,11,2566.5
2021-12-07 14:22:53,34.35013961791992,-5.947659015655518,11,2573.1666666666665
2021-12-07 14:22:59,34.350101470947266,-5.947862148284912,11,2579.833333333333
2021-12-07 14:23:05,34.35006332397461,-5.948062896728516,11,2585.6666666666665
2021-12-07 14:23:11,34.35002899169922,-5.948265075683594,11,2589.0
2021-12-07 14:23:17,34.34999465942383,-5.948466777801514,11,2596.5
2021-12-07 14:23:23,34.34995651245117,-5.948668003082275,11,2599.833333333333
2021-12-07 14:23:29,34.34991836547852,-5.9488701820373535,11,2604.833333333333
2021-12-07 14:23:35,34.34988021850586,-5.949070930480957,11,2611.5
2021-12-07 14:23:41,34.34983825683594,-5.949267864227295,11,2617.333333333333
2021-12-07 14:23:47,34.34980392456055,-5.949467182159424,11,2620.666666666667
2021-12-07 14:23:53,34.34976959228516,-5.949670791625977,11,2625.666666666667
2021-12-07 14:23:59,34.349639892578125,-5.949769020080566,10,2632.333333333333
2021-12-07 14:24:05,34.3494758605957,-5.94979190826416,9,2637.333333333333
2021-12-07 14:24:11,34.34931564331055,-5.949809074401856,10,2640.6666666666665
2021-12-07 14:24:17,34.349159240722656,-5.949819087982178,9,2646.5
2021-12-07 14:24:23,34.3491325378418,-5.949634075164795,11,2651.5
2021-12-07 14:24:29,34.34916305541992,-5.949438095092773,11,2654.0
2021-12-07 14:24:35,34.34918975830078,-5.949241161346436,11,2659.833333333333
2021-12-07 14:24:41,34.34922409057617,-5.949041843414307,10,2664.833333333333
2021-12-07 14:24:47,34.3492546081543,-5.948841094970703,11,2671.5
2021-12-07 14:24:53,34.34929275512695,-5.948646068572998,11,2676.5
2021-12-07 14:24:59,34.34933090209961,-5.948450088500977,11,2680.6666666666665
2021-12-07 14:25:05,34.34937286376953,-5.948253154754639,11,2685.6666666666665
2021-12-07 14:25:11,34.34941101074219,-5.948052883148193,11,2692.333333333333
2021-12-07 14:25:17,34.349449157714844,-5.947854995727539,11,2698.1666666666665
2021-12-07 14:25:23,34.34949493408203,-5.947655200958252,11,2701.5
2021-12-07 14:25:29,34.34953689575195,-5.947454929351807,11,2707.333333333333
2021-12-07 14:25:35,34.349578857421875,-5.947261810302734,11,2714.0
2021-12-07 14:25:41,34.3496208190918,-5.947065830230713,11,2717.333333333333
2021-12-07 14:25:47,34.349666595458984,-5.946872234344482,11,2724.0
2021-12-07 14:25:53,34.349708557128906,-5.94667387008667,11,2729.833333333333
2021-12-07 14:25:59,34.34974670410156,-5.946482181549072,10,2735.6666666666665
2021-12-07 14:26:05,34.34978103637695,-5.946284770965576,11,2739.0
2021-12-07 14:26:11,34.349815368652344,-5.946090221405029,10,2744.833333333333
2021-12-07 14:26:17,34.349876403808594,-5.945918083190918,10,2750.666666666666
2021-12-07 14:26:23,34.35002136230469,-5.945910930633545,10,2754.0
2021-12-07 14:26:29,34.350154876708984,-5.9459638595581055,9,2757.333333333333
2021-12-07 14:26:35,34.350196838378906,-5.946132183074951,11,2759.833333333333
2021-12-07 14:26:41,34.35016250610352,-5.946329116821289,10,2764.833333333333
2021-12-07 14:26:47,34.350128173828125,-5.946527004241943,11,2769.0
2021-12-07 14:26:53,34.35009765625,-5.946724891662598,10,2774.833333333333
2021-12-07 14:26:59,34.350059509277344,-5.94691801071167,11,2780.666666666667
2021-12-07 14:27:05,34.35002517700195,-5.947113037109375,11,2785.666666666667
2021-12-07 14:27:11,34.3499870300293,-5.947303771972656,10,2791.5
2021-12-07 14:27:17,34.349952697753906,-5.9474968910217285,10,2795.666666666667
2021-12-07 14:27:23,34.34991836547852,-5.947686195373535,11,2800.666666666667
2021-12-07 14:27:29,34.349884033203125,-5.947877883911133,10,2807.333333333333
2021-12-07 14:27:35,34.349849700927734,-5.948069095611572,10,2812.333333333333
2021-12-07 14:27:41,34.349815368652344,-5.9482598304748535,10,2816.5
2021-12-07 14:27:47,34.34978103637695,-5.94844913482666,10,2822.333333333333
2021-12-07 14:27:53,34.34974670410156,-5.948637008666992,10,2825.666666666667
2021-12-07 14:27:59,34.34971618652344,-5.948826789855957,10,2830.6666666666665
2021-12-07 14:28:05,34.34967422485352,-5.9490180015563965,10,2834.833333333333
2021-12-07 14:28:11,34.349639892578125,-5.949203968048096,10,2838.1666666666665
2021-12-07 14:28:17,34.349605560302734,-5.949385166168213,9,2844.833333333333
2021-12-07 14:28:23,34.34957504272461,-5.949567794799805,10,2849.833333333333
2021-12-07 14:28:29,34.34954833984375,-5.9497551918029785,9,2854.833333333333
2021-12-07 14:28:35,34.34945297241211,-5.949748992919922,9,2859.0
2021-12-07 14:28:41,34.34954833984375,-5.949697017669678,10,2866.5
2021-12-07 14:28:47,34.34970474243164,-5.949679851531982,10,2872.333333333333
2021-12-07 14:28:53,34.35001754760742,-5.949612140655518,11,2874.0
2021-12-07 14:28:59,34.35016250610352,-5.949584007263184,10,2875.6666666666665
2021-12-07 14:29:05,34.350311279296875,-5.949559211730957,10,2887.333333333333
2021-12-07 14:29:11,34.350467681884766,-5.949531078338623,10,2894.833333333333
2021-12-07 14:29:17,34.35062026977539,-5.949499130249023,10,2898.1666666666665
2021-12-07 14:29:23,34.35078048706055,-5.949479103088379,10,2902.333333333333
2021-12-07 14:29:29,34.35091781616211,-5.9494218826293945,10,2909.833333333333
2021-12-07 14:29:35,34.35089111328125,-5.949542999267578,9,2913.166666666667
2021-12-07 14:29:41,34.350826263427734,-5.949534893035889,0,2917.333333333333
2021-12-07 14:29:47,34.350826263427734,-5.9495368003845215,0,2922.333333333333
2021-12-07 14:29:53,34.35082244873047,-5.949538230895996,0,2924.833333333333
2021-12-07 14:29:59,34.35082244873047,-5.949538230895996,0,2930.666666666667
2021-12-07 14:30:05,34.35082244873047,-5.949538230895996,0,2933.166666666667
2021-12-07 14:30:11,34.35082244873047,-5.949538230895996,0,2937.333333333333
2021-12-07 14:30:17,34.35082244873047,-5.949538230895996,0,2941.5
2021-12-07 14:30:23,34.35082244873047,-5.949538230895996,0,2946.5
2021-12-07 14:30:29,34.35082244873047,-5.949538230895996,0,2949.833333333333
2021-12-07 14:30:35,34.35082244873047,-5.949538230895996,0,2956.5
2021-12-07 14:30:41,34.35082244873047,-5.949538230895996,0,2958.1666666666665
2021-12-07 14:30:47,34.35082244873047,-5.949538230895996,0,2963.1666666666665
2021-12-07 14:30:53,34.35082244873047,-5.949538230895996,0,2967.333333333333
2021-12-07 14:30:59,34.35082244873047,-5.949538230895996,0,2970.6666666666665
2021-12-07 14:31:05,34.35082244873047,-5.949538230895996,0,2976.5
2021-12-07 14:31:11,34.35082244873047,-5.949538230895996,0,2982.333333333333
2021-12-07 14:31:17,34.35082244873047,-5.949538230895996,0,2986.5
2021-12-07 14:31:23,34.35082244873047,-5.949538230895996,0,2993.166666666667
2021-12-07 14:31:29,34.35082244873047,-5.949538230895996,0,2996.5
2021-12-07 14:31:35,34.35082244873047,-5.949538230895996,0,3002.333333333333
2021-12-07 14:31:41,34.35082244873047,-5.949538230895996,0,3007.333333333333
2021-12-07 14:31:47,34.35082244873047,-5.949538230895996,0,3013.166666666667
2021-12-07 14:31:53,34.35082244873047,-5.949538230895996,0,3016.5
2021-12-07 14:31:59,34.35082244873047,-5.949538230895996,0,3023.166666666667
2021-12-07 14:32:05,34.35082244873047,-5.949538230895996,0,3026.5
2021-12-07 14:32:11,34.35082244873047,-5.949538230895996,0,3033.166666666667
2021-12-07 14:32:17,34.35082244873047,-5.949538230895996,0,3037.333333333333
2021-12-07 14:32:23,34.35082244873047,-5.949538230895996,0,3040.666666666667
2021-12-07 14:32:29,34.35082244873047,-5.949538230895996,0,3046.5
2021-12-07 14:32:35,34.35082244873047,-5.949538230895996,0,3054.0
2021-12-07 14:32:41,34.35082244873047,-5.949538230895996,0,3058.166666666667
2021-12-07 14:32:47,34.35082244873047,-5.949538230895996,0,3065.666666666667
2021-12-07 14:32:53,34.35082244873047,-5.949538230895996,0,3069.833333333333
2021-12-07 14:32:59,34.35082244873047,-5.949538230895996,0,3074.833333333333
2021-12-07 14:33:05,34.35082244873047,-5.949538230895996,0,3079.0
2021-12-07 14:33:11,34.35082244873047,-5.949538230895996,0,3084.0
2021-12-07 14:33:17,34.35082244873047,-5.949538230895996,0,3091.5
2021-12-07 14:33:23,34.35082244873047,-5.949538230895996,0,3094.833333333333
2021-12-07 14:33:29,34.35082244873047,-5.949538230895996,0,3101.5
2021-12-07 14:33:35,34.35082244873047,-5.949538230895996,0,3104.833333333333
2021-12-07 14:33:41,34.35082244873047,-5.949538230895996,0,3109.833333333333
2021-12-07 14:33:47,34.35082244873047,-5.949538230895996,0,3113.166666666667
2021-12-07 14:33:53,34.35082244873047,-5.949538230895996,0,3120.666666666667
2021-12-07 14:33:59,34.35082244873047,-5.949538230895996,0,3125.666666666667
2021-12-07 14:34:05,34.35082244873047,-5.949538230895996,0,3129.0
2021-12-07 14:34:11,34.35082244873047,-5.949538230895996,0,3132.333333333333
2021-12-07 14:34:17,34.35082244873047,-5.949538230895996,0,3139.0
2021-12-07 14:34:23,34.35082244873047,-5.949538230895996,0,3142.333333333333
2021-12-07 14:34:29,34.35082244873047,-5.949538230895996,0,3147.333333333333
2021-12-07 14:34:35,34.35082244873047,-5.949538230895996,0,3152.333333333333
2021-12-07 14:34:41,34.35082244873047,-5.949538230895996,0,3155.666666666667
2021-12-07 14:34:47,34.35082244873047,-5.949538230895996,0,3165.666666666667
2021-12-07 14:34:53,34.35082244873047,-5.949538230895996,0,3169.833333333333
2021-12-07 14:34:59,34.35082244873047,-5.949538230895996,0,3176.5
2021-12-07 14:35:05,34.35082244873047,-5.949538230895996,0,3189.0
2021-12-07 14:35:11,34.35082244873047,-5.949538230895996,0,3192.333333333333
2021-12-07 14:35:17,34.35082244873047,-5.949538230895996,0,3197.333333333333
2021-12-07 14:35:23,34.35082244873047,-5.949538230895996,0,3199.833333333333
2021-12-07 14:35:29,34.35082244873047,-5.949538230895996,0,3200.666666666667
2021-12-07 14:35:35,34.35082244873047,-5.949538230895996,0,3211.5
2021-12-07 14:35:41,34.35082244873047,-5.949538230895996,0,3215.666666666667
2021-12-07 14:35:47,34.35082244873047,-5.949538230895996,0,3223.166666666667
2021-12-07 14:35:53,34.35082244873047,-5.949538230895996,0,3224.833333333333
2021-12-07 14:35:59,34.35082244873047,-5.949538230895996,0,3227.333333333333
2021-12-07 14:36:05,34.35082244873047,-5.949538230895996,0,3237.333333333333
2021-12-07 14:36:11,34.35082244873047,-5.949538230895996,0,3241.5
2021-12-07 14:36:17,34.35082244873047,-5.949538230895996,0,3246.5
2021-12-07 14:36:23,34.35082244873047,-5.949538230895996,0,3250.6666666666665
2021-12-07 14:36:29,34.35082244873047,-5.949538230895996,0,3258.1666666666665
2021-12-07 14:36:35,34.35082244873047,-5.949538230895996,0,3261.5
2021-12-07 14:36:41,34.35082244873047,-5.949538230895996,0,3264.833333333333
2021-12-07 14:36:47,34.35082244873047,-5.949538230895996,0,3273.1666666666665
2021-12-07 14:36:53,34.35082244873047,-5.949538230895996,0,3279.833333333333
2021-12-07 14:36:59,34.35082244873047,-5.949538230895996,0,3283.1666666666665
2021-12-07 14:37:05,34.35082244873047,-5.949538230895996,0,3287.333333333333
2021-12-07 14:37:11,34.35082244873047,-5.949538230895996,0,3292.333333333333
2021-12-07 14:37:17,34.35082244873047,-5.949538230895996,0,3296.5
2021-12-07 14:37:23,34.35082244873047,-5.949538230895996,0,3304.0
2021-12-07 14:37:29,34.35082244873047,-5.949538230895996,0,3307.333333333333
2021-12-07 14:37:35,34.35082244873047,-5.949538230895996,0,3310.6666666666665
2021-12-07 14:37:41,34.35082244873047,-5.949538230895996,0,3316.5
2021-12-07 14:37:47,34.35082244873047,-5.949538230895996,0,3321.5
2021-12-07 14:37:53,34.35082244873047,-5.949538230895996,0,3328.1666666666665
2021-12-07 14:37:59,34.35082244873047,-5.949538230895996,0,3330.6666666666665
2021-12-07 14:38:05,34.35082244873047,-5.949538230895996,0,3332.333333333333
2021-12-07 14:38:11,34.35082244873047,-5.949538230895996,0,3353.1666666666665
2021-12-07 14:38:17,34.35082244873047,-5.949538230895996,0,3356.5
2021-12-07 14:38:23,34.35082244873047,-5.949538230895996,0,3364.0
2021-12-07 14:38:29,34.35082244873047,-5.949538230895996,0,3369.0
2021-12-07 14:38:35,34.35082244873047,-5.949538230895996,0,3373.1666666666665
2021-12-07 14:38:41,34.35082244873047,-5.949538230895996,0,3379.0
2021-12-07 14:38:47,34.35082244873047,-5.949538230895996,0,3385.6666666666665
2021-12-07 14:38:53,34.35082244873047,-5.949538230895996,0,3388.1666666666665
2021-12-07 14:38:59,34.35082244873047,-5.949538230895996,0,3393.1666666666665
2021-12-07 14:39:05,34.35082244873047,-5.949538230895996,0,3398.1666666666665
2021-12-07 14:39:11,34.35082244873047,-5.949538230895996,0,3402.333333333333
2021-12-07 14:39:17,34.35082244873047,-5.949538230895996,0,3409.0
2021-12-07 14:39:23,34.35082244873047,-5.949538230895996,0,3411.5
2021-12-07 14:39:29,34.35082244873047,-5.949538230895996,0,3415.666666666667
2021-12-07 14:39:35,34.35082244873047,-5.949538230895996,0,3419.833333333333
2021-12-07 14:39:41,34.35082244873047,-5.949538230895996,0,3424.833333333333
2021-12-07 14:39:47,34.35082244873047,-5.949538230895996,0,3429.833333333333
2021-12-07 14:39:53,34.35082244873047,-5.949538230895996,0,3435.666666666667
2021-12-07 14:39:59,34.35082244873047,-5.949538230895996,0,3441.5
2021-12-07 14:40:05,34.35082244873047,-5.949538230895996,0,3447.333333333333
2021-12-07 14:40:11,34.35082244873047,-5.949538230895996,0,3451.5
2021-12-07 14:40:17,34.35082244873047,-5.949538230895996,0,3459.833333333333
2021-12-07 14:40:23,34.35082244873047,-5.949538230895996,0,3461.5
2021-12-07 14:40:29,34.35082244873047,-5.949538230895996,0,3467.333333333333
2021-12-07 14:40:35,34.35082244873047,-5.949538230895996,0,3470.6666666666665
2021-12-07 14:40:41,34.35082244873047,-5.949538230895996,0,3475.6666666666665
2021-12-07 14:40:47,34.35082244873047,-5.949538230895996,0,3479.833333333333
2021-12-07 14:40:53,34.35082244873047,-5.949538230895996,0,3485.6666666666665
2021-12-07 14:40:59,34.35082244873047,-5.949538230895996,0,3493.1666666666665
2021-12-07 14:41:05,34.35082244873047,-5.949538230895996,0,3494.833333333333
2021-12-07 14:41:11,34.35082244873047,-5.949538230895996,0,3500.6666666666665
2021-12-07 14:41:17,34.35082244873047,-5.949538230895996,0,3502.333333333333
2021-12-07 14:41:23,34.35082244873047,-5.949538230895996,0,3509.833333333333
2021-12-07 14:41:29,34.35082244873047,-5.949538230895996,0,3515.6666666666665
2021-12-07 14:41:35,34.35082244873047,-5.949538230895996,0,3517.333333333333
2021-12-07 14:41:41,34.35082244873047,-5.949538230895996,0,3524.0
2021-12-07 14:41:47,34.35082244873047,-5.949538230895996,0,3529.0
2021-12-07 14:41:53,34.35082244873047,-5.949538230895996,0,3534.0
2021-12-07 14:41:59,34.35082244873047,-5.949538230895996,0,3539.833333333333
2021-12-07 14:42:05,34.35082244873047,-5.949538230895996,0,3544.0
2021-12-07 14:42:11,34.35082244873047,-5.949538230895996,0,3548.1666666666665
2021-12-07 14:42:17,34.35082244873047,-5.949538230895996,0,3550.6666666666665
2021-12-07 14:42:23,34.35082244873047,-5.949538230895996,0,3557.333333333333
2021-12-07 14:42:29,34.35082244873047,-5.949538230895996,0,3564.0
2021-12-07 14:42:35,34.35082244873047,-5.949538230895996,0,3567.333333333333
2021-12-07 14:42:41,34.35082244873047,-5.949538230895996,0,3572.333333333333
2021-12-07 14:42:47,34.35082244873047,-5.949538230895996,0,3576.5
2021-12-07 14:42:53,34.35082244873047,-5.949538230895996,0,3582.333333333333
2021-12-07 14:42:59,34.35082244873047,-5.949538230895996,0,3585.666666666667
2021-12-07 14:43:05,34.35082244873047,-5.949538230895996,0,3590.666666666667
2021-12-07 14:43:11,34.35082244873047,-5.949538230895996,0,3596.5
2021-12-07 14:43:17,34.35082244873047,-5.949538230895996,0,3600.6666666666665
2021-12-07 14:43:23,34.35082244873047,-5.949538230895996,0,3606.5
2021-12-07 14:43:29,34.35082244873047,-5.949538230895996,0,3612.333333333333
2021-12-07 14:43:35,34.35082244873047,-5.949538230895996,0,3615.6666666666665
2021-12-07 14:43:41,34.35082244873047,-5.949538230895996,0,3619.0
2021-12-07 14:43:47,34.35082244873047,-5.949538230895996,0,3626.5
2021-12-07 14:43:53,34.35082244873047,-5.949538230895996,0,3629.833333333333
2021-12-07 14:43:59,34.35082244873047,-5.949538230895996,0,3636.5
2021-12-07 14:44:05,34.35082244873047,-5.949538230895996,0,3638.166666666667
2021-12-07 14:44:11,34.35082244873047,-5.949538230895996,0,3644.0
2021-12-07 14:44:17,34.35082244873047,-5.949538230895996,0,3649.0
2021-12-07 14:44:23,34.35082244873047,-5.949538230895996,0,3651.5
2021-12-07 14:44:29,34.35082244873047,-5.949538230895996,0,3654.8333333333335
2021-12-07 14:44:35,34.35082244873047,-5.949538230895996,0,3661.5
2021-12-07 14:44:41,34.35082244873047,-5.949538230895996,0,3665.666666666667
2021-12-07 14:44:47,34.35082244873047,-5.949538230895996,0,3670.666666666667
2021-12-07 14:44:53,34.35082244873047,-5.949538230895996,0,3678.166666666667
2021-12-07 14:44:59,34.35082244873047,-5.949538230895996,0,3681.5
2021-12-07 14:45:05,34.35082244873047,-5.949538230895996,0,3687.3333333333335
2021-12-07 14:45:11,34.35082244873047,-5.949538230895996,0,3689.8333333333335
2021-12-07 14:45:17,34.35082244873047,-5.949538230895996,0,3697.3333333333335
2021-12-07 14:45:23,34.35082244873047,-5.949538230895996,0,3702.3333333333335
2021-12-07 14:45:29,34.35082244873047,-5.949538230895996,0,3707.3333333333335
2021-12-07 14:45:35,34.35082244873047,-5.949538230895996,0,3712.333333333333
2021-12-07 14:45:41,34.35082244873047,-5.949538230895996,0,3717.333333333333
2021-12-07 14:45:47,34.35082244873047,-5.949538230895996,0,3719.833333333333
2021-12-07 14:45:53,34.35082244873047,-5.949538230895996,0,3728.1666666666665
2021-12-07 14:45:59,34.35082244873047,-5.949538230895996,0,3732.333333333333
2021-12-07 14:46:05,34.35082244873047,-5.949538230895996,0,3737.333333333333
2021-12-07 14:46:11,34.35082244873047,-5.949538230895996,0,3743.1666666666665
2021-12-07 14:46:17,34.35082244873047,-5.949538230895996,0,3746.5
2021-12-07 14:46:23,34.35082244873047,-5.949538230895996,0,3753.1666666666665
2021-12-07 14:46:29,34.35082244873047,-5.949538230895996,0,3758.1666666666665
2021-12-07 14:46:35,34.35082244873047,-5.949538230895996,0,3761.5
2021-12-07 14:46:41,34.35082244873047,-5.949538230895996,0,3767.333333333333
2021-12-07 14:46:47,34.35082244873047,-5.949538230895996,0,3772.333333333333
2021-12-07 14:46:53,34.35082244873047,-5.949538230895996,0,3775.6666666666665
2021-12-07 14:46:59,34.35082244873047,-5.949538230895996,0,3779.833333333333
2021-12-07 14:47:05,34.35082244873047,-5.949538230895996,0,3788.1666666666665
2021-12-07 14:47:11,34.35082244873047,-5.949538230895996,0,3799.0
2021-12-07 14:47:17,34.35082244873047,-5.949538230895996,0,3804.0
2021-12-07 14:47:23,34.35082244873047,-5.949538230895996,0,3807.3333333333335
2021-12-07 14:47:29,34.35082244873047,-5.949538230895996,0,3809.8333333333335
2021-12-07 14:47:35,34.35082244873047,-5.949538230895996,0,3814.8333333333335
2021-12-07 14:47:41,34.35082244873047,-5.949538230895996,0,3821.5
2021-12-07 14:47:47,34.35082244873047,-5.949538230895996,0,3824.0
2021-12-07 14:47:53,34.35082244873047,-5.949538230895996,0,3829.8333333333335
2021-12-07 14:47:59,34.35079574584961,-5.949546813964844,9,3836.5
2021-12-07 14:48:05,34.350643157958984,-5.949571132659912,10,3841.5
2021-12-07 14:48:11,34.35048294067383,-5.949601173400879,11,3846.5
2021-12-07 14:48:17,34.35032272338867,-5.949628829956055,10,3850.666666666667
2021-12-07 14:48:23,34.35015869140625,-5.949656009674072,10,3856.500000000001
2021-12-07 14:48:29,34.35000228881836,-5.949686050415039,10,3861.500000000001
2021-12-07 14:48:35,34.349853515625,-5.949716091156006,8,3864.000000000001
2021-12-07 14:48:41,34.349796295166016,-5.949728012084961,0,3868.166666666667
2021-12-07 14:48:47,34.34979248046875,-5.94973611831665,0,3874.0
2021-12-07 14:48:53,34.34979248046875,-5.949740886688232,0,3878.1666666666665
2021-12-07 14:48:59,34.34979248046875,-5.949740886688232,0,3883.1666666666665
2021-12-07 14:49:05,34.34979248046875,-5.949740886688232,0,3889.0
2021-12-07 14:49:11,34.34979248046875,-5.949740886688232,0,3889.833333333333
2021-12-07 14:49:17,34.3496208190918,-5.949810028076172,10,3896.5
2021-12-07 14:49:23,34.3494758605957,-5.949792861938477,7,3904.0
2021-12-07 14:49:29,34.349552154541016,-5.949687957763672,9,3909.833333333333
2021-12-07 14:49:35,34.34970474243164,-5.949643135070801,11,3912.333333333333
2021-12-07 14:49:41,34.34987258911133,-5.949606895446777,11,3919.0
2021-12-07 14:49:47,34.35004425048828,-5.949577808380127,11,3924.833333333333
2021-12-07 14:49:53,34.35021209716797,-5.949552059173584,11,3929.0
2021-12-07 14:49:59,34.35038375854492,-5.949518203735352,11,3932.333333333333
2021-12-07 14:50:05,34.350555419921875,-5.949489116668701,11,3942.333333333333
2021-12-07 14:50:11,34.3507194519043,-5.949464797973633,11,3945.6666666666665
2021-12-07 14:50:17,34.35087966918945,-5.94940185546875,11,3951.5
2021-12-07 14:50:23,34.350929260253906,-5.949542999267578,12,3955.666666666667
2021-12-07 14:50:29,34.350765228271484,-5.949578762054443,11,3960.666666666667
2021-12-07 14:50:35,34.35060119628906,-5.9496049880981445,11,3967.3333333333335
2021-12-07 14:50:41,34.35043716430664,-5.949645042419434,10,3970.666666666667
2021-12-07 14:50:47,34.35026550292969,-5.949676036834717,11,3976.5
2021-12-07 14:50:53,34.350101470947266,-5.949705123901367,10,3982.333333333334
2021-12-07 14:50:59,34.349945068359375,-5.949745178222656,11,3989.0
2021-12-07 14:51:05,34.34976577758789,-5.949781894683838,12,3990.666666666667
2021-12-07 14:51:11,34.34969711303711,-5.949623107910156,10,3999.833333333334
2021-12-07 14:51:17,34.349727630615234,-5.949418067932129,11,4003.166666666667
2021-12-07 14:51:23,34.349761962890625,-5.949203014373779,11,4007.333333333334
2021-12-07 14:51:29,34.34979248046875,-5.948989868164063,11,4014.0
2021-12-07 14:51:35,34.34982681274414,-5.948779106140137,11,4018.1666666666665
2021-12-07 14:51:41,34.3498649597168,-5.948572158813477,11,4019.8333333333335
2021-12-07 14:51:47,34.34989929199219,-5.948362827301025,11,4030.6666666666665
2021-12-07 14:51:53,34.34993362426758,-5.948153018951416,11,4039.000000000001
2021-12-07 14:51:59,34.349971771240234,-5.947939872741699,11,4041.5
2021-12-07 14:52:05,34.35001754760742,-5.947729110717773,11,4045.666666666667
2021-12-07 14:52:11,34.35006332397461,-5.947522163391113,11,4051.5
2021-12-07 14:52:17,34.350101470947266,-5.947311878204346,11,4054.0
2021-12-07 14:52:23,34.35014343261719,-5.947107791900635,11,4065.666666666667
2021-12-07 14:52:29,34.350181579589844,-5.946906089782715,11,4071.5
2021-12-07 14:52:35,34.3502197265625,-5.946702003479004,11,4076.5
2021-12-07 14:52:41,34.35026168823242,-5.946495056152344,11,4083.166666666667
2021-12-07 14:52:47,34.35029983520508,-5.946287155151367,11,4087.333333333333
2021-12-07 14:52:53,34.3503303527832,-5.946086883544922,11,4093.166666666667
2021-12-07 14:52:59,34.350440979003906,-5.946150779724121,12,4099.0
2021-12-07 14:53:05,34.35042190551758,-5.946364879608154,11,4101.5
2021-12-07 14:53:11,34.35038375854492,-5.9465742111206055,11,4107.333333333334
2021-12-07 14:53:17,34.350341796875,-5.946782112121582,11,4112.333333333334
2021-12-07 14:53:23,34.350303649902344,-5.946989059448242,11,4119.833333333334
2021-12-07 14:53:29,34.35026168823242,-5.94719123840332,11,4125.666666666667
2021-12-07 14:53:35,34.350223541259766,-5.9473958015441895,11,4129.833333333334
2021-12-07 14:53:41,34.35018539428711,-5.947603225708008,11,4136.5
2021-12-07 14:53:47,34.35014343261719,-5.947809219360352,11,4141.5
2021-12-07 14:53:53,34.35010528564453,-5.948010921478272,11,4145.666666666667
2021-12-07 14:53:59,34.35007095336914,-5.948215007781982,11,4152.333333333334
2021-12-07 14:54:05,34.35002899169922,-5.948418140411377,11,4158.166666666667
2021-12-07 14:54:11,34.34999084472656,-5.948620796203613,11,4162.333333333334
2021-12-07 14:54:17,34.349952697753906,-5.948823928833008,11,4168.166666666667
2021-12-07 14:54:23,34.349910736083984,-5.949026107788086,11,4171.5
2021-12-07 14:54:29,34.34988021850586,-5.949227809906006,11,4177.333333333334
2021-12-07 14:54:35,34.34984588623047,-5.949432849884033,11,4184.0
2021-12-07 14:54:41,34.34980773925781,-5.949633121490479,11,4190.666666666667
2021-12-07 14:54:47,34.3497200012207,-5.949779033660889,11,4196.5
2021-12-07 14:54:53,34.34965515136719,-5.9495930671691895,11,4199.833333333334
2021-12-07 14:54:59,34.34969711303711,-5.949388027191162,11,4203.166666666667
2021-12-07 14:55:05,34.3497314453125,-5.9491868019104,11,4209.833333333334
2021-12-07 14:55:11,34.34976577758789,-5.9489850997924805,11,4215.666666666667
2021-12-07 14:55:17,34.34980010986328,-5.948785781860352,11,4219.833333333334
2021-12-07 14:55:23,34.34983825683594,-5.948587894439697,11,4225.666666666667
2021-12-07 14:55:29,34.34986877441406,-5.948384761810303,11,4230.666666666667
2021-12-07 14:55:35,34.34990310668945,-5.948184967041016,11,4236.5
2021-12-07 14:55:41,34.34994125366211,-5.947988986968994,10,4240.666666666667
2021-12-07 14:55:47,34.349979400634766,-5.947789192199707,11,4246.5
2021-12-07 14:55:53,34.35001373291016,-5.947587013244629,11,4252.333333333334
2021-12-07 14:55:59,34.35005187988281,-5.947387218475342,11,4258.166666666667
2021-12-07 14:56:05,34.35009002685547,-5.947187900543213,11,4263.166666666667
2021-12-07 14:56:11,34.350128173828125,-5.946988105773926,11,4268.166666666667
2021-12-07 14:56:17,34.35016632080078,-5.946791172027588,11,4274.833333333334
2021-12-07 14:56:23,34.3502082824707,-5.94659423828125,11,4279.833333333334
2021-12-07 14:56:29,34.35024642944336,-5.946396827697754,11,4285.666666666667
2021-12-07 14:56:35,34.350276947021484,-5.94619607925415,11,4289.0
2021-12-07 14:56:41,34.350364685058594,-5.946072101593018,11,4295.666666666667
2021-12-07 14:56:47,34.35050201416016,-5.946117877960205,10,4299.833333333334
2021-12-07 14:56:53,34.350624084472656,-5.946214199066162,11,4302.333333333334
2021-12-07 14:56:59,34.35060119628906,-5.946424007415772,11,4307.333333333334
2021-12-07 14:57:05,34.350563049316406,-5.946634769439697,11,4313.166666666667
2021-12-07 14:57:11,34.350528717041016,-5.946846008300781,11,4317.333333333334
2021-12-07 14:57:17,34.35049057006836,-5.947056770324707,11,4324.0
2021-12-07 14:57:23,34.35045623779297,-5.947265148162842,11,4328.166666666666
2021-12-07 14:57:29,34.35042190551758,-5.947472095489502,11,4334.0
2021-12-07 14:57:35,34.35038375854492,-5.947678089141846,11,4340.666666666666
2021-12-07 14:57:41,34.35034942626953,-5.947883129119873,11,4344.833333333334
2021-12-07 14:57:47,34.35031509399414,-5.948085784912109,11,4349.833333333334
2021-12-07 14:57:53,34.35028076171875,-5.94828987121582,11,4357.333333333334
2021-12-07 14:57:59,34.350250244140625,-5.948495864868164,11,4363.166666666666
2021-12-07 14:58:05,34.350215911865234,-5.948700904846191,11,4366.5
2021-12-07 14:58:11,34.35018539428711,-5.948905944824219,11,4372.333333333334
2021-12-07 14:58:17,34.35014724731445,-5.949110984802246,11,4379.0
2021-12-07 14:58:23,34.3501091003418,-5.949313163757324,10,4384.833333333334
2021-12-07 14:58:29,34.350074768066406,-5.9495158195495605,11,4389.0
2021-12-07 14:58:35,34.35000991821289,-5.949706077575684,11,4394.833333333334
2021-12-07 14:58:41,34.349857330322266,-5.949767112731934,10,4400.666666666667
2021-12-07 14:58:47,34.34968948364258,-5.949766159057617,12,4404.0
2021-12-07 14:58:53,34.34966278076172,-5.9495720863342285,11,4409.833333333334
2021-12-07 14:58:59,34.34969711303711,-5.949366092681885,11,4415.666666666667
2021-12-07 14:59:05,34.349735260009766,-5.94916296005249,11,4420.666666666667
2021-12-07 14:59:11,34.34977340698242,-5.948958873748779,11,4423.166666666667
2021-12-07 14:59:17,34.34981155395508,-5.948752880096436,11,4431.5
2021-12-07 14:59:23,34.34984588623047,-5.948552131652832,11,4434.833333333334
2021-12-07 14:59:29,34.349876403808594,-5.948345184326172,11,4442.333333333334
2021-12-07 14:59:35,34.34991836547852,-5.948143005371094,11,4448.166666666667
2021-12-07 14:59:41,34.349952697753906,-5.947940826416016,11,4452.333333333334
2021-12-07 14:59:47,34.34999084472656,-5.947743892669678,11,4456.5
2021-12-07 14:59:53,34.35002899169922,-5.947543144226074,11,4463.166666666667
2021-12-07 14:59:59,34.350067138671875,-5.947342872619629,11,4469.0
2021-12-07 15:00:05,34.350101470947266,-5.947144031524658,11,4474.833333333333
2021-12-07 15:00:11,34.35013961791992,-5.946944236755371,11,4478.166666666666
2021-12-07 15:00:17,34.35017776489258,-5.946745872497559,11,4485.666666666666
2021-12-07 15:00:23,34.350215911865234,-5.946547031402588,11,4490.666666666666
2021-12-07 15:00:29,34.35025405883789,-5.946342945098877,11,4494.0
2021-12-07 15:00:35,34.35028076171875,-5.946136951446533,11,4500.666666666666
2021-12-07 15:00:41,34.350399017333984,-5.946052074432373,10,4505.666666666666
2021-12-07 15:00:47,34.35054397583008,-5.9460978507995605,10,4509.0
2021-12-07 15:00:53,34.350677490234375,-5.9461870193481445,10,4510.666666666666
2021-12-07 15:00:59,34.35066223144531,-5.946396827697754,11,4513.166666666666
2021-12-07 15:01:05,34.35063171386719,-5.946610927581787,11,4514.0
2021-12-07 15:01:11,34.35055923461914,-5.947023868560791,11,4533.166666666666
2021-12-07 15:01:17,34.350521087646484,-5.9472270011901855,11,4538.166666666666
2021-12-07 15:01:23,34.35048294067383,-5.947429180145264,11,4542.333333333333
2021-12-07 15:01:29,34.35044479370117,-5.947628974914551,11,4549.0
2021-12-07 15:01:35,34.35040283203125,-5.947828769683838,11,4552.333333333334
2021-12-07 15:01:41,34.35036849975586,-5.9480299949646,11,4558.166666666667
2021-12-07 15:01:47,34.3503303527832,-5.948227882385254,11,4564.833333333334
2021-12-07 15:01:53,34.35029602050781,-5.948429107666016,11,4570.666666666667
2021-12-07 15:01:59,34.35026168823242,-5.948629856109619,11,4576.5
2021-12-07 15:02:05,34.35022735595703,-5.948822975158691,10,4580.666666666667
2021-12-07 15:02:11,34.350189208984375,-5.9490180015563965,11,4584.0
2021-12-07 15:02:17,34.350154876708984,-5.949207782745361,11,4589.0
2021-12-07 15:02:23,34.350120544433594,-5.949398994445801,10,4592.333333333334
2021-12-07 15:02:29,34.3500862121582,-5.949594020843506,11,4598.166666666667
2021-12-07 15:02:35,34.34996032714844,-5.949717044830322,11,4604.0
2021-12-07 15:02:41,34.349796295166016,-5.949717998504639,10,4606.5
2021-12-07 15:02:47,34.349639892578125,-5.949719905853272,11,4611.5
2021-12-07 15:02:53,34.34962844848633,-5.949533939361572,11,4617.333333333334
2021-12-07 15:02:59,34.34967041015625,-5.949341773986816,11,4624.0
2021-12-07 15:03:05,34.349700927734375,-5.949143886566162,11,4627.333333333334
2021-12-07 15:03:11,34.34973907470703,-5.948944091796875,11,4633.166666666667
2021-12-07 15:03:17,34.34977340698242,-5.948744773864746,11,4639.833333333334
2021-12-07 15:03:23,34.349815368652344,-5.948546886444092,11,4644.0
2021-12-07 15:03:29,34.3498420715332,-5.948348045349121,11,4649.0
2021-12-07 15:03:35,34.349876403808594,-5.948145866394043,11,4654.833333333334
2021-12-07 15:03:41,34.34991455078125,-5.947943210601807,11,4660.666666666667
2021-12-07 15:03:47,34.34995651245117,-5.947744846343994,11,4665.666666666667
2021-12-07 15:03:53,34.34999465942383,-5.947544097900391,10,4672.333333333334
2021-12-07 15:03:59,34.350032806396484,-5.947339057922363,11,4676.5
2021-12-07 15:04:05,34.350074768066406,-5.947140216827393,11,4680.666666666667
2021-12-07 15:04:11,34.35011291503906,-5.946936130523682,11,4687.333333333334
2021-12-07 15:04:17,34.35015106201172,-5.946732044219971,11,4694.0
2021-12-07 15:04:23,34.35019302368164,-5.94652795791626,11,4698.166666666667
2021-12-07 15:04:29,34.3502311706543,-5.946335792541504,11,4703.166666666667
2021-12-07 15:04:35,34.35025405883789,-5.946138858795166,9,4709.0
2021-12-07 15:04:41,34.35035705566406,-5.946063041687012,8,4712.333333333334
2021-12-07 15:04:47,34.350486755371094,-5.946084022521973,9,4722.333333333333
2021-12-07 15:04:53,34.350624084472656,-5.946131229400635,9,4726.5
2021-12-07 15:04:59,34.350711822509766,-5.946263790130615,10,4728.166666666666
2021-12-07 15:05:05,34.35068130493164,-5.946468830108643,11,4732.333333333333
2021-12-07 15:05:11,34.35064697265625,-5.94667911529541,11,4738.166666666666
2021-12-07 15:05:17,34.35061264038086,-5.946887969970703,11,4744.833333333333
2021-12-07 15:05:23,34.3505744934082,-5.94709587097168,11,4748.166666666666
2021-12-07 15:05:29,34.35053634643555,-5.947300910949707,11,4754.0
2021-12-07 15:05:35,34.35050201416016,-5.947504997253418,11,4760.666666666667
2021-12-07 15:05:41,34.3504638671875,-5.947704792022705,11,4764.0
2021-12-07 15:05:47,34.350433349609375,-5.947908878326416,11,4769.833333333334
2021-12-07 15:05:53,34.350399017333984,-5.9481120109558105,11,4776.5
2021-12-07 15:05:59,34.350364685058594,-5.948315143585205,11,4781.5
2021-12-07 15:06:05,34.35033416748047,-5.948516845703125,11,4787.333333333334
2021-12-07 15:06:11,34.35029602050781,-5.948719024658203,11,4794.0
2021-12-07 15:06:17,34.35026168823242,-5.948923110961914,11,4798.166666666667
2021-12-07 15:06:23,34.3502197265625,-5.949120998382568,11,4804.0
2021-12-07 15:06:29,34.350181579589844,-5.949319839477539,11,4806.5
2021-12-07 15:06:35,34.35014724731445,-5.949522018432617,11,4813.166666666666
2021-12-07 15:06:41,34.35007858276367,-5.94970703125,11,4819.833333333333
2021-12-07 15:06:47,34.34991455078125,-5.949719905853272,9,4825.666666666666
2021-12-07 15:06:53,34.34975814819336,-5.949714183807373,10,4828.166666666666
2021-12-07 15:06:59,34.349609375,-5.949686050415039,10,4833.166666666666
2021-12-07 15:07:05,34.34961700439453,-5.949507236480713,10,4838.166666666666
2021-12-07 15:07:11,34.349647521972656,-5.949314117431641,10,4844.833333333333
2021-12-07 15:07:17,34.34967422485352,-5.949114799499512,11,4848.166666666666
2021-12-07 15:07:23,34.34971618652344,-5.9489288330078125,10,4854.0
2021-12-07 15:07:29,34.34974670410156,-5.948733806610107,10,4859.0
2021-12-07 15:07:35,34.34978103637695,-5.94854211807251,10,4865.666666666666
2021-12-07 15:07:41,34.349815368652344,-5.9483489990234375,10,4868.166666666666
2021-12-07 15:07:47,34.34984588623047,-5.948146820068359,11,4874.0
2021-12-07 15:07:53,34.349884033203125,-5.947947978973389,11,4879.833333333333
2021-12-07 15:07:59,34.34991836547852,-5.947748184204102,11,4883.166666666666
2021-12-07 15:08:05,34.34996032714844,-5.947556972503662,11,4889.0
2021-12-07 15:08:11,34.349998474121094,-5.947362899780273,11,4894.0
2021-12-07 15:08:17,34.35003662109375,-5.947169780731201,10,4898.166666666666
2021-12-07 15:08:23,34.35007095336914,-5.946977138519287,11,4902.333333333333
2021-12-07 15:08:29,34.3501091003418,-5.946784973144531,11,4908.166666666666
2021-12-07 15:08:35,34.35014724731445,-5.94658899307251,10,4914.0
2021-12-07 15:08:41,34.35018539428711,-5.946399211883545,10,4917.333333333332
2021-12-07 15:08:47,34.35020446777344,-5.946209907531738,10,4923.166666666666
2021-12-07 15:08:53,34.350223541259766,-5.946036815643311,8,4929.0
2021-12-07 15:08:59,34.35022735595703,-5.946020126342773,0,4931.5
2021-12-07 15:09:05,34.3502311706543,-5.94601583480835,0,4935.666666666666
2021-12-07 15:09:11,34.3502311706543,-5.946014881134033,0,4941.5
2021-12-07 15:09:17,34.3502311706543,-5.946014881134033,0,4945.666666666666
2021-12-07 15:09:23,34.3502311706543,-5.946014881134033,0,4949.833333333333
2021-12-07 15:09:29,34.3502311706543,-5.946014881134033,0,4954.0
2021-12-07 15:09:35,34.3502311706543,-5.946014881134033,0,4961.5
2021-12-07 15:09:41,34.3502311706543,-5.946014881134033,0,4964.833333333333
2021-12-07 15:09:47,34.3502311706543,-5.946014881134033,0,4971.5
2021-12-07 15:09:53,34.3502311706543,-5.946014881134033,0,4978.166666666666
2021-12-07 15:09:59,34.3502311706543,-5.946014881134033,0,4983.166666666666
2021-12-07 15:10:05,34.3502311706543,-5.946014881134033,0,4988.166666666666
2021-12-07 15:10:11,34.3502311706543,-5.946014881134033,0,4995.666666666666
2021-12-07 15:10:17,34.35036849975586,-5.946014881134033,8,5001.5
2021-12-07 15:10:23,34.350486755371094,-5.946074962615967,7,5004.833333333333
2021-12-07 15:10:29,34.350608825683594,-5.946136951446533,9,5009.0
2021-12-07 15:10:35,34.3507194519043,-5.946246147155762,11,5011.5
2021-12-07 15:10:41,34.35070037841797,-5.946442127227783,11,5014.0
2021-12-07 15:10:47,34.35066604614258,-5.946638107299805,10,5019.833333333333
2021-12-07 15:10:53,34.35063171386719,-5.946837902069092,11,5025.666666666666
2021-12-07 15:10:59,34.3505973815918,-5.947042942047119,11,5031.5
2021-12-07 15:11:05,34.35055923461914,-5.94724702835083,11,5037.333333333333
2021-12-07 15:11:11,34.350521087646484,-5.947450160980225,11,5041.5
2021-12-07 15:11:17,34.350486755371094,-5.947649002075195,11,5047.333333333334
2021-12-07 15:11:23,34.35045623779297,-5.947850227355957,11,5054.0
2021-12-07 15:11:29,34.35042190551758,-5.9480462074279785,11,5058.166666666666
2021-12-07 15:11:35,34.35039138793945,-5.948246002197266,11,5064.0
2021-12-07 15:11:41,34.35035705566406,-5.94844913482666,11,5069.833333333334
2021-12-07 15:11:47,34.35032653808594,-5.948649883270264,11,5076.5
2021-12-07 15:11:53,34.35028839111328,-5.948850154876709,11,5080.666666666666
2021-12-07 15:11:59,34.350250244140625,-5.949045181274414,11,5084.833333333334
2021-12-07 15:12:05,34.3502082824707,-5.949241161346436,11,5091.5
2021-12-07 15:12:11,34.35017395019531,-5.949436187744141,10,5098.166666666666
2021-12-07 15:12:17,34.35014343261719,-5.949624061584473,10,5102.333333333334
2021-12-07 15:12:23,34.35003662109375,-5.949655055999756,9,5107.333333333334
2021-12-07 15:12:29,34.35004425048828,-5.949460983276367,10,5110.666666666666
2021-12-07 15:12:35,34.3500862121582,-5.949225902557373,11,5116.5
2021-12-07 15:12:41,34.35012435913086,-5.949028968811035,11,5122.333333333333
2021-12-07 15:12:47,34.35015869140625,-5.948825836181641,11,5126.5
2021-12-07 15:12:53,34.35019302368164,-5.94862699508667,11,5132.333333333334
2021-12-07 15:12:59,34.3502311706543,-5.948429107666016,10,5138.166666666666
2021-12-07 15:13:05,34.35026550292969,-5.948229789733887,11,5143.166666666666
2021-12-07 15:13:11,34.350303649902344,-5.948031902313232,11,5146.5
2021-12-07 15:13:17,34.35033416748047,-5.947865009307861,11,5152.333333333334
2021-12-07 15:13:23,34.350372314453125,-5.947667121887207,10,5157.333333333334
2021-12-07 15:13:29,34.35041046142578,-5.947470188140869,11,5161.5
2021-12-07 15:13:35,34.35044860839844,-5.947268009185791,11,5167.333333333334
2021-12-07 15:13:41,34.35048294067383,-5.947065830230713,11,5172.333333333334
2021-12-07 15:13:47,34.350521087646484,-5.946870803833008,10,5176.5
2021-12-07 15:13:53,34.350555419921875,-5.946671009063721,11,5180.666666666666
2021-12-07 15:13:59,34.350589752197266,-5.946475028991699,11,5186.5
2021-12-07 15:14:05,34.35062789916992,-5.94628381729126,10,5191.5
2021-12-07 15:14:11,34.350765228271484,-5.946249008178711,12,5197.333333333334
2021-12-07 15:14:17,34.35075378417969,-5.9464521408081055,10,5199.833333333334
2021-12-07 15:14:23,34.3507194519043,-5.946650981903076,10,5204.0
2021-12-07 15:14:29,34.35068130493164,-5.9468488693237305,11,5210.666666666666
2021-12-07 15:14:35,34.35064697265625,-5.947048187255859,11,5216.5
2021-12-07 15:14:41,34.35060501098633,-5.947245121002197,11,5222.333333333333
2021-12-07 15:14:47,34.35056686401367,-5.947443008422852,11,5226.5
2021-12-07 15:14:53,34.350528717041016,-5.947638988494873,11,5232.333333333333
2021-12-07 15:14:59,34.35049057006836,-5.947837829589844,11,5237.333333333333
2021-12-07 15:15:05,34.350460052490234,-5.948038101196289,10,5243.166666666666
2021-12-07 15:15:11,34.350425720214844,-5.94823694229126,11,5247.333333333333
2021-12-07 15:15:17,34.35039138793945,-5.948435783386231,11,5254.0
2021-12-07 15:15:23,34.35035705566406,-5.948635101318359,11,5257.333333333333
2021-12-07 15:15:29,34.350318908691406,-5.948832988739014,11,5264.0
2021-12-07 15:15:35,34.350284576416016,-5.949030876159668,11,5268.166666666666
2021-12-07 15:15:41,34.350242614746094,-5.94923210144043,11,5274.0
2021-12-07 15:15:47,34.3502082824707,-5.9494309425354,11,5279.833333333333
2021-12-07 15:15:53,34.35017013549805,-5.949627876281738,11,5286.5
2021-12-07 15:15:59,34.35002136230469,-5.949668884277344,12,5291.5
2021-12-07 15:16:05,34.35000991821289,-5.949470043182373,10,5294.0
2021-12-07 15:16:11,34.350040435791016,-5.949282169342041,10,5299.0
2021-12-07 15:16:17,34.35007858276367,-5.949090003967285,10,5304.0
2021-12-07 15:16:23,34.35011291503906,-5.948892116546631,11,5309.833333333334
2021-12-07 15:16:29,34.35014343261719,-5.948688983917236,11,5314.0
2021-12-07 15:16:35,34.35017776489258,-5.948485851287842,11,5319.833333333334
2021-12-07 15:16:41,34.3502082824707,-5.948280811309815,11,5325.666666666667
2021-12-07 15:16:47,34.350242614746094,-5.948081016540527,10,5332.333333333334
2021-12-07 15:16:53,34.350276947021484,-5.947879791259766,10,5337.333333333334
2021-12-07 15:16:59,34.350311279296875,-5.947679996490479,11,5340.666666666667
2021-12-07 15:17:05,34.35034942626953,-5.947480201721191,11,5347.333333333334
2021-12-07 15:17:11,34.35038757324219,-5.947278022766113,11,5353.166666666667
2021-12-07 15:17:17,34.35042190551758,-5.947075843811035,11,5359.0
2021-12-07 15:17:23,34.350460052490234,-5.946875095367432,11,5363.166666666667
2021-12-07 15:17:29,34.35049819946289,-5.9466729164123535,11,5369.0
2021-12-07 15:17:35,34.35053253173828,-5.94647216796875,11,5373.166666666667
2021-12-07 15:17:41,34.35057067871094,-5.946269989013672,10,5379.833333333334
2021-12-07 15:17:47,34.3506965637207,-5.946179866790772,11,5384.833333333334
2021-12-07 15:17:53,34.35076904296875,-5.946339130401611,11,5389.833333333334
2021-12-07 15:17:59,34.35074234008789,-5.946533203125,11,5392.333333333334
2021-12-07 15:18:05,34.3507080078125,-5.946730136871338,11,5398.166666666667
2021-12-07 15:18:11,34.35067367553711,-5.946928024291992,11,5404.0
2021-12-07 15:18:17,34.35063552856445,-5.947124004364014,11,5409.833333333334
2021-12-07 15:18:23,34.3505973815918,-5.947321891784668,11,5414.833333333334
2021-12-07 15:18:29,34.35055923461914,-5.947521209716797,11,5419.833333333334
2021-12-07 15:18:35,34.35052490234375,-5.947720050811768,11,5425.666666666666
2021-12-07 15:18:41,34.350486755371094,-5.947919845581055,11,5431.5
2021-12-07 15:18:47,34.3504524230957,-5.948121070861816,11,5437.333333333334
2021-12-07 15:18:53,34.35041809082031,-5.948318004608154,11,5442.333333333334
2021-12-07 15:18:59,34.35038375854492,-5.948516845703125,11,5448.166666666666
2021-12-07 15:19:05,34.35034942626953,-5.948718070983887,11,5453.166666666666
2021-12-07 15:19:11,34.350311279296875,-5.948921203613281,11,5459.0
2021-12-07 15:19:17,34.35027313232422,-5.949120998382568,11,5462.333333333334
2021-12-07 15:19:23,34.35023498535156,-5.949319839477539,11,5468.166666666667
2021-12-07 15:19:29,34.35020446777344,-5.949516773223877,10,5474.0
2021-12-07 15:19:35,34.35010528564453,-5.949649810791016,10,5477.333333333333
2021-12-07 15:19:41,34.3499755859375,-5.949602127075195,12,5483.166666666666
2021-12-07 15:19:47,34.349998474121094,-5.949412822723389,11,5488.166666666666
2021-12-07 15:19:53,34.35002517700195,-5.949206829071045,11,5493.166666666666
2021-12-07 15:19:59,34.350059509277344,-5.949007987976074,11,5499.0
2021-12-07 15:20:05,34.350093841552734,-5.9488067626953125,11,5502.333333333334
2021-12-07 15:20:11,34.35012435913086,-5.948606014251709,11,5509.833333333334
2021-12-07 15:20:17,34.35015869140625,-5.948409080505371,11,5513.166666666667
2021-12-07 15:20:23,34.350196838378906,-5.94821310043335,11,5519.833333333334
2021-12-07 15:20:29,34.3502311706543,-5.948013782501221,11,5525.666666666667
2021-12-07 15:20:35,34.35026550292969,-5.94781494140625,11,5531.5
2021-12-07 15:20:41,34.35030746459961,-5.947618007659912,11,5534.833333333333
2021-12-07 15:20:47,34.350345611572266,-5.947419166564941,11,5541.5
2021-12-07 15:20:53,34.35038375854492,-5.947218894958496,11,5547.333333333333
2021-12-07 15:20:59,34.35042190551758,-5.947018146514893,11,5550.666666666667
2021-12-07 15:21:05,34.350460052490234,-5.946816921234131,11,5557.333333333333
2021-12-07 15:21:11,34.35049819946289,-5.946619987487793,11,5563.166666666667
2021-12-07 15:21:17,34.35053253173828,-5.946418762207031,11,5567.333333333333
2021-12-07 15:21:23,34.35056686401367,-5.946229934692383,10,5573.166666666667
2021-12-07 15:21:29,34.350711822509766,-5.946194171905518,10,5578.166666666667
2021-12-07 15:21:35,34.35081100463867,-5.946321964263916,11,5580.666666666667
2021-12-07 15:21:41,34.35078048706055,-5.946518898010254,10,5584.833333333333
2021-12-07 15:21:47,34.35074615478516,-5.946712970733643,10,5589.833333333333
2021-12-07 15:21:53,34.350711822509766,-5.9469099044799805,11,5596.5
2021-12-07 15:21:59,34.35067367553711,-5.947107791900635,11,5599.833333333333
2021-12-07 15:22:05,34.35063934326172,-5.947307109832764,11,5606.5
2021-12-07 15:22:11,34.35060119628906,-5.947504997253418,11,5613.166666666667
2021-12-07 15:22:17,34.350563049316406,-5.94770622253418,11,5617.333333333333
2021-12-07 15:22:23,34.350528717041016,-5.947906970977783,11,5622.333333333334
2021-12-07 15:22:29,34.350494384765625,-5.948109149932861,11,5629.0
2021-12-07 15:22:35,34.350460052490234,-5.948314189910889,11,5633.166666666667
2021-12-07 15:22:41,34.35042190551758,-5.948514938354492,11,5639.0
2021-12-07 15:22:47,34.35038757324219,-5.948713779449463,11,5644.833333333334
2021-12-07 15:22:53,34.35034942626953,-5.948908805847168,11,5649.833333333334
2021-12-07 15:22:59,34.350311279296875,-5.949113845825195,11,5654.833333333334
2021-12-07 15:23:05,34.35027313232422,-5.949314117431641,11,5659.833333333334
2021-12-07 15:23:11,34.350242614746094,-5.949514865875244,11,5665.666666666667
2021-12-07 15:23:17,34.350120544433594,-5.949643135070801,11,5671.5
2021-12-07 15:23:23,34.34996032714844,-5.949635028839111,11,5677.333333333334
2021-12-07 15:23:29,34.34994888305664,-5.949431896209717,11,5680.666666666667
2021-12-07 15:23:35,34.3499755859375,-5.949233055114746,11,5685.666666666667
2021-12-07 15:23:41,34.35001373291016,-5.949034214019775,11,5692.333333333334
2021-12-07 15:23:47,34.35004806518555,-5.948832035064697,11,5696.5
2021-12-07 15:23:53,34.35008239746094,-5.948633193969727,11,5703.166666666667
2021-12-07 15:23:59,34.350120544433594,-5.948431968688965,11,5706.5
2021-12-07 15:24:05,34.35015869140625,-5.948232173919678,11,5713.166666666666
2021-12-07 15:24:11,34.350196838378906,-5.94802713394165,11,5718.166666666666
2021-12-07 15:24:17,34.35023498535156,-5.947824954986572,11,5724.833333333333
2021-12-07 15:24:23,34.35026931762695,-5.947622776031494,11,5728.166666666666
2021-12-07 15:24:29,34.35030746459961,-5.947421073913574,11,5734.0
2021-12-07 15:24:35,34.35034942626953,-5.947220802307129,11,5738.166666666666
2021-12-07 15:24:41,34.35038375854492,-5.947019100189209,11,5745.666666666666
2021-12-07 15:24:47,34.35042190551758,-5.946818828582764,11,5751.5
2021-12-07 15:24:53,34.350460052490234,-5.946617126464844,11,5755.666666666666
2021-12-07 15:24:59,34.35049819946289,-5.946415901184082,11,5760.666666666666
2021-12-07 15:25:05,34.35053634643555,-5.946220874786377,10,5767.333333333333
2021-12-07 15:25:11,34.350669860839844,-5.94620418548584,11,5770.666666666666
2021-12-07 15:25:17,34.35081481933594,-5.946284770965576,10,5775.666666666666
2021-12-07 15:25:23,34.35095977783203,-5.946352958679199,10,5779.833333333333
2021-12-07 15:25:29,34.35099411010742,-5.946534156799316,10,5783.166666666666
2021-12-07 15:25:35,34.35095977783203,-5.946730136871338,11,5789.0
2021-12-07 15:25:41,34.35091781616211,-5.946927070617676,11,5791.5
2021-12-07 15:25:47,34.35087203979492,-5.947126865386963,11,5797.333333333333
2021-12-07 15:25:53,34.350833892822266,-5.947321891784668,11,5804.0
2021-12-07 15:25:59,34.35079574584961,-5.9475178718566895,11,5809.833333333333
2021-12-07 15:26:05,34.35075378417969,-5.947714805603027,11,5814.833333333333
2021-12-07 15:26:11,34.350711822509766,-5.947916030883789,11,5818.166666666666
2021-12-07 15:26:17,34.35067367553711,-5.9481120109558105,11,5824.833333333333
2021-12-07 15:26:23,34.35063552856445,-5.948309898376465,11,5830.666666666666
2021-12-07 15:26:29,34.3505973815918,-5.948507785797119,11,5834.833333333333
2021-12-07 15:26:35,34.350563049316406,-5.948707103729248,11,5840.666666666666
2021-12-07 15:26:41,34.35052490234375,-5.948906898498535,10,5844.0
2021-12-07 15:26:47,34.350486755371094,-5.9491071701049805,11,5850.666666666666
2021-12-07 15:26:53,34.35044860839844,-5.949306011199951,11,5856.5
2021-12-07 15:26:59,34.35041046142578,-5.949507236480713,11,5864.0
2021-12-07 15:27:05,34.35029602050781,-5.949635982513428,11,5867.333333333333
2021-12-07 15:27:11,34.350128173828125,-5.949665069580078,11,5874.0
2021-12-07 15:27:17,34.34996795654297,-5.9496917724609375,11,5878.166666666666
2021-12-07 15:27:23,34.34991836547852,-5.94952392578125,11,5883.166666666666
2021-12-07 15:27:29,34.34994125366211,-5.949326038360596,11,5886.5
2021-12-07 15:27:35,34.349971771240234,-5.949127197265625,11,5892.333333333333
2021-12-07 15:27:41,34.350006103515625,-5.948925018310547,11,5899.0
2021-12-07 15:27:47,34.350040435791016,-5.94872522354126,11,5902.333333333333
2021-12-07 15:27:53,34.350074768066406,-5.948523998260498,11,5906.5
2021-12-07 15:27:59,34.35011291503906,-5.948324203491211,11,5911.5
2021-12-07 15:28:05,34.35015106201172,-5.948124885559082,11,5918.166666666666
2021-12-07 15:28:11,34.35018539428711,-5.947926998138428,11,5924.833333333333
2021-12-07 15:28:17,34.350223541259766,-5.947729110717773,10,5930.666666666666
2021-12-07 15:28:23,34.35026168823242,-5.947532176971436,11,5934.0
2021-12-07 15:28:29,34.35029602050781,-5.94733476638794,11,5939.833333333333
2021-12-07 15:28:35,34.350337982177734,-5.947138786315918,11,5943.166666666666
2021-12-07 15:28:41,34.350372314453125,-5.946940898895264,11,5949.833333333333
2021-12-07 15:28:47,34.35041046142578,-5.946745872497559,11,5955.666666666667
2021-12-07 15:28:53,34.35044479370117,-5.946547985076904,10,5961.5
2021-12-07 15:28:59,34.3504753112793,-5.946347236633301,11,5966.5
2021-12-07 15:29:05,34.35053253173828,-5.946186065673828,9,5970.666666666667
2021-12-07 15:29:11,34.35068130493164,-5.9461989402771,10,5974.833333333334
2021-12-07 15:29:17,34.350830078125,-5.946261882781982,10,5979.0
2021-12-07 15:29:23,34.350975036621094,-5.946328163146973,10,5982.333333333334
2021-12-07 15:29:29,34.351016998291016,-5.946506977081299,11,5987.333333333334
2021-12-07 15:29:35,34.35099029541016,-5.946704864501953,11,5992.333333333334
2021-12-07 15:29:41,34.350955963134766,-5.946906089782715,11,5997.333333333334
2021-12-07 15:29:47,34.350914001464844,-5.94710111618042,11,6001.5
2021-12-07 15:29:53,34.35087203979492,-5.947296142578125,11,6006.5
2021-12-07 15:29:59,34.35083770751953,-5.947494983673096,11,6012.333333333334
2021-12-07 15:30:05,34.350799560546875,-5.94769287109375,11,6015.666666666667
2021-12-07 15:30:11,34.350765228271484,-5.947895050048828,11,6023.166666666667
2021-12-07 15:30:17,34.35072708129883,-5.948091983795166,11,6027.333333333334
2021-12-07 15:30:23,34.35069274902344,-5.948293209075928,11,6033.166666666667
2021-12-07 15:30:29,34.35065460205078,-5.948491096496582,11,6039.0
2021-12-07 15:30:35,34.350616455078125,-5.948688983917236,11,6043.166666666667
2021-12-07 15:30:41,34.3505744934082,-5.948884963989258,11,6050.666666666667
2021-12-07 15:30:47,34.35054016113281,-5.949079990386963,11,6056.5
2021-12-07 15:30:53,34.35049819946289,-5.949271202087402,11,6059.833333333334
2021-12-07 15:30:59,34.35045623779297,-5.949456214904785,10,6064.833333333334
2021-12-07 15:31:05,34.35038757324219,-5.94961404800415,9,6070.666666666666
2021-12-07 15:31:11,34.35022735595703,-5.949645042419434,10,6076.5
2021-12-07 15:31:17,34.350067138671875,-5.949674129486084,11,6079.833333333333
2021-12-07 15:31:23,34.349910736083984,-5.949666976928711,10,6085.666666666666
2021-12-07 15:31:29,34.349891662597656,-5.9494709968566895,10,6089.833333333333
2021-12-07 15:31:35,34.34991455078125,-5.949275016784668,11,6094.0
2021-12-07 15:31:41,34.349952697753906,-5.949079036712647,11,6099.833333333333
2021-12-07 15:31:47,34.3499870300293,-5.948884963989258,11,6104.833333333333
2021-12-07 15:31:53,34.35002136230469,-5.9486918449401855,11,6110.666666666666
2021-12-07 15:31:59,34.35005569458008,-5.948499202728272,11,6117.333333333333
2021-12-07 15:32:05,34.35009002685547,-5.948301792144775,11,6121.5
2021-12-07 15:32:11,34.350128173828125,-5.948103904724121,11,6127.333333333333
2021-12-07 15:32:17,34.35016632080078,-5.947908878326416,11,6133.166666666666
2021-12-07 15:32:23,34.35020446777344,-5.947709083557129,11,6139.0
2021-12-07 15:32:29,34.350242614746094,-5.947512149810791,11,6144.0
2021-12-07 15:32:35,34.350276947021484,-5.9473137855529785,11,6149.0
2021-12-07 15:32:41,34.350311279296875,-5.947113990783691,11,6154.833333333333
2021-12-07 15:32:47,34.35034942626953,-5.94691276550293,11,6160.666666666666
2021-12-07 15:32:53,34.35038757324219,-5.94671106338501,11,6165.666666666666
2021-12-07 15:32:59,34.350425720214844,-5.946509838104248,11,6169.0
2021-12-07 15:33:05,34.350460052490234,-5.946314811706543,10,6174.833333333333
2021-12-07 15:33:11,34.35054016113281,-5.946191787719727,9,6179.833333333333
2021-12-07 15:33:17,34.3506965637207,-5.9462080001831055,11,6185.666666666666
2021-12-07 15:33:23,34.350833892822266,-5.946262836456299,8,6188.166666666666
2021-12-07 15:33:29,34.350955963134766,-5.946321964263916,8,6191.5
2021-12-07 15:33:35,34.3510627746582,-5.946410179138184,10,6196.5
2021-12-07 15:33:41,34.35105514526367,-5.946608066558838,11,6199.833333333334
2021-12-07 15:33:47,34.351016998291016,-5.946806907653809,11,6203.166666666667
2021-12-07 15:33:53,34.350975036621094,-5.94700288772583,10,6209.0
2021-12-07 15:33:59,34.35093688964844,-5.947198867797852,11,6214.0
2021-12-07 15:34:05,34.35089492797852,-5.94739294052124,10,6220.666666666667
2021-12-07 15:34:11,34.35085678100586,-5.947590827941895,11,6224.0
2021-12-07 15:34:17,34.35081481933594,-5.947786808013916,11,6229.833333333333
2021-12-07 15:34:23,34.35077667236328,-5.947981834411621,11,6235.666666666667
2021-12-07 15:34:29,34.350738525390625,-5.948177814483643,11,6241.5
2021-12-07 15:34:35,34.35070037841797,-5.948375225067139,11,6245.666666666667
2021-12-07 15:34:41,34.35066223144531,-5.948575019836426,11,6251.5
2021-12-07 15:34:47,34.350624084472656,-5.948768138885498,10,6257.333333333334
2021-12-07 15:34:53,34.3505859375,-5.948962211608887,11,6263.166666666667
2021-12-07 15:34:59,34.350547790527344,-5.949157238006592,11,6266.5
2021-12-07 15:35:05,34.35050582885742,-5.949351787567139,11,6274.0
2021-12-07 15:35:11,34.35047912597656,-5.949542999267578,10,6277.333333333334
2021-12-07 15:35:17,34.350364685058594,-5.949648857116699,10,6284.0
2021-12-07 15:35:23,34.3502082824707,-5.949672222137451,10,6288.166666666667
2021-12-07 15:35:29,34.35007858276367,-5.949700832366943,9,6294.0
2021-12-07 15:35:35,34.34992980957031,-5.9497151374816895,10,6296.5
2021-12-07 15:35:41,34.34987258911133,-5.949552059173584,10,6302.333333333334
2021-12-07 15:35:47,34.34989929199219,-5.94935417175293,11,6304.833333333334
2021-12-07 15:35:53,34.34993362426758,-5.949154853820801,11,6312.333333333334
2021-12-07 15:35:59,34.34996795654297,-5.948958873748779,11,6318.166666666667
2021-12-07 15:36:05,34.350006103515625,-5.948757171630859,11,6324.833333333334
2021-12-07 15:36:11,34.350040435791016,-5.948552131652832,11,6328.166666666667
2021-12-07 15:36:17,34.350074768066406,-5.9483489990234375,11,6334.0
2021-12-07 15:36:23,34.35011291503906,-5.948145866394043,11,6340.666666666667
2021-12-07 15:36:29,34.35015106201172,-5.947940826416016,11,6346.5
2021-12-07 15:36:35,34.350189208984375,-5.947732925415039,11,6350.666666666667
2021-12-07 15:36:41,34.35022735595703,-5.9475297927856445,11,6358.166666666667
2021-12-07 15:36:47,34.35026550292969,-5.947327136993408,11,6360.666666666667
2021-12-07 15:36:53,34.35030746459961,-5.947124004364014,11,6369.0
2021-12-07 15:36:59,34.350341796875,-5.946916103363037,11,6374.0
2021-12-07 15:37:05,34.350379943847656,-5.946712017059326,11,6378.166666666667
2021-12-07 15:37:11,34.35041809082031,-5.946508884429932,11,6383.166666666667
2021-12-07 15:37:17,34.3504524230957,-5.946314811706543,10,6389.833333333334
2021-12-07 15:37:23,34.3504753112793,-5.946152210235596,8,6393.166666666667
2021-12-07 15:37:29,34.350608825683594,-5.946166038513184,9,6398.166666666667
2021-12-07 15:37:35,34.35074615478516,-5.946231842041016,9,6400.666666666667
2021-12-07 15:37:41,34.35087966918945,-5.9462890625,9,6405.666666666667
2021-12-07 15:37:47,34.35100555419922,-5.946343898773193,9,6410.666666666667
2021-12-07 15:37:53,34.3510856628418,-5.946465969085693,9,6413.166666666667
2021-12-07 15:37:59,34.351070404052734,-5.946664810180664,11,6418.166666666667
2021-12-07 15:38:05,34.351036071777344,-5.946866035461426,11,6422.333333333334
2021-12-07 15:38:11,34.35099029541016,-5.947058200836182,11,6426.5
2021-12-07 15:38:17,34.3509521484375,-5.947254180908203,11,6433.166666666667
2021-12-07 15:38:23,34.35091018676758,-5.947447776794434,10,6438.166666666666
2021-12-07 15:38:29,34.35087585449219,-5.947640895843506,10,6442.333333333334
2021-12-07 15:38:35,34.3508415222168,-5.947834968566895,11,6448.166666666666
2021-12-07 15:38:41,34.35080337524414,-5.948029041290283,11,6454.0
2021-12-07 15:38:47,34.35076141357422,-5.948221206665039,10,6459.833333333334
2021-12-07 15:38:53,34.35072326660156,-5.9484148025512695,10,6463.166666666666
2021-12-07 15:38:59,34.350685119628906,-5.948607921600342,11,6469.833333333334
2021-12-07 15:39:05,34.35064697265625,-5.948799133300781,10,6474.833333333334
2021-12-07 15:39:11,34.350616455078125,-5.948994159698486,11,6480.666666666666
2021-12-07 15:39:17,34.3505744934082,-5.949185848236084,10,6485.666666666666
2021-12-07 15:39:23,34.35053634643555,-5.949378967285156,10,6490.666666666666
2021-12-07 15:39:29,34.35050964355469,-5.949571132659912,11,6496.5
2021-12-07 15:39:35,34.35039138793945,-5.949563980102539,12,6502.333333333334
2021-12-07 15:39:41,34.35041809082031,-5.949357986450195,11,6505.666666666666
2021-12-07 15:39:47,34.35045623779297,-5.949161052703857,10,6511.5
2021-12-07 15:39:53,34.350494384765625,-5.948966026306152,10,6516.5
2021-12-07 15:39:59,34.35054016113281,-5.948767185211182,11,6521.5
2021-12-07 15:40:05,34.350582122802734,-5.94856595993042,11,6526.5
2021-12-07 15:40:11,34.350624084472656,-5.948366165161133,11,6530.666666666667
2021-12-07 15:40:17,34.35066223144531,-5.948164939880371,11,6535.666666666667
2021-12-07 15:40:23,34.35070037841797,-5.94796895980835,10,6541.5
2021-12-07 15:40:29,34.350738525390625,-5.947772026062012,11,6547.333333333334
2021-12-07 15:40:35,34.35078048706055,-5.947574138641357,11,6553.166666666667
2021-12-07 15:40:41,34.3508186340332,-5.94737720489502,10,6555.666666666667
2021-12-07 15:40:47,34.35085678100586,-5.947183132171631,11,6562.333333333334
2021-12-07 15:40:53,34.35089111328125,-5.946987152099609,11,6567.333333333334
2021-12-07 15:40:59,34.350929260253906,-5.946794033050537,10,6573.166666666667
2021-12-07 15:41:05,34.35096740722656,-5.946599006652832,11,6576.5
2021-12-07 15:41:11,34.35099792480469,-5.946415901184082,10,6582.333333333334
2021-12-07 15:41:17,34.351104736328125,-5.9464921951293945,10,6586.5
2021-12-07 15:41:23,34.351097106933594,-5.946685791015625,11,6589.0
2021-12-07 15:41:29,34.3510627746582,-5.946887969970703,11,6594.833333333334
2021-12-07 15:41:35,34.35102462768555,-5.947085857391357,10,6599.833333333333
2021-12-07 15:41:41,34.350982666015625,-5.94728422164917,11,6606.5
2021-12-07 15:41:47,34.3509407043457,-5.947481155395508,11,6610.666666666666
2021-12-07 15:41:53,34.35090255737305,-5.947680950164795,11,6617.333333333333
2021-12-07 15:41:59,34.35086441040039,-5.947876930236816,10,6622.333333333333
2021-12-07 15:42:05,34.350826263427734,-5.948073863983154,11,6627.333333333333
2021-12-07 15:42:11,34.35079574584961,-5.948275089263916,10,6632.333333333333
2021-12-07 15:42:17,34.35076141357422,-5.948474884033203,11,6639.0
2021-12-07 15:42:23,34.35072326660156,-5.948675155639648,10,6642.333333333333
2021-12-07 15:42:29,34.350685119628906,-5.94887113571167,11,6649.833333333333
2021-12-07 15:42:35,34.35064697265625,-5.949069023132324,11,6654.833333333333
2021-12-07 15:42:41,34.35060501098633,-5.949263095855713,11,6658.166666666666
2021-12-07 15:42:47,34.35057067871094,-5.949460983276367,10,6664.833333333333
2021-12-07 15:42:53,34.35051345825195,-5.949628829956055,10,6670.666666666666
2021-12-07 15:42:59,34.350379943847656,-5.94956111907959,12,6674.0
2021-12-07 15:43:05,34.350399017333984,-5.949357032775879,11,6679.0
2021-12-07 15:43:11,34.35043716430664,-5.949160099029541,11,6683.166666666666
2021-12-07 15:43:17,34.35047912597656,-5.948962211608887,11,6687.333333333334
2021-12-07 15:43:23,34.35051727294922,-5.948760986328125,11,6693.166666666666
2021-12-07 15:43:29,34.35055160522461,-5.948562145233154,11,6699.0
2021-12-07 15:43:35,34.350589752197266,-5.948362827301025,11,6704.833333333334
2021-12-07 15:43:41,34.35062789916992,-5.948164939880371,11,6709.0
2021-12-07 15:43:47,34.350669860839844,-5.947968006134033,11,6714.833333333334
2021-12-07 15:43:53,34.350711822509766,-5.947772026062012,11,6719.833333333334
2021-12-07 15:43:59,34.35074996948242,-5.947574138641357,11,6724.0
2021-12-07 15:44:05,34.35078811645508,-5.947380065917969,11,6729.833333333333
2021-12-07 15:44:11,34.350830078125,-5.947185039520264,11,6735.666666666666
2021-12-07 15:44:17,34.350868225097656,-5.946988105773926,11,6741.5
2021-12-07 15:44:23,34.35091018676758,-5.946792125701904,11,6745.666666666666
2021-12-07 15:44:29,34.35094451904297,-5.94659423828125,11,6751.5
2021-12-07 15:44:35,34.350982666015625,-5.946413040161133,10,6757.333333333333
2021-12-07 15:44:41,34.35113525390625,-5.946417808532715,9,6762.333333333333
2021-12-07 15:44:47,34.35118103027344,-5.946539878845215,9,6764.0
2021-12-07 15:44:53,34.351131439208984,-5.946709156036377,11,6769.0
2021-12-07 15:44:59,34.351097106933594,-5.946911811828613,11,6775.666666666666
2021-12-07 15:45:05,34.35105895996094,-5.947112083435059,11,6779.833333333334
2021-12-07 15:45:11,34.351016998291016,-5.947309970855713,11,6784.833333333334
2021-12-07 15:45:17,34.35097885131836,-5.947507858276367,11,6789.833333333334
2021-12-07 15:45:23,34.3509407043457,-5.94770622253418,11,6796.5
2021-12-07 15:45:29,34.35090255737305,-5.947904109954834,11,6802.333333333334
2021-12-07 15:45:35,34.350860595703125,-5.948102951049805,11,6804.0
2021-12-07 15:45:41,34.350826263427734,-5.948299884796143,11,6812.333333333334
2021-12-07 15:45:47,34.35078430175781,-5.9484968185424805,11,6817.333333333334
2021-12-07 15:45:53,34.35074996948242,-5.948698997497559,11,6824.0
2021-12-07 15:45:59,34.35071563720703,-5.9488959312438965,11,6827.333333333334
2021-12-07 15:46:05,34.350677490234375,-5.949094772338867,11,6834.0
2021-12-07 15:46:11,34.35063934326172,-5.949292182922363,10,6839.0
2021-12-07 15:46:17,34.35060501098633,-5.9494829177856445,10,6844.0
2021-12-07 15:46:23,34.350521087646484,-5.94964599609375,12,6849.833333333333
2021-12-07 15:46:29,34.350364685058594,-5.949615001678467,12,6853.166666666666
2021-12-07 15:46:35,34.350364685058594,-5.949411869049072,11,6858.166666666666
2021-12-07 15:46:41,34.350399017333984,-5.949220180511475,11,6864.0
2021-12-07 15:46:47,34.350440979003906,-5.949026107788086,10,6865.666666666666
2021-12-07 15:46:53,34.35047912597656,-5.948829174041748,11,6873.166666666666
2021-12-07 15:46:59,34.35051727294922,-5.948629856109619,11,6878.166666666666
2021-12-07 15:47:05,34.35055160522461,-5.948431968688965,10,6884.0
2021-12-07 15:47:11,34.350589752197266,-5.948237895965576,11,6888.166666666666
2021-12-07 15:47:17,34.35062789916992,-5.948041915893555,11,6894.0
2021-12-07 15:47:23,34.350669860839844,-5.947845935821533,11,6899.833333333334
2021-12-07 15:47:29,34.3507080078125,-5.947649955749512,11,6904.0
2021-12-07 15:47:35,34.35074615478516,-5.94745397567749,11,6909.833333333334
2021-12-07 15:47:41,34.35078811645508,-5.947258949279785,11,6915.666666666666
2021-12-07 15:47:47,34.35082244873047,-5.94706392288208,10,6921.5
2021-12-07 15:47:53,34.35086441040039,-5.946869850158691,11,6925.666666666666
2021-12-07 15:47:59,34.35090255737305,-5.946674823760986,10,6931.5
2021-12-07 15:48:05,34.35092544555664,-5.946482181549072,11,6937.333333333334
2021-12-07 15:48:11,34.351051330566406,-5.946455955505371,10,6941.5
2021-12-07 15:48:17,34.351173400878906,-5.946513175964356,9,6945.666666666667
2021-12-07 15:48:23,34.351314544677734,-5.946546077728272,10,6950.666666666667
2021-12-07 15:48:29,34.35136032104492,-5.946722984313965,11,6954.833333333334
2021-12-07 15:48:35,34.351322174072266,-5.946920871734619,10,6957.333333333334
2021-12-07 15:48:41,34.351287841796875,-5.947117805480957,11,6964.0
2021-12-07 15:48:47,34.35124969482422,-5.947317123413086,11,6969.833333333334
2021-12-07 15:48:53,34.3512077331543,-5.947513103485107,11,6974.0
2021-12-07 15:48:59,34.351173400878906,-5.947710990905762,11,6980.666666666667
2021-12-07 15:49:05,34.35113525390625,-5.947906970977783,11,6984.833333333334
2021-12-07 15:49:11,34.35110092163086,-5.948101997375488,11,6990.666666666667
2021-12-07 15:49:17,34.3510627746582,-5.948299884796143,11,6996.5
2021-12-07 15:49:23,34.35102462768555,-5.948495864868164,11,7001.5
2021-12-07 15:49:29,34.35099029541016,-5.948695182800293,11,7006.5
2021-12-07 15:49:35,34.3509521484375,-5.948892116546631,11,7011.5
2021-12-07 15:49:41,34.35090637207031,-5.9490838050842285,11,7018.166666666667
2021-12-07 15:49:47,34.350868225097656,-5.949283123016357,11,7022.333333333334
2021-12-07 15:49:53,34.350833892822266,-5.949481010437012,11,7028.166666666667
2021-12-07 15:49:59,34.350704193115234,-5.949601173400879,10,7034.0
2021-12-07 15:50:05,34.35055923461914,-5.9496169090271,10,7037.333333333334
2021-12-07 15:50:11,34.35040664672852,-5.949627876281738,10,7044.0
2021-12-07 15:50:17,34.35035705566406,-5.949449062347412,10,7049.0
2021-12-07 15:50:23,34.35037612915039,-5.949260234832764,11,7052.333333333334
2021-12-07 15:50:29,34.35041046142578,-5.949066162109375,11,7058.166666666667
2021-12-07 15:50:35,34.35044860839844,-5.948869228363037,11,7064.0
2021-12-07 15:50:41,34.35048294067383,-5.948668956756592,11,7069.833333333333
2021-12-07 15:50:47,34.350521087646484,-5.9484710693359375,11,7073.166666666666
2021-12-07 15:50:53,34.35055923461914,-5.948273181915283,11,7080.666666666666
2021-12-07 15:50:59,34.35060119628906,-5.948074817657471,11,7084.0
2021-12-07 15:51:05,34.35063552856445,-5.947877883911133,11,7090.666666666666
2021-12-07 15:51:11,34.350669860839844,-5.947682857513428,11,7096.5
2021-12-07 15:51:17,34.3507080078125,-5.947488784790039,10,7099.833333333333
2021-12-07 15:51:23,34.35075378417969,-5.947292804718018,11,7104.833333333333
2021-12-07 15:51:29,34.350791931152344,-5.94709587097168,11,7110.666666666666
2021-12-07 15:51:35,34.350833892822266,-5.946898937225342,11,7117.333333333333
2021-12-07 15:51:41,34.35087203979492,-5.946702003479004,11,7122.333333333333
2021-12-07 15:51:47,34.35090255737305,-5.946506977081299,10,7126.5
2021-12-07 15:51:53,34.350982666015625,-5.946369171142578,9,7132.333333333333
2021-12-07 15:51:59,34.351131439208984,-5.946413040161133,8,7136.5
2021-12-07 15:52:05,34.351261138916016,-5.9464640617370605,9,7139.0
2021-12-07 15:52:11,34.35139846801758,-5.94655704498291,11,7143.166666666666
2021-12-07 15:52:17,34.35139465332031,-5.946761131286621,11,7148.166666666666
2021-12-07 15:52:23,34.35136032104492,-5.946959018707275,11,7153.166666666666
2021-12-07 15:52:29,34.35132598876953,-5.94715690612793,11,7158.166666666666
2021-12-07 15:52:35,34.35128402709961,-5.947353839874268,11,7164.0
2021-12-07 15:52:41,34.35124588012695,-5.9475507736206055,11,7169.0
2021-12-07 15:52:47,34.3512077331543,-5.947745800018311,11,7173.166666666666
2021-12-07 15:52:53,34.35116958618164,-5.94794511795044,11,7179.0
2021-12-07 15:52:59,34.35112762451172,-5.948142051696777,11,7185.666666666666
2021-12-07 15:53:05,34.35108947753906,-5.948339939117432,11,7189.833333333333
2021-12-07 15:53:11,34.35105514526367,-5.9485368728637695,11,7195.666666666666
2021-12-07 15:53:17,34.351016998291016,-5.948738098144531,11,7201.5
2021-12-07 15:53:23,34.350975036621094,-5.948933124542236,11,7205.666666666666
2021-12-07 15:53:29,34.3509407043457,-5.949130058288574,11,7210.666666666666
2021-12-07 15:53:35,34.35090255737305,-5.949328899383545,11,7218.166666666666
2021-12-07 15:53:41,34.350868225097656,-5.949524879455566,11,7223.166666666666
2021-12-07 15:53:47,34.350711822509766,-5.9495849609375,10,7227.333333333333
2021-12-07 15:53:53,34.350547790527344,-5.949606895446777,9,7233.166666666666
2021-12-07 15:53:59,34.35038375854492,-5.949626922607422,11,7235.666666666666
2021-12-07 15:54:05,34.350337982177734,-5.949446201324463,11,7241.5
2021-12-07 15:54:11,34.350372314453125,-5.949254989624023,11,7246.5
2021-12-07 15:54:17,34.35040664672852,-5.949059009552002,11,7252.333333333333
2021-12-07 15:54:23,34.350440979003906,-5.948861122131348,11,7257.333333333333
2021-12-07 15:54:29,34.35047912597656,-5.948663234710693,11,7262.333333333333
2021-12-07 15:54:35,34.35051345825195,-5.948465824127197,11,7267.333333333333
2021-12-07 15:54:41,34.35055160522461,-5.948268890380859,11,7273.166666666666
2021-12-07 15:54:47,34.3505859375,-5.9480719566345215,11,7279.0
2021-12-07 15:54:53,34.350624084472656,-5.947874069213867,11,7283.166666666666
2021-12-07 15:54:59,34.35066223144531,-5.947679042816162,11,7288.166666666666
2021-12-07 15:55:05,34.35069274902344,-5.947484016418457,11,7294.0
2021-12-07 15:55:11,34.35073471069336,-5.947288990020752,11,7297.333333333333
2021-12-07 15:55:17,34.350772857666016,-5.947091102600098,11,7302.333333333333
2021-12-07 15:55:23,34.35081100463867,-5.946897029876709,10,7308.166666666666
2021-12-07 15:55:29,34.35084915161133,-5.946698188781738,11,7314.833333333333
2021-12-07 15:55:35,34.35087966918945,-5.946500778198242,11,7320.666666666666
2021-12-07 15:55:41,34.35096740722656,-5.946352958679199,11,7324.0
2021-12-07 15:55:47,34.35112762451172,-5.946400165557861,10,7329.0
2021-12-07 15:55:53,34.35126876831055,-5.946447849273682,9,7332.333333333333
2021-12-07 15:55:59,34.35139846801758,-5.946506977081299,9,7334.833333333333
2021-12-07 15:56:05,34.35143280029297,-5.946677207946777,11,7338.166666666666
2021-12-07 15:56:11,34.351409912109375,-5.946874141693115,10,7344.833333333333
2021-12-07 15:56:17,34.351375579833984,-5.947071075439453,11,7349.833333333333
2021-12-07 15:56:23,34.351341247558594,-5.947268962860107,11,7353.166666666666
2021-12-07 15:56:29,34.35130310058594,-5.947464942932129,11,7359.833333333333
2021-12-07 15:56:35,34.35126876831055,-5.94766092300415,10,7364.833333333333
2021-12-07 15:56:41,34.35123443603516,-5.947856903076172,10,7369.0
2021-12-07 15:56:47,34.35120391845703,-5.948054790496826,10,7374.833333333334
2021-12-07 15:56:53,34.35116958618164,-5.948252201080322,11,7380.666666666666
2021-12-07 15:56:59,34.35112762451172,-5.948450088500977,11,7384.0
2021-12-07 15:57:05,34.3510856628418,-5.948647975921631,11,7390.666666666666
2021-12-07 15:57:11,34.35104751586914,-5.948846817016602,10,7395.666666666666
2021-12-07 15:57:17,34.351009368896484,-5.9490461349487305,11,7400.666666666666
2021-12-07 15:57:23,34.35097122192383,-5.949242115020752,10,7406.5
2021-12-07 15:57:29,34.35093688964844,-5.949431896209717,9,7410.666666666666
2021-12-07 15:57:35,34.35084915161133,-5.9495768547058105,11,7414.833333333334
2021-12-07 15:57:41,34.35068893432617,-5.949606895446777,9,7419.833333333334
2021-12-07 15:57:47,34.35054016113281,-5.949632167816162,7,7424.833333333334
2021-12-07 15:57:53,34.35039138793945,-5.949656963348389,10,7428.166666666667
2021-12-07 15:57:59,34.350311279296875,-5.949507236480713,11,7434.0
2021-12-07 15:58:05,34.35033416748047,-5.949316024780273,11,7439.0
2021-12-07 15:58:11,34.350364685058594,-5.949117183685303,11,7444.833333333334
2021-12-07 15:58:17,34.35040283203125,-5.94891881942749,11,7449.0
2021-12-07 15:58:23,34.350433349609375,-5.948720932006836,11,7456.5
2021-12-07 15:58:29,34.35047149658203,-5.948523998260498,11,7461.5
2021-12-07 15:58:35,34.35050582885742,-5.94832706451416,11,7464.833333333334
2021-12-07 15:58:41,34.35054016113281,-5.948131084442139,11,7471.5
2021-12-07 15:58:47,34.35057067871094,-5.94793701171875,11,7476.5
2021-12-07 15:58:53,34.35060501098633,-5.947743892669678,10,7481.5
2021-12-07 15:58:59,34.350643157958984,-5.947548866271973,10,7487.333333333334
2021-12-07 15:59:05,34.35068130493164,-5.947353839874268,11,7491.5
2021-12-07 15:59:11,34.35072326660156,-5.9471611976623535,10,7494.833333333334
2021-12-07 15:59:17,34.35076141357422,-5.946966171264648,11,7501.5
2021-12-07 15:59:23,34.350799560546875,-5.946771144866943,11,7508.166666666667
2021-12-07 15:59:29,34.35083770751953,-5.946578025817871,10,7511.5
2021-12-07 15:59:35,34.35088348388672,-5.946390151977539,11,7516.5
2021-12-07 15:59:41,34.35103988647461,-5.94637393951416,10,7522.333333333334
2021-12-07 15:59:47,34.35118103027344,-5.946421146392822,9,7524.833333333334
2021-12-07 15:59:53,34.3513069152832,-5.946467876434326,8,7528.166666666667
2021-12-07 15:59:59,34.35143280029297,-5.946520805358887,9,7533.166666666667
2021-12-07 16:00:05,34.35147857666016,-5.946691989898682,11,7542.333333333334
2021-12-07 16:00:11,34.35145568847656,-5.946895122528076,11,7544.833333333334
2021-12-07 16:00:17,34.35142135620117,-5.947093963623047,11,7551.5
2021-12-07 16:00:23,34.35138320922852,-5.947292804718018,11,7556.5
2021-12-07 16:00:29,34.351341247558594,-5.94749116897583,11,7561.5
2021-12-07 16:00:35,34.3513069152832,-5.947688102722168,11,7564.833333333334
2021-12-07 16:00:41,34.35126876831055,-5.947886943817139,11,7571.5
2021-12-07 16:00:47,34.35123062133789,-5.948081970214844,11,7576.5
2021-12-07 16:00:53,34.351192474365234,-5.948281764984131,11,7581.5
2021-12-07 16:00:59,34.35115432739258,-5.948480129241943,11,7586.5
2021-12-07 16:01:05,34.351112365722656,-5.948676109313965,11,7592.333333333333
2021-12-07 16:01:11,34.35107421875,-5.948874950408936,11,7595.666666666666
2021-12-07 16:01:17,34.351043701171875,-5.949073791503906,11,7602.333333333333
2021-12-07 16:01:23,34.351009368896484,-5.949274063110352,11,7607.333333333333
2021-12-07 16:01:29,34.350975036621094,-5.949472904205322,11,7614.0
2021-12-07 16:01:35,34.350887298583984,-5.949566841125488,8,7619.0
2021-12-07 16:01:41,34.350833892822266,-5.949473857879639,0,7623.166666666666
2021-12-07 16:01:47,34.35082244873047,-5.949473857879639,0,7629.0
2021-12-07 16:01:53,34.3508186340332,-5.949472904205322,0,7633.166666666666
2021-12-07 16:01:59,34.3508186340332,-5.949472904205322,0,7638.166666666666
2021-12-07 16:02:05,34.3508186340332,-5.949472904205322,0,7644.0
2021-12-07 16:02:11,34.3508186340332,-5.949472904205322,0,7650.666666666666
2021-12-07 16:02:17,34.3508186340332,-5.949472904205322,0,7654.0
2021-12-07 16:02:23,34.3508186340332,-5.949472904205322,0,7659.833333333334
2021-12-07 16:02:29,34.3508186340332,-5.949472904205322,0,7665.666666666666
2021-12-07 16:02:35,34.3508186340332,-5.949472904205322,0,7669.0
2021-12-07 16:02:41,34.3508186340332,-5.949472904205322,0,7674.833333333334
2021-12-07 16:02:47,34.3508186340332,-5.949472904205322,0,7680.666666666666
2021-12-07 16:02:53,34.3508186340332,-5.949472904205322,0,7686.5
2021-12-07 16:02:59,34.3508186340332,-5.949472904205322,0,7689.833333333334
2021-12-07 16:03:05,34.3508186340332,-5.949472904205322,0,7695.666666666666
2021-12-07 16:03:11,34.3508186340332,-5.949472904205322,0,7701.5
2021-12-07 16:03:17,34.3508186340332,-5.949472904205322,0,7706.5
2021-12-07 16:03:23,34.3508186340332,-5.949472904205322,0,7710.666666666666
2021-12-07 16:03:29,34.3508186340332,-5.949472904205322,0,7715.666666666666
2021-12-07 16:03:35,34.3508186340332,-5.949472904205322,0,7719.833333333334
2021-12-07 16:03:41,34.3508186340332,-5.949472904205322,0,7726.5
2021-12-07 16:03:47,34.3508186340332,-5.949472904205322,0,7730.666666666666
2021-12-07 16:03:53,34.3508186340332,-5.949472904205322,0,7737.333333333334
2021-12-07 16:03:59,34.3508186340332,-5.949472904205322,0,7741.5
2021-12-07 16:04:05,34.3508186340332,-5.949472904205322,0,7746.5
2021-12-07 16:04:11,34.3508186340332,-5.949472904205322,0,7751.5
2021-12-07 16:04:17,34.3508186340332,-5.949472904205322,0,7756.5
2021-12-07 16:04:23,34.3508186340332,-5.949472904205322,0,7761.5
2021-12-07 16:04:29,34.3508186340332,-5.949472904205322,0,7765.666666666666
2021-12-07 16:04:35,34.3508186340332,-5.949472904205322,0,7771.5
2021-12-07 16:04:41,34.3508186340332,-5.949472904205322,0,7779.0
2021-12-07 16:04:47,34.3508186340332,-5.949472904205322,0,7781.5
2021-12-07 16:04:53,34.3508186340332,-5.949472904205322,0,7785.666666666667
2021-12-07 16:04:59,34.3508186340332,-5.949472904205322,0,7791.5
2021-12-07 16:05:05,34.3508186340332,-5.949472904205322,0,7795.666666666667
2021-12-07 16:05:11,34.3508186340332,-5.949472904205322,0,7801.5
2021-12-07 16:05:17,34.3508186340332,-5.949472904205322,0,7806.5
2021-12-07 16:05:23,34.3508186340332,-5.949472904205322,0,7810.666666666667
2021-12-07 16:05:29,34.3508186340332,-5.949472904205322,0,7816.5
2021-12-07 16:05:35,34.3508186340332,-5.949472904205322,0,7820.666666666666
2021-12-07 16:05:41,34.3508186340332,-5.949472904205322,0,7826.5
2021-12-07 16:05:47,34.3508186340332,-5.949472904205322,0,7830.666666666666
2021-12-07 16:05:53,34.3508186340332,-5.949472904205322,0,7834.833333333334
2021-12-07 16:05:59,34.3508186340332,-5.949472904205322,0,7841.5
2021-12-07 16:06:05,34.3508186340332,-5.949472904205322,0,7845.666666666666
2021-12-07 16:06:11,34.3508186340332,-5.949472904205322,0,7848.166666666666
2021-12-07 16:06:17,34.3508186340332,-5.949472904205322,0,7850.666666666666
2021-12-07 16:06:23,34.3508186340332,-5.949472904205322,0,7854.833333333333
2021-12-07 16:06:29,34.3508186340332,-5.949472904205322,0,7859.833333333333
2021-12-07 16:06:35,34.3508186340332,-5.949472904205322,0,7865.666666666666
2021-12-07 16:06:41,34.3508186340332,-5.949472904205322,0,7869.833333333333
2021-12-07 16:06:47,34.3508186340332,-5.949472904205322,0,7874.0
2021-12-07 16:06:53,34.3508186340332,-5.949472904205322,0,7880.666666666666
2021-12-07 16:06:59,34.3508186340332,-5.949472904205322,0,7884.833333333333
2021-12-07 16:07:05,34.3508186340332,-5.949472904205322,0,7888.166666666666
2021-12-07 16:07:11,34.3508186340332,-5.949472904205322,0,7894.833333333334
2021-12-07 16:07:17,34.3508186340332,-5.949472904205322,0,7899.833333333334
2021-12-07 16:07:23,34.3508186340332,-5.949472904205322,0,7903.166666666666
2021-12-07 16:07:29,34.3508186340332,-5.949472904205322,0,7908.166666666666
2021-12-07 16:07:35,34.3508186340332,-5.949472904205322,0,7915.666666666666
2021-12-07 16:07:41,34.3508186340332,-5.949472904205322,0,7919.833333333334
2021-12-07 16:07:47,34.3508186340332,-5.949472904205322,0,7924.0
2021-12-07 16:07:53,34.3508186340332,-5.949472904205322,0,7929.0
2021-12-07 16:07:59,34.3508186340332,-5.949472904205322,0,7933.166666666666
2021-12-07 16:08:05,34.3508186340332,-5.949472904205322,0,7938.166666666666
2021-12-07 16:08:11,34.3508186340332,-5.949472904205322,0,7940.666666666666
2021-12-07 16:08:17,34.3508186340332,-5.949472904205322,0,7948.166666666666
2021-12-07 16:08:23,34.3508186340332,-5.949472904205322,0,7951.5
2021-12-07 16:08:29,34.3508186340332,-5.949472904205322,0,7956.5
2021-12-07 16:08:35,34.3508186340332,-5.949472904205322,0,7964.0
2021-12-07 16:08:41,34.3508186340332,-5.949472904205322,0,7968.166666666666
2021-12-07 16:08:47,34.3508186340332,-5.949472904205322,0,7974.0
2021-12-07 16:08:53,34.3508186340332,-5.949472904205322,0,7980.666666666666
2021-12-07 16:08:59,34.3508186340332,-5.949472904205322,0,7984.833333333333
2021-12-07 16:09:05,34.3508186340332,-5.949472904205322,0,7987.333333333333
2021-12-07 16:09:11,34.3508186340332,-5.949472904205322,0,7991.5
2021-12-07 16:09:17,34.3508186340332,-5.949472904205322,0,7994.833333333333
2021-12-07 16:09:23,34.3508186340332,-5.949472904205322,0,7999.833333333333
2021-12-07 16:09:29,34.3508186340332,-5.949472904205322,0,8002.333333333333
2021-12-07 16:09:35,34.3508186340332,-5.949472904205322,0,8006.5
2021-12-07 16:09:41,34.3508186340332,-5.949472904205322,0,8008.999999999999
2021-12-07 16:09:47,34.3508186340332,-5.949472904205322,0,8011.499999999999
2021-12-07 16:09:53,34.3508186340332,-5.949472904205322,0,8017.333333333333
2021-12-07 16:09:59,34.3508186340332,-5.949472904205322,0,8024.833333333333
2021-12-07 16:10:05,34.3508186340332,-5.949472904205322,0,8029.833333333333
2021-12-07 16:10:11,34.3508186340332,-5.949472904205322,0,8032.333333333333
2021-12-07 16:10:17,34.3508186340332,-5.949472904205322,0,8038.999999999999
2021-12-07 16:10:23,34.3508186340332,-5.949472904205322,0,8046.5
2021-12-07 16:10:29,34.3508186340332,-5.949472904205322,0,8052.333333333334
2021-12-07 16:10:35,34.3508186340332,-5.949472904205322,0,8054.833333333334
2021-12-07 16:10:41,34.3508186340332,-5.949472904205322,0,8059.0
2021-12-07 16:10:47,34.3508186340332,-5.949472904205322,0,8063.166666666667
2021-12-07 16:10:53,34.3508186340332,-5.949472904205322,0,8070.666666666667
2021-12-07 16:10:59,34.3508186340332,-5.949472904205322,0,8075.666666666667
2021-12-07 16:11:05,34.3508186340332,-5.949472904205322,0,8080.666666666667
2021-12-07 16:11:11,34.3508186340332,-5.949472904205322,0,8087.333333333334
2021-12-07 16:11:17,34.3508186340332,-5.949472904205322,0,8089.000000000001
2021-12-07 16:11:23,34.3508186340332,-5.949472904205322,0,8095.666666666667
2021-12-07 16:11:29,34.3508186340332,-5.949472904205322,0,8103.166666666667
2021-12-07 16:11:35,34.3508186340332,-5.949472904205322,0,8106.500000000001
2021-12-07 16:11:41,34.3508186340332,-5.949472904205322,0,8113.166666666667
2021-12-07 16:11:47,34.3508186340332,-5.949472904205322,0,8117.333333333334
2021-12-07 16:11:53,34.3508186340332,-5.949472904205322,0,8121.5
2021-12-07 16:11:59,34.3508186340332,-5.949472904205322,0,8127.333333333334
2021-12-07 16:12:05,34.3508186340332,-5.949472904205322,0,8130.666666666668
2021-12-07 16:12:11,34.3508186340332,-5.949472904205322,0,8135.666666666668
2021-12-07 16:12:17,34.3508186340332,-5.949472904205322,0,8143.166666666668
2021-12-07 16:12:23,34.3508186340332,-5.949472904205322,0,8148.166666666668
2021-12-07 16:12:29,34.3508186340332,-5.949472904205322,0,8151.500000000001
2021-12-07 16:12:35,34.3508186340332,-5.949472904205322,0,8155.666666666668
2021-12-07 16:12:41,34.3508186340332,-5.949472904205322,0,8162.333333333334
2021-12-07 16:12:47,34.3508186340332,-5.949472904205322,0,8165.666666666667
2021-12-07 16:12:53,34.3508186340332,-5.949472904205322,0,8170.666666666667
2021-12-07 16:12:59,34.3508186340332,-5.949472904205322,0,8176.5
2021-12-07 16:13:05,34.3508186340332,-5.949472904205322,0,8179.833333333334
2021-12-07 16:13:11,34.3508186340332,-5.949472904205322,0,8186.5
2021-12-07 16:13:17,34.3508186340332,-5.949472904205322,0,8191.5
2021-12-07 16:13:23,34.3508186340332,-5.949472904205322,0,8197.333333333334
2021-12-07 16:13:29,34.3508186340332,-5.949472904205322,0,8199.833333333334
2021-12-07 16:13:35,34.3508186340332,-5.949472904205322,0,8204.833333333334
2021-12-07 16:13:41,34.3508186340332,-5.949472904205322,0,8209.833333333334
2021-12-07 16:13:47,34.3508186340332,-5.949472904205322,0,8213.166666666668
2021-12-07 16:13:53,34.3508186340332,-5.949472904205322,0,8218.166666666668
2021-12-07 16:13:59,34.3508186340332,-5.949472904205322,0,8224.0
2021-12-07 16:14:05,34.3508186340332,-5.949472904205322,0,8230.666666666668
2021-12-07 16:14:11,34.3508186340332,-5.949472904205322,0,8234.0
2021-12-07 16:14:17,34.3508186340332,-5.949472904205322,0,8239.0
2021-12-07 16:14:23,34.3508186340332,-5.949472904205322,0,8243.166666666668
2021-12-07 16:14:29,34.3508186340332,-5.949472904205322,0,8246.5
2021-12-07 16:14:35,34.3508186340332,-5.949472904205322,0,8252.333333333334
2021-12-07 16:14:41,34.3508186340332,-5.949472904205322,0,8258.166666666668
2021-12-07 16:14:47,34.35075378417969,-5.949328899383545,10,8261.5
2021-12-07 16:14:53,34.35078811645508,-5.949137210845947,11,8265.666666666668
2021-12-07 16:14:59,34.350826263427734,-5.948944091796875,11,8270.666666666668
2021-12-07 16:15:05,34.35087203979492,-5.948750972747803,11,8276.5
2021-12-07 16:15:11,34.35091018676758,-5.948556900024414,10,8281.5
2021-12-07 16:15:17,34.3509521484375,-5.948365211486816,10,8284.833333333332
2021-12-07 16:15:23,34.35099411010742,-5.9481730461120605,10,8291.5
2021-12-07 16:15:29,34.35103225708008,-5.947978019714356,11,8295.666666666668
2021-12-07 16:15:35,34.35107421875,-5.947784900665283,10,8302.333333333332
2021-12-07 16:15:41,34.351112365722656,-5.947589874267578,11,8305.666666666668
2021-12-07 16:15:47,34.35115051269531,-5.947402000427246,10,8310.666666666668
2021-12-07 16:15:53,34.351192474365234,-5.947213172912598,10,8316.5
2021-12-07 16:15:59,34.35123825073242,-5.947018146514893,11,8319.833333333332
2021-12-07 16:16:05,34.351280212402344,-5.946821212768555,11,8326.5
2021-12-07 16:16:11,34.351318359375,-5.946629047393799,9,8331.5
2021-12-07 16:16:17,34.35144805908203,-5.9465742111206055,9,8336.5
2021-12-07 16:16:23,34.351444244384766,-5.946767807006836,10,8339.833333333332
2021-12-07 16:16:29,34.35141372680664,-5.946969985961914,11,8344.833333333332
2021-12-07 16:16:35,34.35138320922852,-5.947172164916992,11,8349.0
2021-12-07 16:16:41,34.35133743286133,-5.947371006011963,11,8354.833333333332
2021-12-07 16:16:47,34.35130310058594,-5.947569847106934,11,8360.666666666668
2021-12-07 16:16:53,34.35126495361328,-5.947766780853272,11,8366.5
2021-12-07 16:16:59,34.351226806640625,-5.947961807250977,10,8370.666666666668
2021-12-07 16:17:05,34.351192474365234,-5.948156833648682,11,8375.666666666668
2021-12-07 16:17:11,34.35115432739258,-5.94835376739502,11,8382.333333333334
2021-12-07 16:17:17,34.35111618041992,-5.948553085327148,11,8388.166666666668
2021-12-07 16:17:23,34.35107421875,-5.9487481117248535,11,8391.5
2021-12-07 16:17:29,34.35103988647461,-5.948945045471191,11,8399.0
2021-12-07 16:17:35,34.35100555419922,-5.949141979217529,11,8403.166666666668
2021-12-07 16:17:41,34.35097122192383,-5.949339866638184,11,8408.166666666668
2021-12-07 16:17:47,34.3509407043457,-5.949528217315674,10,8414.0
2021-12-07 16:17:53,34.350799560546875,-5.949574947357178,10,8419.0
2021-12-07 16:17:59,34.35076141357422,-5.9493818283081055,11,8422.333333333334
2021-12-07 16:18:05,34.35078811645508,-5.949189186096191,10,8428.166666666668
2021-12-07 16:18:11,34.35082244873047,-5.94899320602417,11,8432.333333333334
2021-12-07 16:18:17,34.350860595703125,-5.948794841766357,11,8437.333333333334
2021-12-07 16:18:23,34.35089492797852,-5.948598861694336,11,8444.0
2021-12-07 16:18:29,34.35093307495117,-5.948401927947998,11,8447.333333333334
2021-12-07 16:18:35,34.35097122192383,-5.948203086853027,11,8453.166666666668
2021-12-07 16:18:41,34.351009368896484,-5.948005199432373,11,8459.833333333334
2021-12-07 16:18:47,34.35105514526367,-5.947803020477295,11,8465.666666666668
2021-12-07 16:18:53,34.351097106933594,-5.947604179382324,11,8469.833333333334
2021-12-07 16:18:59,34.35113906860352,-5.9474029541015625,11,8474.833333333334
2021-12-07 16:19:05,34.35117721557617,-5.947206020355225,11,8480.666666666668
2021-12-07 16:19:11,34.351219177246094,-5.94700813293457,11,8485.666666666668
2021-12-07 16:19:17,34.35125732421875,-5.946808815002441,11,8492.333333333334
2021-12-07 16:19:23,34.35130310058594,-5.94661283493042,11,8498.166666666668
2021-12-07 16:19:29,34.35145568847656,-5.94658088684082,11,8500.666666666668
2021-12-07 16:19:35,34.35146713256836,-5.946777820587158,11,8504.833333333334
2021-12-07 16:19:41,34.35143280029297,-5.946979999542236,11,8509.833333333334
2021-12-07 16:19:47,34.351402282714844,-5.947183132171631,11,8516.5
2021-12-07 16:19:53,34.35136413574219,-5.947387218475342,11,8520.666666666668
2021-12-07 16:19:59,34.3513298034668,-5.947583198547363,11,8526.5
2021-12-07 16:20:05,34.35129165649414,-5.947779178619385,10,8531.5
2021-12-07 16:20:11,34.351253509521484,-5.94797420501709,11,8538.166666666668
2021-12-07 16:20:17,34.35121536254883,-5.948169231414795,11,8541.5
2021-12-07 16:20:23,34.35118103027344,-5.948363780975342,11,8547.333333333332
2021-12-07 16:20:29,34.35114288330078,-5.948561191558838,11,8554.0
2021-12-07 16:20:35,34.35110855102539,-5.948759078979492,11,8559.833333333332
2021-12-07 16:20:41,34.351070404052734,-5.9489569664001465,11,8562.333333333332
2021-12-07 16:20:47,34.35103225708008,-5.949153900146484,11,8569.0
2021-12-07 16:20:53,34.35099411010742,-5.949350833892822,11,8575.666666666668
2021-12-07 16:20:59,34.3509521484375,-5.949542999267578,11,8579.0
2021-12-07 16:21:05,34.35079574584961,-5.94959020614624,9,8584.0
2021-12-07 16:21:11,34.35074234008789,-5.949413776397705,11,8589.0
2021-12-07 16:21:17,34.350765228271484,-5.949220180511475,11,8592.333333333332
2021-12-07 16:21:23,34.35079574584961,-5.949020862579346,11,8597.333333333332
2021-12-07 16:21:29,34.350830078125,-5.948823928833008,11,8603.166666666668
2021-12-07 16:21:35,34.35086441040039,-5.948625087738037,11,8608.166666666668
2021-12-07 16:21:41,34.35090255737305,-5.948427200317383,11,8614.833333333332
2021-12-07 16:21:47,34.3509407043457,-5.948231220245361,11,8619.0
2021-12-07 16:21:53,34.350982666015625,-5.948032855987549,11,8624.833333333332
2021-12-07 16:21:59,34.35102081298828,-5.947834968566895,11,8629.833333333332
2021-12-07 16:22:05,34.35105895996094,-5.947635173797607,11,8634.0
2021-12-07 16:22:11,34.35110092163086,-5.947437763214111,11,8639.833333333332
2021-12-07 16:22:17,34.35114288330078,-5.947245121002197,11,8644.833333333332
2021-12-07 16:22:23,34.35118103027344,-5.947049140930176,11,8650.666666666668
2021-12-07 16:22:29,34.351219177246094,-5.946853160858154,11,8654.833333333334
2021-12-07 16:22:35,34.35125732421875,-5.946658134460449,11,8659.833333333334
2021-12-07 16:22:41,34.351375579833984,-5.94655179977417,10,8666.5
2021-12-07 16:22:47,34.35150146484375,-5.9466400146484375,10,8668.166666666668
2021-12-07 16:22:53,34.35149383544922,-5.946832180023193,10,8674.0
2021-12-07 16:22:59,34.35145950317383,-5.947031021118164,11,8678.166666666668
2021-12-07 16:23:05,34.35142135620117,-5.947234153747559,11,8684.833333333332
2021-12-07 16:23:11,34.35138702392578,-5.947439193725586,11,8689.833333333334
2021-12-07 16:23:17,34.35134506225586,-5.9476399421691895,11,8695.666666666668
2021-12-07 16:23:23,34.3513069152832,-5.947842121124268,11,8699.0
2021-12-07 16:23:29,34.35126495361328,-5.948044776916504,11,8705.666666666668
2021-12-07 16:23:35,34.351226806640625,-5.948248863220215,11,8709.833333333334
2021-12-07 16:23:41,34.3451042175293,-5.951247215270996,0,8711.5
2021-12-07 16:23:47,34.3451042175293,-5.951247215270996,0,8714.833333333334
2021-12-07 16:23:53,34.3451042175293,-5.951247215270996,0,8721.5
2021-12-07 16:23:59,34.3451042175293,-5.951247215270996,0,8727.333333333334
2021-12-07 16:24:05,34.3451042175293,-5.951247215270996,0,8733.166666666668
2021-12-07 16:24:11,34.3451042175293,-5.951247215270996,0,8739.833333333334
2021-12-07 16:24:17,34.3451042175293,-5.951247215270996,0,8746.5
2021-12-07 16:24:23,34.3451042175293,-5.951247215270996,0,8753.166666666668
2021-12-07 16:24:29,34.3451042175293,-5.951247215270996,0,8758.166666666668
2021-12-07 16:24:35,34.3451042175293,-5.951247215270996,0,8759.0
2021-12-07 16:24:41,34.3451042175293,-5.951247215270996,0,8770.666666666668
2021-12-07 16:24:47,34.3451042175293,-5.951247215270996,0,8773.166666666666
2021-12-07 16:24:53,34.3451042175293,-5.951247215270996,0,8784.0
2021-12-07 16:24:59,34.3451042175293,-5.951247215270996,0,8784.833333333332
2021-12-07 16:25:05,34.3451042175293,-5.951247215270996,0,8795.666666666666
2021-12-07 16:25:11,34.3451042175293,-5.951247215270996,0,8798.166666666666
2021-12-07 16:25:17,34.3451042175293,-5.951247215270996,0,8799.833333333332
2021-12-07 16:25:23,34.3451042175293,-5.951247215270996,0,8802.333333333332
2021-12-07 16:25:29,34.3451042175293,-5.951247215270996,0,8818.166666666666
2021-12-07 16:25:35,34.3451042175293,-5.951247215270996,0,8832.333333333332
2021-12-07 16:25:41,34.3451042175293,-5.951247215270996,0,8846.5
2021-12-07 16:25:47,34.3451042175293,-5.951247215270996,0,8852.333333333332
2021-12-07 16:25:53,34.3451042175293,-5.951247215270996,0,8854.833333333332
2021-12-07 16:25:59,34.3451042175293,-5.951247215270996,0,8855.666666666666
2021-12-07 16:26:05,34.3451042175293,-5.951247215270996,0,8856.5
2021-12-07 16:26:11,34.3451042175293,-5.951247215270996,0,8857.333333333332
2021-12-07 16:26:17,34.3451042175293,-5.951247215270996,0,8862.333333333332
2021-12-07 16:26:23,34.3451042175293,-5.951247215270996,0,8865.666666666668
2021-12-07 16:26:29,34.3451042175293,-5.951247215270996,0,8879.0
2021-12-07 16:26:35,34.3451042175293,-5.951247215270996,0,8880.666666666668
2021-12-07 16:26:41,34.3451042175293,-5.951247215270996,0,8885.666666666668
2021-12-07 16:26:47,34.3451042175293,-5.951247215270996,0,8892.333333333334
2021-12-07 16:26:53,34.3451042175293,-5.951247215270996,0,8904.833333333334
2021-12-07 16:26:59,34.3451042175293,-5.951247215270996,0,8909.833333333334
2021-12-07 16:27:05,34.3451042175293,-5.951247215270996,0,8915.666666666668
2021-12-07 16:27:11,34.3451042175293,-5.951247215270996,0,8917.333333333334
2021-12-07 16:27:17,34.3451042175293,-5.951247215270996,0,8927.333333333334
2021-12-07 16:27:23,34.3451042175293,-5.951247215270996,0,8929.833333333334
2021-12-07 16:27:29,34.3451042175293,-5.951247215270996,0,8936.5
2021-12-07 16:27:35,34.3451042175293,-5.951247215270996,0,8940.666666666668
2021-12-07 16:27:41,34.3451042175293,-5.951247215270996,0,8945.666666666668
2021-12-07 16:27:47,34.3451042175293,-5.951247215270996,0,8952.333333333334
2021-12-07 16:27:53,34.3451042175293,-5.951247215270996,0,8958.166666666668
2021-12-07 16:27:59,34.3451042175293,-5.951247215270996,0,8964.833333333332
2021-12-07 16:28:05,34.3451042175293,-5.951247215270996,0,8969.833333333332
2021-12-07 16:28:11,34.3451042175293,-5.951247215270996,0,8976.5
2021-12-07 16:28:17,34.3451042175293,-5.951247215270996,0,8980.666666666668
2021-12-07 16:28:23,34.3451042175293,-5.951247215270996,0,8983.166666666668
2021-12-07 16:28:29,34.3451042175293,-5.951247215270996,0,8989.0
2021-12-07 16:28:35,34.3451042175293,-5.951247215270996,0,8994.833333333332
2021-12-07 16:28:41,34.3451042175293,-5.951247215270996,0,8999.0
2021-12-07 16:28:47,34.3451042175293,-5.951247215270996,0,9003.166666666668
2021-12-07 16:28:53,34.3451042175293,-5.951247215270996,0,9009.0
2021-12-07 16:28:59,34.3451042175293,-5.951247215270996,0,9013.166666666668
2021-12-07 16:29:05,34.3451042175293,-5.951247215270996,0,9019.0
2021-12-07 16:29:11,34.3451042175293,-5.951247215270996,0,9024.0
2021-12-07 16:29:17,34.3451042175293,-5.951247215270996,0,9029.833333333334
2021-12-07 16:29:23,34.3451042175293,-5.951247215270996,0,9034.833333333334
2021-12-07 16:29:29,34.3451042175293,-5.951247215270996,0,9039.833333333334
2021-12-07 16:29:35,34.3451042175293,-5.951247215270996,0,9045.666666666668
2021-12-07 16:29:41,34.3451042175293,-5.951247215270996,0,9050.666666666668
2021-12-07 16:29:47,34.3451042175293,-5.951247215270996,0,9054.833333333332
2021-12-07 16:29:53,34.3451042175293,-5.951247215270996,0,9061.5
2021-12-07 16:29:59,34.3451042175293,-5.951247215270996,0,9069.0
2021-12-07 16:30:05,34.3451042175293,-5.951247215270996,0,9070.666666666666
2021-12-07 16:30:11,34.3451042175293,-5.951247215270996,0,9077.333333333332
2021-12-07 16:30:17,34.3451042175293,-5.951247215270996,0,9081.5
2021-12-07 16:30:23,34.3451042175293,-5.951247215270996,0,9084.833333333332
2021-12-07 16:30:29,34.3451042175293,-5.951247215270996,0,9089.833333333332
2021-12-07 16:30:35,34.3451042175293,-5.951247215270996,0,9096.5
2021-12-07 16:30:41,34.3451042175293,-5.951247215270996,0,9103.166666666668
2021-12-07 16:30:47,34.3451042175293,-5.951247215270996,0,9108.166666666668
2021-12-07 16:30:53,34.3451042175293,-5.951247215270996,0,9114.0
2021-12-07 16:30:59,34.3451042175293,-5.951247215270996,0,9120.666666666668
2021-12-07 16:31:05,34.3451042175293,-5.951247215270996,0,9125.666666666668
2021-12-07 16:31:11,34.3451042175293,-5.951247215270996,0,9131.5
2021-12-07 16:31:17,34.3451042175293,-5.951247215270996,0,9133.166666666666
2021-12-07 16:31:23,34.3451042175293,-5.951247215270996,0,9138.166666666666
2021-12-07 16:31:29,34.3451042175293,-5.951247215270996,0,9144.833333333332
2021-12-07 16:31:35,34.3451042175293,-5.951247215270996,0,9149.0
2021-12-07 16:31:41,34.3451042175293,-5.951247215270996,0,9152.333333333332
2021-12-07 16:31:47,34.3451042175293,-5.951247215270996,0,9159.0
2021-12-07 16:31:53,34.3451042175293,-5.951247215270996,0,9163.166666666666
2021-12-07 16:31:59,34.3451042175293,-5.951247215270996,0,9166.5
2021-12-07 16:32:05,34.3451042175293,-5.951247215270996,0,9169.0
2021-12-07 16:32:11,34.3451042175293,-5.951247215270996,0,9174.833333333334
2021-12-07 16:32:17,34.3451042175293,-5.951247215270996,0,9177.333333333334
2021-12-07 16:32:23,34.3451042175293,-5.951247215270996,0,9183.166666666668
2021-12-07 16:32:29,34.3451042175293,-5.951247215270996,0,9187.333333333334
2021-12-07 16:32:35,34.3451042175293,-5.951247215270996,0,9190.666666666668
2021-12-07 16:32:41,34.3451042175293,-5.951247215270996,0,9198.166666666668
2021-12-07 16:32:47,34.3451042175293,-5.951247215270996,0,9204.0
2021-12-07 16:32:53,34.3451042175293,-5.951247215270996,0,9209.0
2021-12-07 16:32:59,34.3451042175293,-5.951247215270996,0,9213.166666666668
2021-12-07 16:33:05,34.3451042175293,-5.951247215270996,0,9219.0
2021-12-07 16:33:11,34.3451042175293,-5.951247215270996,0,9224.833333333334
2021-12-07 16:33:17,34.3451042175293,-5.951247215270996,0,9227.333333333334
2021-12-07 16:33:23,34.3451042175293,-5.951247215270996,0,9232.333333333334
2021-12-07 16:33:29,34.3451042175293,-5.951247215270996,0,9237.333333333334
2021-12-07 16:33:35,34.3451042175293,-5.951247215270996,0,9243.166666666668
2021-12-07 16:33:41,34.3451042175293,-5.951247215270996,0,9255.666666666668
2021-12-07 16:33:47,34.3451042175293,-5.951247215270996,0,9261.5
2021-12-07 16:33:53,34.3451042175293,-5.951247215270996,0,9262.333333333334
2021-12-07 16:33:59,34.3451042175293,-5.951247215270996,0,9263.166666666668
